kind,subkind,package,file,line,method,type_related,verdict,reachability,detail,review_note,snippet
comment,fallback,com.legend,com/legend/AggAwareActivities.java,25,,False,,,javadoc,,"/** * The AGGREGATION-AWARE execution-activity channel: for a query whose * root class is mapped through an AggregationAware set, the engine * records ONE {@code AggregationAwareActivity} whose * {@code rewrittenQuery} is the ROUTED query's"
op,orElse,com.legend,com/legend/AggAwareActivities.java,58,AggAwareActivities,True,,,,,.orElse(mappingFqn);
op,default_arrow,com.legend,com/legend/AggAwareActivities.java,65,AggAwareActivities,True,,,,,default -> {
op,isEmpty_ternary,com.legend,com/legend/AggAwareActivities.java,68,AggAwareActivities,True,,,,,cur = ch.isEmpty() ? null : ch.get(0);
op,orElse,com.legend,com/legend/AggAwareActivities.java,96,AggAwareActivities,False,,,,,.orElse(null);
op,default_arrow,com.legend,com/legend/AggAwareActivities.java,192,step,True,,,,,default -> {
op,default_arrow,com.legend,com/legend/AggAwareActivities.java,259,expr,False,,,,,default -> {
throw,INTERNAL_CUSTOM:NotImplementedException,com.legend,com/legend/AssertErrorNative.java,44,run,True,,,INTERNAL_CUSTOM,,throw new com.legend.error.NotImplementedException(
throw,INTERNAL_CUSTOM:NotImplementedException,com.legend,com/legend/AssertErrorNative.java,49,run,True,,,INTERNAL_CUSTOM,,throw new com.legend.error.NotImplementedException(
throw,INTERNAL_CUSTOM:NotImplementedException,com.legend,com/legend/AssertErrorNative.java,59,run,True,,,INTERNAL_CUSTOM,,throw new com.legend.error.NotImplementedException(
catch,SWALLOWED,com.legend,com/legend/AssertErrorNative.java,68,run,True,,,java.sql.SQLException e,,{ caught = e; }
catch,SWALLOWED,com.legend,com/legend/AssertErrorNative.java,70,run,True,,,com.legend.error.ModelException e,,"{ // A DEFERRED-BODY guard (the lowering's dynamic validations, // e.g. timeBucket's duration-unit check): interpreted pure // raises these lazily at EVAL, and for the assertError // lambda our lowering IS the eval — the guard's message is "
throw,OTHER:SQLException,com.legend,com/legend/AssertErrorNative.java,84,run,False,,,OTHER,,"throw new java.sql.SQLException(""No error was thrown"");"
throw,OTHER:SQLException,com.legend,com/legend/AssertErrorNative.java,90,run,False,,,OTHER,,throw new java.sql.SQLException(
standin,Type.Primitive.*,com.legend,com/legend/AssertErrorNative.java,96,run,True,,,plain,,com.legend.compiler.element.type.Type.Primitive.BOOLEAN);
throw,INTERNAL_CUSTOM:NotImplementedException,com.legend,com/legend/AssertErrorNative.java,113,run,True,,,INTERNAL_CUSTOM,,throw new com.legend.error.NotImplementedException(
op,null_ternary,com.legend,com/legend/AssertVerdicts.java,95,AssertVerdicts,True,,,,,return d == null ? ok() : fail(d);
op,notnull_ternary,com.legend,com/legend/AssertVerdicts.java,116,AssertVerdicts,False,,,,,List<Object> e = ik != null
op,notnull_ternary,com.legend,com/legend/AssertVerdicts.java,118,AssertVerdicts,False,,,,,List<Object> a = ik != null
op,notnull_ternary,com.legend,com/legend/AssertVerdicts.java,140,AssertVerdicts,False,,,,,boolean held = byteVerdict != null ? byteVerdict.held() : equal;
op,notnull_ternary,com.legend,com/legend/AssertVerdicts.java,150,AssertVerdicts,False,,,,,return fail(d != null ? d
op,notnull_ternary,com.legend,com/legend/AssertVerdicts.java,164,AssertVerdicts,False,,,,,List<Object> e = ik != null
op,notnull_ternary,com.legend,com/legend/AssertVerdicts.java,166,AssertVerdicts,False,,,,,List<Object> a = ik != null
op,notnull_ternary,com.legend,com/legend/AssertVerdicts.java,182,AssertVerdicts,False,,,,,boolean held = byteVerdict != null ? byteVerdict.held() : d == null;
op,notnull_ternary,com.legend,com/legend/AssertVerdicts.java,186,AssertVerdicts,False,,,,,return fail(d != null ? d
op,null_ternary,com.legend,com/legend/AssertVerdicts.java,200,AssertVerdicts,False,,,,,return d == null ? ok() : fail(d);
op,notnull_ternary,com.legend,com/legend/AssertVerdicts.java,227,AssertVerdicts,False,,,,,boolean held = byteVerdict != null ? byteVerdict.held() : d == null;
op,notnull_ternary,com.legend,com/legend/AssertVerdicts.java,231,AssertVerdicts,False,,,,,return fail(d != null ? d
op,null_ternary,com.legend,com/legend/AssertVerdicts.java,247,AssertVerdicts,False,,,,,return d == null ? ok() : fail(d);
op,null_ternary,com.legend,com/legend/AssertVerdicts.java,277,AssertVerdicts,False,,,,,return d == null ? ok() : fail(d);
op,default_arrow,com.legend,com/legend/AssertVerdicts.java,303,AssertVerdicts,False,,,,,default -> {
op,default_arrow,com.legend,com/legend/AssertVerdicts.java,380,AssertVerdicts,True,,,,,default -> null;
op,default_arrow,com.legend,com/legend/AssertVerdicts.java,394,canonicalTypeFqn,True,,,,,default -> name;
op,instanceof_else_default,com.legend,com/legend/AssertVerdicts.java,448,instanceOrigin,True,,,,,List<TypedSpec> aargs = root instanceof TypedUserCall u ? u.args()
throw,INTERNAL_CUSTOM:NotImplementedException,com.legend,com/legend/AssertVerdicts.java,452,instanceOrigin,True,,,INTERNAL_CUSTOM,,throw new com.legend.error.NotImplementedException(
op,instanceof_else_default,com.legend,com/legend/AssertVerdicts.java,458,instanceOrigin,True,,,,,&& aargs.get(1) instanceof
throw,INTERNAL_CUSTOM:NotImplementedException,com.legend,com/legend/AssertVerdicts.java,463,instanceOrigin,True,,,INTERNAL_CUSTOM,,throw new com.legend.error.NotImplementedException(
op,notnull_ternary,com.legend,com/legend/AssertVerdicts.java,647,instanceOrigin,False,,,,,"fe2.decline() != null ? ""render-e: "" + fe2.decline()"
op,instanceof_else_default,com.legend,com/legend/AssertVerdicts.java,719,scanKeylessCtor,True,,,,,String fqn = n instanceof
op,instanceof_else_default,com.legend,com/legend/AssertVerdicts.java,722,scanKeylessCtor,True,,,,,: n instanceof
op,null_ternary,com.legend,com/legend/AssertVerdicts.java,794,frame,False,,,,,"return t == null ? new Framed(null, ""null-canon-cell"")"
standin,Type.Primitive.*,com.legend,com/legend/AssertVerdicts.java,867,mixedNumericKinds,True,,,plain,,if (t == com.legend.compiler.element.type.Type.Primitive.INTEGER) {
standin,Type.Primitive.*,com.legend,com/legend/AssertVerdicts.java,870,mixedNumericKinds,True,,,plain,,if (t == com.legend.compiler.element.type.Type.Primitive.FLOAT) {
standin,Type.Primitive.*,com.legend,com/legend/AssertVerdicts.java,873,mixedNumericKinds,True,,,plain,,if (t == com.legend.compiler.element.type.Type.Primitive.DECIMAL
standin,Type.Primitive.*,com.legend,com/legend/AssertVerdicts.java,889,typeName,True,,,plain,,if (t == com.legend.compiler.element.type.Type.Primitive.INTEGER
standin,Type.Primitive.*,com.legend,com/legend/AssertVerdicts.java,890,typeName,True,,,plain,,|| t == com.legend.compiler.element.type.Type.Primitive.FLOAT
standin,Type.Primitive.*,com.legend,com/legend/AssertVerdicts.java,891,typeName,True,,,plain,,|| t == com.legend.compiler.element.type.Type.Primitive.DECIMAL
standin,Type.Primitive.*,com.legend,com/legend/AssertVerdicts.java,894,typeName,True,,,plain,,|| t == com.legend.compiler.element.type.Type.Primitive.NUMBER
standin,Type.Primitive.*,com.legend,com/legend/AssertVerdicts.java,904,typeName,True,,,plain,,if (t == com.legend.compiler.element.type.Type.Primitive.STRING) {
standin,Type.Primitive.*,com.legend,com/legend/AssertVerdicts.java,907,typeName,True,,,plain,,if (t == com.legend.compiler.element.type.Type.Primitive.BOOLEAN) {
standin,Type.Primitive.*,com.legend,com/legend/AssertVerdicts.java,910,typeName,True,,,plain,,if (t == com.legend.compiler.element.type.Type.Primitive.STRICT_DATE
standin,Type.Primitive.*,com.legend,com/legend/AssertVerdicts.java,911,typeName,True,,,plain,,|| t == com.legend.compiler.element.type.Type.Primitive.DATE_TIME
standin,Type.Primitive.*,com.legend,com/legend/AssertVerdicts.java,912,typeName,True,,,plain,,|| t == com.legend.compiler.element.type.Type.Primitive.DATE) {
op,default_arrow,com.legend,com/legend/AssertVerdicts.java,1039,decodeSide,False,,,,,"case null, default -> el;"
catch,RETHROW,com.legend,com/legend/AssertVerdicts.java,1042,decodeSide,False,,,java.sql.SQLException ex,,"{ throw new IllegalStateException( ""array side unwrap failed"", ex); }"
throw,INTERNAL_JDK:IllegalStateException,com.legend,com/legend/AssertVerdicts.java,1043,decodeSide,False,,,INTERNAL_JDK,,throw new IllegalStateException(
op,default_arrow,com.legend,com/legend/AssertVerdicts.java,1052,decodeSide,False,,,,,default -> throw new com.legend.error.NotImplementedException(
throw,INTERNAL_CUSTOM:NotImplementedException,com.legend,com/legend/AssertVerdicts.java,1052,decodeSide,False,,,INTERNAL_CUSTOM,,default -> throw new com.legend.error.NotImplementedException(
throw,INTERNAL_JDK:IllegalStateException,com.legend,com/legend/AssertVerdicts.java,1061,one,True,,,INTERNAL_JDK,,"throw new IllegalStateException(what + "" must be one value,"""
op,default_arrow,com.legend,com/legend/AssertVerdicts.java,1077,one,True,,,,,default -> null;
op,instanceof_else_default,com.legend,com/legend/AssertVerdicts.java,1088,one,True,,,,,return r instanceof ExecutionResult.Tabular t ? t : null;
standin,Type.Primitive.*,com.legend,com/legend/AssertVerdicts.java,1110,ok,True,,,plain,,com.legend.compiler.element.type.Type.Primitive.BOOLEAN);
throw,OTHER:SQLException,com.legend,com/legend/AssertVerdicts.java,1115,fail,True,,,OTHER,,throw new java.sql.SQLException(message);
catch,RETHROW,com.legend,com/legend/Compiler.java,91,compileModel,False,,,com.legend.error.ModelException e,,"{ // Decorate with the offending ELEMENT's [line:col] — the offsets // live on the original parse (resolution rebuilds ParsedModel // without them), so the driver is where source meets failure. Integer off = e.element() == null ? null : par"
op,null_ternary,com.legend,com/legend/Compiler.java,95,compileModel,False,,,in_catch,,Integer off = e.element() == null ? null
throw,USER:ModelException,com.legend,com/legend/Compiler.java,100,compileModel,False,,,USER,,"throw new com.legend.error.ModelException(e.phase(),"
comment,fallback,com.legend,com/legend/Compiler.java,128,,False,,,javadoc,,"/** * Parse each source as its OWN unit — per-file import sections, per-file * positions — and merge into one model: the MODULE compile every real * legend project needs (the engine compiles a repository's files * together; cross-file refer"
catch,RETHROW,com.legend,com/legend/Compiler.java,175,parseSources,False,,,com.legend.error.LegendCompileException e,,"{ if (parseWallSink == null) { throw e; } parseWallSink.accept(src.name(), String.valueOf(e.getMessage()).split(""\n"")[0]); continue; }"
op,instanceof_else_default,com.legend,com/legend/Compiler.java,188,parseSources,True,,,,,String key = el instanceof com.legend.model.FunctionDefinition fd
catch,RETHROW,com.legend,com/legend/Compiler.java,277,compileModel,True,,,com.legend.error.ModelException e,,{ String fqn = e.element(); String srcName = fqn == null ? null : module.model().elementSources().get(fqn); Integer off = fqn == null ? null : module.model().elementOffsets().get(fqn); if (srcName == null || off == null) { throw e; } throw 
op,null_ternary,com.legend,com/legend/Compiler.java,279,compileModel,True,,,in_catch,,String srcName = fqn == null ? null
op,null_ternary,com.legend,com/legend/Compiler.java,281,compileModel,True,,,in_catch,,Integer off = fqn == null ? null
throw,USER:ModelException,com.legend,com/legend/Compiler.java,286,compileModel,True,,,USER,,"throw new com.legend.error.ModelException(e.phase(),"
throw,INTERNAL_CUSTOM:NotImplementedException,com.legend,com/legend/Compiler.java,423,executeWire,False,,,INTERNAL_CUSTOM,,throw new com.legend.error.NotImplementedException(
op,notnull_ternary,com.legend,com/legend/Compiler.java,429,executeWire,True,,,,,"&& g.json() != null ? g.json() : ""[]"");"
op,notnull_ternary,com.legend,com/legend/Compiler.java,449,wireSchema,True,LEGITIMATE,n/a,,"wireSchema: a scalar/collection root is the documented one-column ""value"" relation; the column type IS info.type()",return rt != null ? rt
comment,default,com.legend,com/legend/Compiler.java,457,,False,,,javadoc,,/** * The runtime's SQL dialect: its connections' declared * {@code DatabaseType} selects the renderer; an undeclared type is LOUD. * A runtime with no relational connection binding (or no runtime at all * &mdash; the caller-supplied-connec
throw,INTERNAL_CUSTOM:NotImplementedException,com.legend,com/legend/Compiler.java,491,dialectOf,False,,,INTERNAL_CUSTOM,,throw new com.legend.error.NotImplementedException(
throw,USER:MappingResolutionException,com.legend,com/legend/Compiler.java,534,dialectOf,False,,,USER,,throw new com.legend.error.MappingResolutionException(
op,default_arrow,com.legend,com/legend/Compiler.java,548,dialectOf,False,,,,,default -> throw new com.legend.error.NotImplementedException(
throw,INTERNAL_CUSTOM:NotImplementedException,com.legend,com/legend/Compiler.java,548,dialectOf,False,,,INTERNAL_CUSTOM,,default -> throw new com.legend.error.NotImplementedException(
throw,INTERNAL_CUSTOM:NotImplementedException,com.legend,com/legend/Compiler.java,555,dialectOf,False,,,INTERNAL_CUSTOM,,throw new com.legend.error.NotImplementedException(
op,null_ternary,com.legend,com/legend/Compiler.java,611,dialectOf,False,,,,,imports == null
comment,default,com.legend,com/legend/Compiler.java,672,,False,,,javadoc,,"/** * EAGER G — the compileAll mode: type-check every user function BODY * in the module UP FRONT (the default path compiles lazily at call * sites, so a function nobody calls never surfaces its type errors). * Failures come back as a wall "
catch,SWALLOWED,com.legend,com/legend/Compiler.java,688,compileAllBodies,True,,,RuntimeException e,,"{ walls.put(fqn, String.valueOf(e.getMessage())); continue; }"
catch,SWALLOWED,com.legend,com/legend/Compiler.java,698,compileAllBodies,True,,,RuntimeException e,,"{ walls.put(tf.signatureKey(), String.valueOf(e.getMessage())); }"
op,orElse,com.legend,com/legend/ConnectionFlags.java,69,quoteIdentifiersOf,True,,,,,: i.elseBranch().orElse(null);
op,null_ternary,com.legend,com/legend/ConnectionFlags.java,75,quoteIdentifiersOf,True,,,,,yield branch == null ? null : staticBool(branch);
op,default_arrow,com.legend,com/legend/ConnectionFlags.java,77,quoteIdentifiersOf,True,,,,,default -> null;
comment,default,com.legend,com/legend/ConnectionFlags.java,102,,True,,,javadoc,,"/** The engine connection's timeZone, read off the RUNTIME argument * (an inline DatabaseConnection(timeZone='US/Arizona')). Null when * absent — the default-zone connection. */"
op,default_arrow,com.legend,com/legend/ConnectionFlags.java,135,quoteIdentifiersOf,True,,,,,"default -> ""TestDatabaseConnection"";"
op,instanceof_else_default,com.legend,com/legend/ConnectionFlags.java,165,quoteIdentifiersOf,True,,,,,"return ni.properties().get(""type"") instanceof"
op,null_ternary,com.legend,com/legend/ConnectionFlags.java,173,quoteIdentifiersOf,True,,,,,"return ni == null ? ""H2"" : dbTypeOf(ni);"
op,instanceof_else_default,com.legend,com/legend/ConnectionLets.java,93,readOutsideConnArg,True,,,,,List<TypedSpec> args = n instanceof TypedNativeCall nc2
throw,INTERNAL_CUSTOM:NotImplementedException,com.legend,com/legend/CrossStoreGuard.java,48,check,True,,,INTERNAL_CUSTOM,,throw new com.legend.error.NotImplementedException(
op,isEmpty_ternary,com.legend,com/legend/MetamodelSteps.java,65,MetamodelSteps,True,,,,,return l.isEmpty() ? null : l.get(0);
op,null_ternary,com.legend,com/legend/MetamodelSteps.java,94,MetamodelSteps,False,,,,,return body == null ? null
op,default_arrow,com.legend,com/legend/MetamodelSteps.java,153,MetamodelSteps,False,,,,,default -> {
op,instanceof_else_default,com.legend,com/legend/MetamodelSteps.java,215,MetamodelSteps,True,,,,,&& c.args().get(1) instanceof
op,default_arrow,com.legend,com/legend/MetamodelSteps.java,231,MetamodelSteps,False,,,,,default -> null;
comment,default,com.legend,com/legend/NonNull.java,8,,False,,,javadoc,,"/** * This type use is never {@code null} — an explicit override inside an * otherwise-unannotated context (in NullAway-checked packages non-null is * already the default, so this appears rarely; see {@link Nullable}). */"
op,default_arrow,com.legend,com/legend/PlanAllocations.java,54,collectRequires,True,,,,,default -> null;
throw,INTERNAL_CUSTOM:NotImplementedException,com.legend,com/legend/PlanAllocations.java,103,collectRequires,True,,,INTERNAL_CUSTOM,,throw new com.legend.error.NotImplementedException(
op,null_ternary,com.legend,com/legend/PlanEnvelope.java,29,emit,False,,,,,java.util.List<String> inTexts = inp == null ? java.util.List.of()
op,notnull_ternary,com.legend,com/legend/PlanEnvelope.java,32,emit,False,,,,,var planOut = inp != null ? inp.plan() : es.plan();
op,notnull_ternary,com.legend,com/legend/PlanEnvelope.java,35,emit,False,,,,,"inp != null ? pd.render(planOut) : es.sql(),"
standin,Type.Primitive.*,com.legend,com/legend/PlanEnvelope.java,48,emit,True,,,plain,,com.legend.compiler.element.type.Type.Primitive.STRING);
op,notnull_ternary,com.legend,com/legend/PlanEnvelope.java,52,emit,True,,,,,return new ExecutionResult.Scalar(inp != null
standin,Type.Primitive.*,com.legend,com/legend/PlanEnvelope.java,55,emit,True,LEGITIMATE,n/a,plain,"STRING is the result type of plan TEXT, not a fallback",com.legend.compiler.element.type.Type.Primitive.STRING);
op,instanceof_else_default,com.legend,com/legend/SeedSqlForms.java,40,assertForm,True,,,,,instanceof com.legend.compiler.spec.typed.TypedPackageableRef p2
op,null_ternary,com.legend,com/legend/SeedSqlForms.java,42,assertForm,True,,,,,var db2 = dbFqn2 == null ? null
op,orElse,com.legend,com/legend/SeedSqlForms.java,43,assertForm,True,,,,,: env.ctx().findDatabase(dbFqn2).orElse(null);
standin,Type.Primitive.*,com.legend,com/legend/SeedSqlForms.java,49,assertForm,True,,,plain,,com.legend.compiler.element.type.Type.Primitive.STRING);
op,instanceof_else_default,com.legend,com/legend/SeedSqlForms.java,54,assertForm,True,,,,,instanceof com.legend.compiler.spec.typed.TypedPackageableRef pr
op,null_ternary,com.legend,com/legend/SeedSqlForms.java,56,assertForm,True,,,,,var dbDef = dbFqn == null ? null
op,orElse,com.legend,com/legend/SeedSqlForms.java,57,assertForm,True,,,,,: env.ctx().findDatabase(dbFqn).orElse(null);
op,notnull_ternary,com.legend,com/legend/SeedSqlForms.java,59,assertForm,True,,,,,"dbDef != null ? com.legend.exec.Ddl.setUpDataSqlsText(csv,"
standin,Type.Primitive.*,com.legend,com/legend/SeedSqlForms.java,62,assertForm,True,LEGITIMATE,n/a,plain,"STRING is the result type of SQL TEXT, not a fallback",com.legend.compiler.element.type.Type.Primitive.STRING);
op,instanceof_else_default,com.legend,com/legend/SeedSqlForms.java,71,assertForm,True,,,,,arg instanceof com.legend.compiler.spec.typed.TypedCollection tc
op,instanceof_else_default,com.legend,com/legend/SeedSqlForms.java,83,assertForm,True,,,,,v instanceof com.legend.compiler.spec.typed.TypedCollection vc
op,instanceof_else_default,com.legend,com/legend/SeedSqlForms.java,109,assertForm,True,,,,,instanceof com.legend.compiler.spec.typed.TypedPackageableRef spr
standin,Type.Primitive.*,com.legend,com/legend/SeedSqlForms.java,113,assertForm,True,,,plain,,com.legend.compiler.element.type.Type.Primitive.STRING);
throw,INTERNAL_JDK:IllegalStateException,com.legend,com/legend/StatementExecutor.java,154,StatementExecutor,True,,,INTERNAL_JDK,,"throw new IllegalStateException(""reading an"""
op,instanceof_else_default,com.legend,com/legend/StatementExecutor.java,183,StatementExecutor,True,,,,,TypedSpec bare = stmt instanceof com.legend.compiler.spec.typed.TypedLet l
standin,Type.Primitive.*,com.legend,com/legend/StatementExecutor.java,273,StatementExecutor,True,,,plain,,com.legend.compiler.element.type.Type
standin,Type.Primitive.*,com.legend,com/legend/StatementExecutor.java,288,StatementExecutor,True,,,plain,,com.legend.compiler.element.type.Type
standin,Type.Primitive.*,com.legend,com/legend/StatementExecutor.java,339,StatementExecutor,True,,,plain,,com.legend.compiler.element.type.Type
throw,INTERNAL_JDK:IllegalStateException,com.legend,com/legend/StatementExecutor.java,410,frameReplaceEnv,False,,,INTERNAL_JDK,,"throw new IllegalStateException(""conflicting table"""
op,null_ternary,com.legend,com/legend/StatementExecutor.java,416,frameReplaceEnv,False,,,,,return union == null ? env
comment,default,com.legend,com/legend/StatementExecutor.java,442,,False,,,line,,// Composite = the engine-DEFAULT spellings (native trim/pad/
op,default_arrow,com.legend,com/legend/StatementExecutor.java,445,frameReplaceEnv,True,,,,,default -> throw new com.legend.error.NotImplementedException(
throw,INTERNAL_CUSTOM:NotImplementedException,com.legend,com/legend/StatementExecutor.java,445,frameReplaceEnv,True,,,INTERNAL_CUSTOM,,default -> throw new com.legend.error.NotImplementedException(
throw,INTERNAL_CUSTOM:NotImplementedException,com.legend,com/legend/StatementExecutor.java,451,frameReplaceEnv,True,,,INTERNAL_CUSTOM,,throw new com.legend.error.NotImplementedException(
throw,INTERNAL_CUSTOM:NotImplementedException,com.legend,com/legend/StatementExecutor.java,456,frameReplaceEnv,True,,,INTERNAL_CUSTOM,,throw new com.legend.error.NotImplementedException(
standin,Type.Primitive.*,com.legend,com/legend/StatementExecutor.java,465,frameReplaceEnv,True,,,plain,,com.legend.compiler.element.type.Type.Primitive.STRING);
throw,INTERNAL_CUSTOM:NotImplementedException,com.legend,com/legend/StatementExecutor.java,572,engineSql,False,,,INTERNAL_CUSTOM,,throw new com.legend.error.NotImplementedException(
op,notnull_ternary,com.legend,com/legend/StatementExecutor.java,578,engineSql,False,,,,,"+ (System.getenv(""LL_TMP_DEBUG"") != null"
throw,INTERNAL_CUSTOM:NotImplementedException,com.legend,com/legend/StatementExecutor.java,623,engineSql,True,,,INTERNAL_CUSTOM,,throw new com.legend.error.NotImplementedException(
throw,INTERNAL_CUSTOM:NotImplementedException,com.legend,com/legend/StatementExecutor.java,636,engineSql,True,,,INTERNAL_CUSTOM,,throw new com.legend.error.NotImplementedException(
throw,INTERNAL_CUSTOM:NotImplementedException,com.legend,com/legend/StatementExecutor.java,675,engineSql,False,,,INTERNAL_CUSTOM,,throw new com.legend.error.NotImplementedException(
op,notnull_ternary,com.legend,com/legend/StatementExecutor.java,691,engineSql,True,,,,,String tz = rtArg != null ? ConnectionFlags.timeZoneOf(rtArg) : null;
op,null_ternary,com.legend,com/legend/StatementExecutor.java,692,engineSql,False,,,,,String fromConn = rtArg == null
op,notnull_ternary,com.legend,com/legend/StatementExecutor.java,696,engineSql,False,,,,,String connName = rtArg != null
op,notnull_ternary,com.legend,com/legend/StatementExecutor.java,698,engineSql,False,,,,,: fromConn != null ? fromConn
op,notnull_ternary,com.legend,com/legend/StatementExecutor.java,700,engineSql,False,,,,,"String dbType = rtArg != null ? ConnectionFlags.databaseTypeOf(rtArg) : ""H2"";"
throw,INTERNAL_CUSTOM:NotImplementedException,com.legend,com/legend/StatementExecutor.java,711,engineSql,True,,,INTERNAL_CUSTOM,,throw new com.legend.error.NotImplementedException(
op,notnull_ternary,com.legend,com/legend/StatementExecutor.java,716,engineSql,True,,,,,rtArg != null
standin,Type.Primitive.*,com.legend,com/legend/StatementExecutor.java,737,engineSql,True,,,plain,,com.legend.compiler.element.type.Type.Primitive.STRING);
op,null_ternary,com.legend,com/legend/StatementExecutor.java,813,engineSql,True,,,,,"String var = prevVar == null ? ""tdsVar"""
op,null_ternary,com.legend,com/legend/StatementExecutor.java,823,engineSql,False,,,,,String aSql = prevVar == null ? aEs.sql()
standin,Type.Primitive.*,com.legend,com/legend/StatementExecutor.java,861,engineSql,True,,,plain,,com.legend.compiler.element.type.Type.Primitive.STRING);
throw,INTERNAL_CUSTOM:NotImplementedException,com.legend,com/legend/StatementExecutor.java,968,firstFromChainMappings,True,,,INTERNAL_CUSTOM,,throw new com.legend.error.NotImplementedException(
throw,INTERNAL_CUSTOM:NotImplementedException,com.legend,com/legend/StatementExecutor.java,987,firstFromChainMappings,True,,,INTERNAL_CUSTOM,,throw new com.legend.error.NotImplementedException(
standin,Type.Primitive.*,com.legend,com/legend/StatementExecutor.java,992,firstFromChainMappings,True,,,plain,,com.legend.compiler.element.type.Type.Primitive.STRING);
throw,INTERNAL_CUSTOM:NotImplementedException,com.legend,com/legend/StatementExecutor.java,996,firstFromChainMappings,True,,,INTERNAL_CUSTOM,,throw new com.legend.error.NotImplementedException(
throw,INTERNAL_CUSTOM:NotImplementedException,com.legend,com/legend/StatementExecutor.java,1029,firstFromChainMappings,False,,,INTERNAL_CUSTOM,,throw new com.legend.error.NotImplementedException(
op,null_ternary,com.legend,com/legend/StatementExecutor.java,1050,firstFromChainMappings,False,,,,,com.legend.model.DatabaseDefinition db = storeFqn == null ? null
op,orElse,com.legend,com/legend/StatementExecutor.java,1051,firstFromChainMappings,False,,,,,: env.ctx().findDatabase(storeFqn).orElse(null);
op,default_arrow,com.legend,com/legend/StatementExecutor.java,1068,firstFromChainMappings,False,,,,,default -> throw new IllegalStateException(
throw,INTERNAL_JDK:IllegalStateException,com.legend,com/legend/StatementExecutor.java,1068,firstFromChainMappings,True,,,INTERNAL_JDK,,default -> throw new IllegalStateException(
op,instanceof_else_default,com.legend,com/legend/StatementExecutor.java,1074,firstFromChainMappings,True,,,,,instanceof com.legend.compiler.spec.typed.TypedCString c
op,notnull_ternary,com.legend,com/legend/StatementExecutor.java,1091,firstFromChainMappings,True,,,,,java.util.List<String> specSqls = specCsv != null && db != null
op,default_arrow,com.legend,com/legend/StatementExecutor.java,1135,planDialect,False,,,,,default ->
op,notnull_ternary,com.legend,com/legend/StatementExecutor.java,1158,planDialect,True,,,,,return dbh != null ? dbh
op,null_ternary,com.legend,com/legend/StatementExecutor.java,1191,planDialect,True,,,,,java.util.List<TypedSpec> els9 = ps9 == null
op,null_ternary,com.legend,com/legend/StatementExecutor.java,1285,planDialect,True,,,,,java.util.List<TypedSpec> els = ps == null
op,default_arrow,com.legend,com/legend/StatementExecutor.java,1317,planDialect,True,,,,,default -> null;
op,null_ternary,com.legend,com/legend/StatementExecutor.java,1327,planDialect,True,,,,,return lit == null ? null
op,instanceof_else_default,com.legend,com/legend/StatementExecutor.java,1335,planDialect,True,,,,,java.util.List<TypedSpec> raw = vs instanceof
op,null_ternary,com.legend,com/legend/StatementExecutor.java,1338,planDialect,True,,,,,: vs == null ? java.util.List.of()
op,default_arrow,com.legend,com/legend/StatementExecutor.java,1351,planDialect,False,,,,,default -> {
op,instanceof_else_default,com.legend,com/legend/StatementExecutor.java,1373,planDialect,True,,,,,"Object nm = ni.properties().get(""name"") instanceof"
op,instanceof_else_default,com.legend,com/legend/StatementExecutor.java,1376,planDialect,True,,,,,return nm instanceof com.legend.exec.MetamodelWalk.QnH q
op,instanceof_else_default,com.legend,com/legend/StatementExecutor.java,1380,planDialect,True,,,,,"return ni.properties().get(""name"") instanceof"
op,null_ternary,com.legend,com/legend/StatementExecutor.java,1389,planDialect,True,,,,,Object rv = rel == null ? null
op,null_ternary,com.legend,com/legend/StatementExecutor.java,1395,planDialect,True,,,,,return rv == null ? null
op,default_arrow,com.legend,com/legend/StatementExecutor.java,1440,planDialect,False,,,,,default -> {
op,notnull_ternary,com.legend,com/legend/StatementExecutor.java,1514,planDialect,True,,,,,"yield x != null ? x : planWalk(nn, specs, env);"
op,default_arrow,com.legend,com/legend/StatementExecutor.java,1527,planDialect,True,,,,,default -> {
op,instanceof_else_default,com.legend,com/legend/StatementExecutor.java,1548,planDialect,True,,,,,java.util.List<TypedSpec> els = v instanceof
op,null_ternary,com.legend,com/legend/StatementExecutor.java,1551,planDialect,True,,,,,: v == null ? java.util.List.of() : java.util.List.of(v);
op,instanceof_else_default,com.legend,com/legend/StatementExecutor.java,1572,planDialect,True,,,,,return w instanceof com.legend.exec.MetamodelWalk.Rop r
op,default_arrow,com.legend,com/legend/StatementExecutor.java,1605,planDialect,False,,,,,default -> null;
op,default_arrow,com.legend,com/legend/StatementExecutor.java,1616,planDialect,False,,,,,default -> null;
op,default_arrow,com.legend,com/legend/StatementExecutor.java,1624,planDialect,False,,,,,default -> null;
op,default_arrow,com.legend,com/legend/StatementExecutor.java,1631,planDialect,True,,,,,default -> null;
op,default_arrow,com.legend,com/legend/StatementExecutor.java,1673,planDialect,True,,,,,default -> null;
throw,INTERNAL_CUSTOM:NotImplementedException,com.legend,com/legend/StatementExecutor.java,1725,planModel,True,,,INTERNAL_CUSTOM,,throw new com.legend.error.NotImplementedException(
op,instanceof_else_default,com.legend,com/legend/StatementExecutor.java,1733,planModel,True,,,,,instanceof com.legend.compiler.spec.typed.TypedPackageableRef pr
throw,INTERNAL_CUSTOM:NotImplementedException,com.legend,com/legend/StatementExecutor.java,1737,planModel,True,,,INTERNAL_CUSTOM,,throw new com.legend.error.NotImplementedException(
op,notnull_ternary,com.legend,com/legend/StatementExecutor.java,1748,planModel,True,,,,,String tz = rtArg2 != null ? ConnectionFlags.timeZoneOf(rtArg2) : null;
catch,RETHROW,com.legend,com/legend/StatementExecutor.java,1854,gridOracle,False,,,java.sql.SQLException e,,{ throw new IllegalStateException(e); }
throw,INTERNAL_JDK:IllegalStateException,com.legend,com/legend/StatementExecutor.java,1855,gridOracle,True,,,INTERNAL_JDK,,throw new IllegalStateException(e);
throw,INTERNAL_JDK:IllegalStateException,com.legend,com/legend/StatementExecutor.java,2024,foldPairProjection,True,,,INTERNAL_JDK,,"throw new IllegalStateException(""Result.values->at(k>0) on a"""
op,null_ternary,com.legend,com/legend/StatementExecutor.java,2050,spliceHook,False,,,,,return f == null ? null
catch,RETHROW,com.legend,com/legend/StatementExecutor.java,2063,inlineExecute,True,,,java.sql.SQLException e,,{ throw new IllegalStateException(e); }
throw,INTERNAL_JDK:IllegalStateException,com.legend,com/legend/StatementExecutor.java,2064,inlineExecute,True,,,INTERNAL_JDK,,throw new IllegalStateException(e);
catch,FALLBACK_RETURN,com.legend,com/legend/StatementExecutor.java,2150,streamStoreOf,True,,,com.legend.error.NotImplementedException e,,{ return ga.classFqn(); }
throw,INTERNAL_JDK:IllegalStateException,com.legend,com/legend/StatementExecutor.java,2180,typedEnumTail,True,,,INTERNAL_JDK,,"throw new IllegalStateException(""recursive effectful call: """
catch,RETHROW,com.legend,com/legend/StatementExecutor.java,2291,runRuntimeSetups,True,,,java.sql.SQLException e,,{ if (!env.dialect().rawH2IsNative()) { com.legend.sql.dialect.RawSqlBoundary.unrecordLast(); } throw e; }
catch,RETHROW,com.legend,com/legend/StatementExecutor.java,2349,lowerAndPrepare,False,,,java.sql.SQLException ex,,{ throw new ProbeFailed(ex); }
throw,INTERNAL_CUSTOM:ProbeFailed,com.legend,com/legend/StatementExecutor.java,2350,lowerAndPrepare,True,,,INTERNAL_CUSTOM,,throw new ProbeFailed(ex);
catch,RETHROW,com.legend,com/legend/StatementExecutor.java,2353,lowerAndPrepare,False,,,ProbeFailed pf,,{ throw (java.sql.SQLException) pf.getCause(); }
throw,INTERNAL_JDK:IllegalStateException,com.legend,com/legend/StatementExecutor.java,2495,executeTyped,True,,,INTERNAL_JDK,,"throw new IllegalStateException(""DDL statement collection"""
standin,Type.Primitive.*,com.legend,com/legend/StatementExecutor.java,2501,executeTyped,True,,,plain,,com.legend.compiler.element.type.Type.Primitive.STRING);
throw,INTERNAL_JDK:IllegalStateException,com.legend,com/legend/StatementExecutor.java,2518,executeTyped,False,,,INTERNAL_JDK,,"throw new IllegalStateException(""print/println argument"""
op,notnull_ternary,com.legend,com/legend/StatementExecutor.java,2546,executeTyped,True,,,,,ExecutionResult values = seedForm != null ? seedForm
op,null_ternary,com.legend,com/legend/StatementExecutor.java,2550,executeTyped,False,,,,,case ExecutionResult.Scalar sc2 -> sc2.value() == null
op,default_arrow,com.legend,com/legend/StatementExecutor.java,2552,executeTyped,False,,,,,default -> throw new IllegalStateException(
throw,INTERNAL_JDK:IllegalStateException,com.legend,com/legend/StatementExecutor.java,2552,executeTyped,False,,,INTERNAL_JDK,,default -> throw new IllegalStateException(
throw,INTERNAL_JDK:IllegalStateException,com.legend,com/legend/StatementExecutor.java,2560,executeTyped,True,,,INTERNAL_JDK,,"throw new IllegalStateException(""effectful map element is"""
throw,INTERNAL_JDK:IllegalStateException,com.legend,com/legend/StatementExecutor.java,2648,executeTyped,False,,,INTERNAL_JDK,,"throw new IllegalStateException(""^"" + rni.classFqn()"
throw,INTERNAL_JDK:IllegalStateException,com.legend,com/legend/StatementExecutor.java,2674,executeTyped,True,,,INTERNAL_JDK,,"throw new IllegalStateException(""a connection-typed value"""
op,notnull_ternary,com.legend,com/legend/StatementExecutor.java,2692,executePlan,True,,,,,declaredInfo != null ? declaredInfo : root.info();
op,notnull_ternary,com.legend,com/legend/StatementExecutor.java,2709,executePlan,False,,,,,com.legend.exec.ResultShape shape = declaredInfo != null
catch,FALLBACK_RETURN,com.legend,com/legend/StatementExecutor.java,2719,executePlan,True,,,java.sql.SQLException | RuntimeException e,,"{ // THE DECLINE TUNNEL, V11 form (prepCanon/runCanon caught // exactly this class — a caught failure becomes the DESIGNED // decline sentinel, counted, never a rescue): a canon column // must never poison the value fetch. Witness: the // M"
catch,SWALLOWED,com.legend,com/legend/StatementExecutor.java,2759,executePlan,False,,,java.sql.SQLException | RuntimeException e15,,"{ rider.rows().clear(); rider.decline(""canon-exec: "" + String.valueOf(e15.getMessage()) .split(""\\n"")[0]); }"
catch,FALLBACK_RETURN,com.legend,com/legend/StatementExecutor.java,2774,executePlan,False,,,java.sql.SQLException | RuntimeException e2,,"{ // the BARE side itself cannot execute: an unSQLable // literal (NUL-bearing string — DuckDB VARCHAR is // NUL-free). The literal fold answers, canon declines. if (folded != null) { rider.decline(""unsqlable-literal: "" + String.valueOf(e2."
op,isEmpty_ternary,com.legend,com/legend/StatementExecutor.java,2794,executePctTds,True,,,,,com.legend.lowering.PctTdsWrap.pivots(plan).isEmpty() ? null
standin,Type.Primitive.*,com.legend,com/legend/StatementExecutor.java,2805,executePctTds,True,,,plain,,com.legend.compiler.element.type.Type.Primitive
throw,INTERNAL_JDK:IllegalStateException,com.legend,com/legend/StatementExecutor.java,2824,enforceToOneReader,True,,,INTERNAL_JDK,,"throw new IllegalStateException(""toOne() over a relation returned """
catch,RETHROW,com.legend,com/legend/StatementExecutor.java,2863,executeInDb,True,,,java.sql.SQLException e,,{ // the recording must mirror EXECUTED reality — a failed // statement leaves the H2-replay ledger (task #112) if (!env.dialect().rawH2IsNative()) { com.legend.sql.dialect.RawSqlBoundary.unrecordLast(); } throw e; }
throw,INTERNAL_JDK:IllegalStateException,com.legend,com/legend/StatementExecutor.java,2909,dropAndCreateTableInDb,True,,,INTERNAL_JDK,,"throw new IllegalStateException(""dropAndCreateTableInDb: the database"""
op,orElseThrow,com.legend,com/legend/StatementExecutor.java,2921,dropAndCreateTableInDb,True,,,,,.orElseThrow(() -> new IllegalStateException(
throw,INTERNAL_JDK:IllegalStateException,com.legend,com/legend/StatementExecutor.java,2976,ddlStatementString,True,,,INTERNAL_JDK,,"throw new IllegalStateException(fqn + "": only literal schema"""
comment,default,com.legend,com/legend/StatementExecutor.java,2985,,True,,,line,,// 2-arg forms default the schema (toDDL.pure:34-42)
throw,INTERNAL_JDK:IllegalStateException,com.legend,com/legend/StatementExecutor.java,2993,ddlStatementString,True,,,INTERNAL_JDK,,"throw new IllegalStateException(fqn + "": literal"""
op,orElseThrow,com.legend,com/legend/StatementExecutor.java,3007,ddlStatementString,True,,,,,.orElseThrow(() -> new IllegalStateException(
throw,INTERNAL_JDK:IllegalStateException,com.legend,com/legend/StatementExecutor.java,3029,evalStringArg,True,,,INTERNAL_JDK,,"throw new IllegalStateException(""K-native dispatch: non-let statement"""
throw,INTERNAL_JDK:IllegalStateException,com.legend,com/legend/StatementExecutor.java,3042,evalStringArg,False,,,INTERNAL_JDK,,"throw new IllegalStateException(""K-native dispatch: the argument"""
comment,conservative,com.legend,com/legend/StatementExecutor.java,3078,,True,,,javadoc,,/** Conservative free-variable scan (shadowed names over-collect — over-KEEPING lets is safe). */
comment,for now,com.legend.builtin,com/legend/builtin/Pure.java,114,,False,,,line,,// for now &mdash; we only carry name + type parameters + superclass
throw,INTERNAL_JDK:IllegalStateException,com.legend.builtin,com/legend/builtin/Pure.java,151,nativeClass,False,,,INTERNAL_JDK,,throw new IllegalStateException(
throw,INTERNAL_JDK:IllegalStateException,com.legend.builtin,com/legend/builtin/Pure.java,157,nativeClass,False,,,INTERNAL_JDK,,throw new IllegalStateException(
throw,INTERNAL_JDK:IllegalStateException,com.legend.builtin,com/legend/builtin/Pure.java,162,nativeClass,False,,,INTERNAL_JDK,,throw new IllegalStateException(
comment,default,com.legend.builtin,com/legend/builtin/Pure.java,236,,False,,,line,,// ^ExecutionContext() as a defaults carrier (testDataGeneration
throw,INTERNAL_JDK:IllegalStateException,com.legend.builtin,com/legend/builtin/Pure.java,613,nativeEnum,False,,,INTERNAL_JDK,,throw new IllegalStateException(
throw,INTERNAL_JDK:IllegalStateException,com.legend.builtin,com/legend/builtin/Pure.java,619,nativeEnum,False,,,INTERNAL_JDK,,throw new IllegalStateException(
comment,default,com.legend.builtin,com/legend/builtin/Pure.java,780,,True,,,javadoc,,/** date::adjust semantics; the FQN marks the LEGACY-print channel: * engine legacy H2 prints the dateadd unit UPPERCASE * (extensionDefaults.pure mapToDBUnitType) while the new * sqlDialectTranslation defaults print lowercase — TemporalFra
op,ofNullable,com.legend.builtin,com/legend/builtin/Pure.java,973,findNativeClass,True,,,,,return java.util.Optional.ofNullable(Index.CLASS_BY_FQN.get(fqn));
op,ofNullable,com.legend.builtin,com/legend/builtin/Pure.java,978,findNativeEnum,True,,,,,return java.util.Optional.ofNullable(Index.ENUM_BY_FQN.get(fqn));
op,default_arrow,com.legend.builtin,com/legend/builtin/Pure.java,1030,nativeKeysAt,False,,,,,default -> null;
op,getOrDefault,com.legend.builtin,com/legend/builtin/Pure.java,1060,nativeNamed,True,,,,,".getOrDefault(name, java.util.Set.of())"
op,getOrDefault,com.legend.builtin,com/legend/builtin/Pure.java,1069,nativeFunctionsAt,True,,,,,"return Index.FN_BY_FQN.getOrDefault(name, List.of());"
op,getOrDefault,com.legend.builtin,com/legend/builtin/Pure.java,1071,nativeFunctionsAt,True,,,,,"return Index.FN_BY_BARE.getOrDefault(name, List.of());"
throw,INTERNAL_JDK:IllegalStateException,com.legend.builtin,com/legend/builtin/Pure.java,1094,signature,False,,,INTERNAL_JDK,,throw new IllegalStateException(
throw,INTERNAL_JDK:IllegalStateException,com.legend.builtin,com/legend/builtin/Pure.java,1100,signature,False,,,INTERNAL_JDK,,throw new IllegalStateException(
comment,default,com.legend.builtin,com/legend/builtin/Pure.java,1466,,False,,,line,,"// .pure:155-166: distinct size 1 -> max, else the default/[]) — native"
comment,default,com.legend.builtin,com/legend/builtin/Pure.java,1483,,True,,,line,,// (DuckDB's bare STRING_AGG defaults to a COMMA — silently wrong).
comment,default,com.legend.builtin,com/legend/builtin/Pure.java,1491,,True,,,line,,"// is the join condition over (source-row, target-row). Defaults to LEFT."
comment,fallback,com.legend.builtin,com/legend/builtin/Pure.java,1513,,True,,,line,,"// multi-hop final hop, OtherwiseEmbedded fallback). See"
comment,fallback,com.legend.builtin,com/legend/builtin/Pure.java,1947,,False,,,line,,// instance and a fallback instance of the same class and returns a
comment,fallback,com.legend.builtin,com/legend/builtin/Pure.java,1948,,False,,,line,,"// complete instance — partial's set fields win, fallback fills the"
comment,fallback,com.legend.builtin,com/legend/builtin/Pure.java,1951,,False,,,line,,// $row.<slot>) where the fallback slot is a legacyNavigate'd
comment,fallback,com.legend.builtin,com/legend/builtin/Pure.java,1952,,False,,,line,,// instance. partial is always constructed (T[1]); the fallback slot
comment,default,com.legend.cache,com/legend/cache/ContentStore.java,30,,False,,,javadoc,,/** Default bound; matches the order of magnitude of engine's {@code ParseCache} (200). */
throw,INTERNAL_JDK:IllegalArgumentException,com.legend.cache,com/legend/cache/ContentStore.java,41,ContentStore,False,,,INTERNAL_JDK,,"throw new IllegalArgumentException(""maxEntries must be >= 1, got "" + maxEntries);"
catch,RETHROW,com.legend.cache,com/legend/cache/HandleStore.java,60,getOrOpen,False,,,RuntimeException e,,{ throw e; }
catch,RETHROW,com.legend.cache,com/legend/cache/HandleStore.java,62,getOrOpen,False,,,Exception e,,{ throw new CheckedCarrier(e); }
throw,INTERNAL_CUSTOM:CheckedCarrier,com.legend.cache,com/legend/cache/HandleStore.java,63,getOrOpen,False,,,INTERNAL_CUSTOM,,throw new CheckedCarrier(e);
catch,RETHROW,com.legend.cache,com/legend/cache/HandleStore.java,66,getOrOpen,False,,,CheckedCarrier c,,"{ @SuppressWarnings(""unchecked"") E e = (E) c.getCause(); throw e; }"
throw,INTERNAL_JDK:IllegalArgumentException,com.legend.cache,com/legend/cache/Hash.java,40,Hash,False,,,INTERNAL_JDK,,throw new IllegalArgumentException(
catch,RETHROW,com.legend.cache,com/legend/cache/Hash.java,51,of,False,,,NoSuchAlgorithmException e,,"{ // SHA-256 is mandated by the JLS-referenced standard algorithms; absence is fatal. throw new IllegalStateException(""SHA-256 unavailable"", e); }"
throw,INTERNAL_JDK:IllegalStateException,com.legend.cache,com/legend/cache/Hash.java,53,of,False,,,INTERNAL_JDK,,"throw new IllegalStateException(""SHA-256 unavailable"", e);"
op,default_arrow,com.legend.compiler,com/legend/compiler/ModelBuilder.java,272,from,False,,,,,default -> { /* phase 3 */ }
op,default_arrow,com.legend.compiler,com/legend/compiler/ModelBuilder.java,291,from,False,,,,,default -> { /* phase 2 or phase 3b */ }
comment,default,com.legend.compiler,com/legend/compiler/ModelBuilder.java,435,,False,,,line,,// classFqn-underscored default) — raw setId() spuriously
op,notnull_ternary,com.legend.compiler,com/legend/compiler/ModelBuilder.java,440,ingestLegacyMapping,False,,,,,|| setIds.add(cm.setId() != null ? cm.setId()
throw,USER:ModelException,com.legend.compiler,com/legend/compiler/ModelBuilder.java,452,ingestLegacyMapping,False,,,USER,,throw new com.legend.error.ModelException(
op,notnull_ternary,com.legend.compiler,com/legend/compiler/ModelBuilder.java,469,ingestLegacyMapping,False,,,,,String effective = cm.setId() != null ? cm.setId()
throw,USER:ModelException,com.legend.compiler,com/legend/compiler/ModelBuilder.java,473,ingestLegacyMapping,False,,,USER,,throw new com.legend.error.ModelException(
op,default_arrow,com.legend.compiler,com/legend/compiler/ModelBuilder.java,539,ingestRuntime,False,,,,,default -> throw new IllegalStateException(
throw,INTERNAL_JDK:IllegalStateException,com.legend.compiler,com/legend/compiler/ModelBuilder.java,539,ingestRuntime,False,,,INTERNAL_JDK,,default -> throw new IllegalStateException(
op,ofNullable,com.legend.compiler,com/legend/compiler/ModelBuilder.java,627,findAssociation,True,,,,,"return Optional.ofNullable(idGet(associations, symbols.resolveId(fqn)));"
throw,USER:ModelException,com.legend.compiler,com/legend/compiler/ModelBuilder.java,709,findAssociationAtClass,False,,,USER,,throw new com.legend.error.ModelException(
op,isEmpty_ternary,com.legend.compiler,com/legend/compiler/ModelBuilder.java,718,findAssociationAtClass,False,,,,,return hits.isEmpty() ? Optional.empty() : Optional.of(hits.get(0));
op,ofNullable,com.legend.compiler,com/legend/compiler/ModelBuilder.java,733,findAssociationEnd,False,,,,,return Optional.ofNullable(associationEndsByOwner
op,getOrDefault,com.legend.compiler,com/legend/compiler/ModelBuilder.java,734,findAssociationEnd,False,,,,,".getOrDefault(ownerClassFqn, Map.of()).get(propName));"
op,ofNullable,com.legend.compiler,com/legend/compiler/ModelBuilder.java,753,findEnum,True,,,,,"return Optional.ofNullable(idGet(enums, symbols.resolveId(fqn)));"
op,ofNullable,com.legend.compiler,com/legend/compiler/ModelBuilder.java,758,findProfile,True,,,,,"return Optional.ofNullable(idGet(profiles, symbols.resolveId(fqn)));"
comment,fallback,com.legend.compiler,com/legend/compiler/ModelBuilder.java,800,,False,,,line,,// Otherwise([setId]:@Join) — the fallback's slot routes
op,notnull_ternary,com.legend.compiler,com/legend/compiler/ModelBuilder.java,816,routedTargetSetOf,False,,,,,&& j.targetSetId() != null
op,ofNullable,com.legend.compiler,com/legend/compiler/ModelBuilder.java,858,findMapping,True,,,,,"return Optional.ofNullable(idGet(mappings, symbols.resolveId(fqn)));"
op,ofNullable,com.legend.compiler,com/legend/compiler/ModelBuilder.java,867,findLegacyMapping,True,,,,,"return Optional.ofNullable(idGet(legacyMappings, symbols.resolveId(fqn)));"
op,ofNullable,com.legend.compiler,com/legend/compiler/ModelBuilder.java,880,findService,True,,,,,"return Optional.ofNullable(idGet(services, symbols.resolveId(fqn)));"
op,ofNullable,com.legend.compiler,com/legend/compiler/ModelBuilder.java,888,findRuntime,True,,,,,"return Optional.ofNullable(idGet(runtimes, symbols.resolveId(fqn)));"
op,ofNullable,com.legend.compiler,com/legend/compiler/ModelBuilder.java,893,findConnection,True,,,,,"return Optional.ofNullable(idGet(connections, symbols.resolveId(fqn)));"
op,null_ternary,com.legend.compiler,com/legend/compiler/ModelBuilder.java,910,findFunction,True,,,,,return hit == null ? List.of() : Collections.unmodifiableList(hit);
op,null_ternary,com.legend.compiler,com/legend/compiler/ModelBuilder.java,941,findFilter,False,,,,,FilterDefinition own = byName == null ? null : byName.get(filterName);
op,orElse,com.legend.compiler,com/legend/compiler/ModelBuilder.java,945,findFilter,False,,,,,DatabaseDefinition db = findDatabase(dbFqn).orElse(null);
op,null_ternary,com.legend.compiler,com/legend/compiler/ModelBuilder.java,981,findJoin,False,,,,,JoinDefinition own = byName == null ? null : byName.get(joinName);
op,orElse,com.legend.compiler,com/legend/compiler/ModelBuilder.java,985,findJoin,False,,,,,DatabaseDefinition db = findDatabase(dbFqn).orElse(null);
op,null_ternary,com.legend.compiler,com/legend/compiler/ModelBuilder.java,1022,findView,False,,,,,ViewDefinition own = byName == null ? null : byName.get(viewName);
op,orElse,com.legend.compiler,com/legend/compiler/ModelBuilder.java,1026,findView,False,,,,,DatabaseDefinition db = findDatabase(dbFqn).orElse(null);
op,getOrDefault,com.legend.compiler,com/legend/compiler/ModelBuilder.java,1107,importsOf,True,,,,,"return elementImports.getOrDefault(elementFqn, imports);"
comment,fallback,com.legend.compiler,com/legend/compiler/NameResolver.java,170,,False,,,line,,// USER scopes stay pure — the platform prelude is a FALLBACK
comment,fallback,com.legend.compiler,com/legend/compiler/NameResolver.java,198,,False,,,line,,"// fallback (single-source models, synthesized elements). The"
op,null_ternary,com.legend.compiler,com/legend/compiler/NameResolver.java,208,resolve,False,,,,,"Scope scope = new Scope(own == null ? model.imports() : own,"
catch,RETHROW,com.legend.compiler,com/legend/compiler/NameResolver.java,213,resolve,False,,,com.legend.error.ResolutionException e,,"{ // ELEMENT-ATTRIBUTED: a module compile (many sources) must // know WHICH element failed to resolve — the caller's // drop-and-wall works on structured identities, never on // message text if (wallSink != null) { // POISON-NOT-DROP: the e"
throw,USER:ModelException,com.legend.compiler,com/legend/compiler/NameResolver.java,227,resolve,False,,,USER,,throw new com.legend.error.ModelException(
comment,fallback,com.legend.compiler,com/legend/compiler/NameResolver.java,240,,True,,,javadoc,,"/** The platform prelude as a bare-name index (simple -> FQN) — the * FALLBACK tier of {@link #resolveNameMulti}: consulted only when the * user's explicit imports, wildcards, and own package claim nothing. * Within-prelude collisions keep "
op,null_ternary,com.legend.compiler,com/legend/compiler/NameResolver.java,322,resolveElement,False,,,,,String m = k.mapping() == null ? null
op,null_ternary,com.legend.compiler,com/legend/compiler/NameResolver.java,324,resolveElement,False,,,,,String r = k.runtime() == null ? null
op,null_ternary,com.legend.compiler,com/legend/compiler/NameResolver.java,366,resolveElement,False,,,,,String svc = pe.service() == null ? null
throw,USER:ResolutionException,com.legend.compiler,com/legend/compiler/NameResolver.java,517,resolveName,True,,,USER,,throw new com.legend.error.ResolutionException(
comment,fallback,com.legend.compiler,com/legend/compiler/NameResolver.java,542,,False,,,line,,"// 2. the platform prelude — a FALLBACK, shadowed by anything the"
op,null_ternary,com.legend.compiler,com/legend/compiler/NameResolver.java,659,resolveConstraint,True,,,,,ValueSpecification message = c.message() == null ? null
op,null_ternary,com.legend.compiler,com/legend/compiler/NameResolver.java,954,resolveClassMapping,True,,,,,String sourceClass = p.sourceClass() == null
op,null_ternary,com.legend.compiler,com/legend/compiler/NameResolver.java,1220,resolveService,False,,,,,String mappingRef = sd.mappingRef() == null
op,null_ternary,com.legend.compiler,com/legend/compiler/NameResolver.java,1222,resolveService,False,,,,,String runtimeRef = sd.runtimeRef() == null
op,null_ternary,com.legend.compiler,com/legend/compiler/NameResolver.java,1230,resolveService,False,,,,,String m = k.mapping() == null ? null
op,null_ternary,com.legend.compiler,com/legend/compiler/NameResolver.java,1232,resolveService,False,,,,,String r = k.runtime() == null ? null
op,null_ternary,com.legend.compiler,com/legend/compiler/NameResolver.java,1298,resolveConnection,False,,,,,String store = cd.storeName() == null
op,null_ternary,com.legend.compiler,com/legend/compiler/NameResolver.java,1326,resolveConnection,False,,,,,"String src = sdb == null ? null : resolveName(sdb, scope);"
op,null_ternary,com.legend.compiler,com/legend/compiler/NameResolver.java,1430,resolveJoinChain,False,,,,,String db = jn.databaseName() == null ? null
op,null_ternary,com.legend.compiler,com/legend/compiler/NameResolver.java,1681,resolveColSpec,True,,,,,"LambdaFunction r1 = fn1 == null ? null : resolveLambda(fn1, scope);"
op,null_ternary,com.legend.compiler,com/legend/compiler/NameResolver.java,1682,resolveColSpec,True,,,,,"LambdaFunction r2 = fn2 == null ? null : resolveLambda(fn2, scope);"
comment,fallback,com.legend.compiler,com/legend/compiler/NameResolver.java,1826,,False,,,javadoc,,"/** Prelude-aware scope — the {@code resolve(ParsedModel)} and * query entries (the old withPrelude wiring, as a fallback tier). */"
op,null_ternary,com.legend.compiler,com/legend/compiler/SymbolTable.java,75,resolveId,True,,,,,return id == null ? UNRESOLVED : id;
throw,INTERNAL_JDK:IndexOutOfBoundsException,com.legend.compiler,com/legend/compiler/SymbolTable.java,88,nameOf,True,,,INTERNAL_JDK,,throw new IndexOutOfBoundsException(
throw,INTERNAL_JDK:IllegalArgumentException,com.legend.compiler,com/legend/compiler/SynthFqn.java,109,check,True,,,INTERNAL_JDK,,"throw new IllegalArgumentException(""synth-FQN "" + what + "" is null"");"
throw,INTERNAL_JDK:IllegalArgumentException,com.legend.compiler,com/legend/compiler/SynthFqn.java,112,check,True,,,INTERNAL_JDK,,throw new IllegalArgumentException(
op,null_ternary,com.legend.compiler.element,com/legend/compiler/element/ClassCompiler.java,85,,True,,,,,con.message() == null ? java.util.Optional.empty()
op,instanceof_else_default,com.legend.compiler.element,com/legend/compiler/element/ClassCompiler.java,100,realizedFqn,True,,,,,return r instanceof Realization.Ref ref ? ref.functionFqn() : liftedFqn;
throw,INTERNAL_JDK:IllegalStateException,com.legend.compiler.element,com/legend/compiler/element/ClassLayouts.java,72,layoutOf,True,,,INTERNAL_JDK,,"throw new IllegalStateException(""class '"" + fqn + ""' declares a"""
standin,Type.Primitive.*,com.legend.compiler.element,com/legend/compiler/element/ClassLayouts.java,77,layoutOf,True,,,plain,,"out.add(new Type.Column(SYNTHETIC_ID, Type.Primitive.STRING,"
op,default_arrow,com.legend.compiler.element,com/legend/compiler/element/ClassLayouts.java,96,plainLayoutOf,True,,,,,default -> Optional.empty();
op,isEmpty_ternary,com.legend.compiler.element,com/legend/compiler/element/ClassLayouts.java,104,layout,True,,,,,return fields.isEmpty() ? Optional.empty()
throw,INTERNAL_JDK:IllegalStateException,com.legend.compiler.element,com/legend/compiler/element/ClassLayouts.java,127,collect,True,,,INTERNAL_JDK,,"throw new IllegalStateException(""class '"" + cls.qualifiedName()"
op,getOrDefault,com.legend.compiler.element,com/legend/compiler/element/ClassLayouts.java,138,substitute,True,,,,,"case Type.TypeVar v -> typeArgs.getOrDefault(v.name(), t);"
op,default_arrow,com.legend.compiler.element,com/legend/compiler/element/ClassLayouts.java,141,substitute,True,,,,,default -> t;
op,isEmpty_ternary,com.legend.compiler.element,com/legend/compiler/element/EqualityKeys.java,91,Key,True,,,,,"return keys.isEmpty() ? null : new EqualityKeys(classFqn, keys);"
op,orElse,com.legend.compiler.element,com/legend/compiler/element/EqualityKeys.java,104,typeArgsOf,True,,,,,TypedClass c = ctx.findClass(g.rawFqn()).orElse(null);
op,getOrDefault,com.legend.compiler.element,com/legend/compiler/element/EqualityKeys.java,119,substitute,True,,,,,"case Type.TypeVar v -> typeArgs.getOrDefault(v.name(), t);"
op,default_arrow,com.legend.compiler.element,com/legend/compiler/element/EqualityKeys.java,123,substitute,True,,,,,default -> t;
op,orElse,com.legend.compiler.element,com/legend/compiler/element/EqualityKeys.java,143,collect,True,,,,,TypedClass tc = ctx.findClass(fqn).orElse(null);
comment,default,com.legend.compiler.element,com/legend/compiler/element/FunctionCompiler.java,36,,True,,,line,,// DEFAULT-IMPORT parity for USER functions in the pure core
comment,default,com.legend.compiler.element,com/legend/compiler/element/FunctionCompiler.java,117,,False,,,javadoc,,/** Real pure's implicit-import packages (m3 default imports) whose * USER-defined functions resolve bare. */
catch,SWALLOWED,com.legend.compiler.element,com/legend/compiler/element/FunctionCompiler.java,150,addModelOverloads,True,,,RuntimeException e,,"{ // DROP-AT-OVERLOAD (honest name — audit 17): a tolerant // module build keeps signature-broken functions in the // MODEL, but candidate collection omits them, so a call // whose engine-correct target is the broken overload can // silentl"
op,instanceof_else_default,com.legend.compiler.element,com/legend/compiler/element/FunctionCompiler.java,180,addModelOverloads,True,,,,,Optional<List<com.legend.protocol.spec.ValueSpecification>> body = f instanceof FunctionDefinition fd
throw,USER:ModelException,com.legend.compiler.element,com/legend/compiler/element/FunctionCompiler.java,202,addModelOverloads,True,,,USER,,"throw new com.legend.error.ModelException(com.legend.error.LegendCompileException.Phase.MODEL,"
comment,assume,com.legend.compiler.element,com/legend/compiler/element/FunctionCompiler.java,207,,True,,,javadoc,,/** * F.c structural shape check: at least one overload at {@code fqn} satisfies * {@code shape}. Existence is assumed already checked (F.a/F.b). Full * type-assignability (subtyping) and bodies are Phase G. */
throw,USER:ModelException,com.legend.compiler.element,com/legend/compiler/element/FunctionCompiler.java,214,addModelOverloads,True,,,USER,,"throw new com.legend.error.ModelException(com.legend.error.LegendCompileException.Phase.MODEL,"
op,default_arrow,com.legend.compiler.element,com/legend/compiler/element/MilestoningStrategy.java,34,,False,,,,,default -> null;
throw,USER:ModelException,com.legend.compiler.element,com/legend/compiler/element/ModelIntegrity.java,53,check,True,,,USER,,throw new com.legend.error.ModelException(
catch,FALLBACK_RETURN,com.legend.compiler.element,com/legend/compiler/element/ModelIntegrity.java,79,withElement,True,,,com.legend.error.ModelException e,,"{ if (wallSink != null) { // POISON-NOT-DROP: record the first reason and keep the // element — use-time compilation re-fails loudly wallSink.putIfAbsent(e.element() != null ? e.element() : elementFqn, String.valueOf(e.getMessage()).split("""
op,notnull_ternary,com.legend.compiler.element,com/legend/compiler/element/ModelIntegrity.java,83,withElement,False,,,in_catch,,"wallSink.putIfAbsent(e.element() != null ? e.element() : elementFqn,"
throw,USER:ModelException,com.legend.compiler.element,com/legend/compiler/element/ModelIntegrity.java,90,withElement,False,,,USER,,"throw new com.legend.error.ModelException(e.phase(), e.getMessage(), elementFqn);"
throw,USER:ModelException,com.legend.compiler.element,com/legend/compiler/element/ModelIntegrity.java,107,checkClass,False,,,USER,,throw new com.legend.error.ModelException(
throw,USER:ModelException,com.legend.compiler.element,com/legend/compiler/element/ModelIntegrity.java,152,checkDuplicateSignatures,False,,,USER,,throw new com.legend.error.ModelException(
throw,USER:ModelException,com.legend.compiler.element,com/legend/compiler/element/ModelIntegrity.java,180,checkMapping,False,,,USER,,"throw new com.legend.error.ModelException(com.legend.error.LegendCompileException.Phase.MODEL, ""mapping '"" + md.qualifiedName()"
throw,USER:ModelException,com.legend.compiler.element,com/legend/compiler/element/ModelIntegrity.java,192,checkMapping,False,,,USER,,"throw new com.legend.error.ModelException(com.legend.error.LegendCompileException.Phase.MODEL, ""mapping '"" + md.qualifiedName()"
op,instanceof_else_default,com.legend.compiler.element,com/legend/compiler/element/ModelIntegrity.java,205,realizedFqn,False,,,,,return r instanceof Realization.Ref ref ? ref.functionFqn() : liftedFqn;
catch,RETHROW,com.legend.compiler.element,com/legend/compiler/element/ModelIntegrity.java,220,requireValidBounds,True,,,IllegalArgumentException e,,"{ throw new com.legend.error.ModelException( com.legend.error.LegendCompileException.Phase.MODEL, site + "": invalid multiplicity — "" + e.getMessage()); }"
throw,USER:ModelException,com.legend.compiler.element,com/legend/compiler/element/ModelIntegrity.java,221,requireValidBounds,True,,,USER,,throw new com.legend.error.ModelException(
throw,USER:ModelException,com.legend.compiler.element,com/legend/compiler/element/ModelIntegrity.java,232,checkEnum,False,,,USER,,throw new com.legend.error.ModelException(
throw,USER:ModelException,com.legend.compiler.element,com/legend/compiler/element/ModelIntegrity.java,260,walkSupers,True,,,USER,,throw new com.legend.error.ModelException(
catch,SWALLOWED,com.legend.compiler.element,com/legend/compiler/element/ModelIntegrity.java,269,walkSupers,True,,,com.legend.error.ModelException e,,{ continue; // malformed head — checkClass's classify reports it }
comment,conservative,com.legend.compiler.element,com/legend/compiler/element/ModelIntegrity.java,279,,True,,,javadoc,,"/** * Ghost store cross-refs: every {@code ColumnRef} inside a join or * filter condition must name a table (or view) declared in the * database's include closure, and a column declared ON that table — * previously accepted and shipped as S"
throw,USER:ModelException,com.legend.compiler.element,com/legend/compiler/element/ModelIntegrity.java,326,checkColumnRef,True,,,USER,,throw new com.legend.error.ModelException(
throw,USER:ModelException,com.legend.compiler.element,com/legend/compiler/element/ModelIntegrity.java,340,checkColumnRef,True,,,USER,,throw new com.legend.error.ModelException(
throw,USER:ModelException,com.legend.compiler.element,com/legend/compiler/element/ModelIntegrity.java,349,checkColumnRef,True,,,USER,,throw new com.legend.error.ModelException(
op,null_ternary,com.legend.compiler.element,com/legend/compiler/element/ModelIntegrity.java,371,hasColumn,False,,,,,"b == null ? null : b.from(), b == null ? null : b.thru(),"
op,null_ternary,com.legend.compiler.element,com/legend/compiler/element/ModelIntegrity.java,371,hasColumn,False,,,,,"b == null ? null : b.from(), b == null ? null : b.thru(),"
op,null_ternary,com.legend.compiler.element,com/legend/compiler/element/ModelIntegrity.java,372,hasColumn,False,,,,,"b == null ? null : b.snapshotDate(),"
op,null_ternary,com.legend.compiler.element,com/legend/compiler/element/ModelIntegrity.java,373,hasColumn,False,,,,,"p == null ? null : p.in(), p == null ? null : p.out(),"
op,null_ternary,com.legend.compiler.element,com/legend/compiler/element/ModelIntegrity.java,373,hasColumn,False,,,,,"p == null ? null : p.in(), p == null ? null : p.out(),"
op,null_ternary,com.legend.compiler.element,com/legend/compiler/element/ModelIntegrity.java,374,hasColumn,False,,,,,p == null ? null : p.snapshotDate()}) {
op,null_ternary,com.legend.compiler.element,com/legend/compiler/element/Property.java,85,Stored,False,,,,,parameters = parameters == null ? List.of() : List.copyOf(parameters);
comment,fallback,com.legend.compiler.element,com/legend/compiler/element/PureModelContext.java,12,,False,,,javadoc,,"/** * The concrete {@link ModelContext} for a single compilation unit &mdash; the * Phase-F <strong>façade</strong>, realized per the north-star tenet * (<i>Total Knowledge, Demand-Driven Work</i>; {@code docs/TENETS.md}). It owns * the mem"
op,ofNullable,com.legend.compiler.element,com/legend/compiler/element/PureModelContext.java,235,mappingPoison,True,,,,,return java.util.Optional.ofNullable(
throw,INTERNAL_JDK:IllegalArgumentException,com.legend.compiler.element,com/legend/compiler/element/PureModelContext.java,279,withExecutionOverlay,False,,,INTERNAL_JDK,,"throw new IllegalArgumentException(""execution overlay would"""
throw,INTERNAL_JDK:IllegalArgumentException,com.legend.compiler.element,com/legend/compiler/element/PureModelContext.java,289,withExecutionOverlay,False,,,INTERNAL_JDK,,"throw new IllegalArgumentException(""execution overlay"""
comment,fallback,com.legend.compiler.element,com/legend/compiler/element/StoreCompiler.java,13,,True,,,javadoc,,/** * Phase F's <strong>store-element</strong> compiler: a database's physical * table definition &rarr; its Pure row-struct ({@link Type.RelationType}) &mdash; * what gives {@code #>{db.TABLE}#} a typed schema. Contains the single * SQL-ty
comment,default,com.legend.compiler.element,com/legend/compiler/element/StoreCompiler.java,127,,True,,,line,,// database's top-level tables ARE schema 'default' — the
comment,fallback,com.legend.compiler.element,com/legend/compiler/element/StoreCompiler.java,129,,True,,,line,,// the bare-name fallback found same-named tables in OTHER
comment,default,com.legend.compiler.element,com/legend/compiler/element/StoreCompiler.java,130,,True,,,line,,// schemas where the engine's schema('default')->table()
comment,default,com.legend.compiler.element,com/legend/compiler/element/StoreCompiler.java,131,,True,,,line,,// fails loud). An EXPLICIT Schema default(...) block
review,type-decision-site,com.legend.compiler.element,com/legend/compiler/element/StoreCompiler.java,183,,True,LEGITIMATE,n/a,hand-reviewed,"columnType(): every RelationalDataType arm is explicit, Array/Object_ throw",
standin,Type.Primitive.*,com.legend.compiler.element,com/legend/compiler/element/StoreCompiler.java,184,columnType,True,,,plain,,case RelationalDataType.Bit b -> Type.Primitive.BOOLEAN;
standin,Type.Primitive.*,com.legend.compiler.element,com/legend/compiler/element/StoreCompiler.java,185,columnType,True,,,plain,,case RelationalDataType.TinyInt i -> Type.Primitive.INTEGER;
standin,Type.Primitive.*,com.legend.compiler.element,com/legend/compiler/element/StoreCompiler.java,186,columnType,True,,,plain,,case RelationalDataType.SmallInt i -> Type.Primitive.INTEGER;
standin,Type.Primitive.*,com.legend.compiler.element,com/legend/compiler/element/StoreCompiler.java,187,columnType,True,,,plain,,case RelationalDataType.Integer_ i -> Type.Primitive.INTEGER;
standin,Type.Primitive.*,com.legend.compiler.element,com/legend/compiler/element/StoreCompiler.java,188,columnType,True,,,plain,,case RelationalDataType.BigInt i -> Type.Primitive.INTEGER;
standin,Type.Primitive.*,com.legend.compiler.element,com/legend/compiler/element/StoreCompiler.java,189,columnType,True,,,plain,,case RelationalDataType.Float_ f -> Type.Primitive.FLOAT;
standin,Type.Primitive.*,com.legend.compiler.element,com/legend/compiler/element/StoreCompiler.java,190,columnType,True,,,plain,,case RelationalDataType.Double_ f -> Type.Primitive.FLOAT;
standin,Type.Primitive.*,com.legend.compiler.element,com/legend/compiler/element/StoreCompiler.java,191,columnType,True,,,plain,,case RelationalDataType.Real f -> Type.Primitive.FLOAT;
standin,Type.Primitive.*,com.legend.compiler.element,com/legend/compiler/element/StoreCompiler.java,194,columnType,True,,,plain,,case RelationalDataType.Varchar v -> Type.Primitive.STRING;
standin,Type.Primitive.*,com.legend.compiler.element,com/legend/compiler/element/StoreCompiler.java,195,columnType,True,,,plain,,case RelationalDataType.Char_ c -> Type.Primitive.STRING;
standin,Type.Primitive.*,com.legend.compiler.element,com/legend/compiler/element/StoreCompiler.java,196,columnType,True,,,plain,,case RelationalDataType.Binary b -> Type.Primitive.BYTE;
standin,Type.Primitive.*,com.legend.compiler.element,com/legend/compiler/element/StoreCompiler.java,197,columnType,True,,,plain,,case RelationalDataType.Varbinary b -> Type.Primitive.BYTE;
standin,Type.Primitive.*,com.legend.compiler.element,com/legend/compiler/element/StoreCompiler.java,198,columnType,True,,,plain,,case RelationalDataType.Date_ d -> Type.Primitive.STRICT_DATE;
standin,Type.Primitive.*,com.legend.compiler.element,com/legend/compiler/element/StoreCompiler.java,199,columnType,True,,,plain,,case RelationalDataType.Timestamp t -> Type.Primitive.DATE_TIME;
standin,Type.Primitive.*,com.legend.compiler.element,com/legend/compiler/element/Temporal.java,26,,True,,,plain,,"com.legend.compiler.element.type.Type.Primitive.DATE,"
standin,Type.Primitive.*,com.legend.compiler.element,com/legend/compiler/element/Temporal.java,48,,True,,,plain,,"com.legend.compiler.element.type.Type.Primitive.DATE_TIME,"
op,orElse,com.legend.compiler.element,com/legend/compiler/element/Temporal.java,118,anyTemporalGetAll,True,,,,,var def = ctx.findClassDefinition(fqn).orElse(null);
comment,fallback,com.legend.compiler.element,com/legend/compiler/element/TypeClassifier.java,15,,True,,,javadoc,,"/** * Phase F's shared type kernel (the {@code InferenceKernel} analog): everything * about turning <em>names</em> into <em>kinds</em> &mdash; the kind manifest * ({@link #findType}: primitive &rarr; class &rarr; enum by FQN existence, no *"
op,isPresent_ternary,com.legend.compiler.element,com/legend/compiler/element/TypeClassifier.java,71,,True,,,,,return nat.isPresent() ? nat : model.findClass(fqn);
op,isPresent_ternary,com.legend.compiler.element,com/legend/compiler/element/TypeClassifier.java,77,,True,,,,,return user.isPresent() ? user : Pure.findNativeEnum(fqn);
op,orElseThrow,com.legend.compiler.element,com/legend/compiler/element/TypeClassifier.java,98,,True,,,,,"yield findType(nr.name()).orElseThrow(() -> new com.legend.error.ModelException(com.legend.error.LegendCompileException.Phase.MODEL,"
comment,default,com.legend.compiler.element,com/legend/compiler/element/TypeClassifier.java,134,,True,,,line,,// EXHAUSTIVE (no default): a head reference is nominal by
throw,USER:ModelException,com.legend.compiler.element,com/legend/compiler/element/TypeClassifier.java,136,headFqn,True,,,USER,,"case TypeExpression.FunctionType f -> throw new com.legend.error.ModelException(com.legend.error.LegendCompileException.Phase.MODEL,"
throw,USER:ModelException,com.legend.compiler.element,com/legend/compiler/element/TypeClassifier.java,138,headFqn,True,,,USER,,"case TypeExpression.RelationType r -> throw new com.legend.error.ModelException(com.legend.error.LegendCompileException.Phase.MODEL,"
throw,USER:ModelException,com.legend.compiler.element,com/legend/compiler/element/TypeClassifier.java,140,headFqn,True,,,USER,,"case TypeExpression.SchemaAlgebra a -> throw new com.legend.error.ModelException(com.legend.error.LegendCompileException.Phase.MODEL,"
op,null_ternary,com.legend.compiler.element,com/legend/compiler/element/TypedClass.java,37,,True,,,,,typeParameters = typeParameters == null ? List.of() : List.copyOf(typeParameters);
op,null_ternary,com.legend.compiler.element,com/legend/compiler/element/TypedClass.java,38,,True,,,,,superClassFqns = superClassFqns == null ? List.of() : List.copyOf(superClassFqns);
op,null_ternary,com.legend.compiler.element,com/legend/compiler/element/TypedClass.java,39,,True,,,,,properties = properties == null ? List.of() : List.copyOf(properties);
op,null_ternary,com.legend.compiler.element,com/legend/compiler/element/TypedClass.java,40,,False,,,,,constraints = constraints == null ? List.of() : List.copyOf(constraints);
comment,default,com.legend.compiler.element,com/legend/compiler/element/TypedConstraint.java,6,,False,,,javadoc,,"/** * A compiled class constraint &mdash; FINOS-functional-parity metadata kept on * the class, with only its <em>bodies</em> externalized into functions (doc §1.4). * * <p>FINOS {@code Constraint} is {@code {name, functionDefinition, exter"
op,null_ternary,com.legend.compiler.element,com/legend/compiler/element/TypedConstraint.java,37,TypedConstraint,True,,,,,externalId = externalId == null ? Optional.empty() : externalId;
op,null_ternary,com.legend.compiler.element,com/legend/compiler/element/TypedConstraint.java,38,TypedConstraint,True,,,,,messageFqn = messageFqn == null ? Optional.empty() : messageFqn;
throw,INTERNAL_JDK:IllegalStateException,com.legend.compiler.element,com/legend/compiler/element/TypedFunction.java,65,signatureKey,True,,,INTERNAL_JDK,,"throw new IllegalStateException(""TypedFunction '"" + qualifiedName"
op,null_ternary,com.legend.compiler.element,com/legend/compiler/element/TypedFunction.java,98,TypedFunction,False,,,,,this.typeParameters = typeParameters == null
op,null_ternary,com.legend.compiler.element,com/legend/compiler/element/TypedFunction.java,100,TypedFunction,False,,,,,this.multiplicityParameters = multiplicityParameters == null
op,null_ternary,com.legend.compiler.element,com/legend/compiler/element/TypedFunction.java,102,TypedFunction,False,,,,,this.parameters = parameters == null
op,null_ternary,com.legend.compiler.element,com/legend/compiler/element/TypedFunction.java,106,TypedFunction,False,,,,,this.body = body == null ? Optional.empty() : body.map(List::copyOf);
comment,fallback,com.legend.compiler.element,com/legend/compiler/element/TypedNominal.java,3,,True,,,javadoc,,/** * Sealed parent of the two <em>nominal</em> element kinds &mdash; * {@link TypedClass} and {@link TypedEnum} &mdash; i.e. the user-declared types * that a {@link com.legend.compiler.element.type.Type.ClassType} / * {@link com.legend.com
comment,fallback,com.legend.compiler.element,com/legend/compiler/element/package-info.java,1,,False,,,javadoc,,"/** * The Element Compiler (Phase F) typed model &mdash; the compiled, type-checked * counterpart of the parser's {@link com.legend.model} AST. Mirrors the * engine's {@code m3} metamodel. * * <h2>Contents</h2> * <ul> * <li>{@link com.legen"
throw,INTERNAL_JDK:IllegalStateException,com.legend.compiler.element.type,com/legend/compiler/element/type/Multiplicity.java,46,,False,,,INTERNAL_JDK,,throw new IllegalStateException(
comment,fallback,com.legend.compiler.element.type,com/legend/compiler/element/type/Multiplicity.java,65,,False,,,line,,// re-derived at four sites with four DIFFERENT Var fallbacks; that
op,null_ternary,com.legend.compiler.element.type,com/legend/compiler/element/type/Multiplicity.java,86,union,True,,,,,x.upper() == null || y.upper() == null
throw,INTERNAL_JDK:IllegalStateException,com.legend.compiler.element.type,com/legend/compiler/element/type/Multiplicity.java,93,union,False,,,INTERNAL_JDK,,"throw new IllegalStateException(""cannot union multiplicities """
op,null_ternary,com.legend.compiler.element.type,com/legend/compiler/element/type/Multiplicity.java,117,product,False,,,,,: a.upper() == null || b.upper() == null
throw,INTERNAL_JDK:IllegalStateException,com.legend.compiler.element.type,com/legend/compiler/element/type/Multiplicity.java,127,product,False,,,INTERNAL_JDK,,"throw new IllegalStateException(""cannot compose multiplicities """
throw,INTERNAL_JDK:IllegalArgumentException,com.legend.compiler.element.type,com/legend/compiler/element/type/Multiplicity.java,148,product,True,,,INTERNAL_JDK,,"throw new IllegalArgumentException(""lower must be >= 0, got "" + lower);"
throw,INTERNAL_JDK:IllegalArgumentException,com.legend.compiler.element.type,com/legend/compiler/element/type/Multiplicity.java,151,product,True,,,INTERNAL_JDK,,throw new IllegalArgumentException(
throw,INTERNAL_JDK:IllegalArgumentException,com.legend.compiler.element.type,com/legend/compiler/element/type/Multiplicity.java,196,text,True,,,INTERNAL_JDK,,"throw new IllegalArgumentException(""multiplicity parameter name must be non-empty"");"
throw,INTERNAL_JDK:IllegalArgumentException,com.legend.compiler.element.type,com/legend/compiler/element/type/PlatformTypes.java,111,fetchDbKind,True,,,INTERNAL_JDK,,"throw new IllegalArgumentException(""not a fetchDb native: "" + fqn);"
op,ofNullable,com.legend.compiler.element.type,com/legend/compiler/element/type/Type.java,143,findByFqn,True,,,,,return Optional.ofNullable(BY_FQN.get(fqn));
throw,INTERNAL_JDK:IllegalArgumentException,com.legend.compiler.element.type,com/legend/compiler/element/type/Type.java,162,findByFqn,True,,,INTERNAL_JDK,,"throw new IllegalArgumentException(""precision must be >= 0, got "" + precision);"
throw,INTERNAL_JDK:IllegalArgumentException,com.legend.compiler.element.type,com/legend/compiler/element/type/Type.java,165,findByFqn,True,,,INTERNAL_JDK,,throw new IllegalArgumentException(
comment,default,com.legend.compiler.element.type,com/legend/compiler/element/type/Type.java,170,,False,,,javadoc,,"/** * Default precision/scale for Pure's unparameterized {@code Decimal}. * {@code DECIMAL(38, 18)} &mdash; widest SQL decimal compatible with a * 128-bit backing integer (engine parity). */"
op,instanceof_else_default,com.legend.compiler.element.type,com/legend/compiler/element/type/Type.java,385,isRelation,True,,,,,&& g.arguments().get(0) instanceof RelationType r ? r : null;
op,instanceof_else_default,com.legend.compiler.element.type,com/legend/compiler/element/type/Type.java,397,isRelation,True,,,,,return t instanceof RelationType r ? r : null;
throw,INTERNAL_JDK:IllegalStateException,com.legend.compiler.element.type,com/legend/compiler/element/type/Type.java,418,requireRelationSchema,True,,,INTERNAL_JDK,,"throw new IllegalStateException(""expected a table type"""
review,type-decision-site,com.legend.compiler.element.type,com/legend/compiler/element/type/Type.java,441,,True,SUSPICIOUS,PROVEN-REACHED,hand-reviewed,lateBound(): a raw-SQL grid types as a relation with ZERO columns + one Any[0..1] wildcard,
standin,PlatformTypes.ANY,com.legend.compiler.element.type,com/legend/compiler/element/type/Type.java,443,lateBound,True,,,plain,,"new ClassType(PlatformTypes.ANY),"
comment,fallback,com.legend.compiler.element.type,com/legend/compiler/element/type/Type.java,455,,False,,,javadoc,,/** THE PIVOT-COLUMN MATCHING RULE (one owner — the exec egress * and the lowering's deferred-TDS resolver both consume it): a * statically known name matches by NAME; a * {@code <value>__|__<template>} name inherits its aggregate * TEMPLAT
op,orElseThrow,com.legend.compiler.element.type,com/legend/compiler/element/type/Type.java,498,presentPivotName,True,,,,,.orElseThrow(() -> new IllegalStateException(
standin,PlatformTypes.ANY,com.legend.compiler.element.type,com/legend/compiler/element/type/Type.java,512,trustedColumn,True,SUSPICIOUS,PROVEN-REACHED,plain,trustedColumn(): the one definition of the Any[0..1] trust rule,"return new Column(name, new ClassType(PlatformTypes.ANY),"
throw,INTERNAL_JDK:IllegalArgumentException,com.legend.compiler.element.type,com/legend/compiler/element/type/Type.java,532,RelationType,True,,,INTERNAL_JDK,,throw new IllegalArgumentException(
throw,INTERNAL_JDK:IllegalArgumentException,com.legend.compiler.element.type,com/legend/compiler/element/type/Type.java,539,RelationType,True,,,INTERNAL_JDK,,throw new IllegalArgumentException(
throw,USER:TypeInferenceException,com.legend.compiler.spec,com/legend/compiler/spec/Args.java,32,lambda,True,,,USER,,"throw new TypeInferenceException(""'"" + a.chosen().qualifiedName()"
throw,USER:TypeInferenceException,com.legend.compiler.spec,com/legend/compiler/spec/Args.java,41,colSpecName,True,,,USER,,"throw new TypeInferenceException(""expected a single ~column argument, got """
throw,USER:TypeInferenceException,com.legend.compiler.spec,com/legend/compiler/spec/Args.java,53,funcCols,True,,,USER,,"throw new TypeInferenceException(""expected mapped column specification(s), got """
throw,USER:TypeInferenceException,com.legend.compiler.spec,com/legend/compiler/spec/Args.java,65,aggCols,True,,,USER,,"throw new TypeInferenceException(""expected aggregate column specification(s), got """
throw,USER:TypeInferenceException,com.legend.compiler.spec,com/legend/compiler/spec/Args.java,80,outputColumns,True,,,USER,,"throw new TypeInferenceException(""expected a relation result, got "" + a.out().type().typeName());"
throw,USER:TypeInferenceException,com.legend.compiler.spec,com/legend/compiler/spec/AsOfJoinChecker.java,40,check,True,,,USER,,throw new TypeInferenceException(
op,orElseThrow,com.legend.compiler.spec,com/legend/compiler/spec/AsOfJoinChecker.java,53,withPrefix,True,,,,,.orElseThrow(() -> new TypeInferenceException(
throw,USER:TypeInferenceException,com.legend.compiler.spec,com/legend/compiler/spec/AsOfJoinChecker.java,61,withPrefix,True,,,USER,,throw new TypeInferenceException(
op,ofNullable,com.legend.compiler.spec,com/legend/compiler/spec/Bindings.java,65,type,True,,,,,return Optional.ofNullable(types.get(var));
op,ofNullable,com.legend.compiler.spec,com/legend/compiler/spec/Bindings.java,69,mult,True,,,,,return Optional.ofNullable(mults.get(var));
throw,USER:TypeInferenceException,com.legend.compiler.spec,com/legend/compiler/spec/CastChecker.java,26,check,True,,,USER,,"throw new TypeInferenceException(af.function() + "" expects (source, @Type)"");"
catch,FALLBACK_RETURN,com.legend.compiler.spec,com/legend/compiler/spec/CatalogGrids.java,55,CatalogGrids,True,,,com.legend.error.NotImplementedException e,,{ return null; // no db ref at typing — the seam's case }
throw,INTERNAL_JDK:IllegalStateException,com.legend.compiler.spec,com/legend/compiler/spec/CatalogGrids.java,125,fetchSql,True,,,INTERNAL_JDK,,case PRIMARY_KEYS -> throw new IllegalStateException(
standin,Type.Primitive.*,com.legend.compiler.spec,com/legend/compiler/spec/CatalogGrids.java,186,gridSchema,True,,,plain,,? com.legend.compiler.element.type.Type
standin,Type.Primitive.*,com.legend.compiler.spec,com/legend/compiler/spec/CatalogGrids.java,188,gridSchema,True,,,ternary_else,,: com.legend.compiler.element.type.Type
op,null_ternary,com.legend.compiler.spec,com/legend/compiler/spec/CatalogGrids.java,224,pkFacts,True,,,,,String dbFqn = ctx == null ? null
throw,INTERNAL_CUSTOM:NotImplementedException,com.legend.compiler.spec,com/legend/compiler/spec/CatalogGrids.java,227,pkFacts,True,,,INTERNAL_CUSTOM,,throw new com.legend.error.NotImplementedException(
op,null_ternary,com.legend.compiler.spec,com/legend/compiler/spec/CatalogGrids.java,318,like,False,,,,,"return pattern == null ? """""
throw,USER:TypeInferenceException,com.legend.compiler.spec,com/legend/compiler/spec/Checkers.java,38,stringLiteralArg,True,,,USER,,"throw new TypeInferenceException(what + "" must be a string literal"");"
throw,USER:TypeInferenceException,com.legend.compiler.spec,com/legend/compiler/spec/Checkers.java,53,prefixedUnion,True,,,USER,,"throw new TypeInferenceException(""both join sides must be relations"");"
throw,USER:TypeInferenceException,com.legend.compiler.spec,com/legend/compiler/spec/Checkers.java,64,prefixedUnion,True,,,USER,,"throw new TypeInferenceException(""join prefix '"" + prefix"
throw,USER:TypeInferenceException,com.legend.compiler.spec,com/legend/compiler/spec/ColumnsChecker.java,39,check,True,,,USER,,throw new TypeInferenceException(
throw,USER:TypeInferenceException,com.legend.compiler.spec,com/legend/compiler/spec/ColumnsChecker.java,50,check,True,,,USER,,"throw new TypeInferenceException(""columns() needs a relation,"""
throw,INTERNAL_CUSTOM:NotImplementedException,com.legend.compiler.spec,com/legend/compiler/spec/ColumnsChecker.java,54,check,True,,,INTERNAL_CUSTOM,,throw new com.legend.error.NotImplementedException(
standin,Type.Primitive.*,com.legend.compiler.spec,com/legend/compiler/spec/ColumnsChecker.java,63,check,True,,,plain,,"ExprType.one(Type.Primitive.STRING))),"
throw,INTERNAL_JDK:IllegalArgumentException,com.legend.compiler.spec,com/legend/compiler/spec/CompiledFunction.java,23,CompiledFunction,True,,,INTERNAL_JDK,,"throw new IllegalArgumentException(""a compiled function body must have at least one statement"");"
op,ofNullable,com.legend.compiler.spec,com/legend/compiler/spec/CoreFn.java,180,of,False,,,,,return Optional.ofNullable(BY_NAME.get(parseName.substring(sep + 2)));
throw,USER:TypeInferenceException,com.legend.compiler.spec,com/legend/compiler/spec/DistinctChecker.java,43,check,True,,,USER,,"throw new TypeInferenceException(""distinct(~[]) names no columns"");"
op,ofNullable,com.legend.compiler.spec,com/legend/compiler/spec/Env.java,32,lookup,True,,,,,return Optional.ofNullable(vars.get(name));
throw,USER:TypeInferenceException,com.legend.compiler.spec,com/legend/compiler/spec/EvalChecker.java,45,check,True,,,USER,,"throw new TypeInferenceException(""eval expects a function value as its first argument"");"
throw,USER:TypeInferenceException,com.legend.compiler.spec,com/legend/compiler/spec/EvalChecker.java,62,check,False,,,USER,,"throw new TypeInferenceException(""eval on ~"" + cs.name() + "" expects exactly one row argument"");"
throw,USER:TypeInferenceException,com.legend.compiler.spec,com/legend/compiler/spec/EvalChecker.java,77,lambdaEval,True,,,USER,,"throw new TypeInferenceException(""eval: lambda has "" + lam.parameters().size()"
throw,USER:TypeInferenceException,com.legend.compiler.spec,com/legend/compiler/spec/EvalChecker.java,84,lambdaEval,True,,,USER,,throw new TypeInferenceException(
op,notnull_ternary,com.legend.compiler.spec,com/legend/compiler/spec/EvalChecker.java,97,lambdaEval,True,,,,,ExprType bound = p.type() != null
op,notnull_ternary,com.legend.compiler.spec,com/legend/compiler/spec/EvalChecker.java,99,lambdaEval,True,,,,,p.multiplicity() != null ? Multiplicity.from(p.multiplicity())
catch,RETHROW,com.legend.compiler.spec,com/legend/compiler/spec/EvalChecker.java,111,lambdaEval,False,,,TypeInferenceException e,,"{ throw new TypeInferenceException(""eval argument "" + (i + 1) + "": "" + e.getMessage(), e); }"
throw,USER:TypeInferenceException,com.legend.compiler.spec,com/legend/compiler/spec/EvalChecker.java,112,lambdaEval,True,,,USER,,"throw new TypeInferenceException(""eval argument "" + (i + 1)"
throw,USER:TypeInferenceException,com.legend.compiler.spec,com/legend/compiler/spec/EvalChecker.java,141,variableEval,True,,,USER,,throw new TypeInferenceException(
throw,INTERNAL_CUSTOM:NotImplementedException,com.legend.compiler.spec,com/legend/compiler/spec/ExecuteChainAssembly.java,106,prepare,True,,,INTERNAL_CUSTOM,,throw new com.legend.error.NotImplementedException(
throw,INTERNAL_CUSTOM:NotImplementedException,com.legend.compiler.spec,com/legend/compiler/spec/ExecuteChainAssembly.java,118,prepare,True,,,INTERNAL_CUSTOM,,throw new com.legend.error.NotImplementedException(
op,instanceof_else_default,com.legend.compiler.spec,com/legend/compiler/spec/ExecuteChainAssembly.java,157,concatenateFold,True,,,,,List<TypedSpec> els = lfsArg instanceof TypedCollection tc
throw,INTERNAL_CUSTOM:NotImplementedException,com.legend.compiler.spec,com/legend/compiler/spec/ExecuteChainAssembly.java,169,concatenateFold,True,,,INTERNAL_CUSTOM,,throw new com.legend.error.NotImplementedException(
throw,INTERNAL_CUSTOM:NotImplementedException,com.legend.compiler.spec,com/legend/compiler/spec/ExecuteChainAssembly.java,211,chain,True,,,INTERNAL_CUSTOM,,throw new com.legend.error.NotImplementedException(
op,null_ternary,com.legend.compiler.spec,com/legend/compiler/spec/ExecuteChainAssembly.java,215,chain,True,,,,,Optional<TypedPackageableRef> runtime = runtimeFqn == null
throw,USER:TypeInferenceException,com.legend.compiler.spec,com/legend/compiler/spec/ExtendChecker.java,52,check,True,,,USER,,throw new TypeInferenceException(
throw,USER:TypeInferenceException,com.legend.compiler.spec,com/legend/compiler/spec/ExtendChecker.java,62,check,True,,,USER,,"throw new TypeInferenceException(""extend expects (source, ~columns) or (source, over(…), ~columns)"");"
op,instanceof_else_default,com.legend.compiler.spec,com/legend/compiler/spec/ExtendChecker.java,101,normalizeLegacyCols,False,,,,,ColSpec cs = v instanceof ColSpec direct ? direct : legacyColToSpec(v);
throw,USER:TypeInferenceException,com.legend.compiler.spec,com/legend/compiler/spec/FlattenChecker.java,31,check,True,,,USER,,"throw new TypeInferenceException(""flatten expects (source, ~column)"");"
op,orElseThrow,com.legend.compiler.spec,com/legend/compiler/spec/FlattenChecker.java,62,check,True,,,,,.orElseThrow(() -> new TypeInferenceException(
throw,USER:TypeInferenceException,com.legend.compiler.spec,com/legend/compiler/spec/FlattenChecker.java,67,check,True,,,USER,,"throw new TypeInferenceException(""unknown column '"" + cs.name() + ""' in "" + schema.typeName());"
throw,USER:TypeInferenceException,com.legend.compiler.spec,com/legend/compiler/spec/FoldChecker.java,40,check,True,,,USER,,"throw new TypeInferenceException(""fold expects (source, {e, acc|…}, init)"");"
op,instanceof_else_default,com.legend.compiler.spec,com/legend/compiler/spec/FoldChecker.java,66,classify,True,,,,,ValueSpecification body0 = lambda.body().get(0) instanceof AppliedFunction bodyAf
standin,Type.Primitive.*,com.legend.compiler.spec,com/legend/compiler/spec/FoldChecker.java,151,simpleName,True,,,plain,,&& p != Type.Primitive.STRING;
op,default_arrow,com.legend.compiler.spec,com/legend/compiler/spec/FoldChecker.java,153,simpleName,True,,,,,default -> false;
standin,Type.Primitive.*,com.legend.compiler.spec,com/legend/compiler/spec/FoldChecker.java,164,normalize,True,LEGITIMATE,n/a,plain,precision-agnostic normalization for a fold key,return t instanceof Type.PrecisionDecimal ? Type.Primitive.DECIMAL : t;
throw,INTERNAL_JDK:IllegalStateException,com.legend.compiler.spec,com/legend/compiler/spec/Frames.java,31,classify,True,,,INTERNAL_JDK,,"throw new IllegalStateException(""window frame expects rows()/range(), got """
comment,fallback,com.legend.compiler.spec,com/legend/compiler/spec/Frames.java,96,,False,,,line,,"// NO fallback: an unrecognized bound is a loud error, never UNBOUNDED."
throw,INTERNAL_JDK:IllegalStateException,com.legend.compiler.spec,com/legend/compiler/spec/Frames.java,97,bound,True,,,INTERNAL_JDK,,"throw new IllegalStateException(""window frame bound must be a numeric literal or"""
throw,INTERNAL_JDK:IllegalStateException,com.legend.compiler.spec,com/legend/compiler/spec/Frames.java,111,intervalBound,True,,,INTERNAL_JDK,,"throw new IllegalStateException(""interval frame bound needs a literal"""
op,null_ternary,com.legend.compiler.spec,com/legend/compiler/spec/Frames.java,131,intervalBound,True,,,,,return inner == null ? null : -inner.doubleValue();
op,default_arrow,com.legend.compiler.spec,com/legend/compiler/spec/Frames.java,137,intervalBound,True,,,,,default -> null;
op,default_arrow,com.legend.compiler.spec,com/legend/compiler/spec/Frames.java,146,negate,True,,,,,default -> -n.doubleValue();
throw,USER:TypeInferenceException,com.legend.compiler.spec,com/legend/compiler/spec/FromChecker.java,76,check,True,,,USER,,"throw new TypeInferenceException(""from() argument "" + i"
op,default_arrow,com.legend.compiler.spec,com/legend/compiler/spec/FromChecker.java,92,check,True,,,,,default -> Optional.of(refs.get(1));
throw,USER:TypeInferenceException,com.legend.compiler.spec,com/legend/compiler/spec/GetAllChecker.java,26,check,True,,,USER,,"throw new TypeInferenceException(""getAll expects a class reference"");"
throw,USER:TypeInferenceException,com.legend.compiler.spec,com/legend/compiler/spec/GetAllChecker.java,38,checkVersions,True,,,USER,,"throw new TypeInferenceException(af.function() + "" expects a class reference"");"
throw,USER:TypeInferenceException,com.legend.compiler.spec,com/legend/compiler/spec/GetAllChecker.java,53,checkForEachDate,True,,,USER,,throw new TypeInferenceException(
op,orElseThrow,com.legend.compiler.spec,com/legend/compiler/spec/GraphFetchChecker.java,49,graphFetchChecked,True,,,,,.findFirst().orElseThrow(() -> new TypeInferenceException(
op,orElseThrow,com.legend.compiler.spec,com/legend/compiler/spec/GraphFetchChecker.java,67,serialize,True,,,,,.orElseThrow(() -> new TypeInferenceException(
throw,USER:TypeInferenceException,com.legend.compiler.spec,com/legend/compiler/spec/GraphFetchChecker.java,86,checkTree,True,,,USER,,"throw new TypeInferenceException(fn + "" expects (classCollection, #{Class{…}}#)"");"
throw,USER:TypeInferenceException,com.legend.compiler.spec,com/legend/compiler/spec/GraphFetchChecker.java,94,checkTree,True,,,USER,,"throw new TypeInferenceException(fn + "" requires a class-typed source, got """
op,instanceof_else_default,com.legend.compiler.spec,com/legend/compiler/spec/GraphFetchChecker.java,111,validate,False,,,,,&& tn.type() instanceof com.legend.protocol.TypeExpression.NameRef nr
throw,USER:TypeInferenceException,com.legend.compiler.spec,com/legend/compiler/spec/GraphFetchChecker.java,114,validate,False,,,USER,,"throw new TypeInferenceException(fn + "" tree: ->subType"""
throw,USER:TypeInferenceException,com.legend.compiler.spec,com/legend/compiler/spec/GraphFetchChecker.java,118,validate,False,,,USER,,"throw new TypeInferenceException(fn + "" tree: ->subType class '"""
throw,USER:TypeInferenceException,com.legend.compiler.spec,com/legend/compiler/spec/GraphFetchChecker.java,123,validate,True,,,USER,,"throw new TypeInferenceException(fn + "" tree: ->subType"""
op,orElse,com.legend.compiler.spec,com/legend/compiler/spec/GraphFetchChecker.java,131,validate,True,,,,,"Property prop = t.model().findProperty(classFqn, cs.name()).orElse(null);"
op,orElse,com.legend.compiler.spec,com/legend/compiler/spec/GraphFetchChecker.java,141,validate,True,,,,,"Property bp = t.model().findProperty(classFqn, base).orElse(null);"
throw,USER:TypeInferenceException,com.legend.compiler.spec,com/legend/compiler/spec/GraphFetchChecker.java,166,validate,True,,,USER,,throw new TypeInferenceException(fn
throw,USER:TypeInferenceException,com.legend.compiler.spec,com/legend/compiler/spec/GraphFetchChecker.java,176,validate,True,,,USER,,"throw new TypeInferenceException(fn + "" tree: class "" + classFqn"
op,notnull_ternary,com.legend.compiler.spec,com/legend/compiler/spec/GraphFetchChecker.java,204,validate,True,,,,,String alias = cs.alias() != null ? cs.alias()
throw,USER:TypeInferenceException,com.legend.compiler.spec,com/legend/compiler/spec/GraphFetchChecker.java,213,validate,True,,,USER,,"throw new TypeInferenceException(fn + "" tree: property '"" + cs.name()"
op,instanceof_else_default,com.legend.compiler.spec,com/legend/compiler/spec/GraphFetchChecker.java,261,unwrapCompiledTree,False,,,,,return body instanceof ColSpecArray arr ? arr : null;
op,notnull_ternary,com.legend.compiler.spec,com/legend/compiler/spec/GroupByChecker.java,71,legacyToModern,False,,,,,PureCollection aggs = asCollection(aggsEx != null ? aggsEx : aggsRaw);
throw,USER:TypeInferenceException,com.legend.compiler.spec,com/legend/compiler/spec/GroupByChecker.java,75,legacyToModern,True,,,USER,,"throw new TypeInferenceException(""legacy groupBy expects "" + expected + "" alias(es) ("""
op,instanceof_else_default,com.legend.compiler.spec,com/legend/compiler/spec/GroupByChecker.java,84,legacyToModern,True,,,,,keyCols.add(classSource && keyFns.values().get(i) instanceof LambdaFunction lf
throw,USER:TypeInferenceException,com.legend.compiler.spec,com/legend/compiler/spec/GroupByChecker.java,96,legacyToModern,False,,,USER,,throw new TypeInferenceException(
op,instanceof_else_default,com.legend.compiler.spec,com/legend/compiler/spec/GroupByChecker.java,122,isTdsLegacyShape,False,,,,,List<ValueSpecification> items = v instanceof PureCollection c ? c.values() : List.of(v);
op,isEmpty_ternary,com.legend.compiler.spec,com/legend/compiler/spec/GroupByChecker.java,135,isTdsLegacyShape,False,,,,,return out.isEmpty() ? null : out;
op,instanceof_else_default,com.legend.compiler.spec,com/legend/compiler/spec/GroupByChecker.java,140,tdsLegacyToModern,False,,,,,List<ValueSpecification> keys = ps.get(1) instanceof PureCollection c
op,instanceof_else_default,com.legend.compiler.spec,com/legend/compiler/spec/GroupByChecker.java,185,asCollection,False,,,,,return v instanceof PureCollection c ? c : new PureCollection(List.of(v));
throw,USER:TypeInferenceException,com.legend.compiler.spec,com/legend/compiler/spec/GroupByChecker.java,192,aliasAt,True,,,USER,,"throw new TypeInferenceException(""legacy groupBy alias "" + i + "" must be a string literal"");"
op,default_arrow,com.legend.compiler.spec,com/legend/compiler/spec/GroupByChecker.java,205,groupKeys,True,,,,,"default -> throw new TypeInferenceException(""expected group-key column specification(s), got """
throw,USER:TypeInferenceException,com.legend.compiler.spec,com/legend/compiler/spec/GroupByChecker.java,205,groupKeys,True,,,USER,,"default -> throw new TypeInferenceException(""expected group-key column specification(s), got """
throw,USER:TypeInferenceException,com.legend.compiler.spec,com/legend/compiler/spec/IfChecker.java,54,check,True,,,USER,,"throw new TypeInferenceException(""no registered signature for 'if'"");"
throw,USER:TypeInferenceException,com.legend.compiler.spec,com/legend/compiler/spec/IfChecker.java,62,check,True,,,USER,,"throw new TypeInferenceException(""if condition must be Boolean[1], got multiplicity """
op,orElse,com.legend.compiler.spec,com/legend/compiler/spec/IfChecker.java,70,check,True,,,,,.orElse(thenBranch.info().type());
op,orElse,com.legend.compiler.spec,com/legend/compiler/spec/IfChecker.java,77,check,True,,,,,.orElse(optional(thenBranch.info().multiplicity()));
throw,USER:TypeInferenceException,com.legend.compiler.spec,com/legend/compiler/spec/IfChecker.java,101,multiIf,True,,,USER,,"throw new TypeInferenceException(""if(condList, last) expects literal"""
standin,Type.Primitive.*,com.legend.compiler.spec,com/legend/compiler/spec/IfChecker.java,105,multiIf,True,,,plain,,"t.kernel().unify(Type.Primitive.BOOLEAN, cond.info().type(), new Bindings());"
throw,USER:TypeInferenceException,com.legend.compiler.spec,com/legend/compiler/spec/IfChecker.java,108,multiIf,True,,,USER,,"throw new TypeInferenceException(""if condition must be Boolean[1],"""
op,null_ternary,com.legend.compiler.spec,com/legend/compiler/spec/IfChecker.java,114,multiIf,True,,,,,TypedSpec elseB = out == null ? chain : out;
throw,USER:TypeInferenceException,com.legend.compiler.spec,com/legend/compiler/spec/IfChecker.java,119,multiIf,True,,,USER,,"throw new TypeInferenceException(""if(condList, last) needs at least one pair"");"
op,instanceof_else_default,com.legend.compiler.spec,com/legend/compiler/spec/IfChecker.java,126,optional,True,,,,,"return m instanceof Multiplicity.Bounded b ? new Multiplicity.Bounded(0, b.upper()) : m;"
throw,USER:TypeInferenceException,com.legend.compiler.spec,com/legend/compiler/spec/IfChecker.java,134,thunkBody,True,,,USER,,"throw new TypeInferenceException(""expected a zero-parameter single-expression thunk"");"
throw,USER:TypeInferenceException,com.legend.compiler.spec,com/legend/compiler/spec/IfChecker.java,142,thunkBody,True,,,USER,,"throw new TypeInferenceException(""expected a zero-parameter single-expression thunk"");"
throw,USER:TypeInferenceException,com.legend.compiler.spec,com/legend/compiler/spec/InferenceKernel.java,132,unify,True,,,USER,,"throw new TypeInferenceException(""expected a Relation, got "" + actual.typeName());"
throw,USER:TypeInferenceException,com.legend.compiler.spec,com/legend/compiler/spec/InferenceKernel.java,193,unify,True,,,USER,,"throw new TypeInferenceException(""function shape mismatch: expected """
throw,USER:TypeInferenceException,com.legend.compiler.spec,com/legend/compiler/spec/InferenceKernel.java,271,unify,True,,,USER,,"throw new TypeInferenceException(""multiplicity "" + ab.text()"
throw,USER:TypeInferenceException,com.legend.compiler.spec,com/legend/compiler/spec/InferenceKernel.java,304,unifyConstraint,True,,,USER,,"throw new TypeInferenceException(""expected a column specification (a row-struct), got """
throw,USER:TypeInferenceException,com.legend.compiler.spec,com/legend/compiler/spec/InferenceKernel.java,311,unifyConstraint,True,,,USER,,"throw new TypeInferenceException(""⊆ right-hand side is not a relation schema: """
op,orElseThrow,com.legend.compiler.spec,com/legend/compiler/spec/InferenceKernel.java,319,unifyConstraint,True,,,,,.orElseThrow(() -> new TypeInferenceException(
op,default_arrow,com.legend.compiler.spec,com/legend/compiler/spec/InferenceKernel.java,325,unifyConstraint,True,,,,,default -> throw new TypeInferenceException(
throw,USER:TypeInferenceException,com.legend.compiler.spec,com/legend/compiler/spec/InferenceKernel.java,325,unifyConstraint,True,,,USER,,default -> throw new TypeInferenceException(
throw,USER:TypeInferenceException,com.legend.compiler.spec,com/legend/compiler/spec/InferenceKernel.java,343,unifyConstraintLeft,True,,,USER,,"throw new TypeInferenceException(""expected ONE column, got """
throw,USER:TypeInferenceException,com.legend.compiler.spec,com/legend/compiler/spec/InferenceKernel.java,349,unifyConstraintLeft,True,,,USER,,"throw new TypeInferenceException(""column '"""
op,default_arrow,com.legend.compiler.spec,com/legend/compiler/spec/InferenceKernel.java,355,unifyConstraintLeft,True,,,,,default -> throw new TypeInferenceException(
throw,USER:TypeInferenceException,com.legend.compiler.spec,com/legend/compiler/spec/InferenceKernel.java,355,unifyConstraintLeft,True,,,USER,,default -> throw new TypeInferenceException(
standin,Type.Primitive.*,com.legend.compiler.spec,com/legend/compiler/spec/InferenceKernel.java,365,conformsForWildcard,True,,,plain,,if (want == Type.Primitive.NUMBER && got instanceof Type.Primitive p) {
standin,Type.Primitive.*,com.legend.compiler.spec,com/legend/compiler/spec/InferenceKernel.java,368,conformsForWildcard,True,,,plain,,return got instanceof Type.PrecisionDecimal && want == Type.Primitive.NUMBER;
throw,USER:TypeInferenceException,com.legend.compiler.spec,com/legend/compiler/spec/InferenceKernel.java,378,unifyWildcardEqual,True,,,USER,,"throw new TypeInferenceException(""= left-hand side must be a schema variable, got """
throw,USER:TypeInferenceException,com.legend.compiler.spec,com/legend/compiler/spec/InferenceKernel.java,383,unifyWildcardEqual,True,,,USER,,throw new TypeInferenceException(
op,orElseThrow,com.legend.compiler.spec,com/legend/compiler/spec/InferenceKernel.java,395,unifyWildcardEqual,True,,,,,colType = b.type(k.name()).orElseThrow(() -> new TypeInferenceException(
op,orElse,com.legend.compiler.spec,com/legend/compiler/spec/InferenceKernel.java,397,unifyWildcardEqual,True,,,,,colMult = b.mult(shadowMult(k)).orElse(colMult);
throw,USER:TypeInferenceException,com.legend.compiler.spec,com/legend/compiler/spec/InferenceKernel.java,404,unifyWildcardEqual,True,,,USER,,"throw new TypeInferenceException(""cannot solve the type of column '"" + actual.name() + ""'"");"
op,orElse,com.legend.compiler.spec,com/legend/compiler/spec/InferenceKernel.java,420,bindRowAccumulating,True,,,,,Type existing = b.type(v.name()).orElse(null);
throw,USER:TypeInferenceException,com.legend.compiler.spec,com/legend/compiler/spec/InferenceKernel.java,426,bindRowAccumulating,True,,,USER,,"throw new TypeInferenceException(""schema variable "" + v.name()"
op,orElse,com.legend.compiler.spec,com/legend/compiler/spec/InferenceKernel.java,431,bindRowAccumulating,True,,,,,"Type.Column prior = merged.stream().filter(m -> sameColumn(m.name(), c.name())).findFirst().orElse(null);"
throw,USER:TypeInferenceException,com.legend.compiler.spec,com/legend/compiler/spec/InferenceKernel.java,435,bindRowAccumulating,True,,,USER,,"throw new TypeInferenceException(""schema variable "" + v.name()"
op,orElseThrow,com.legend.compiler.spec,com/legend/compiler/spec/InferenceKernel.java,464,bindOrCheckTypeVar,True,,,,,Type existing = b.type(v.name()).orElseThrow();
throw,USER:TypeInferenceException,com.legend.compiler.spec,com/legend/compiler/spec/InferenceKernel.java,497,bindOrCheckTypeVar,True,,,USER,,"throw new TypeInferenceException(""type variable "" + v.name()"
throw,USER:TypeInferenceException,com.legend.compiler.spec,com/legend/compiler/spec/InferenceKernel.java,530,bindOrCheckTypeVar,True,,,USER,,"throw new TypeInferenceException(""column mismatch: type variable """
throw,USER:TypeInferenceException,com.legend.compiler.spec,com/legend/compiler/spec/InferenceKernel.java,536,bindOrCheckTypeVar,True,,,USER,,throw new TypeInferenceException(
standin,Type.Primitive.*,com.legend.compiler.spec,com/legend/compiler/spec/InferenceKernel.java,556,valueLub,True,LEGITIMATE,n/a,plain,"valueLub: numeric x numeric -> Number, else Any - the real-Pure covariance LUB",return Type.Primitive.NUMBER;
standin,Type.Primitive.*,com.legend.compiler.spec,com/legend/compiler/spec/InferenceKernel.java,566,conformsUpValueLattice,True,,,plain,,if (declared == Type.Primitive.NUMBER) {
standin,Type.Primitive.*,com.legend.compiler.spec,com/legend/compiler/spec/InferenceKernel.java,569,conformsUpValueLattice,True,,,plain,,if (declared == Type.Primitive.DATE) {
standin,Type.Primitive.*,com.legend.compiler.spec,com/legend/compiler/spec/InferenceKernel.java,570,conformsUpValueLattice,True,,,plain,,return actual == Type.Primitive.STRICT_DATE
standin,Type.Primitive.*,com.legend.compiler.spec,com/legend/compiler/spec/InferenceKernel.java,571,conformsUpValueLattice,True,,,plain,,|| actual == Type.Primitive.DATE_TIME;
standin,Type.Primitive.*,com.legend.compiler.spec,com/legend/compiler/spec/InferenceKernel.java,579,isNumeric,True,,,plain,,&& (p == Type.Primitive.NUMBER || p == Type.Primitive.INTEGER
standin,Type.Primitive.*,com.legend.compiler.spec,com/legend/compiler/spec/InferenceKernel.java,579,isNumeric,True,,,plain,,&& (p == Type.Primitive.NUMBER || p == Type.Primitive.INTEGER
standin,Type.Primitive.*,com.legend.compiler.spec,com/legend/compiler/spec/InferenceKernel.java,580,isNumeric,True,,,plain,,|| p == Type.Primitive.FLOAT || p == Type.Primitive.DECIMAL));
standin,Type.Primitive.*,com.legend.compiler.spec,com/legend/compiler/spec/InferenceKernel.java,580,isNumeric,True,,,plain,,|| p == Type.Primitive.FLOAT || p == Type.Primitive.DECIMAL));
op,orElseThrow,com.legend.compiler.spec,com/legend/compiler/spec/InferenceKernel.java,629,unifyColumns,True,,,,,.orElseThrow(() -> new TypeInferenceException(
catch,RETHROW,com.legend.compiler.spec,com/legend/compiler/spec/InferenceKernel.java,633,unifyColumns,True,,,TypeInferenceException e,,"{ // Re-raise with COLUMN CONTEXT (the resolveChosen call-boundary // pattern): a bare ""expected String, got Integer"" over a wide // schema names no column at all. throw new TypeInferenceException( ""column '"" + fc.name() + ""': "" + e.getMess"
throw,USER:TypeInferenceException,com.legend.compiler.spec,com/legend/compiler/spec/InferenceKernel.java,637,unifyColumns,True,,,USER,,throw new TypeInferenceException(
op,orElseThrow,com.legend.compiler.spec,com/legend/compiler/spec/InferenceKernel.java,675,unifyMult,True,,,,,} else if (b.mult(v.name()).orElseThrow() instanceof Multiplicity.Bounded e
throw,USER:TypeInferenceException,com.legend.compiler.spec,com/legend/compiler/spec/InferenceKernel.java,715,unifyMult,False,,,USER,,"throw new TypeInferenceException(""multiplicity """
op,orElseThrow,com.legend.compiler.spec,com/legend/compiler/spec/InferenceKernel.java,738,resolve,True,,,,,case Type.TypeVar v -> b.type(v.name()).orElseThrow(() ->
op,instanceof_else_default,com.legend.compiler.spec,com/legend/compiler/spec/InferenceKernel.java,792,resolveMultIfBound,True,,,,,return m instanceof Multiplicity.Var v
op,orElse,com.legend.compiler.spec,com/legend/compiler/spec/InferenceKernel.java,793,resolveMultIfBound,True,,,,,? b.mult(v.name()).orElse(m) : m;
throw,USER:TypeInferenceException,com.legend.compiler.spec,com/legend/compiler/spec/InferenceKernel.java,808,resolveSchemaAlgebra,True,,,USER,,throw new TypeInferenceException(
throw,USER:SchemaInvariantException,com.legend.compiler.spec,com/legend/compiler/spec/InferenceKernel.java,820,resolveSchemaAlgebra,True,,,USER,,"throw new SchemaInvariantException(""the column '"" + c.name()"
op,default_arrow,com.legend.compiler.spec,com/legend/compiler/spec/InferenceKernel.java,843,resolveSchemaAlgebra,True,,,,,default -> throw new TypeInferenceException(
throw,USER:TypeInferenceException,com.legend.compiler.spec,com/legend/compiler/spec/InferenceKernel.java,843,resolveSchemaAlgebra,True,,,USER,,default -> throw new TypeInferenceException(
op,orElseThrow,com.legend.compiler.spec,com/legend/compiler/spec/InferenceKernel.java,858,resolveMult,True,,,,,case Multiplicity.Var v -> b.mult(v.name()).orElseThrow(() ->
op,isEmpty_ternary,com.legend.compiler.spec,com/legend/compiler/spec/InferenceKernel.java,888,resolveOverload,True,,,,,"String name = candidates.isEmpty() ? ""?"" : candidates.get(0).qualifiedName();"
throw,USER:TypeInferenceException,com.legend.compiler.spec,com/legend/compiler/spec/InferenceKernel.java,896,resolveOverload,True,,,USER,,"throw new TypeInferenceException(""no overload of '"" + name + ""' accepts """
throw,USER:TypeInferenceException,com.legend.compiler.spec,com/legend/compiler/spec/InferenceKernel.java,927,resolveOverload,True,,,USER,,"throw new TypeInferenceException(""no overload of '"" + name"
throw,USER:TypeInferenceException,com.legend.compiler.spec,com/legend/compiler/spec/InferenceKernel.java,954,resolveOverload,True,,,USER,,"throw new TypeInferenceException(""ambiguous overload of '"" + name + ""': """
catch,RETHROW,com.legend.compiler.spec,com/legend/compiler/spec/InferenceKernel.java,1019,resolveChosen,True,,,TypeInferenceException e,,"{ if (System.getenv(""LL_TDG_DEBUG"") != null) { System.err.println(""[tdg-debug] call '"" + name + ""' arg"" + (i + 1) + "" exprType="" + args.get(i) + "" chosen="" + c.parameters()); } // Re-raise with CALL CONTEXT — a bare ""expected X, got Y"" // r"
throw,USER:TypeInferenceException,com.legend.compiler.spec,com/legend/compiler/spec/InferenceKernel.java,1027,resolveChosen,True,,,USER,,"throw new TypeInferenceException(""in call to '"" + name + ""', argument """
op,notnull_ternary,com.legend.compiler.spec,com/legend/compiler/spec/InferenceKernel.java,1122,paramTypeScore,True,,,,,case Type.RelationType ignored -> Type.schemaView(actual) != null ? 1 : -1;
throw,USER:TypeInferenceException,com.legend.compiler.spec,com/legend/compiler/spec/InferenceKernel.java,1291,commonSupertype,True,,,USER,,"throw new TypeInferenceException(""no common supertype for """
op,orElseGet,com.legend.compiler.spec,com/legend/compiler/spec/InferenceKernel.java,1302,commonSupertype,True,,,,,return ctx.findType(ancestor).orElseGet(InferenceKernel::anyType);
op,default_arrow,com.legend.compiler.spec,com/legend/compiler/spec/InferenceKernel.java,1340,unwrapFunction,True,,,,,default -> null;
op,orElse,com.legend.compiler.spec,com/legend/compiler/spec/InferenceKernel.java,1352,ancestorsOf,True,,,,,for (String sup : ctx.findClass(f).map(TypedClass::superClassFqns).orElse(List.of())) {
op,orElse,com.legend.compiler.spec,com/legend/compiler/spec/InferenceKernel.java,1366,unionRows,True,,,,,"Type.Column prior = merged.stream().filter(m -> sameColumn(m.name(), c.name())).findFirst().orElse(null);"
throw,USER:TypeInferenceException,com.legend.compiler.spec,com/legend/compiler/spec/InferenceKernel.java,1370,unionRows,True,,,USER,,"throw new TypeInferenceException(""column '"" + c.name() + ""' appears with conflicting types"");"
throw,USER:TypeInferenceException,com.legend.compiler.spec,com/legend/compiler/spec/JoinChecker.java,74,check,True,,,USER,,throw new TypeInferenceException(
op,default_arrow,com.legend.compiler.spec,com/legend/compiler/spec/JoinChecker.java,182,tdsLegacyToModern,False,,,,,default -> throw new TypeInferenceException(
throw,USER:TypeInferenceException,com.legend.compiler.spec,com/legend/compiler/spec/JoinChecker.java,182,tdsLegacyToModern,False,,,USER,,default -> throw new TypeInferenceException(
op,null_ternary,com.legend.compiler.spec,com/legend/compiler/spec/JoinChecker.java,198,tdsLegacyToModern,False,,,,,"cond = cond == null ? eq : new AppliedFunction(""and"", List.of(cond, eq));"
op,null_ternary,com.legend.compiler.spec,com/legend/compiler/spec/JoinChecker.java,279,tdsLegacyToModern,False,,,,,"cond = cond == null ? eq : new AppliedFunction(""and"", List.of(cond, eq));"
op,default_arrow,com.legend.compiler.spec,com/legend/compiler/spec/JoinChecker.java,313,joinKindNameOf,True,,,,,default -> throw new TypeInferenceException(
throw,USER:TypeInferenceException,com.legend.compiler.spec,com/legend/compiler/spec/JoinChecker.java,313,joinKindNameOf,True,,,USER,,default -> throw new TypeInferenceException(
op,orElseThrow,com.legend.compiler.spec,com/legend/compiler/spec/JoinChecker.java,348,slot,True,,,,,.orElseThrow(() -> new TypeInferenceException(
throw,USER:TypeInferenceException,com.legend.compiler.spec,com/legend/compiler/spec/JoinChecker.java,353,slot,True,,,USER,,throw new TypeInferenceException(
throw,USER:TypeInferenceException,com.legend.compiler.spec,com/legend/compiler/spec/JoinChecker.java,370,slot,True,,,USER,,throw new TypeInferenceException(
op,orElseThrow,com.legend.compiler.spec,com/legend/compiler/spec/JoinChecker.java,392,withPrefix,True,,,,,.orElseThrow(() -> new TypeInferenceException(
throw,USER:TypeInferenceException,com.legend.compiler.spec,com/legend/compiler/spec/JoinChecker.java,404,withPrefix,True,,,USER,,throw new TypeInferenceException(
throw,USER:TypeInferenceException,com.legend.compiler.spec,com/legend/compiler/spec/LetChecker.java,29,check,True,,,USER,,throw new TypeInferenceException(
throw,USER:TypeInferenceException,com.legend.compiler.spec,com/legend/compiler/spec/LetChecker.java,33,check,True,,,USER,,"throw new TypeInferenceException(""malformed let: the variable name must be a string literal"");"
throw,USER:TypeInferenceException,com.legend.compiler.spec,com/legend/compiler/spec/MatchChecker.java,44,check,True,,,USER,,"throw new TypeInferenceException(""no registered 'match' overload accepts """
throw,USER:TypeInferenceException,com.legend.compiler.spec,com/legend/compiler/spec/MatchChecker.java,77,check,False,,,USER,,throw new TypeInferenceException(
throw,USER:TypeInferenceException,com.legend.compiler.spec,com/legend/compiler/spec/MatchChecker.java,81,check,False,,,USER,,"throw new TypeInferenceException(""a two-parameter match branch needs an extra argument"");"
throw,USER:TypeInferenceException,com.legend.compiler.spec,com/legend/compiler/spec/MatchChecker.java,85,check,True,,,USER,,throw new TypeInferenceException(
op,notnull_ternary,com.legend.compiler.spec,com/legend/compiler/spec/MatchChecker.java,95,check,True,,,,,Multiplicity bound = param.multiplicity() != null
op,notnull_ternary,com.legend.compiler.spec,com/legend/compiler/spec/MatchChecker.java,101,check,True,,,,,ExprType extraBound = second.type() != null
op,notnull_ternary,com.legend.compiler.spec,com/legend/compiler/spec/MatchChecker.java,103,check,True,,,,,second.multiplicity() != null
op,orElseThrow,com.legend.compiler.spec,com/legend/compiler/spec/MatchChecker.java,105,check,True,,,,,: extra.orElseThrow().info().multiplicity())
op,orElseThrow,com.legend.compiler.spec,com/legend/compiler/spec/MatchChecker.java,106,check,True,,,,,: extra.orElseThrow().info();
op,isPresent_ternary,com.legend.compiler.spec,com/legend/compiler/spec/MatchChecker.java,112,check,True,,,,,"extraParam.isPresent() ? extra : Optional.empty(), body.info());"
throw,USER:TypeInferenceException,com.legend.compiler.spec,com/legend/compiler/spec/MatchChecker.java,114,check,True,,,USER,,"throw new TypeInferenceException(""match: no branch matches input type '"""
op,notnull_ternary,com.legend.compiler.spec,com/legend/compiler/spec/MatchChecker.java,147,check,True,,,,,Multiplicity bound = param.multiplicity() != null
throw,USER:TypeInferenceException,com.legend.compiler.spec,com/legend/compiler/spec/MatchChecker.java,154,check,True,,,USER,,throw new TypeInferenceException(
throw,USER:TypeInferenceException,com.legend.compiler.spec,com/legend/compiler/spec/MatchChecker.java,162,check,True,,,USER,,throw new TypeInferenceException(
op,null_ternary,com.legend.compiler.spec,com/legend/compiler/spec/MatchChecker.java,168,check,True,,,,,lub = lub == null ? body.info().type()
op,null_ternary,com.legend.compiler.spec,com/legend/compiler/spec/MatchChecker.java,170,check,True,,,,,lubMult = lubMult == null ? body.info().multiplicity()
op,isPresent_ternary,com.legend.compiler.spec,com/legend/compiler/spec/MatchChecker.java,175,check,True,,,,,"extraParam.isPresent() ? extra : Optional.empty(),"
review,type-decision-site,com.legend.compiler.spec,com/legend/compiler/spec/MatchChecker.java,176,,True,LEGITIMATE,n/a,hand-reviewed,requireNonNull - loud on a match with no arms,
op,default_arrow,com.legend.compiler.spec,com/legend/compiler/spec/MatchChecker.java,189,typeFqnOf,True,,,,,default -> throw new TypeInferenceException(
throw,USER:TypeInferenceException,com.legend.compiler.spec,com/legend/compiler/spec/MatchChecker.java,189,typeFqnOf,True,,,USER,,default -> throw new TypeInferenceException(
op,null_ternary,com.legend.compiler.spec,com/legend/compiler/spec/MatchChecker.java,221,typeFqnOf,True,,,,,Multiplicity bm = param.multiplicity() == null ? null
op,orElse,com.legend.compiler.spec,com/legend/compiler/spec/MatchChecker.java,250,typeFqnOf,True,,,,,.findFirst().orElse(null);
standin,Type.Primitive.*,com.legend.compiler.spec,com/legend/compiler/spec/MatchChecker.java,254,typeFqnOf,True,,,plain,,"var boolOne = new ExprType(Type.Primitive.BOOLEAN, Multiplicity.Bounded.ONE);"
op,notnull_ternary,com.legend.compiler.spec,com/legend/compiler/spec/MatchChecker.java,277,branchMatch,True,LEGITIMATE,n/a,,"a match branch parameter with no multiplicity inherits the INPUT multiplicity - derived, not defaulted",Multiplicity bound = boundOverride != null ? boundOverride
op,notnull_ternary,com.legend.compiler.spec,com/legend/compiler/spec/MatchChecker.java,278,branchMatch,True,,,,,: param.multiplicity() != null
throw,USER:TypeInferenceException,com.legend.compiler.spec,com/legend/compiler/spec/MatchChecker.java,307,branches,False,,,USER,,"throw new TypeInferenceException(""match expects a collection of branch lambdas"");"
op,orElseThrow,com.legend.compiler.spec,com/legend/compiler/spec/NavigateChecker.java,48,legacy,True,,,,,.orElseThrow(() -> new TypeInferenceException(
throw,USER:TypeInferenceException,com.legend.compiler.spec,com/legend/compiler/spec/NavigateChecker.java,56,legacy,True,,,USER,,"throw new TypeInferenceException(""legacyNavigate expects"""
throw,USER:TypeInferenceException,com.legend.compiler.spec,com/legend/compiler/spec/NavigateChecker.java,72,legacy,True,,,USER,,"throw new TypeInferenceException(""legacyNavigate target must be a class"""
throw,USER:TypeInferenceException,com.legend.compiler.spec,com/legend/compiler/spec/NavigateChecker.java,103,check,True,,,USER,,throw new TypeInferenceException(
throw,USER:TypeInferenceException,com.legend.compiler.spec,com/legend/compiler/spec/NavigateChecker.java,116,inline,True,,,USER,,"throw new TypeInferenceException(""navigate expects a predicate lambda"");"
throw,USER:TypeInferenceException,com.legend.compiler.spec,com/legend/compiler/spec/NavigateChecker.java,144,postMap,True,,,USER,,"throw new TypeInferenceException(""navigate requires a relation or class-collection source, got """
throw,USER:TypeInferenceException,com.legend.compiler.spec,com/legend/compiler/spec/NavigateChecker.java,157,postMap,True,,,USER,,throw new TypeInferenceException(
op,orElseThrow,com.legend.compiler.spec,com/legend/compiler/spec/NavigateChecker.java,162,postMap,True,,,,,"Property prop = t.model().findProperty(ct.fqn(), parts.alias()).orElseThrow(() ->"
throw,USER:TypeInferenceException,com.legend.compiler.spec,com/legend/compiler/spec/NavigateChecker.java,166,postMap,True,,,USER,,"throw new TypeInferenceException(""navigate: property '"" + parts.alias() + ""' is """
throw,USER:TypeInferenceException,com.legend.compiler.spec,com/legend/compiler/spec/NavigateChecker.java,184,parts,True,,,USER,,throw new TypeInferenceException(
throw,USER:TypeInferenceException,com.legend.compiler.spec,com/legend/compiler/spec/NavigateChecker.java,201,parts,True,,,USER,,throw new TypeInferenceException(
op,orElseThrow,com.legend.compiler.spec,com/legend/compiler/spec/NavigateChecker.java,240,overload,True,,,,,.orElseThrow(() -> new TypeInferenceException(
op,default_arrow,com.legend.compiler.spec,com/legend/compiler/spec/NewChecker.java,36,checkCopy,True,,,,,default -> throw new TypeInferenceException(
throw,USER:TypeInferenceException,com.legend.compiler.spec,com/legend/compiler/spec/NewChecker.java,36,checkCopy,True,,,USER,,default -> throw new TypeInferenceException(
op,orElseThrow,com.legend.compiler.spec,com/legend/compiler/spec/NewChecker.java,43,checkCopy,True,,,,,"Property prop = t.model().findProperty(classFqn, name).orElseThrow(() ->"
throw,USER:TypeInferenceException,com.legend.compiler.spec,com/legend/compiler/spec/NewChecker.java,56,checkCopy,True,,,USER,,"throw new TypeInferenceException(""property '"" + name + ""' of '"""
throw,USER:TypeInferenceException,com.legend.compiler.spec,com/legend/compiler/spec/NewChecker.java,69,check,True,,,USER,,"throw new TypeInferenceException(""unknown class '"" + ni.className() + ""' in ^"" + ni.className() + ""(…)"");"
op,orElseThrow,com.legend.compiler.spec,com/legend/compiler/spec/NewChecker.java,93,check,True,,,,,.orElseThrow(() ->
catch,RETHROW,com.legend.compiler.spec,com/legend/compiler/spec/NewChecker.java,98,check,True,,,TypeInferenceException e,,"{ String v = String.valueOf(key.value()); throw new TypeInferenceException(""property '"" + name + ""' of '"" + ni.className() + ""': "" + e.getMessage() + "" (value: "" + (v.length() > 400 ? v.substring(0, 400) : v) + "")""); }"
throw,USER:TypeInferenceException,com.legend.compiler.spec,com/legend/compiler/spec/NewChecker.java,100,check,True,,,USER,,"throw new TypeInferenceException(""property '"" + name + ""' of '"""
throw,USER:TypeInferenceException,com.legend.compiler.spec,com/legend/compiler/spec/NewChecker.java,122,check,True,,,USER,,"throw new TypeInferenceException(""property '"" + name + ""' of '"""
op,notnull_ternary,com.legend.compiler.spec,com/legend/compiler/spec/NewChecker.java,147,check,True,SUSPICIOUS,PROVEN-REACHED,,^List() with no values property gets element type ANY; the empty-collection rule (Typer:2470) uses NIL - two rules for the same fact,Type elem = values != null ? values.info().type()
standin,PlatformTypes.ANY,com.legend.compiler.spec,com/legend/compiler/spec/NewChecker.java,148,check,True,,,ternary_else,,: new Type.ClassType(com.legend.compiler.element.type.PlatformTypes.ANY);
op,isPresent_ternary,com.legend.compiler.spec,com/legend/compiler/spec/NormalizeFolds.java,52,foldInlined,True,SUSPICIOUS,UNPROVEN,,"an else-less inlined if folds to an EMPTY collection typed Boolean[0..1] - Boolean is hardcoded, not the then-branch type",return ti.elseBranch().isPresent() ? ti.elseBranch().get()
standin,Type.Primitive.*,com.legend.compiler.spec,com/legend/compiler/spec/NormalizeFolds.java,55,foldInlined,True,,,plain,,"new ExprType(Type.Primitive.BOOLEAN,"
standin,Type.Primitive.*,com.legend.compiler.spec,com/legend/compiler/spec/NormalizeFolds.java,76,fold,True,,,plain,,ExprType.one(Type.Primitive.INTEGER));
standin,Type.Primitive.*,com.legend.compiler.spec,com/legend/compiler/spec/NormalizeFolds.java,86,fold,True,,,plain,,ExprType.one(Type.Primitive.BOOLEAN));
standin,Type.Primitive.*,com.legend.compiler.spec,com/legend/compiler/spec/NormalizeFolds.java,96,fold,True,,,ternary_else,,ExprType.one(Type.Primitive.BOOLEAN));
op,default_arrow,com.legend.compiler.spec,com/legend/compiler/spec/OverChecker.java,63,collect,True,,,,,default -> throw new TypeInferenceException(
throw,USER:TypeInferenceException,com.legend.compiler.spec,com/legend/compiler/spec/OverChecker.java,63,collect,True,,,USER,,default -> throw new TypeInferenceException(
throw,USER:TypeInferenceException,com.legend.compiler.spec,com/legend/compiler/spec/PivotChecker.java,38,check,True,,,USER,,"throw new TypeInferenceException(""pivot expects (source, ~cols, ~agg:map:reduce)"");"
throw,USER:TypeInferenceException,com.legend.compiler.spec,com/legend/compiler/spec/PivotChecker.java,43,check,True,,,USER,,"throw new TypeInferenceException(""pivot requires a relation source"");"
op,instanceof_else_default,com.legend.compiler.spec,com/legend/compiler/spec/PivotChecker.java,50,check,True,,,,,? (args.get(2) instanceof TypedCollection tc ? tc.elements() : List.of(args.get(2)))
op,default_arrow,com.legend.compiler.spec,com/legend/compiler/spec/PivotChecker.java,88,pivotColumns,True,,,,,default -> throw new TypeInferenceException(
throw,USER:TypeInferenceException,com.legend.compiler.spec,com/legend/compiler/spec/PivotChecker.java,88,pivotColumns,True,,,USER,,default -> throw new TypeInferenceException(
throw,USER:TypeInferenceException,com.legend.compiler.spec,com/legend/compiler/spec/ProjectChecker.java,210,derivedColumnName,True,,,USER,,"throw new TypeInferenceException(""a name-less project"""
throw,USER:TypeInferenceException,com.legend.compiler.spec,com/legend/compiler/spec/ProjectChecker.java,218,derivedColumnName,True,,,USER,,"throw new TypeInferenceException(""a name-less project column must be a"""
throw,USER:TypeInferenceException,com.legend.compiler.spec,com/legend/compiler/spec/ProjectChecker.java,231,legacyToModern,True,,,USER,,throw new TypeInferenceException(
throw,USER:TypeInferenceException,com.legend.compiler.spec,com/legend/compiler/spec/ProjectChecker.java,235,legacyToModern,True,,,USER,,"throw new TypeInferenceException(""project has "" + lambdas.values().size()"
throw,USER:TypeInferenceException,com.legend.compiler.spec,com/legend/compiler/spec/ProjectChecker.java,241,legacyToModern,True,,,USER,,"throw new TypeInferenceException(""expected a string-literal column name"");"
throw,USER:TypeInferenceException,com.legend.compiler.spec,com/legend/compiler/spec/ProjectChecker.java,244,legacyToModern,True,,,USER,,throw new TypeInferenceException(
throw,USER:TypeInferenceException,com.legend.compiler.spec,com/legend/compiler/spec/ProjectChecker.java,260,withMappedColumns,True,,,USER,,"throw new TypeInferenceException(""project expects (source, ~[columns])"");"
op,default_arrow,com.legend.compiler.spec,com/legend/compiler/spec/ProjectChecker.java,265,withMappedColumns,True,,,,,"default -> throw new TypeInferenceException(""project expects ~[…] column specifications"");"
throw,USER:TypeInferenceException,com.legend.compiler.spec,com/legend/compiler/spec/ProjectChecker.java,265,withMappedColumns,True,,,USER,,"default -> throw new TypeInferenceException(""project expects ~[…] column specifications"");"
throw,USER:TypeInferenceException,com.legend.compiler.spec,com/legend/compiler/spec/RenameChecker.java,34,check,True,,,USER,,"throw new TypeInferenceException(""rename has "" + olds.colSpecs().size()"
throw,USER:TypeInferenceException,com.legend.compiler.spec,com/legend/compiler/spec/RenameChecker.java,46,check,True,,,USER,,"throw new TypeInferenceException(""rename expects (relation, ~old, ~new)"");"
op,orElse,com.legend.compiler.spec,com/legend/compiler/spec/RenameChecker.java,74,positionPreserving,True,,,,,.filter(c -> c.name().equals(newName)).findFirst().orElse(null);
standin,Type.Primitive.*,com.legend.compiler.spec,com/legend/compiler/spec/ResultEnvelopeSplice.java,147,rewrite,True,,,plain,,var intT = Type.Primitive.INTEGER;
throw,INTERNAL_JDK:IllegalStateException,com.legend.compiler.spec,com/legend/compiler/spec/ResultEnvelopeSplice.java,203,rewrite,True,,,INTERNAL_JDK,,"throw new IllegalStateException(""columns.documentation read"""
throw,INTERNAL_JDK:IllegalStateException,com.legend.compiler.spec,com/legend/compiler/spec/ResultEnvelopeSplice.java,251,rewrite,True,,,INTERNAL_JDK,,throw new IllegalStateException(
throw,INTERNAL_CUSTOM:NotImplementedException,com.legend.compiler.spec,com/legend/compiler/spec/ResultEnvelopeSplice.java,277,rewrite,True,,,INTERNAL_CUSTOM,,throw new com.legend.error.NotImplementedException(
throw,USER:TypeInferenceException,com.legend.compiler.spec,com/legend/compiler/spec/SelectChecker.java,24,check,True,,,USER,,"throw new TypeInferenceException(""select(~[]) selects no columns"");"
comment,fallback,com.legend.compiler.spec,com/legend/compiler/spec/SignatureMangle.java,9,,False,,,javadoc,,/** * THE engine signature-mangle grammar — one implementation (text-surgery * audit §1.1 #4: three demanglers with three grammars each fired on lookup * miss and could silently redirect {@code compute_Step_2_()} to a different * existing {
comment,default,com.legend.compiler.spec,com/legend/compiler/spec/SortChecker.java,19,,True,,,javadoc,,"/** * Relation {@code sort} + the {@code asc/desc/ascending/descending} sort keys * (engine {@code SortChecker}) &mdash; CHECKED generically against * {@code sort<X,T>(Relation<T>[1], SortInfo<X⊆T>[*]):Relation<T>[1]}: the kernel's * {@code"
op,default_arrow,com.legend.compiler.spec,com/legend/compiler/spec/SortChecker.java,62,legacyStringSortToModern,False,,,,,default -> throw new TypeInferenceException(
throw,USER:TypeInferenceException,com.legend.compiler.spec,com/legend/compiler/spec/SortChecker.java,62,legacyStringSortToModern,False,,,USER,,default -> throw new TypeInferenceException(
op,default_arrow,com.legend.compiler.spec,com/legend/compiler/spec/SortChecker.java,136,legacyKey,True,,,,,default -> false;
op,default_arrow,com.legend.compiler.spec,com/legend/compiler/spec/SortChecker.java,175,carriesColSpec,False,,,,,default -> false;
comment,default,com.legend.compiler.spec,com/legend/compiler/spec/SortChecker.java,184,,True,,,javadoc,,"/** * Desugar bare {@code ~col} sort keys to {@code asc(~col)} (engine {@code SortChecker}'s * default direction), so the whole key list is uniformly {@code SortInfo}-typed and the * call checks against {@code sort<X,T>(Relation<T>[1], Sort"
op,instanceof_else_default,com.legend.compiler.spec,com/legend/compiler/spec/SortChecker.java,200,ascIfBare,True,,,,,"return vs instanceof ColSpec cs ? new AppliedFunction(CoreFn.ASC.parseName(), List.of(cs)) : vs;"
throw,USER:TypeInferenceException,com.legend.compiler.spec,com/legend/compiler/spec/SortChecker.java,215,sortKeyOf,True,,,USER,,"throw new TypeInferenceException(""sort expects asc(~col) or desc(~col) keys, got """
op,instanceof_else_default,com.legend.compiler.spec,com/legend/compiler/spec/SourceSubst.java,63,SourceSubst,False,,,,,&& lf.parameters().get(0) instanceof CString name
op,getOrDefault,com.legend.compiler.spec,com/legend/compiler/spec/SourceSubst.java,95,substitute,False,,,,,"case Variable var -> env.getOrDefault(var.name(), var);"
op,null_ternary,com.legend.compiler.spec,com/legend/compiler/spec/SourceSubst.java,129,substitute,False,,,,,cs.function1() == null ? null
op,null_ternary,com.legend.compiler.spec,com/legend/compiler/spec/SourceSubst.java,131,substitute,False,,,,,cs.function2() == null ? null
op,default_arrow,com.legend.compiler.spec,com/legend/compiler/spec/SourceSubst.java,160,substitute,False,,,,,"default -> v.mapChildren(x -> substitute(x, env, folder));"
throw,USER:TypeInferenceException,com.legend.compiler.spec,com/legend/compiler/spec/SourceUrlChecker.java,27,check,True,,,USER,,"throw new TypeInferenceException(""sourceUrl expects a string-literal URL"");"
standin,Type.Primitive.*,com.legend.compiler.spec,com/legend/compiler/spec/SourceUrlChecker.java,34,check,True,,,plain,,List.of(ExprType.one(Type.Primitive.STRING)));
catch,RETHROW,com.legend.compiler.spec,com/legend/compiler/spec/SpecCompiler.java,65,compile,True,,,TypeInferenceException e,,"{ // Positions stopgap: name the ENCLOSING FUNCTION (synth FQNs // encode owner+property, e.g. test::Person$prop$age) — the // expression-level [line:col] is the deferred big lift. throw new TypeInferenceException( ""in function '"" + fn.qual"
throw,USER:TypeInferenceException,com.legend.compiler.spec,com/legend/compiler/spec/SpecCompiler.java,69,compile,False,,,USER,,throw new TypeInferenceException(
op,instanceof_else_default,com.legend.compiler.spec,com/legend/compiler/spec/SpecCompiler.java,113,callees,True,,,,,Stream<TypedFunction> own = node instanceof TypedUserCall uc ? Stream.of(uc.callee()) : Stream.empty();
op,orElseThrow,com.legend.compiler.spec,com/legend/compiler/spec/SpecCompiler.java,130,check,True,,,,,List<ValueSpecification> body = fn.body().orElseThrow(() -> new TypeInferenceException(
throw,USER:TypeInferenceException,com.legend.compiler.spec,com/legend/compiler/spec/SpecCompiler.java,133,check,True,,,USER,,"throw new TypeInferenceException(""function '"" + fn.qualifiedName() + ""' has an empty body"");"
catch,RETHROW,com.legend.compiler.spec,com/legend/compiler/spec/SpecCompiler.java,153,check,True,,,TypeInferenceException e,,"{ throw new TypeInferenceException(""declares return type "" + simpleName(declaredReturn.type().typeName()) + "" but body returns "" + simpleName(stmt.info().type().typeName()) + "" ("" + e.getMessage() + "")""); }"
throw,USER:TypeInferenceException,com.legend.compiler.spec,com/legend/compiler/spec/SpecCompiler.java,154,check,True,,,USER,,"throw new TypeInferenceException(""declares return type """
throw,USER:TypeInferenceException,com.legend.compiler.spec,com/legend/compiler/spec/SpecCompiler.java,198,typeQueryBody,True,,,USER,,"throw new TypeInferenceException(""empty query lambda"");"
op,null_ternary,com.legend.compiler.spec,com/legend/compiler/spec/StaticFold.java,112,fold,False,,,,,cs.function1() == null ? null
op,null_ternary,com.legend.compiler.spec,com/legend/compiler/spec/StaticFold.java,114,fold,False,,,,,cs.function2() == null ? null
op,default_arrow,com.legend.compiler.spec,com/legend/compiler/spec/StaticFold.java,120,fold,False,,,,,"default -> v.mapChildren(x -> fold(x, scope));"
op,default_arrow,com.legend.compiler.spec,com/legend/compiler/spec/StaticFold.java,178,foldCall,True,,,,,default -> null;
op,default_arrow,com.legend.compiler.spec,com/legend/compiler/spec/StaticFold.java,195,foldCall,False,,,,,default -> null;
op,default_arrow,com.legend.compiler.spec,com/legend/compiler/spec/StaticFold.java,200,foldCall,False,,,,,default -> null;
op,default_arrow,com.legend.compiler.spec,com/legend/compiler/spec/StaticFold.java,209,foldCall,False,,,,,default -> null;
op,default_arrow,com.legend.compiler.spec,com/legend/compiler/spec/StaticFold.java,218,foldCall,False,,,,,"case null, default -> null;"
catch,SWALLOWED_EMPTY,com.legend.compiler.spec,com/legend/compiler/spec/StaticFold.java,235,foldCall,True,,,RuntimeException ignored,,"{ // not typable here (free row vars, unresolved store) — not static }"
op,instanceof_else_default,com.legend.compiler.spec,com/legend/compiler/spec/StaticFold.java,261,foldCall,False,,,,,return args != null && args.size() == 1 && args.get(0) instanceof Long l
op,instanceof_else_default,com.legend.compiler.spec,com/legend/compiler/spec/StaticFold.java,276,foldCall,False,,,,,return a instanceof Boolean b ? !b : null;
op,isEmpty_ternary,com.legend.compiler.spec,com/legend/compiler/spec/StaticFold.java,283,foldCall,False,,,,,return a instanceof List<?> l && !l.isEmpty() ? a : null;
op,null_ternary,com.legend.compiler.spec,com/legend/compiler/spec/StaticFold.java,309,foldCall,False,,,,,return x == null || coll == null ? null : coll.contains(x);
op,null_ternary,com.legend.compiler.spec,com/legend/compiler/spec/StaticFold.java,317,foldCall,False,,,,,return coll == null ? null : new ArrayList<>(new LinkedHashSet<>(coll));
op,null_ternary,com.legend.compiler.spec,com/legend/compiler/spec/StaticFold.java,338,foldCall,False,,,,,return coll == null || x == null ? null : (long) coll.indexOf(x);
op,instanceof_else_default,com.legend.compiler.spec,com/legend/compiler/spec/StaticFold.java,444,foldCall,False,,,,,return a instanceof TypeToken t ? t.simpleName() : null;
op,default_arrow,com.legend.compiler.spec,com/legend/compiler/spec/StaticFold.java,467,foldCall,False,,,,,default -> {
throw,USER:TypeInferenceException,com.legend.compiler.spec,com/legend/compiler/spec/StaticFold.java,481,single,False,,,USER,,throw new TypeInferenceException(
op,default_arrow,com.legend.compiler.spec,com/legend/compiler/spec/StaticFold.java,513,single,False,,,,,default -> {
op,default_arrow,com.legend.compiler.spec,com/legend/compiler/spec/StaticFold.java,528,single,False,,,,,"case null, default -> null;"
op,instanceof_else_default,com.legend.compiler.spec,com/legend/compiler/spec/StaticFold.java,534,staticEquals,False,,,,,String an = a instanceof TypeToken t ? t.simpleName() : String.valueOf(a);
op,instanceof_else_default,com.legend.compiler.spec,com/legend/compiler/spec/StaticFold.java,535,staticEquals,False,,,,,String bn = b instanceof TypeToken t ? t.simpleName() : String.valueOf(b);
op,null_ternary,com.legend.compiler.spec,com/legend/compiler/spec/StaticFold.java,562,flattenInto,False,,,,,yield f == null || s == null ? null
op,default_arrow,com.legend.compiler.spec,com/legend/compiler/spec/StaticFold.java,576,flattenInto,False,,,,,"case null, default -> null;"
comment,default,com.legend.compiler.spec,com/legend/compiler/spec/TableReferenceChecker.java,38,,True,,,line,,// A 'default' schema collapses to the bare name; any other schema
throw,USER:TypeInferenceException,com.legend.compiler.spec,com/legend/compiler/spec/TableReferenceChecker.java,44,check,False,,,USER,,throw new TypeInferenceException(
comment,default,com.legend.compiler.spec,com/legend/compiler/spec/TableReferenceChecker.java,53,,True,,,line,,// ENGINE: schema('default') = TOP-LEVEL tables only
comment,default,com.legend.compiler.spec,com/legend/compiler/spec/TableReferenceChecker.java,56,,True,,,line,,// through the strict 'default.' spelling; the CARRIED
standin,Type.Primitive.*,com.legend.compiler.spec,com/legend/compiler/spec/TableReferenceChecker.java,67,check,True,,,plain,,sigArgs.add(ExprType.one(Type.Primitive.STRING));
op,orElseThrow,com.legend.compiler.spec,com/legend/compiler/spec/TableReferenceChecker.java,74,check,True,,,,,.orElseThrow(() -> new TypeInferenceException(
throw,USER:TypeInferenceException,com.legend.compiler.spec,com/legend/compiler/spec/TableReferenceChecker.java,91,checkTableToTds,True,,,USER,,throw new TypeInferenceException(
throw,USER:TypeInferenceException,com.legend.compiler.spec,com/legend/compiler/spec/TableReferenceChecker.java,96,checkTableToTds,True,,,USER,,throw new TypeInferenceException(
throw,USER:TypeInferenceException,com.legend.compiler.spec,com/legend/compiler/spec/TableReferenceChecker.java,106,checkTableToTds,True,,,USER,,throw new TypeInferenceException(
comment,default,com.legend.compiler.spec,com/legend/compiler/spec/TdsChecker.java,15,,True,,,javadoc,,"/** * The inline TDS literal {@code #TDS col:Type, … / rows #} (engine * {@code TdsChecker}). The parser hands the verbatim grid as * {@code tds('TDS', raw)}; the call is validated against the registered * {@code tds(String[1], String[1])} "
throw,USER:TypeInferenceException,com.legend.compiler.spec,com/legend/compiler/spec/TdsChecker.java,33,check,True,,,USER,,"throw new TypeInferenceException(""malformed TDS literal: expected tds('TDS', body)"");"
standin,Type.Primitive.*,com.legend.compiler.spec,com/legend/compiler/spec/TdsChecker.java,40,check,True,,,plain,,"List.of(ExprType.one(Type.Primitive.STRING), ExprType.one(Type.Primitive.STRING)));"
standin,Type.Primitive.*,com.legend.compiler.spec,com/legend/compiler/spec/TdsChecker.java,40,check,True,,,plain,,"List.of(ExprType.one(Type.Primitive.STRING), ExprType.one(Type.Primitive.STRING)));"
throw,USER:TypeInferenceException,com.legend.compiler.spec,com/legend/compiler/spec/TdsChecker.java,51,check,True,,,USER,,"throw new TypeInferenceException(""a TDS literal needs a header row of column names"");"
throw,USER:SchemaInvariantException,com.legend.compiler.spec,com/legend/compiler/spec/TdsChecker.java,70,check,True,,,USER,,"throw new SchemaInvariantException(""duplicate column '"" + name + ""' in TDS header"");"
op,notnull_ternary,com.legend.compiler.spec,com/legend/compiler/spec/TdsChecker.java,95,check,True,,,,,"Type type = types.get(c) != null ? types.get(c) : inferredType(rows, c);"
standin,Type.Primitive.*,com.legend.compiler.spec,com/legend/compiler/spec/TdsChecker.java,167,annotatedType,True,,,plain,,"case ""Integer"" -> Type.Primitive.INTEGER;"
standin,Type.Primitive.*,com.legend.compiler.spec,com/legend/compiler/spec/TdsChecker.java,168,annotatedType,True,,,plain,,"case ""Float"", ""Number"" -> Type.Primitive.FLOAT;"
review,type-decision-site,com.legend.compiler.spec,com/legend/compiler/spec/TdsChecker.java,169,,True,VIOLATION,PROVEN-REACHED,hand-reviewed,"an EXPLICITLY annotated TDS column ""v:Decimal"" is typed PrecisionDecimal(38,0); 41.5 comes back BigDecimal scale 1 under a scale-0 type",
standin,Type.Primitive.*,com.legend.compiler.spec,com/legend/compiler/spec/TdsChecker.java,170,annotatedType,True,,,plain,,"case ""Boolean"" -> Type.Primitive.BOOLEAN;"
standin,Type.Primitive.*,com.legend.compiler.spec,com/legend/compiler/spec/TdsChecker.java,171,annotatedType,True,,,plain,,"case ""String"" -> Type.Primitive.STRING;"
standin,Type.Primitive.*,com.legend.compiler.spec,com/legend/compiler/spec/TdsChecker.java,172,annotatedType,True,,,plain,,"case ""StrictDate"" -> Type.Primitive.STRICT_DATE;"
standin,Type.Primitive.*,com.legend.compiler.spec,com/legend/compiler/spec/TdsChecker.java,178,annotatedType,True,,,plain,,"case ""Date"" -> Type.Primitive.DATE;"
standin,Type.Primitive.*,com.legend.compiler.spec,com/legend/compiler/spec/TdsChecker.java,179,annotatedType,True,,,plain,,"case ""DateTime"" -> Type.Primitive.DATE_TIME;"
op,default_arrow,com.legend.compiler.spec,com/legend/compiler/spec/TdsChecker.java,185,annotatedType,True,LEGITIMATE,n/a,,default arm orElseThrow(TypeInferenceException) - loud,default -> Type.Primitive.findByFqn(typeName)
op,orElseThrow,com.legend.compiler.spec,com/legend/compiler/spec/TdsChecker.java,187,annotatedType,True,,,,,.orElseThrow(() -> new TypeInferenceException(
standin,Type.Primitive.*,com.legend.compiler.spec,com/legend/compiler/spec/TdsChecker.java,213,inferredType,True,SUSPICIOUS,PROVEN-REACHED,plain,TDS column type GUESSED from cell text (Float),return Type.Primitive.FLOAT;
standin,Type.Primitive.*,com.legend.compiler.spec,com/legend/compiler/spec/TdsChecker.java,216,inferredType,True,SUSPICIOUS,PROVEN-REACHED,plain,TDS column type GUESSED from cell text (Integer),return Type.Primitive.INTEGER;
standin,Type.Primitive.*,com.legend.compiler.spec,com/legend/compiler/spec/TdsChecker.java,220,inferredType,True,SUSPICIOUS,PROVEN-REACHED,plain,TDS column type GUESSED from cell text (Float),return Type.Primitive.FLOAT;
review,type-decision-site,com.legend.compiler.spec,com/legend/compiler/spec/TdsChecker.java,224,,True,VIOLATION,PROVEN-REACHED,hand-reviewed,"a d-suffixed TDS cell is typed PrecisionDecimal(38, 0) regardless of the cell's real scale -> 41.5d declared Decimal(38,0), value scale 2",
standin,Type.Primitive.*,com.legend.compiler.spec,com/legend/compiler/spec/TdsChecker.java,227,inferredType,True,SUSPICIOUS,PROVEN-REACHED,plain,TDS column type GUESSED from cell text (Boolean),return Type.Primitive.BOOLEAN;
standin,Type.Primitive.*,com.legend.compiler.spec,com/legend/compiler/spec/TdsChecker.java,239,inferredType,True,VIOLATION,PROVEN-REACHED,plain,a zone-suffixed timestamp cell is typed the ABSTRACT Type.Primitive.DATE; hasMinute() over it then throws IllegalStateException from Scalars:3479,return Type.Primitive.DATE;
standin,Type.Primitive.*,com.legend.compiler.spec,com/legend/compiler/spec/TdsChecker.java,253,inferredType,True,SUSPICIOUS,PROVEN-REACHED,plain,TDS column type default = STRING when nothing else matches,return Type.Primitive.STRING;
standin,Type.Primitive.*,com.legend.compiler.spec,com/legend/compiler/spec/TdsChecker.java,255,inferredType,True,SUSPICIOUS,PROVEN-REACHED,plain,TDS column type default = STRING for an all-empty column,return Type.Primitive.STRING;
catch,FALLBACK_RETURN,com.legend.compiler.spec,com/legend/compiler/spec/TdsChecker.java,271,isValidJson,False,,,RuntimeException e,,"{ // DESIGNED total catch (BROAD_CATCH_COUNTS pin): any parse // failure means not-JSON — the reader's throw set (ISE, // SIOOBE, NFE on garbage) is its own business return false; }"
op,orElse,com.legend.compiler.spec,com/legend/compiler/spec/Typer.java,93,,True,,,,,.map(c -> c.qualifiedName()).orElse(name);
throw,INTERNAL_CUSTOM:NotImplementedException,com.legend.compiler.spec,com/legend/compiler/spec/Typer.java,132,,False,,,INTERNAL_CUSTOM,,throw new com.legend.error.NotImplementedException(
throw,INTERNAL_CUSTOM:NotImplementedException,com.legend.compiler.spec,com/legend/compiler/spec/Typer.java,143,,False,,,INTERNAL_CUSTOM,,throw new com.legend.error.NotImplementedException(
throw,INTERNAL_CUSTOM:NotImplementedException,com.legend.compiler.spec,com/legend/compiler/spec/Typer.java,148,,True,,,INTERNAL_CUSTOM,,throw new com.legend.error.NotImplementedException(
standin,Type.Primitive.*,com.legend.compiler.spec,com/legend/compiler/spec/Typer.java,152,,True,,,plain,,"case CInteger lit -> new TypedCInteger(lit.value(), ExprType.one(Type.Primitive.INTEGER));"
standin,Type.Primitive.*,com.legend.compiler.spec,com/legend/compiler/spec/Typer.java,153,,True,,,plain,,"case CString lit -> new TypedCString(lit.value(), ExprType.one(Type.Primitive.STRING));"
standin,Type.Primitive.*,com.legend.compiler.spec,com/legend/compiler/spec/Typer.java,154,,True,,,plain,,"case CBoolean lit -> new TypedCBoolean(lit.value(), ExprType.one(Type.Primitive.BOOLEAN));"
standin,Type.Primitive.*,com.legend.compiler.spec,com/legend/compiler/spec/Typer.java,155,,True,,,plain,,"case CFloat lit -> new TypedCFloat(lit.value(), ExprType.one(Type.Primitive.FLOAT));"
standin,Type.Primitive.*,com.legend.compiler.spec,com/legend/compiler/spec/Typer.java,179,,True,,,plain,,ExprType.one(Type.Primitive.STRICT_TIME));
standin,Type.Primitive.*,com.legend.compiler.spec,com/legend/compiler/spec/Typer.java,180,,True,,,plain,,case CLatestDate ignored -> new TypedCLatestDate(ExprType.one(Type.Primitive.LATEST_DATE));
op,orElseThrow,com.legend.compiler.spec,com/legend/compiler/spec/Typer.java,182,,True,,,,,"case Variable v -> new TypedVariable(v.name(), env.lookup(v.name()).orElseThrow("
comment,default,com.legend.compiler.spec,com/legend/compiler/spec/Typer.java,212,,False,,,line,,// EXHAUSTIVE over sealed ValueSpecification — no default arm
op,null_ternary,com.legend.compiler.spec,com/legend/compiler/spec/Typer.java,232,,True,LEGITIMATE,UNREACHABLE,,lambda param multiplicity default [1]; the surface grammar requires the multiplicity (ParseException on {p: Person | ...}) so the branch is dead from Pure text,Multiplicity pm = pv.multiplicity() == null
throw,USER:TypeInferenceException,com.legend.compiler.spec,com/legend/compiler/spec/Typer.java,251,,True,,,USER,,"throw new TypeInferenceException(""a non-let intermediate"""
throw,USER:TypeInferenceException,com.legend.compiler.spec,com/legend/compiler/spec/Typer.java,267,,True,,,USER,,throw new TypeInferenceException(
throw,USER:TypeInferenceException,com.legend.compiler.spec,com/legend/compiler/spec/Typer.java,276,,True,,,USER,,"throw new TypeInferenceException(""generic mapping cast ^"""
throw,USER:TypeInferenceException,com.legend.compiler.spec,com/legend/compiler/spec/Typer.java,282,,True,,,USER,,"throw new TypeInferenceException(""Unknown type: '"" + fqn"
op,instanceof_else_default,com.legend.compiler.spec,com/legend/compiler/spec/Typer.java,464,applyFunction,True,,,,,List<ValueSpecification> cols = af.parameters().get(1) instanceof PureCollection c
op,instanceof_else_default,com.legend.compiler.spec,com/legend/compiler/spec/Typer.java,512,applyFunction,True,,,,,String classFqn = recv.info().type() instanceof Type.ClassType ct ? ct.fqn()
op,instanceof_else_default,com.legend.compiler.spec,com/legend/compiler/spec/Typer.java,513,applyFunction,True,,,,,: recv.info().type() instanceof Type.GenericType g ? g.rawFqn() : null;
op,orElse,com.legend.compiler.spec,com/legend/compiler/spec/Typer.java,515,applyFunction,True,,,,,"&& ctx.findProperty(classFqn, af.function()).orElse(null)"
op,orElse,com.legend.compiler.spec,com/legend/compiler/spec/Typer.java,565,applyFunction,True,,,,,"var prop = ctx.findProperty(classFqn, base).orElse(null);"
op,instanceof_else_default,com.legend.compiler.spec,com/legend/compiler/spec/Typer.java,567,applyFunction,True,,,,,&& prop.type() instanceof Type.ClassType pct ? pct.fqn() : null;
op,null_ternary,com.legend.compiler.spec,com/legend/compiler/spec/Typer.java,569,applyFunction,True,,,,,= targetFqn == null ? null
op,instanceof_else_default,com.legend.compiler.spec,com/legend/compiler/spec/Typer.java,686,stripQuotes,False,,,,,af.parameters().get(1) instanceof PureCollection pc
op,instanceof_else_default,com.legend.compiler.spec,com/legend/compiler/spec/Typer.java,770,stripQuotes,False,,,,,&& fr.parameters().get(0) instanceof LambdaFunction inner
op,instanceof_else_default,com.legend.compiler.spec,com/legend/compiler/spec/Typer.java,772,stripQuotes,False,,,,,: op instanceof LambdaFunction direct ? direct : null;
op,null_ternary,com.legend.compiler.spec,com/legend/compiler/spec/Typer.java,773,stripQuotes,False,,,,,String rankFn = rankLam == null ? null : legacyRankName(rankLam);
op,default_arrow,com.legend.compiler.spec,com/legend/compiler/spec/Typer.java,810,isLegacySortKey,True,,,,,default -> null;
op,instanceof_else_default,com.legend.compiler.spec,com/legend/compiler/spec/Typer.java,875,WinCol,False,,,,,&& w.parameters().get(0) instanceof PureCollection wp
standin,Type.Primitive.*,com.legend.compiler.spec,com/legend/compiler/spec/Typer.java,1078,WinCol,True,,,plain,,ExprType.one(Type.Primitive.INTEGER));
throw,INTERNAL_JDK:IllegalStateException,com.legend.compiler.spec,com/legend/compiler/spec/Typer.java,1085,WinCol,True,,,INTERNAL_JDK,,throw new IllegalStateException(
op,null_ternary,com.legend.compiler.spec,com/legend/compiler/spec/Typer.java,1113,rowCells,True,SUSPICIOUS,PROVEN-REACHED,,"TDS row cells: mixed element types collapse to ClassType(ANY) instead of the kernel LUB; [Integer,Float] -> Any here but Number in Typer:2464",Type collElem = mixed || elem == null
standin,PlatformTypes.ANY,com.legend.compiler.spec,com/legend/compiler/spec/Typer.java,1115,rowCells,True,,,null_ternary_then,,com.legend.compiler.element.type.PlatformTypes.ANY)
op,instanceof_else_default,com.legend.compiler.spec,com/legend/compiler/spec/Typer.java,1137,renameColumnsDesugar,True,,,,,af.parameters().get(1) instanceof PureCollection pc
throw,USER:SchemaInvariantException,com.legend.compiler.spec,com/legend/compiler/spec/Typer.java,1173,renameColumnsDesugar,False,,,USER,,"throw new SchemaInvariantException(""renameColumns expects"""
throw,INTERNAL_CUSTOM:NotImplementedException,com.legend.compiler.spec,com/legend/compiler/spec/Typer.java,1199,renameColumnsDesugar,True,,,INTERNAL_CUSTOM,,throw new com.legend.error.NotImplementedException(
op,orElseThrow,com.legend.compiler.spec,com/legend/compiler/spec/Typer.java,1203,renameColumnsDesugar,True,,,,,var en = ctx.findEnum(et.fqn()).orElseThrow(() ->
throw,USER:TypeInferenceException,com.legend.compiler.spec,com/legend/compiler/spec/Typer.java,1207,renameColumnsDesugar,True,,,USER,,"throw new TypeInferenceException(""enumeration '"" + et.fqn()"
op,isEmpty_ternary,com.legend.compiler.spec,com/legend/compiler/spec/Typer.java,1219,aliasNormalized,False,,,,,&& com.legend.builtin.Pure.nativeFunctionsAt(af.function()).isEmpty()
op,isEmpty_ternary,com.legend.compiler.spec,com/legend/compiler/spec/Typer.java,1253,applyCore,False,,,,,yield ni.className().isEmpty()
throw,USER:TypeInferenceException,com.legend.compiler.spec,com/legend/compiler/spec/Typer.java,1270,applyCore,True,,,USER,,throw new TypeInferenceException(
op,default_arrow,com.legend.compiler.spec,com/legend/compiler/spec/Typer.java,1431,isSchemaErased,True,,,,,default -> null;
throw,USER:TypeInferenceException,com.legend.compiler.spec,com/legend/compiler/spec/Typer.java,1457,inlineNormalized,True,,,USER,,"throw new TypeInferenceException(""recursive NormalizeRequired function '"""
op,orElseThrow,com.legend.compiler.spec,com/legend/compiler/spec/Typer.java,1463,inlineNormalized,False,,,,,chosen.body().orElseThrow()));
throw,USER:TypeInferenceException,com.legend.compiler.spec,com/legend/compiler/spec/Typer.java,1465,inlineNormalized,False,,,USER,,"throw new TypeInferenceException(""NormalizeRequired function '"""
op,null_ternary,com.legend.compiler.spec,com/legend/compiler/spec/Typer.java,1518,expandFunctionValuedHelperArgs,True,,,,,return np == null ? af : af.withParameters(np);
op,orElseThrow,com.legend.compiler.spec,com/legend/compiler/spec/Typer.java,1556,expandFunctionValuedHelperArgs,True,,,,,chosen.body().orElseThrow()));
op,null_ternary,com.legend.compiler.spec,com/legend/compiler/spec/Typer.java,1596,alphaRename,False,,,,,"cs.function1() == null ? null : (LambdaFunction) alphaRename(cs.function1()),"
op,null_ternary,com.legend.compiler.spec,com/legend/compiler/spec/Typer.java,1597,alphaRename,False,,,,,"cs.function2() == null ? null : (LambdaFunction) alphaRename(cs.function2()),"
op,default_arrow,com.legend.compiler.spec,com/legend/compiler/spec/Typer.java,1603,alphaRename,False,,,,,default -> v.mapChildren(this::alphaRename);
throw,USER:TypeInferenceException,com.legend.compiler.spec,com/legend/compiler/spec/Typer.java,1628,alphaRename,True,,,USER,,"throw new TypeInferenceException(""unknown function '"""
standin,Type.Primitive.*,com.legend.compiler.spec,com/legend/compiler/spec/Typer.java,1646,refineParseDate,True,,,plain,,if (out.type() == com.legend.compiler.element.type.Type.Primitive.DATE
review,type-decision-site,com.legend.compiler.spec,com/legend/compiler/spec/Typer.java,1652,,True,SUSPICIOUS,UNPROVEN,hand-reviewed,parseDate result type inferred by REGEX over the literal string (DateTime),
standin,Type.Primitive.*,com.legend.compiler.spec,com/legend/compiler/spec/Typer.java,1653,refineParseDate,True,,,plain,,"com.legend.compiler.element.type.Type.Primitive.DATE_TIME,"
review,type-decision-site,com.legend.compiler.spec,com/legend/compiler/spec/Typer.java,1657,,True,SUSPICIOUS,UNPROVEN,hand-reviewed,parseDate result type inferred by REGEX over the literal string (StrictDate),
standin,Type.Primitive.*,com.legend.compiler.spec,com/legend/compiler/spec/Typer.java,1658,refineParseDate,True,,,plain,,"com.legend.compiler.element.type.Type.Primitive.STRICT_DATE,"
throw,USER:TypeInferenceException,com.legend.compiler.spec,com/legend/compiler/spec/Typer.java,1692,checkWithDeferred,True,,,USER,,"throw new TypeInferenceException(""no overload of '"" + af.function()"
op,isEmpty_ternary,com.legend.compiler.spec,com/legend/compiler/spec/Typer.java,1694,checkWithDeferred,True,,,,,"+ (candidates.isEmpty() ? "" (no candidates at all)"""
catch,RETHROW,com.legend.compiler.spec,com/legend/compiler/spec/Typer.java,1720,checkWithDeferred,True,,,SchemaInvariantException invariant,,"{ throw invariant; // the program's defect, never a // candidate mismatch — no retry }"
catch,SWALLOWED,com.legend.compiler.spec,com/legend/compiler/spec/Typer.java,1723,checkWithDeferred,True,,,TypeInferenceException e,,{ if (firstFailure == null) { firstFailure = e; } }
throw,INTERNAL_JDK:IllegalStateException,com.legend.compiler.spec,com/legend/compiler/spec/Typer.java,1766,bindDeferredAndBuild,False,,,INTERNAL_JDK,,"throw new IllegalStateException(""typer bug: lambda"""
standin,Type.Primitive.*,com.legend.compiler.spec,com/legend/compiler/spec/Typer.java,1815,refineDecimalCarrier,True,,,plain,,if (out.type() == com.legend.compiler.element.type.Type.Primitive.DECIMAL
review,type-decision-site,com.legend.compiler.spec,com/legend/compiler/spec/Typer.java,1818,,True,VIOLATION,PROVEN-REACHED,hand-reviewed,"refineDecimalCarrier hardcodes PrecisionDecimal(38,18) for toDecimal/parseDecimal, contradicting DecimalKindRules which keeps the value scale",
op,notnull_ternary,com.legend.compiler.spec,com/legend/compiler/spec/Typer.java,1883,deferredShapesMatch,False,,,,,cs.function2() != null ? Pure.AGG_COL_SPEC : Pure.FUNC_COL_SPEC);
op,default_arrow,com.legend.compiler.spec,com/legend/compiler/spec/Typer.java,1891,deferredShapesMatch,False,,,,,default -> true;
op,null_ternary,com.legend.compiler.spec,com/legend/compiler/spec/Typer.java,1932,selectRankedByPresentArgs,True,,,,,argTypes.add(t == null ? null : t.info());
throw,USER:TypeInferenceException,com.legend.compiler.spec,com/legend/compiler/spec/Typer.java,1949,selectRankedByPresentArgs,False,,,USER,,throw new TypeInferenceException(
op,notnull_ternary,com.legend.compiler.spec,com/legend/compiler/spec/Typer.java,1951,selectRankedByPresentArgs,False,,,,,+ (arityRejection != null
catch,FALLBACK_RETURN,com.legend.compiler.spec,com/legend/compiler/spec/Typer.java,1977,lambdaAritiesFit,True,,,TypeInferenceException e,,"{ // a deferred LAMBDA against a non-function, non-variable // param can never type if (raw.get(i) instanceof LambdaFunction) { return false; } continue; }"
catch,SWALLOWED,com.legend.compiler.spec,com/legend/compiler/spec/Typer.java,2016,lambdaAritiesFit,True,,,TypeInferenceException e,,{ continue; }
op,instanceof_else_default,com.legend.compiler.spec,com/legend/compiler/spec/Typer.java,2019,lambdaAritiesFit,True,,,,,LambdaFunction lf = raw.get(i) instanceof LambdaFunction l ? l
op,instanceof_else_default,com.legend.compiler.spec,com/legend/compiler/spec/Typer.java,2020,lambdaAritiesFit,False,,,,,: raw.get(i) instanceof PureCollection pc
op,orElse,com.legend.compiler.spec,com/legend/compiler/spec/Typer.java,2025,lambdaAritiesFit,True,,,,,.findFirst().orElse(null)
throw,USER:TypeInferenceException,com.legend.compiler.spec,com/legend/compiler/spec/Typer.java,2039,lambdaAritiesFit,True,,,USER,,"throw new TypeInferenceException(""lambda has "" + lam.parameters().size()"
throw,USER:TypeInferenceException,com.legend.compiler.spec,com/legend/compiler/spec/Typer.java,2049,lambdaAritiesFit,True,,,USER,,throw new TypeInferenceException(
op,orElse,com.legend.compiler.spec,com/legend/compiler/spec/Typer.java,2069,lambdaAritiesFit,True,,,,,paramMult = b.mult(mv.name()).orElse(paramMult);
throw,USER:TypeInferenceException,com.legend.compiler.spec,com/legend/compiler/spec/Typer.java,2105,lambdaAritiesFit,True,,,USER,,"throw new TypeInferenceException(""only trailing-expression lambda"""
throw,USER:TypeInferenceException,com.legend.compiler.spec,com/legend/compiler/spec/Typer.java,2183,extractFunctionType,True,,,USER,,"throw new TypeInferenceException(""expected a function-typed parameter, got "" + t.typeName());"
throw,USER:TypeInferenceException,com.legend.compiler.spec,com/legend/compiler/spec/Typer.java,2196,typeFuncColSpec,True,,,USER,,"throw new TypeInferenceException(""expected a mapped column-spec parameter, got """
op,instanceof_else_default,com.legend.compiler.spec,com/legend/compiler/spec/Typer.java,2203,typeFuncColSpec,True,,,,,List<ColSpec> specs = vs instanceof ColSpecArray arr ? arr.colSpecs() : List.of((ColSpec) vs);
throw,USER:TypeInferenceException,com.legend.compiler.spec,com/legend/compiler/spec/Typer.java,2209,typeFuncColSpec,True,,,USER,,throw new TypeInferenceException(
throw,USER:SchemaInvariantException,com.legend.compiler.spec,com/legend/compiler/spec/Typer.java,2213,typeFuncColSpec,True,,,USER,,"throw new SchemaInvariantException(""duplicate column '"" + cs.name() + ""' in ~[…]"");"
throw,USER:TypeInferenceException,com.legend.compiler.spec,com/legend/compiler/spec/Typer.java,2222,typeFuncColSpec,True,,,USER,,"throw new TypeInferenceException(""the column-spec schema slot must be a variable, got """
throw,USER:TypeInferenceException,com.legend.compiler.spec,com/legend/compiler/spec/Typer.java,2244,typeAggColSpec,True,,,USER,,"throw new TypeInferenceException(""an aggregate column-spec parameter needs <map, reduce, R>, got """
op,instanceof_else_default,com.legend.compiler.spec,com/legend/compiler/spec/Typer.java,2249,typeAggColSpec,True,,,,,List<ColSpec> specs = vs instanceof ColSpecArray arr ? arr.colSpecs() : List.of((ColSpec) vs);
throw,USER:TypeInferenceException,com.legend.compiler.spec,com/legend/compiler/spec/Typer.java,2255,typeAggColSpec,True,,,USER,,"throw new TypeInferenceException(""~"" + cs.name()"
throw,USER:SchemaInvariantException,com.legend.compiler.spec,com/legend/compiler/spec/Typer.java,2259,typeAggColSpec,True,,,USER,,"throw new SchemaInvariantException(""duplicate column '"" + cs.name() + ""' in ~[…]"");"
throw,USER:TypeInferenceException,com.legend.compiler.spec,com/legend/compiler/spec/Typer.java,2270,typeAggColSpec,True,,,USER,,"throw new TypeInferenceException(""the aggregate schema slot must be a variable, got """
catch,SWALLOWED,com.legend.compiler.spec,com/legend/compiler/spec/Typer.java,2329,functionCandidates,True,,,RuntimeException e,,"{ // an import candidate whose overloads are ALL signature- // broken (tolerant module): it cannot be meant — the // healthy candidates decide, exactly like a broken overload // inside one FQN. Surface it only if NOTHING is healthy. if (fir"
comment,fallback,com.legend.compiler.spec,com/legend/compiler/spec/Typer.java,2355,,True,,,line,,// the simple-name fallback must not leak downstream (the H
comment,fallback,com.legend.compiler.spec,com/legend/compiler/spec/Typer.java,2400,,False,,,line,,// fallback dead — a mangled id naming a function this platform
throw,USER:ResolutionException,com.legend.compiler.spec,com/legend/compiler/spec/Typer.java,2443,classReference,True,,,USER,,"throw new com.legend.error.ResolutionException(""'"" + ref.fullPath()"
op,orElseGet,com.legend.compiler.spec,com/legend/compiler/spec/Typer.java,2470,collection,True,LEGITIMATE,PROVEN-REACHED,,the empty collection types Nil[0] - the BOTTOM type; correct real-Pure rule,.orElseGet(() -> new Type.ClassType(com.legend.compiler.element.type.PlatformTypes.NIL));
op,null_ternary,com.legend.compiler.spec,com/legend/compiler/spec/Typer.java,2482,collection,True,,,,,hi = hi == null || b.upper() == null ? null
op,null_ternary,com.legend.compiler.spec,com/legend/compiler/spec/Typer.java,2486,collection,True,,,,,hi = hi == null ? null : hi + 1;
standin,PlatformTypes.ANY,com.legend.compiler.spec,com/legend/compiler/spec/Typer.java,2562,rowCellRead,True,,,plain,,"com.legend.compiler.element.type.PlatformTypes.ANY),"
standin,Type.Primitive.*,com.legend.compiler.spec,com/legend/compiler/spec/Typer.java,2569,rowCellRead,True,,,plain,,"new ExprType(Type.Primitive.STRING,"
standin,Type.Primitive.*,com.legend.compiler.spec,com/legend/compiler/spec/Typer.java,2577,columnsMeta,True,,,plain,,ExprType one = ExprType.one(Type.Primitive.STRING);
standin,Type.Primitive.*,com.legend.compiler.spec,com/legend/compiler/spec/Typer.java,2584,columnsMeta,True,,,plain,,"new ExprType(Type.Primitive.STRING,"
comment,fallback,com.legend.compiler.spec,com/legend/compiler/spec/Typer.java,2596,,True,,,javadoc,,"/** Surrounding double quotes are SPELLING, not identity, for the * quote-fallback column match (both sides normalize). */"
standin,Type.Primitive.*,com.legend.compiler.spec,com/legend/compiler/spec/Typer.java,2652,stripColQuotes,True,,,plain,,"new ExprType(Type.Primitive.STRING,"
op,orElse,com.legend.compiler.spec,com/legend/compiler/spec/Typer.java,2758,accessProperty,True,,,,,"&& ctx.findProperty(ct.fqn(), ap.property()).orElse(null)"
op,orElse,com.legend.compiler.spec,com/legend/compiler/spec/Typer.java,2811,accessProperty,True,,,,,"var bp = ctx.findProperty(ctv.fqn(), base).orElse(null);"
op,instanceof_else_default,com.legend.compiler.spec,com/legend/compiler/spec/Typer.java,2812,accessProperty,True,,,,,String tFqn = bp != null && bp.type() instanceof Type.ClassType bct
op,orElse,com.legend.compiler.spec,com/legend/compiler/spec/Typer.java,2828,accessProperty,True,,,,,"Property prop = ctx.findProperty(ct.fqn(), ap.property()).orElse(null);"
throw,USER:TypeInferenceException,com.legend.compiler.spec,com/legend/compiler/spec/Typer.java,2849,accessProperty,True,,,USER,,"throw new TypeInferenceException(""class "" + ct.fqn()"
op,orElseThrow,com.legend.compiler.spec,com/legend/compiler/spec/Typer.java,2870,accessProperty,True,,,,,var cls = ctx.findClass(g.rawFqn()).orElseThrow(() -> new TypeInferenceException(
op,orElseThrow,com.legend.compiler.spec,com/legend/compiler/spec/Typer.java,2872,accessProperty,True,,,,,"Property prop = ctx.findProperty(g.rawFqn(), ap.property()).orElseThrow(() ->"
throw,USER:TypeInferenceException,com.legend.compiler.spec,com/legend/compiler/spec/Typer.java,2876,accessProperty,True,,,USER,,"throw new TypeInferenceException(""class "" + g.rawFqn() + "" declares """
op,default_arrow,com.legend.compiler.spec,com/legend/compiler/spec/Typer.java,2896,accessProperty,True,,,,,"default -> throw new TypeInferenceException(""cannot access '"" + ap.property()"
throw,USER:TypeInferenceException,com.legend.compiler.spec,com/legend/compiler/spec/Typer.java,2896,accessProperty,True,,,USER,,"default -> throw new TypeInferenceException(""cannot access '"" + ap.property()"
op,notnull_ternary,com.legend.compiler.spec,com/legend/compiler/spec/Typer.java,2907,accessProperty,True,,,,,"relColName != null ? relColName : ap.property(),"
comment,fallback,com.legend.compiler.spec,com/legend/compiler/spec/Typer.java,2919,,True,,,javadoc,,"/** Store-declared column lookup: a quoted ""FIRST NAME"" carries its * quotes as identity — exact match wins, then the quote-stripped * fallback; the access adopts the column's own spelling (task #78). */"
op,orElseGet,com.legend.compiler.spec,com/legend/compiler/spec/Typer.java,2926,relationColumn,True,SUSPICIOUS,UNPROVEN,,"quote-stripped column-name fallback: a read binds to a differently quoted column, adopting that column type",.orElseGet(() -> rel.columns().stream()
op,orElseGet,com.legend.compiler.spec,com/legend/compiler/spec/Typer.java,2930,relationColumn,True,,,,,.orElseGet(() -> {
review,type-decision-site,com.legend.compiler.spec,com/legend/compiler/spec/Typer.java,2932,,True,SUSPICIOUS,PROVEN-REACHED,hand-reviewed,"THE TRUST-NAME RULE: any name read over a late-bound schema types Any[0..1] - a type asserted, never derived (deliberate, gated on isLateBound)",
throw,USER:TypeInferenceException,com.legend.compiler.spec,com/legend/compiler/spec/Typer.java,2934,relationColumn,True,,,USER,,throw new TypeInferenceException(
op,orElseThrow,com.legend.compiler.spec,com/legend/compiler/spec/Typer.java,2966,enumValue,True,,,,,"var pd = ctx.findProperty(dbCls, ev.value()).orElseThrow("
op,orElseThrow,com.legend.compiler.spec,com/legend/compiler/spec/Typer.java,2972,enumValue,True,,,,,var en = ctx.findEnum(ev.fullPath()).orElseThrow(() -> new TypeInferenceException(
throw,USER:TypeInferenceException,com.legend.compiler.spec,com/legend/compiler/spec/Typer.java,2975,enumValue,True,,,USER,,"throw new TypeInferenceException(""enumeration "" + ev.fullPath()"
throw,USER:TypeInferenceException,com.legend.compiler.spec,com/legend/compiler/spec/Typer.java,3003,annotationType,True,,,USER,,case TypeAnnotation.Wildcard ignored -> throw new TypeInferenceException(
comment,fallback,com.legend.compiler.spec,com/legend/compiler/spec/Typer.java,3008,,True,,,javadoc,,"/** * A named type reference used in a value position ({@code @Integer}, * {@code t:Person[1]|…} branch/parameter declarations). Names are FQN-resolved * by NameResolver in the full pipeline; for primitive short names (the prelude) * we fal"
comment,conservative,com.legend.compiler.spec,com/legend/compiler/spec/Typer.java,3017,,False,,,javadoc,,"/** Strictness = EMPTY-PRESERVING composition over at least one $this * read. The BANNED set is exactly the constructs that produce a * NON-EMPTY value from an EMPTY input (conditionals, emptiness * tests, reducers over possibly-empty colle"
op,instanceof_else_default,com.legend.compiler.spec,com/legend/compiler/spec/Typer.java,3037,annotationType,True,,,,,String fqn = base instanceof Type.ClassType ct ? ct.fqn()
op,instanceof_else_default,com.legend.compiler.spec,com/legend/compiler/spec/Typer.java,3038,annotationType,True,,,,,: base instanceof Type.GenericType gt ? gt.rawFqn() : null;
throw,USER:TypeInferenceException,com.legend.compiler.spec,com/legend/compiler/spec/Typer.java,3040,annotationType,True,,,USER,,throw new TypeInferenceException(
throw,USER:TypeInferenceException,com.legend.compiler.spec,com/legend/compiler/spec/Typer.java,3064,annotationType,True,,,USER,,throw new TypeInferenceException(
comment,fallback,com.legend.compiler.spec,com/legend/compiler/spec/Typer.java,3071,,True,,,line,,// outright; the BARE name is a fallback AFTER user types (audit
comment,fallback,com.legend.compiler.spec,com/legend/compiler/spec/Typer.java,3073,,True,,,line,,// shadowed — prelude-fallback ordering).
op,orElseThrow,com.legend.compiler.spec,com/legend/compiler/spec/Typer.java,3090,annotationType,True,,,,,.orElseThrow(() -> new TypeInferenceException(
comment,default,com.legend.compiler.spec,com/legend/compiler/spec/Typer.java,3094,,True,,,javadoc,,"/** {@code @Relation<(name:Type[m], …)>}: each column resolves recursively; multiplicity defaults to [1]. */"
throw,USER:TypeInferenceException,com.legend.compiler.spec,com/legend/compiler/spec/Typer.java,3099,relationShapeType,True,,,USER,,throw new TypeInferenceException(
op,null_ternary,com.legend.compiler.spec,com/legend/compiler/spec/Typer.java,3102,relationShapeType,True,VIOLATION,PROVEN-REACHED,,an @Relation<(c:T)> column with no multiplicity silently defaults to [1]; cast accepts and re-stamps a [0..1] column -> NULL under [1],Multiplicity m = c.multiplicity() == null
standin,Type.Primitive.*,com.legend.compiler.spec,com/legend/compiler/spec/Typer.java,3112,dateType,True,LEGITIMATE,n/a,plain,"dateType(): precision -> DateTime/StrictDate/Date, derived from the literal",return p.atLeast(PureDateLiteral.Precision.HOUR) ? Type.Primitive.DATE_TIME
standin,Type.Primitive.*,com.legend.compiler.spec,com/legend/compiler/spec/Typer.java,3113,dateType,True,,,ternary_else,,: p == PureDateLiteral.Precision.DAY ? Type.Primitive.STRICT_DATE
standin,Type.Primitive.*,com.legend.compiler.spec,com/legend/compiler/spec/Typer.java,3114,dateType,True,,,ternary_else,,: Type.Primitive.DATE;
throw,USER:TypeInferenceException,com.legend.compiler.spec,com/legend/compiler/spec/Typer.java,3120,typedColSpec,True,,,USER,,"throw new TypeInferenceException(""~"" + cs.name()"
standin,empty RelationType,com.legend.compiler.spec,com/legend/compiler/spec/Typer.java,3135,typedColSpecArray,True,,,plain,,List.of(new Type.RelationType(List.of())))));
throw,USER:TypeInferenceException,com.legend.compiler.spec,com/legend/compiler/spec/Typer.java,3141,typedColSpecArray,True,,,USER,,"throw new TypeInferenceException(""~"" + cs.name()"
throw,USER:SchemaInvariantException,com.legend.compiler.spec,com/legend/compiler/spec/Typer.java,3145,typedColSpecArray,True,,,USER,,"throw new SchemaInvariantException(""duplicate column '"" + cs.name() + ""' in ~[…]"");"
review,type-decision-site,com.legend.compiler.spec,com/legend/compiler/spec/Typer.java,3157,,True,LEGITIMATE,n/a,hand-reviewed,"unknownColumn uses the distinguished ""?"" TypeVar, solved by the subset/equality constraints; not a silent concrete type",
throw,USER:TypeInferenceException,com.legend.compiler.spec,com/legend/compiler/spec/Typer.java,3181,decimalType,True,,,USER,,"throw new TypeInferenceException(""decimal literal '"" + value.toPlainString()"
comment,conservative,com.legend.compiler.spec,com/legend/compiler/spec/UserCallInliner.java,25,,True,,,javadoc,,"/** * Phase G&frac12; &mdash; whole-program &beta;-reduction of user-defined * function calls (the monomorphization family: SQL has no call frame, so * every {@link TypedUserCall} must be spliced into its caller BEFORE the * store resolver "
throw,INTERNAL_CUSTOM:NotImplementedException,com.legend.compiler.spec,com/legend/compiler/spec/UserCallInliner.java,119,inlineBody,True,,,INTERNAL_CUSTOM,,throw new NotImplementedException(
op,instanceof_else_default,com.legend.compiler.spec,com/legend/compiler/spec/UserCallInliner.java,129,inlineBody,True,,,,,TypedSpec root = last instanceof TypedLet let
op,default_arrow,com.legend.compiler.spec,com/legend/compiler/spec/UserCallInliner.java,140,reserveFreshNames,True,,,,,default -> { }
catch,SWALLOWED_EMPTY,com.legend.compiler.spec,com/legend/compiler/spec/UserCallInliner.java,151,bumpPast,True,,,NumberFormatException ignored,,{ // _iFoo is outside the fresh namespace }
throw,INTERNAL_CUSTOM:NotImplementedException,com.legend.compiler.spec,com/legend/compiler/spec/UserCallInliner.java,177,inlineCall,True,,,INTERNAL_CUSTOM,,"throw new NotImplementedException(""recursion cycle involving "" + shown"
catch,FALLBACK_RETURN,com.legend.compiler.spec,com/legend/compiler/spec/UserCallInliner.java,213,inlineCall,True,,,NotImplementedException e,,"{ // The body cannot β-reduce (a recursion cycle unwinding one // level, a non-let intermediate statement) — the CALL STANDS // with rewritten args. Channels that can run calls consume it // (host call frames; the plan seam reads postproces"
throw,INTERNAL_CUSTOM:NotImplementedException,com.legend.compiler.spec,com/legend/compiler/spec/UserCallInliner.java,272,reduceStatements,True,,,INTERNAL_CUSTOM,,"throw new NotImplementedException(""a non-let intermediate statement ("""
op,instanceof_else_default,com.legend.compiler.spec,com/legend/compiler/spec/UserCallInliner.java,282,reduceStatements,True,,,,,return last instanceof TypedLet let
throw,INTERNAL_JDK:IllegalStateException,com.legend.compiler.spec,com/legend/compiler/spec/UserCallInliner.java,290,reduceEval,True,,,INTERNAL_JDK,,"throw new IllegalStateException(""eval arity mismatch after inlining: """
op,instanceof_else_default,com.legend.compiler.spec,com/legend/compiler/spec/UserCallInliner.java,342,rewriteSwitch,True,,,,,yield fn instanceof TypedLambda lam
op,instanceof_else_default,com.legend.compiler.spec,com/legend/compiler/spec/UserCallInliner.java,356,rewriteSwitch,True,,,,,yield r instanceof TypedVariable rv
op,orElse,com.legend.compiler.spec,com/legend/compiler/spec/UserCallInliner.java,429,rewriteSwitch,True,,,,,"inner.put(m.extraParam().get(), extra.orElse(input));"
throw,INTERNAL_JDK:IllegalStateException,com.legend.compiler.spec,com/legend/compiler/spec/UserCallInliner.java,438,rewriteSwitch,True,,,INTERNAL_JDK,,"throw new IllegalStateException(""resolver bug: a let name '"""
throw,INTERNAL_JDK:IllegalStateException,com.legend.compiler.spec,com/legend/compiler/spec/UserCallInliner.java,506,rewriteSwitch,True,,,INTERNAL_JDK,,case TypedSerializeGraph sg -> throw new IllegalStateException(
op,default_arrow,com.legend.compiler.spec,com/legend/compiler/spec/UserCallInliner.java,515,rewriteSwitch,True,,,,,"default -> n.mapChildren(k -> rewrite(k, env));"
standin,Type.Primitive.*,com.legend.compiler.spec,com/legend/compiler/spec/UserCallInliner.java,634,bindStringParam,True,,,plain,,com.legend.compiler.element.type.Type.Primitive.STRING));
throw,INTERNAL_JDK:IllegalStateException,com.legend.compiler.spec,com/legend/compiler/spec/UserCallInliner.java,647,bindStringParam,True,,,INTERNAL_JDK,,"throw new IllegalStateException(""effectful map body reads the"""
throw,INTERNAL_JDK:IllegalStateException,com.legend.compiler.spec,com/legend/compiler/spec/UserCallInliner.java,670,callArgumentFrame,True,,,INTERNAL_JDK,,"throw new IllegalStateException(""effectful argument to '"""
standin,Type.Primitive.*,com.legend.compiler.spec,com/legend/compiler/spec/VerdictQueries.java,39,predicateVector,True,,,plain,,"new ExprType(Type.Primitive.BOOLEAN,"
comment,default,com.legend.compiler.spec.typed,com/legend/compiler/spec/typed/TypedAggCol.java,19,,True,,,line,,// NO short overload: a defaulted orderKey silently turned an ordered
op,notnull_ternary,com.legend.compiler.spec.typed,com/legend/compiler/spec/typed/TypedAggregate.java,43,withChildren,True,,,,,TypedLambda ok = a.orderKey() != null ? (TypedLambda) kids.get(i++) : null;
op,orElseGet,com.legend.compiler.spec.typed,com/legend/compiler/spec/typed/TypedAsOfJoin.java,32,children,True,,,,,".orElseGet(() -> List.of(left, right, match));"
op,isPresent_ternary,com.legend.compiler.spec.typed,com/legend/compiler/spec/typed/TypedAsOfJoin.java,37,withChildren,True,,,,,"TypedSpec.expectChildren(kids, condition.isPresent() ? 4 : 3, ""TypedAsOfJoin"");"
op,isPresent_ternary,com.legend.compiler.spec.typed,com/legend/compiler/spec/typed/TypedAsOfJoin.java,39,withChildren,True,,,,,condition.isPresent()
comment,default,com.legend.compiler.spec.typed,com/legend/compiler/spec/typed/TypedCast.java,24,,True,,,line,,// NO short overload: a defaulted wire flag re-founded the user-cast vs
op,default_arrow,com.legend.compiler.spec.typed,com/legend/compiler/spec/typed/TypedFrom.java,79,TypedFrom,True,,,,,default -> null;
op,instanceof_else_default,com.legend.compiler.spec.typed,com/legend/compiler/spec/typed/TypedFrom.java,82,TypedFrom,True,,,,,"String db = ni.properties().get(""type"") instanceof"
op,default_arrow,com.legend.compiler.spec.typed,com/legend/compiler/spec/typed/TypedFrom.java,126,TypedFrom,False,,,,,default -> null;
op,instanceof_else_default,com.legend.compiler.spec.typed,com/legend/compiler/spec/typed/TypedFrom.java,132,TypedFrom,False,,,,,instanceof com.legend.protocol.spec.EnumValue ev
op,default_arrow,com.legend.compiler.spec.typed,com/legend/compiler/spec/typed/TypedFrom.java,149,TypedFrom,True,,,,,default -> java.util.List.of();
op,default_arrow,com.legend.compiler.spec.typed,com/legend/compiler/spec/typed/TypedFrom.java,244,collectJsonRaw,True,,,,,default -> { }
op,default_arrow,com.legend.compiler.spec.typed,com/legend/compiler/spec/typed/TypedFrom.java,298,collectChain,True,,,,,default -> List.of(ms);
op,null_ternary,com.legend.compiler.spec.typed,com/legend/compiler/spec/typed/TypedFrom.java,403,collectSqlSetupsRaw,False,,,,,String s = ke == null ? null
op,default_arrow,com.legend.compiler.spec.typed,com/legend/compiler/spec/typed/TypedFrom.java,424,collectSqlSetupsRaw,False,,,,,default -> { }
op,null_ternary,com.legend.compiler.spec.typed,com/legend/compiler/spec/typed/TypedFrom.java,437,collectSqlSetupsRaw,False,,,,,"yield bound == null ? null : foldRawLiteral(bound, lets);"
op,isEmpty_ternary,com.legend.compiler.spec.typed,com/legend/compiler/spec/typed/TypedFrom.java,463,collectSqlSetupsRaw,True,,,,,yield sb.isEmpty() ? null : sb.toString();
op,default_arrow,com.legend.compiler.spec.typed,com/legend/compiler/spec/typed/TypedFrom.java,465,collectSqlSetupsRaw,True,,,,,default -> null;
op,isPresent_ternary,com.legend.compiler.spec.typed,com/legend/compiler/spec/typed/TypedFrom.java,480,withChildren,True,,,,,int n = 1 + (mapping.isPresent() ? 1 : 0) + (runtime.isPresent() ? 1 : 0);
op,isPresent_ternary,com.legend.compiler.spec.typed,com/legend/compiler/spec/typed/TypedFrom.java,480,withChildren,True,,,,,int n = 1 + (mapping.isPresent() ? 1 : 0) + (runtime.isPresent() ? 1 : 0);
op,isPresent_ternary,com.legend.compiler.spec.typed,com/legend/compiler/spec/typed/TypedFrom.java,483,withChildren,True,,,,,java.util.Optional<TypedPackageableRef> m = mapping.isPresent()
op,isPresent_ternary,com.legend.compiler.spec.typed,com/legend/compiler/spec/typed/TypedFrom.java,486,withChildren,True,,,,,java.util.Optional<TypedPackageableRef> r = runtime.isPresent()
comment,default,com.legend.compiler.spec.typed,com/legend/compiler/spec/typed/TypedGetAll.java,31,,True,,,line,,// NO convenience constructor: a defaulted versionSweep silently turned
op,null_ternary,com.legend.compiler.spec.typed,com/legend/compiler/spec/typed/TypedGraphTree.java,21,TypedGraphTree,True,,,,,args = args == null ? List.of() : List.copyOf(args);
op,isPresent_ternary,com.legend.compiler.spec.typed,com/legend/compiler/spec/typed/TypedGroupBy.java,59,withChildren,True,,,,,ks.add(k.fn().isPresent()
op,notnull_ternary,com.legend.compiler.spec.typed,com/legend/compiler/spec/typed/TypedGroupBy.java,68,withChildren,True,,,,,TypedLambda ok = a.orderKey() != null ? (TypedLambda) kids.get(i++) : null;
op,orElseGet,com.legend.compiler.spec.typed,com/legend/compiler/spec/typed/TypedIf.java,21,children,True,,,,,".orElseGet(() -> List.of(condition, thenBranch));"
op,isPresent_ternary,com.legend.compiler.spec.typed,com/legend/compiler/spec/typed/TypedIf.java,26,withChildren,True,,,,,"TypedSpec.expectChildren(kids, elseBranch.isPresent() ? 3 : 2, ""TypedIf"");"
op,isPresent_ternary,com.legend.compiler.spec.typed,com/legend/compiler/spec/typed/TypedIf.java,28,withChildren,True,,,,,elseBranch.isPresent() ? java.util.Optional.of(kids.get(2))
comment,default,com.legend.compiler.spec.typed,com/legend/compiler/spec/typed/TypedJoin.java,28,,False,,,line,,// a defaulted frameName silently anonymized view-backed targets at
comment,default,com.legend.compiler.spec.typed,com/legend/compiler/spec/typed/TypedJoin.java,39,,False,,,line,,// NO defaulting overload (this record's own T2.2 rule): a defaulted
op,orElseGet,com.legend.compiler.spec.typed,com/legend/compiler/spec/typed/TypedMatch.java,29,children,True,,,,,".orElseGet(() -> List.of(input, body));"
op,isPresent_ternary,com.legend.compiler.spec.typed,com/legend/compiler/spec/typed/TypedMatch.java,34,withChildren,True,,,,,"TypedSpec.expectChildren(kids, extra.isPresent() ? 3 : 2, ""TypedMatch"");"
op,isPresent_ternary,com.legend.compiler.spec.typed,com/legend/compiler/spec/typed/TypedMatch.java,35,withChildren,True,,,,,return extra.isPresent()
throw,INTERNAL_JDK:IllegalArgumentException,com.legend.compiler.spec.typed,com/legend/compiler/spec/typed/TypedMatchRuntime.java,37,Arm,True,,,INTERNAL_JDK,,"throw new IllegalArgumentException(""TypedMatchRuntime needs arms"");"
op,isPresent_ternary,com.legend.compiler.spec.typed,com/legend/compiler/spec/typed/TypedMatchRuntime.java,54,withChildren,True,,,,,int fixed = 1 + (extra.isPresent() ? 1 : 0);
op,isPresent_ternary,com.legend.compiler.spec.typed,com/legend/compiler/spec/typed/TypedNavigate.java,89,withChildren,True,,,,,"base + (pairedPredicate.isPresent() ? 1 : 0), ""TypedNavigate"");"
op,isPresent_ternary,com.legend.compiler.spec.typed,com/legend/compiler/spec/typed/TypedNavigate.java,92,withChildren,True,,,,,java.util.Optional<TypedLambda> paired = pairedPredicate.isPresent()
standin,Type.Primitive.*,com.legend.compiler.spec.typed,com/legend/compiler/spec/typed/TypedProject.java,58,docsFold,True,,,plain,,.Type.Primitive.STRING)));
standin,Type.Primitive.*,com.legend.compiler.spec.typed,com/legend/compiler/spec/typed/TypedProject.java,63,docsFold,True,,,plain,,"com.legend.compiler.element.type.Type.Primitive.STRING,"
op,orElseGet,com.legend.compiler.spec.typed,com/legend/compiler/spec/typed/TypedSerialize.java,28,children,True,,,,,.orElseGet(() -> List.of(source));
op,isPresent_ternary,com.legend.compiler.spec.typed,com/legend/compiler/spec/typed/TypedSerialize.java,33,withChildren,True,,,,,"TypedSpec.expectChildren(kids, config.isPresent() ? 2 : 1, ""TypedSerialize"");"
op,isPresent_ternary,com.legend.compiler.spec.typed,com/legend/compiler/spec/typed/TypedSerialize.java,35,withChildren,True,,,,,config.isPresent() ? java.util.Optional.of(kids.get(1))
comment,default,com.legend.compiler.spec.typed,com/legend/compiler/spec/typed/TypedSerializeGraph.java,76,,True,,,javadoc,,/** Pre-config compat (removeNull/removeEmpty default off). */
comment,best effort,com.legend.compiler.spec.typed,com/legend/compiler/spec/typed/TypedSerializeGraph.java,101,,False,,,javadoc,,"/** Name prefix marking a PK DETERMINISM order key (ASC, best-effort at * lowering) — everything unprefixed in {@code orderKeys} is a union * WITNESS key (DESC, load-bearing). The prefix keeps the distinction in * typed HIR: the lowering la"
op,null_ternary,com.legend.compiler.spec.typed,com/legend/compiler/spec/typed/TypedSerializeGraph.java,130,TypedSerializeGraph,True,,,,,subTypePatches = subTypePatches == null ? List.of()
op,null_ternary,com.legend.compiler.spec.typed,com/legend/compiler/spec/typed/TypedSerializeGraph.java,132,TypedSerializeGraph,True,,,,,orderKeys = orderKeys == null ? List.of() : List.copyOf(orderKeys);
op,null_ternary,com.legend.compiler.spec.typed,com/legend/compiler/spec/typed/TypedSerializeGraph.java,160,SubTypePatch,True,,,,,children = children == null ? List.of() : List.copyOf(children);
comment,default,com.legend.compiler.spec.typed,com/legend/compiler/spec/typed/TypedSort.java,7,,True,,,javadoc,,"/** * A type-checked relation {@code sort} (engine {@code TypedSort}) &mdash; the * relation overload {@code sort<X,T>(Relation<T>[1], SortInfo<X&sub;T>[*]):Relation<T>[1]}. * Sort only reorders rows, so its {@link #info()} is the <em>sourc"
comment,default,com.legend.compiler.spec.typed,com/legend/compiler/spec/typed/TypedSpec.java,90,,True,,,javadoc,,"/** * This node's structural children, in source order &mdash; the one traversal * spine every pass reuses (callee collection, lowering walks, printing). * Deliberately <em>not</em> defaulted: every node must declare its children, * so addi"
throw,INTERNAL_JDK:IllegalArgumentException,com.legend.compiler.spec.typed,com/legend/compiler/spec/typed/TypedSpec.java,131,expectChildren,True,,,INTERNAL_JDK,,"throw new IllegalArgumentException(who + "".withChildren expects """
op,orElseGet,com.legend.compiler.spec.typed,com/legend/compiler/spec/typed/TypedWrite.java,23,children,True,,,,,.orElseGet(() -> List.of(source));
op,isPresent_ternary,com.legend.compiler.spec.typed,com/legend/compiler/spec/typed/TypedWrite.java,28,withChildren,True,,,,,"TypedSpec.expectChildren(kids, destination.isPresent() ? 2 : 1, ""TypedWrite"");"
op,isPresent_ternary,com.legend.compiler.spec.typed,com/legend/compiler/spec/typed/TypedWrite.java,30,withChildren,True,,,,,destination.isPresent() ? java.util.Optional.of(kids.get(1))
comment,not implemented,com.legend.error,com/legend/error/NotImplementedException.java,3,,False,,,javadoc,,"/** * The input may be valid; the FEATURE is not built. One greppable type for * the whole backlog (was: a mix of UnsupportedOperationException and * IllegalStateException ""not yet implemented"" — AUDIT_2026_07 §11). */"
op,null_ternary,com.legend.exec,com/legend/exec/CanonRider.java,58,kinds,True,,,,,return wrap == null ? List.of() : wrap.kinds();
op,null_ternary,com.legend.exec,com/legend/exec/CanonRider.java,93,literalIndex,True,,,,,return wrap == null ? -1 : wrap.literalIndex();
comment,default,com.legend.exec,com/legend/exec/CanonicalDivergence.java,159,,False,,,line,,"// accepted, and render's default is Residue — throwing keeps"
op,default_arrow,com.legend.exec,com/legend/exec/CanonicalDivergence.java,161,kindClass,False,,,,,default -> throw new IllegalStateException(
throw,INTERNAL_JDK:IllegalStateException,com.legend.exec,com/legend/exec/CanonicalDivergence.java,161,kindClass,False,,,INTERNAL_JDK,,default -> throw new IllegalStateException(
op,default_arrow,com.legend.exec,com/legend/exec/CanonicalForm.java,70,render,False,,,,,default -> new Result.Residue(
op,null_ternary,com.legend.exec,com/legend/exec/CsvSeed.java,61,blockSqls,True,LEGITIMATE,n/a,,"Optional.empty for ""no database ref"" - the caller branches on presence",var tableType = dbFqn == null
standin,Type.Primitive.*,com.legend.exec,com/legend/exec/CsvSeed.java,129,ddlType,True,,,plain,,if (t == Type.Primitive.INTEGER) {
standin,Type.Primitive.*,com.legend.exec,com/legend/exec/CsvSeed.java,132,ddlType,True,,,plain,,if (t == Type.Primitive.FLOAT || t == Type.Primitive.NUMBER) {
standin,Type.Primitive.*,com.legend.exec,com/legend/exec/CsvSeed.java,132,ddlType,True,,,plain,,if (t == Type.Primitive.FLOAT || t == Type.Primitive.NUMBER) {
standin,Type.Primitive.*,com.legend.exec,com/legend/exec/CsvSeed.java,135,ddlType,True,,,plain,,if (t == Type.Primitive.BOOLEAN) {
standin,Type.Primitive.*,com.legend.exec,com/legend/exec/CsvSeed.java,138,ddlType,True,,,plain,,if (t == Type.Primitive.STRICT_DATE) {
standin,Type.Primitive.*,com.legend.exec,com/legend/exec/CsvSeed.java,141,ddlType,True,,,plain,,if (t == Type.Primitive.DATE_TIME || t == Type.Primitive.DATE) {
standin,Type.Primitive.*,com.legend.exec,com/legend/exec/CsvSeed.java,141,ddlType,True,,,plain,,if (t == Type.Primitive.DATE_TIME || t == Type.Primitive.DATE) {
standin,Type.Primitive.*,com.legend.exec,com/legend/exec/CsvSeed.java,144,ddlType,True,,,plain,,if (t == Type.Primitive.DECIMAL
standin,Type.Primitive.*,com.legend.exec,com/legend/exec/CsvSeed.java,148,ddlType,True,,,plain,,if (t == Type.Primitive.STRING || t instanceof Type.EnumType) {
throw,INTERNAL_CUSTOM:NotImplementedException,com.legend.exec,com/legend/exec/CsvSeed.java,151,ddlType,True,,,INTERNAL_CUSTOM,,throw new com.legend.error.NotImplementedException(
comment,default,com.legend.exec,com/legend/exec/Ddl.java,9,,False,,,javadoc,,/** * DDL rendering from the COMPILED store model — the K-native * {@code dropAndCreateTableInDb} boundary (the real engine's * {@code toDDL.pure} walks the Database metamodel; legend-lite renders * from {@link DatabaseDefinition}). Lives i
comment,default,com.legend.exec,com/legend/exec/Ddl.java,100,,True,,,javadoc,,"/** The ENGINE's column-name rule for H2 DDL TEXT — processColumnName * = columnNameToIdentifier THEN processIdentifierWithQuoteChar * (dbExtension.pure:611-614, extensionDefaults.pure:557-563). H2 * leaves columnNameToIdentifier UNSET, and"
op,notnull_ternary,com.legend.exec,com/legend/exec/Ddl.java,329,insertText,True,,,,,colNames.add(col != null ? col.name() : h);
throw,INTERNAL_JDK:IllegalStateException,com.legend.exec,com/legend/exec/Ddl.java,448,spell,True,,,INTERNAL_JDK,,case RelationalDataType.Distinct ignored -> throw new IllegalStateException(
throw,INTERNAL_JDK:IllegalStateException,com.legend.exec,com/legend/exec/Ddl.java,450,spell,True,,,INTERNAL_JDK,,case RelationalDataType.Other ignored -> throw new IllegalStateException(
throw,INTERNAL_JDK:IllegalStateException,com.legend.exec,com/legend/exec/Ddl.java,452,spell,True,,,INTERNAL_JDK,,case RelationalDataType.Array ignored -> throw new IllegalStateException(
throw,INTERNAL_JDK:IllegalStateException,com.legend.exec,com/legend/exec/Ddl.java,454,spell,True,,,INTERNAL_JDK,,case RelationalDataType.Object_ ignored -> throw new IllegalStateException(
catch,RETHROW,com.legend.exec,com/legend/exec/DynamicPivot.java,58,source,False,,,SQLException e,,{ throw new Wrapped(e); }
throw,INTERNAL_CUSTOM:Wrapped,com.legend.exec,com/legend/exec/DynamicPivot.java,59,source,False,,,INTERNAL_CUSTOM,,throw new Wrapped(e);
catch,RETHROW,com.legend.exec,com/legend/exec/DynamicPivot.java,63,source,False,,,Wrapped w,,{ throw w.cause; }
comment,default,com.legend.exec,com/legend/exec/DynamicPivot.java,87,,False,,,line,,// literal — the old default silently respelled
throw,INTERNAL_JDK:IllegalStateException,com.legend.exec,com/legend/exec/DynamicPivot.java,113,discover,False,,,INTERNAL_JDK,,case null -> throw new IllegalStateException(
op,default_arrow,com.legend.exec,com/legend/exec/DynamicPivot.java,115,discover,False,,,,,default -> throw new com.legend.error
throw,OTHER:error,com.legend.exec,com/legend/exec/DynamicPivot.java,115,discover,False,,,OTHER,,default -> throw new com.legend.error
throw,INTERNAL_JDK:IllegalStateException,com.legend.exec,com/legend/exec/ExecutionResult.java,51,,True,,,INTERNAL_JDK,,throw new IllegalStateException(
throw,INTERNAL_JDK:IllegalStateException,com.legend.exec,com/legend/exec/ExecutionResult.java,56,,True,,,INTERNAL_JDK,,throw new IllegalStateException(
throw,INTERNAL_JDK:IllegalStateException,com.legend.exec,com/legend/exec/ExecutionResult.java,61,,False,,,INTERNAL_JDK,,throw new IllegalStateException(
throw,INTERNAL_JDK:IllegalStateException,com.legend.exec,com/legend/exec/ExecutionResult.java,66,,True,,,INTERNAL_JDK,,throw new IllegalStateException(
standin,Type.Primitive.*,com.legend.exec,com/legend/exec/ExecutionResult.java,144,columns,True,LEGITIMATE,n/a,plain,the Graph result is literally one JSON String column,"return List.of(new Column(""json"", Type.Primitive.STRING));"
op,notnull_ternary,com.legend.exec,com/legend/exec/ExecutionResult.java,149,rows,True,,,,,"return List.of(new Row(List.of(json != null ? json : """")));"
comment,fallback,com.legend.exec,com/legend/exec/Executor.java,19,,True,,,javadoc,,/** * Executes rendered SQL and shapes the rows per the ROOT's classification. * Cell values are raw JDBC objects; column Pure types come from the query's * typed outputs. ONE registered exception (documented-debts 2026-08-18 — * the audit'
catch,SWALLOWED_EMPTY,com.legend.exec,com/legend/exec/Executor.java,146,execute,False,,,java.io.IOException ignore,,{ // best-effort diagnostic }
comment,best effort,com.legend.exec,com/legend/exec/Executor.java,147,,False,,,line,,// best-effort diagnostic
catch,RETHROW,com.legend.exec,com/legend/exec/Executor.java,171,execute0,True,,,SQLException e,,"{ // error-path echo under the same diagnostic flag: a sweep's // failing statement is otherwise invisible (pre-exec dump // interleaves; the FAILING sql is the one worth reading) if (System.getenv(""LEGEND_LITE_DUMP_SQL"") != null) { System."
throw,INTERNAL_JDK:IllegalStateException,com.legend.exec,com/legend/exec/Executor.java,192,wireText,False,,,INTERNAL_JDK,,throw new IllegalStateException(
op,null_ternary,com.legend.exec,com/legend/exec/Executor.java,196,wireText,False,,,,,"return s == null ? """" : s;"
op,notnull_ternary,com.legend.exec,com/legend/exec/Executor.java,219,streamWireRows,False,,,,,"out.write(row != null ? row : ""null"");"
op,notnull_ternary,com.legend.exec,com/legend/exec/Executor.java,248,streamGraph,True,,,,,"out.write(cell != null ? String.valueOf(cell) : ""null"");"
throw,INTERNAL_JDK:IllegalStateException,com.legend.exec,com/legend/exec/Executor.java,304,runShape,True,,,INTERNAL_JDK,,throw new IllegalStateException(
throw,INTERNAL_JDK:IllegalStateException,com.legend.exec,com/legend/exec/Executor.java,320,runShape,False,,,INTERNAL_JDK,,"throw new IllegalStateException(""scalar-shaped result"""
throw,INTERNAL_JDK:IllegalStateException,com.legend.exec,com/legend/exec/Executor.java,356,runShape,False,,,INTERNAL_JDK,,"throw new IllegalStateException(""NULL cell"""
throw,INTERNAL_JDK:IllegalStateException,com.legend.exec,com/legend/exec/Executor.java,377,runShape,True,,,INTERNAL_JDK,,throw new IllegalStateException(
throw,INTERNAL_JDK:IllegalStateException,com.legend.exec,com/legend/exec/Executor.java,386,runShape,False,,,INTERNAL_JDK,,"throw new IllegalStateException(""collection-shaped"""
catch,SWALLOWED_EMPTY,com.legend.exec,com/legend/exec/Executor.java,530,cellRead,False,,,NumberFormatException ignored,,{ // fall through }
catch,FALLBACK_RETURN,com.legend.exec,com/legend/exec/Executor.java,535,cellRead,False,,,NumberFormatException ignored,,{ return s; }
op,notnull_ternary,com.legend.exec,com/legend/exec/Executor.java,588,jsonUnescape,True,,,,,return ldt != null ? ldt : o;
throw,INTERNAL_JDK:IllegalStateException,com.legend.exec,com/legend/exec/Executor.java,610,jsonUnescape,True,,,INTERNAL_JDK,,"throw new IllegalStateException(""struct cell has "" + attrs.length"
op,default_arrow,com.legend.exec,com/legend/exec/Executor.java,677,jsonUnescape,True,,,,,"case null, default -> v;"
throw,INTERNAL_JDK:IllegalStateException,com.legend.exec,com/legend/exec/Executor.java,714,tabularSchema,True,,,INTERNAL_JDK,,"throw new IllegalStateException(""TABULAR result without a relation root type: """
throw,INTERNAL_JDK:IllegalStateException,com.legend.exec,com/legend/exec/Executor.java,769,resolveColumns,True,,,INTERNAL_JDK,,"throw new IllegalStateException(""result has "" + n + "" columns but the typed"""
throw,INTERNAL_JDK:IllegalStateException,com.legend.exec,com/legend/exec/Executor.java,796,shapeRow,True,,,INTERNAL_JDK,,"throw new IllegalStateException(""a many-valued cell"""
throw,INTERNAL_JDK:IllegalStateException,com.legend.exec,com/legend/exec/Executor.java,826,shapeRow,True,,,INTERNAL_JDK,,"throw new IllegalStateException(""result column "" + index"
op,default_arrow,com.legend.exec,com/legend/exec/Executor.java,846,hasPivot,True,,,,,default -> false;
comment,fallback,com.legend.exec,com/legend/exec/Executor.java,858,,True,,,line,,"// caller's fallback — schemas rebuilt downstream of the pivot,"
op,notnull_ternary,com.legend.exec,com/legend/exec/Executor.java,861,pivotColumnType,True,,,,,return t != null ? t : pureOfSqlType(sqlType);
comment,default,com.legend.exec,com/legend/exec/Executor.java,864,,True,,,javadoc,,"/** The Pure primitive a DYNAMIC (pivot-generated) SQL column carries. * Every known name is EXPLICIT — an unrecognized SQL type is a gap in * this table, not a String (audit 15: the silent String default * corrupted result typing invisibly"
throw,INTERNAL_JDK:IllegalStateException,com.legend.exec,com/legend/exec/Executor.java,871,pureOfSqlType,True,,,INTERNAL_JDK,,throw new IllegalStateException(
comment,fallback,com.legend.exec,com/legend/exec/Executor.java,879,,True,,,javadoc,,/** The LOOKUP variant — null for an unmapped SQL type (the * late-bound grid stamp's fallback-to-Any door; the pivot path * keeps the loud variant above). */
standin,Type.Primitive.*,com.legend.exec,com/legend/exec/Executor.java,895,pureOfSqlType,True,,,plain,,Type.Primitive.INTEGER;
standin,Type.Primitive.*,com.legend.exec,com/legend/exec/Executor.java,896,pureOfSqlType,True,,,plain,,"case ""FLOAT"", ""DOUBLE"", ""REAL"" -> Type.Primitive.FLOAT;"
standin,Type.Primitive.*,com.legend.exec,com/legend/exec/Executor.java,897,pureOfSqlType,True,,,plain,,"case ""BOOLEAN"" -> Type.Primitive.BOOLEAN;"
standin,Type.Primitive.*,com.legend.exec,com/legend/exec/Executor.java,898,pureOfSqlType,True,,,plain,,"case ""DATE"" -> Type.Primitive.STRICT_DATE;"
standin,Type.Primitive.*,com.legend.exec,com/legend/exec/Executor.java,899,pureOfSqlType,True,,,plain,,"case ""TIMESTAMP"" -> Type.Primitive.DATE_TIME;"
standin,Type.Primitive.*,com.legend.exec,com/legend/exec/Executor.java,900,pureOfSqlType,True,,,plain,,"case ""DECIMAL"", ""NUMERIC"" -> Type.Primitive.DECIMAL;"
standin,Type.Primitive.*,com.legend.exec,com/legend/exec/Executor.java,902,pureOfSqlType,True,,,plain,,Type.Primitive.STRING;
op,default_arrow,com.legend.exec,com/legend/exec/Executor.java,903,pureOfSqlType,True,,,,,default -> null;
op,instanceof_else_default,com.legend.exec,com/legend/exec/Executor.java,917,flattenStructColumns,True,,,,,c.type() instanceof Type.RelationType r0 ? r0 : null;
comment,fallback,com.legend.exec,com/legend/exec/GridCompare.java,81,,False,,,javadoc,,"/** ROW COHESION (audit 9): an ordered compare's multiset fallback * matches ROW TUPLES of width {@code w}, never loose cells. */"
op,instanceof_else_default,com.legend.exec,com/legend/exec/GridCompare.java,187,rowEquals,False,,,,,return v instanceof com.legend.values.PureDateLiteral d
catch,FALLBACK_RETURN,com.legend.exec,com/legend/exec/GridCompare.java,374,cellEquals,False,,,NumberFormatException nfe,,{ return false; }
op,null_ternary,com.legend.exec,com/legend/exec/GridProbe.java,54,probeTypedColumns,True,SUSPICIOUS,PROVEN-REACHED,,"a JDBC column whose SQL type has no Pure mapping (BLOB, INTERVAL) becomes trustedColumn Any[0..1] instead of failing",cols.add(t == null
comment,default,com.legend.exec,com/legend/exec/MetamodelWalk.java,102,,False,,,javadoc,,/** GENERIC SQL-protocol node value: kind + ctor-provided props. * SORTED map (order-insensitive print+equality) and EMPTY/null * props dropped — the engine ctor-vs-converter default asymmetry * (arguments=[] vs absent) compares equal. */
comment,default,com.legend.exec,com/legend/exec/MetamodelWalk.java,119,,False,,,javadoc,,/** The ONE NodeH normalization funnel — construction (genericNode) * and conversion emit through the SAME rules so both comparison * sides agree: null/empty props drop; a one-element collection IS * its element (Pure multiplicity semantics
comment,default,com.legend.exec,com/legend/exec/MetamodelWalk.java,139,,False,,,line,,// class-declared ctor defaults (distinct: Boolean[1] = false)
comment,default,com.legend.exec,com/legend/exec/MetamodelWalk.java,160,,True,,,javadoc,,/** The synthetic 'default' schema: top-level tables/views minus * those the parser flattened from declared schemas. */
op,instanceof_else_default,com.legend.exec,com/legend/exec/MetamodelWalk.java,229,defaultSchema,True,,,,,String col = t.column() instanceof ColH ch ? ch.c().name()
op,default_arrow,com.legend.exec,com/legend/exec/MetamodelWalk.java,322,defaultSchema,False,,,,,default -> null;
op,isEmpty_ternary,com.legend.exec,com/legend/exec/MetamodelWalk.java,350,defaultSchema,False,,,,,"""selectItems"", items.isEmpty()"
op,null_ternary,com.legend.exec,com/legend/exec/MetamodelWalk.java,386,defaultSchema,False,,,,,Object limit = toRow == null ? null
op,null_ternary,com.legend.exec,com/legend/exec/MetamodelWalk.java,388,defaultSchema,False,,,,,fromRow == null ? toRow : toRow - fromRow);
op,null_ternary,com.legend.exec,com/legend/exec/MetamodelWalk.java,389,defaultSchema,False,,,,,Object offset = fromRow == null ? null
op,isEmpty_ternary,com.legend.exec,com/legend/exec/MetamodelWalk.java,411,defaultSchema,False,,,,,Object query = withQueries.isEmpty() ? base
op,isEmpty_ternary,com.legend.exec,com/legend/exec/MetamodelWalk.java,423,defaultSchema,False,,,,,return els.isEmpty() ? null
op,instanceof_else_default,com.legend.exec,com/legend/exec/MetamodelWalk.java,431,defaultSchema,False,,,,,&& li.value() instanceof Number n2 ? n2.longValue() : null;
op,instanceof_else_default,com.legend.exec,com/legend/exec/MetamodelWalk.java,445,defaultSchema,False,,,,,&& ah.relationalElement() instanceof Tbl tb
op,null_ternary,com.legend.exec,com/legend/exec/MetamodelWalk.java,464,defaultSchema,False,,,,,Object tbl = target == null ? null
op,null_ternary,com.legend.exec,com/legend/exec/MetamodelWalk.java,466,defaultSchema,False,,,,,rel = tbl == null ? null
op,notnull_ternary,com.legend.exec,com/legend/exec/MetamodelWalk.java,480,defaultSchema,False,,,,,"target != null ? target : parentTable, st);"
comment,default,com.legend.exec,com/legend/exec/MetamodelWalk.java,489,,False,,,javadoc,,/** convertJoinType (:240): LEFT_OUTER default. */
op,null_ternary,com.legend.exec,com/legend/exec/MetamodelWalk.java,492,defaultSchema,False,,,,,"return switch (joinType == null ? ""LEFT_OUTER"" : joinType) {"
op,default_arrow,com.legend.exec,com/legend/exec/MetamodelWalk.java,496,defaultSchema,True,,,,,"default -> ""LEFT"";"
op,isEmpty_ternary,com.legend.exec,com/legend/exec/MetamodelWalk.java,511,defaultSchema,False,,,,,return tables.isEmpty() ? null : tables.get(0);
op,default_arrow,com.legend.exec,com/legend/exec/MetamodelWalk.java,537,collectTables,True,,,,,default -> {
comment,default,com.legend.exec,com/legend/exec/MetamodelWalk.java,542,,True,,,javadoc,,"/** A table (any schema, default included) as a Tbl handle. */"
op,null_ternary,com.legend.exec,com/legend/exec/MetamodelWalk.java,569,collectTables,False,,,,,"acc = acc == null ? v : node(""Union"", ""left"", acc,"
op,null_ternary,com.legend.exec,com/legend/exec/MetamodelWalk.java,572,collectTables,False,,,,,return acc == null ? null
comment,default,com.legend.exec,com/legend/exec/MetamodelWalk.java,577,,False,,,javadoc,,/** Engine convertJoinStrings (:844): one string aggregates via * string_agg (empty-string separator default); several concat with * the separator interleaved between prefix/suffix. Empty-string * literal prefix/suffix/separator count as ab
op,notnull_ternary,com.legend.exec,com/legend/exec/MetamodelWalk.java,596,collectTables,False,,,,,"""arguments"", List.of(strings.get(0), sep != null"
op,default_arrow,com.legend.exec,com/legend/exec/MetamodelWalk.java,676,isRelationNode,False,,,,,default -> false;
op,default_arrow,com.legend.exec,com/legend/exec/MetamodelWalk.java,710,asList,False,,,,,default -> null;
op,null_ternary,com.legend.exec,com/legend/exec/MetamodelWalk.java,742,asList,True,,,,,yield l2 == null || r2 == null ? null
op,null_ternary,com.legend.exec,com/legend/exec/MetamodelWalk.java,757,asList,False,,,,,yield l3 == null || r3 == null ? null
op,default_arrow,com.legend.exec,com/legend/exec/MetamodelWalk.java,763,asList,False,,,,,default -> null;
op,orElse,com.legend.exec,com/legend/exec/MetamodelWalk.java,787,Pm,True,,,,,.orElse(null);
op,isEmpty_ternary,com.legend.exec,com/legend/exec/MetamodelWalk.java,800,Pm,True,,,,,return all.isEmpty() ? null : all.get(all.size() - 1);
comment,default,com.legend.exec,com/legend/exec/MetamodelWalk.java,805,,True,,,javadoc,,"/** Effective SET ID: explicit {@code [id]}, else the class FQN with * {@code ::} &rarr; {@code _} — the engine default (same rule as * MappingNormalizer.setIdOf; one line, kept package-local there). */"
op,notnull_ternary,com.legend.exec,com/legend/exec/MetamodelWalk.java,810,Pm,True,,,,,return r.setId() != null ? r.setId()
op,instanceof_else_default,com.legend.exec,com/legend/exec/MetamodelWalk.java,849,collectClassMappings,False,,,,,return recv instanceof Mm m
op,orElse,com.legend.exec,com/legend/exec/MetamodelWalk.java,856,collectClassMappings,False,,,,,var im = ctx.findLegacyMapping(inc.mappingPath()).orElse(null);
op,notnull_ternary,com.legend.exec,com/legend/exec/MetamodelWalk.java,878,collectClassMappings,False,,,,,return recv instanceof Cm c && c.cm().extendsSetId() != null
op,orElse,com.legend.exec,com/legend/exec/MetamodelWalk.java,1071,resolveUserDefinedPrimaryKey,True,,,,,return ctx.findDatabase(fqn).map(Db::new).orElse(null);
comment,default,com.legend.exec,com/legend/exec/MetamodelWalk.java,1084,,False,,,line,,// marker only disambiguates multiple sets (compiler default)
comment,default,com.legend.exec,com/legend/exec/MetamodelWalk.java,1098,,True,,,line,,// top-level tables/views ARE the default schema — MINUS any
op,default_arrow,com.legend.exec,com/legend/exec/MetamodelWalk.java,1142,resolveUserDefinedPrimaryKey,False,,,,,default -> null;
op,default_arrow,com.legend.exec,com/legend/exec/MetamodelWalk.java,1157,resolveUserDefinedPrimaryKey,True,,,,,default -> null;
op,notnull_ternary,com.legend.exec,com/legend/exec/MetamodelWalk.java,1178,resolveUserDefinedPrimaryKey,False,,,,,String hopDbFqn = hop.databaseName() != null
op,instanceof_else_default,com.legend.exec,com/legend/exec/MetamodelWalk.java,1180,resolveUserDefinedPrimaryKey,False,,,,,"var hopDb = database(ctx, hopDbFqn) instanceof Db hd"
op,null_ternary,com.legend.exec,com/legend/exec/MetamodelWalk.java,1193,resolveUserDefinedPrimaryKey,False,,,,,"hop.joinType() == null ? null : hop.joinType().name(),"
op,null_ternary,com.legend.exec,com/legend/exec/MetamodelWalk.java,1202,resolveUserDefinedPrimaryKey,True,,,,,return head == null ? null : new RoewjH(head);
op,null_ternary,com.legend.exec,com/legend/exec/MetamodelWalk.java,1227,resolveUserDefinedPrimaryKey,True,,,,,return t == null ? null : new Dt(t);
op,isEmpty_ternary,com.legend.exec,com/legend/exec/MetamodelWalk.java,1240,resolveUserDefinedPrimaryKey,False,,,,,f.args().isEmpty() ? null
op,isEmpty_ternary,com.legend.exec,com/legend/exec/MetamodelWalk.java,1245,resolveUserDefinedPrimaryKey,False,,,,,RelationalDataType at = f.args().isEmpty() ? null
op,isEmpty_ternary,com.legend.exec,com/legend/exec/MetamodelWalk.java,1266,resolveUserDefinedPrimaryKey,False,,,,,f.args().isEmpty() ? null
op,null_ternary,com.legend.exec,com/legend/exec/MetamodelWalk.java,1275,resolveUserDefinedPrimaryKey,False,,,,,yield acc2 == null
op,default_arrow,com.legend.exec,com/legend/exec/MetamodelWalk.java,1317,resolveUserDefinedPrimaryKey,False,,,,,default -> null;
op,orElse,com.legend.exec,com/legend/exec/MetamodelWalk.java,1330,resolveUserDefinedPrimaryKey,True,,,,,.orElse(null);
op,default_arrow,com.legend.exec,com/legend/exec/MetamodelWalk.java,1344,resolveUserDefinedPrimaryKey,False,,,,,default -> null;
op,default_arrow,com.legend.exec,com/legend/exec/MetamodelWalk.java,1355,resolveUserDefinedPrimaryKey,False,,,,,default -> null;
op,default_arrow,com.legend.exec,com/legend/exec/MetamodelWalk.java,1391,resolveUserDefinedPrimaryKey,True,,,,,"default -> node(""FunctionCall"", ""name"","
op,getOrDefault,com.legend.exec,com/legend/exec/MetamodelWalk.java,1392,resolveUserDefinedPrimaryKey,True,,,,,"new QnH(List.of(PG_NAMES.getOrDefault(name, name))),"
comment,default,com.legend.exec,com/legend/exec/MetamodelWalk.java,1409,,False,,,javadoc,,/** The engine's dyna-to-postgres FUNCTION-NAME table (toPostgresModel * .pure pairs where the names differ; identity renames pass * through the default arm). */
comment,default,com.legend.exec,com/legend/exec/MetamodelWalk.java,1522,,True,,,javadoc,,"/** The declared type of {@code table.column}: the op's OWN database * (mapping expressions carry it) via ctx, else the handle db — * searching declared schemas and the top-level default. */"
op,orElse,com.legend.exec,com/legend/exec/MetamodelWalk.java,1530,resolveUserDefinedPrimaryKey,True,,,,,db = env.ctx().findDatabase(opDb).orElse(db);
comment,default,com.legend.exec,com/legend/exec/MetamodelWalk.java,1540,,True,,,line,,// ColumnRefs may spell schema-qualified names (default.T / S.T)
op,instanceof_else_default,com.legend.exec,com/legend/exec/MetamodelWalk.java,1578,resolveUserDefinedPrimaryKey,False,,,,,return r instanceof Dt d ? Ddl.dataTypeToSqlText(d.type()) : null;
op,null_ternary,com.legend.exec,com/legend/exec/PctProbe.java,41,probe,True,,,,,"String tn = md.getColumnTypeName(i) == null ? """""
op,instanceof_else_default,com.legend.exec,com/legend/exec/PureAsserts.java,119,toExact,False,,,,,return n instanceof BigDecimal d ? d
throw,INTERNAL_CUSTOM:NotImplementedException,com.legend.exec,com/legend/exec/PureAsserts.java,148,toExact,False,,,INTERNAL_CUSTOM,,throw new com.legend.error.NotImplementedException(
op,instanceof_else_default,com.legend.exec,com/legend/exec/PureAsserts.java,172,isNonPrimitive,False,,,,,instanceof String id ? id : null;
op,default_arrow,com.legend.exec,com/legend/exec/PureAsserts.java,194,isNonPrimitive,False,,,,,default -> actual.equals(type);
op,default_arrow,com.legend.exec,com/legend/exec/PureAsserts.java,218,carrierTypeName,False,,,,,default -> v.getClass().getSimpleName();
op,instanceof_else_default,com.legend.exec,com/legend/exec/PureAsserts.java,294,equalScalar,False,,,,,return e instanceof Double de2 && a instanceof Double da2
op,instanceof_else_default,com.legend.exec,com/legend/exec/PureAsserts.java,347,toBigInteger,False,,,,,return v instanceof BigInteger bi ? bi
op,default_arrow,com.legend.exec,com/legend/exec/PureAsserts.java,388,repr,True,,,,,default -> throw new com.legend.error.NotImplementedException(
throw,INTERNAL_CUSTOM:NotImplementedException,com.legend.exec,com/legend/exec/PureAsserts.java,388,repr,True,,,INTERNAL_CUSTOM,,default -> throw new com.legend.error.NotImplementedException(
op,default_arrow,com.legend.exec,com/legend/exec/PureAsserts.java,436,typeRank,False,,,,,default -> throw new com.legend.error.NotImplementedException(
throw,INTERNAL_CUSTOM:NotImplementedException,com.legend.exec,com/legend/exec/PureAsserts.java,436,typeRank,False,,,INTERNAL_CUSTOM,,default -> throw new com.legend.error.NotImplementedException(
op,default_arrow,com.legend.exec,com/legend/exec/PureAsserts.java,454,withinRank,False,,,,,default -> String.valueOf(v);   // maps: stable text order
op,null_ternary,com.legend.exec,com/legend/exec/SqlTypeCensus.java,150,probeWire,False,,,,,+ (label == null
catch,SWALLOWED,com.legend.exec,com/legend/exec/SqlTypeCensus.java,210,probeWire,False,,,java.sql.SQLException | RuntimeException e,,{ // instrument isolation: measurement must never throw into // execution — an unreadable metadata is a counted unknown // (classed + witnessed since D2: the probe error's own // shape is the adjudication evidence) WIRE_UNKNOWN.increment();
catch,FALLBACK_RETURN,com.legend.exec,com/legend/exec/SqlTypeCensus.java,344,delivers,True,,,NumberFormatException | IndexOutOfBoundsException e,,{ return false; }
op,default_arrow,com.legend.exec,com/legend/exec/SqlTypeCensus.java,366,integerFamily,True,,,,,default -> null;
op,instanceof_else_default,com.legend.exec,com/legend/exec/SqlTypeCensus.java,533,shapeOf,True,,,,,"return e instanceof SqlExpr.Call c ? ""Call:"" + c.fn()"
op,instanceof_else_default,com.legend.exec,com/legend/exec/SqlTypeCensus.java,544,bottomShape,True,,,,,return e instanceof SqlExpr.Cast c
op,null_ternary,com.legend.exec,com/legend/exec/SqlTypeCensus.java,565,sample,False,,,,,"ws.add(witness + (ctx == null ? """" : "" ["" + ctx + ""]""));"
op,default_arrow,com.legend.exec,com/legend/exec/SqlTypeCensus.java,579,sketch,True,,,,,default -> sketchLeaf(e);
op,null_ternary,com.legend.exec,com/legend/exec/SqlTypeCensus.java,586,sketchLeaf,True,,,,,"(c.table() == null ? """" : c.table() + ""."") + c.name();"
op,isEmpty_ternary,com.legend.exec,com/legend/exec/SqlTypeCensus.java,605,sketchLeaf,False,,,,,"r.fn() + ""["" + (r.args().isEmpty() ? """""
op,isEmpty_ternary,com.legend.exec,com/legend/exec/SqlTypeCensus.java,612,sketchLeaf,False,,,,,&& !is.projections().isEmpty()
op,null_ternary,com.legend.exec,com/legend/exec/SqlTypeCensus.java,615,sketchLeaf,False,,,,,"+ (os == null ? ""null"" : os.size())"
op,isEmpty_ternary,com.legend.exec,com/legend/exec/SqlTypeCensus.java,616,sketchLeaf,False,,,,,"+ (os == null || os.isEmpty() ? """""
op,default_arrow,com.legend.exec,com/legend/exec/SqlTypeCensus.java,620,sketchLeaf,False,,,,,default -> e.getClass().getSimpleName();
op,instanceof_else_default,com.legend.exec,com/legend/exec/SqlTypeCensus.java,636,memberAnatomy,False,,,,,kinds.add(m.type() instanceof TypeFact.Typed t
op,getOrDefault,com.legend.exec,com/legend/exec/SqlTypeCensus.java,646,samplesOf,False,,,,,"return List.copyOf(SAMPLES.getOrDefault(cls, List.of()));"
op,default_arrow,com.legend.exec,com/legend/exec/StoreNav.java,97,chainBottom,True,,,,,default -> {
op,null_ternary,com.legend.exec,com/legend/exec/StoreNav.java,149,owns,True,,,,,return v == null ? null
comment,default,com.legend.exec,com/legend/exec/StoreNav.java,205,,True,,,javadoc,,/** The engine's include-closure schema lookup with MERGED tables * (functions.pure:227-235); top-level tables are 'default'. */
op,null_ternary,com.legend.exec,com/legend/exec/TimingLedger.java,45,dump,False,,,,,n == null ? 0 : n.get()));
catch,SWALLOWED_EMPTY,com.legend.exec,com/legend/exec/TimingLedger.java,51,dump,False,,,java.io.IOException ignore,,"{ // no target/ dir (non-Maven invocation): the ledger is a // best-effort diagnostic file, never load-bearing }"
comment,best effort,com.legend.exec,com/legend/exec/TimingLedger.java,53,,False,,,line,,"// best-effort diagnostic file, never load-bearing"
throw,INTERNAL_JDK:IllegalArgumentException,com.legend.ide,com/legend/ide/ModelIndex.java,47,Entry,True,,,INTERNAL_JDK,,throw new IllegalArgumentException(
throw,INTERNAL_JDK:IllegalArgumentException,com.legend.ide,com/legend/ide/ModelIndex.java,71,ImportEntry,False,,,INTERNAL_JDK,,throw new IllegalArgumentException(
op,default_arrow,com.legend.ide,com/legend/ide/ModelIndexer.java,244,findElementEnd,False,,,,,default -> pos++;
op,default_arrow,com.legend.ide,com/legend/ide/ModelIndexer.java,259,bodyOpenFor,False,,,,,default -> TokenType.BRACE_OPEN;
op,default_arrow,com.legend.ide,com/legend/ide/ModelIndexer.java,268,matchingClose,True,,,,,"default -> throw new IllegalArgumentException(""not an opening delimiter: "" + open);"
throw,INTERNAL_JDK:IllegalArgumentException,com.legend.ide,com/legend/ide/ModelIndexer.java,268,matchingClose,False,,,INTERNAL_JDK,,"default -> throw new IllegalArgumentException(""not an opening delimiter: "" + open);"
throw,INTERNAL_CUSTOM:UnknownFqnException,com.legend.ide,com/legend/ide/ModelOrchestrator.java,101,resolve,True,,,INTERNAL_CUSTOM,,throw new UnknownFqnException(fqn);
op,notnull_ternary,com.legend.lexer,com/legend/lexer/Lexer.java,660,scanIdentifierOrKeyword,False,,,,,"emit(kw != null ? kw : TokenType.VALID_STRING, start, pos);"
op,default_arrow,com.legend.lexer,com/legend/lexer/Lexer.java,769,scanSingleCharPunct,False,,,,,default -> TokenType.INVALID;
throw,INTERNAL_JDK:IndexOutOfBoundsException,com.legend.lexer,com/legend/lexer/TokenStream.java,324,slice,False,,,INTERNAL_JDK,,throw new IndexOutOfBoundsException(
comment,conservative,com.legend.lineage,com/legend/lineage/PkInference.java,18,,False,,,javadoc,,/** * The engine's relation-function PRIMARY-KEY auto-inference (#78 — the * pkInferenceTests matrix IS the behavioral spec; the engine's own * implementation is M3-reflective and never ported): a parse-space walk * from a {@code #>{db.TABL
op,default_arrow,com.legend.lineage,com/legend/lineage/PkInference.java,95,infer,False,,,,,default -> {
op,default_arrow,com.legend.lineage,com/legend/lineage/ScanColumns.java,157,joinedSubselects,False,,,,,default -> { }
op,default_arrow,com.legend.lineage,com/legend/lineage/ScanColumns.java,289,use,False,,,,,"default -> useChildren(e, env, ctx, out);"
catch,RETHROW,com.legend.lineage,com/legend/lineage/ScanColumns.java,315,recordChildren,False,,,ReflectiveOperationException ex,,{ throw new IllegalStateException(ex); }
throw,INTERNAL_JDK:IllegalStateException,com.legend.lineage,com/legend/lineage/ScanColumns.java,316,recordChildren,False,,,INTERNAL_JDK,,throw new IllegalStateException(ex);
op,isEmpty_ternary,com.legend.lineage,com/legend/lineage/ScanRelations.java,126,scanRoots,False,,,,,ValueSpecification body = query.body().isEmpty() ? query
op,isEmpty_ternary,com.legend.lineage,com/legend/lineage/ScanRelations.java,134,scanRoots,False,,,,,out.addAll(tds.isEmpty()
op,isEmpty_ternary,com.legend.lineage,com/legend/lineage/ScanRelations.java,249,tableToTdsRoots,True,,,,,&& !lf.body().isEmpty()
throw,INTERNAL_CUSTOM:NotImplementedException,com.legend.lineage,com/legend/lineage/ScanRelations.java,340,parseTdsJoinChain,False,,,INTERNAL_CUSTOM,,"throw new NotImplementedException(""scanRelations:"""
throw,INTERNAL_CUSTOM:NotImplementedException,com.legend.lineage,com/legend/lineage/ScanRelations.java,373,attachTdsJoin,False,,,INTERNAL_CUSTOM,,"throw new NotImplementedException(""scanRelations: tableToTDS"""
throw,INTERNAL_CUSTOM:NotImplementedException,com.legend.lineage,com/legend/lineage/ScanRelations.java,383,attachTdsJoin,True,,,INTERNAL_CUSTOM,,"throw new NotImplementedException(""scanRelations:"""
throw,INTERNAL_CUSTOM:NotImplementedException,com.legend.lineage,com/legend/lineage/ScanRelations.java,390,attachTdsJoin,True,,,INTERNAL_CUSTOM,,"throw new NotImplementedException(""scanRelations:"""
op,notnull_ternary,com.legend.lineage,com/legend/lineage/ScanRelations.java,398,attachTdsJoin,True,,,,,r = own != null ? own[1] : read[1];
throw,INTERNAL_CUSTOM:NotImplementedException,com.legend.lineage,com/legend/lineage/ScanRelations.java,402,attachTdsJoin,True,,,INTERNAL_CUSTOM,,"throw new NotImplementedException(""scanRelations: tableToTDS"""
throw,INTERNAL_CUSTOM:NotImplementedException,com.legend.lineage,com/legend/lineage/ScanRelations.java,454,parseTdsSource,False,,,INTERNAL_CUSTOM,,"throw new NotImplementedException(""scanRelations: tableToTDS"""
comment,default,com.legend.lineage,com/legend/lineage/ScanRelations.java,606,,True,,,javadoc,,"/** The engine's set-implementation identity for a class under a * mapping (#47 plan printer): {@code [definingMappingName, setId, * dbFqn, mainTable]} — the DEFINING mapping is the include-child * declaring the set; the default setId is th"
throw,INTERNAL_CUSTOM:NotImplementedException,com.legend.lineage,com/legend/lineage/ScanRelations.java,624,rootImpl,False,,,INTERNAL_CUSTOM,,"throw new NotImplementedException(""plan: no class mapping for '"""
op,isEmpty_ternary,com.legend.lineage,com/legend/lineage/ScanRelations.java,626,rootImpl,False,,,,,"+ (chainMappings.isEmpty() ? """""
op,notnull_ternary,com.legend.lineage,com/legend/lineage/ScanRelations.java,642,rootImpl,False,,,,,String setId = r.setId() != null ? r.setId()
comment,default,com.legend.lineage,com/legend/lineage/ScanRelations.java,674,,True,,,line,,"// tuple types spell PURE defaults, not the"
throw,INTERNAL_CUSTOM:NotImplementedException,com.legend.lineage,com/legend/lineage/ScanRelations.java,698,viewDef,True,,,INTERNAL_CUSTOM,,"throw new NotImplementedException(""scanRelations: view '"" + name"
throw,INTERNAL_CUSTOM:NotImplementedException,com.legend.lineage,com/legend/lineage/ScanRelations.java,730,viewExpansion,True,,,INTERNAL_CUSTOM,,"throw new NotImplementedException(""scanRelations: view '"""
throw,INTERNAL_CUSTOM:NotImplementedException,com.legend.lineage,com/legend/lineage/ScanRelations.java,754,viewExpansion,True,,,INTERNAL_CUSTOM,,"throw new NotImplementedException(""scanRelations: nested"""
throw,INTERNAL_CUSTOM:NotImplementedException,com.legend.lineage,com/legend/lineage/ScanRelations.java,764,viewExpansion,True,,,INTERNAL_CUSTOM,,"throw new NotImplementedException(""scanRelations:"""
op,getOrDefault,com.legend.lineage,com/legend/lineage/ScanRelations.java,774,viewExpansion,True,,,,,"inner.colToBase().getOrDefault(c, c)));"
throw,INTERNAL_CUSTOM:NotImplementedException,com.legend.lineage,com/legend/lineage/ScanRelations.java,861,rootClassMappings,False,,,INTERNAL_CUSTOM,,"throw new NotImplementedException(""scanRelations: no class"""
op,null_ternary,com.legend.lineage,com/legend/lineage/ScanRelations.java,868,rootClassMappings,False,,,,,"r -> r.setId() == null ? """" : r.setId()));"
op,null_ternary,com.legend.lineage,com/legend/lineage/ScanRelations.java,875,print,True,,,,,DatabaseDefinition.ViewDefinition vd = n.db == null ? null
op,notnull_ternary,com.legend.lineage,com/legend/lineage/ScanRelations.java,878,print,True,,,,,".append(vd != null ? 'v' : 't').append("") "").append(n.table);"
op,null_ternary,com.legend.lineage,com/legend/lineage/ScanRelations.java,908,print,True,,,,,n.joinName == null && n.labelOverride == null
op,orElse,com.legend.lineage,com/legend/lineage/ScanRelations.java,931,milestoningCols,True,,,,,DatabaseDefinition db = ctx.findDatabase(n.db).orElse(null);
op,orElse,com.legend.lineage,com/legend/lineage/ScanRelations.java,983,joinLabel,False,,,,,DatabaseDefinition db = ctx.findDatabase(n.db).orElse(null);
op,orElse,com.legend.lineage,com/legend/lineage/ScanRelations.java,988,joinLabel,False,,,,,.filter(j -> j.name().equals(jn)).findFirst().orElse(null);
catch,FALLBACK_RETURN,com.legend.lineage,com/legend/lineage/ScanRelations.java,994,joinLabel,False,,,NotImplementedException outsideGrammar,,{ return jn; }
op,default_arrow,com.legend.lineage,com/legend/lineage/ScanRelations.java,1019,mangleCond,False,,,,,default -> throw new NotImplementedException(
throw,INTERNAL_CUSTOM:NotImplementedException,com.legend.lineage,com/legend/lineage/ScanRelations.java,1019,mangleCond,False,,,INTERNAL_CUSTOM,,default -> throw new NotImplementedException(
op,notnull_ternary,com.legend.lineage,com/legend/lineage/ScanRelations.java,1051,comparisonName,True,,,,,root = new Node(r.databaseName() != null ? r.databaseName()
throw,INTERNAL_CUSTOM:NotImplementedException,com.legend.lineage,com/legend/lineage/ScanRelations.java,1055,comparisonName,True,,,INTERNAL_CUSTOM,,"throw new NotImplementedException(""scanRelations: view '"""
throw,INTERNAL_CUSTOM:NotImplementedException,com.legend.lineage,com/legend/lineage/ScanRelations.java,1062,comparisonName,True,,,INTERNAL_CUSTOM,,"throw new NotImplementedException(""scanRelations: view '"""
op,notnull_ternary,com.legend.lineage,com/legend/lineage/ScanRelations.java,1079,comparisonName,False,,,,,"jm.sourceDb() != null ? jm.sourceDb() : dbName,"
op,notnull_ternary,com.legend.lineage,com/legend/lineage/ScanRelations.java,1081,comparisonName,False,,,,,"assignFilter(ctx, root, at, jm.sourceDb() != null ? jm.sourceDb()"
op,notnull_ternary,com.legend.lineage,com/legend/lineage/ScanRelations.java,1115,foldJoinNavigation,False,,,,,"jn.databaseName() != null ? jn.databaseName() : dbName,"
op,instanceof_else_default,com.legend.lineage,com/legend/lineage/ScanRelations.java,1132,assignFilter,True,,,,,String fdb = ptr instanceof com.legend.model.FilterPointer.Cross c
op,orElseThrow,com.legend.lineage,com/legend/lineage/ScanRelations.java,1134,assignFilter,False,,,,,DatabaseDefinition db = ctx.findDatabase(fdb).orElseThrow(() ->
op,orElseThrow,com.legend.lineage,com/legend/lineage/ScanRelations.java,1139,assignFilter,True,,,,,.orElseThrow(() -> new NotImplementedException(
throw,INTERNAL_CUSTOM:NotImplementedException,com.legend.lineage,com/legend/lineage/ScanRelations.java,1152,assignByTable,True,,,INTERNAL_CUSTOM,,"throw new NotImplementedException(""scanRelations: column '"""
op,orElse,com.legend.lineage,com/legend/lineage/ScanRelations.java,1193,assignOne,True,,,,,DatabaseDefinition db = ctx.findDatabase(dbName).orElse(null);
throw,INTERNAL_CUSTOM:NotImplementedException,com.legend.lineage,com/legend/lineage/ScanRelations.java,1237,walk,False,,,INTERNAL_CUSTOM,,throw new NotImplementedException(
op,instanceof_else_default,com.legend.lineage,com/legend/lineage/ScanRelations.java,1241,walk,False,,,,,&& path.get(i + 1) instanceof Seg.SubType s ? s : null;
op,null_ternary,com.legend.lineage,com/legend/lineage/ScanRelations.java,1242,walk,False,,,,,int next = st == null ? i + 1 : i + 2;
op,null_ternary,com.legend.lineage,com/legend/lineage/ScanRelations.java,1296,walk,False,,,,,List<ClassMapping.Relational> tsets = tgtCls == null
catch,FALLBACK_RETURN,com.legend.lineage,com/legend/lineage/ScanRelations.java,1311,unionSets,False,,,NotImplementedException e,,{ return List.of(); }
op,notnull_ternary,com.legend.lineage,com/legend/lineage/ScanRelations.java,1346,unionNavigate,False,,,,,last.databaseName() != null ? last.databaseName()
op,null_ternary,com.legend.lineage,com/legend/lineage/ScanRelations.java,1450,unionNavigate,False,,,,,String srcName = node.joinName == null && node.labelOverride == null
op,notnull_ternary,com.legend.lineage,com/legend/lineage/ScanRelations.java,1459,unionNavigate,False,,,,,last.databaseName() != null ? last.databaseName()
catch,FALLBACK_RETURN,com.legend.lineage,com/legend/lineage/ScanRelations.java,1526,unionNavigate,False,,,NotImplementedException e,,{ return null; }
op,notnull_ternary,com.legend.lineage,com/legend/lineage/ScanRelations.java,1542,unionNavigate,False,,,,,last.databaseName() != null ? last.databaseName()
op,orElse,com.legend.lineage,com/legend/lineage/ScanRelations.java,1605,pkCols,True,,,,,DatabaseDefinition db = ctx.findDatabase(dbFqn).orElse(null);
op,orElse,com.legend.lineage,com/legend/lineage/ScanRelations.java,1624,tableHasCol,False,,,,,DatabaseDefinition db = ctx.findDatabase(dbFqn).orElse(null);
throw,INTERNAL_CUSTOM:NotImplementedException,com.legend.lineage,com/legend/lineage/ScanRelations.java,1650,dispatchPms,True,,,INTERNAL_CUSTOM,,"throw new NotImplementedException(""scanRelations:"""
throw,INTERNAL_CUSTOM:NotImplementedException,com.legend.lineage,com/legend/lineage/ScanRelations.java,1668,dispatchPms,True,,,INTERNAL_CUSTOM,,"throw new NotImplementedException(""scanRelations:"""
throw,INTERNAL_CUSTOM:NotImplementedException,com.legend.lineage,com/legend/lineage/ScanRelations.java,1733,dispatchPms,True,,,INTERNAL_CUSTOM,,"throw new NotImplementedException(""scanRelations:"""
throw,INTERNAL_CUSTOM:NotImplementedException,com.legend.lineage,com/legend/lineage/ScanRelations.java,1742,dispatchPms,True,,,INTERNAL_CUSTOM,,"throw new NotImplementedException(""scanRelations:"""
throw,INTERNAL_CUSTOM:NotImplementedException,com.legend.lineage,com/legend/lineage/ScanRelations.java,1747,dispatchPms,False,,,INTERNAL_CUSTOM,,"throw new NotImplementedException(""scanRelations:"""
op,instanceof_else_default,com.legend.lineage,com/legend/lineage/ScanRelations.java,1752,dispatchPms,False,,,,,&& path.get(next + 1) instanceof Seg.SubType s2
op,null_ternary,com.legend.lineage,com/legend/lineage/ScanRelations.java,1754,dispatchPms,False,,,,,int nnext = nst == null ? next + 1 : next + 2;
throw,INTERNAL_CUSTOM:NotImplementedException,com.legend.lineage,com/legend/lineage/ScanRelations.java,1762,dispatchPms,False,,,INTERNAL_CUSTOM,,"throw new NotImplementedException(""scanRelations:"""
op,default_arrow,com.legend.lineage,com/legend/lineage/ScanRelations.java,1770,dispatchPms,False,,,,,"default -> throw new NotImplementedException(""scanRelations: """
throw,INTERNAL_CUSTOM:NotImplementedException,com.legend.lineage,com/legend/lineage/ScanRelations.java,1770,dispatchPms,False,,,INTERNAL_CUSTOM,,"default -> throw new NotImplementedException(""scanRelations: """
catch,FALLBACK_RETURN,com.legend.lineage,com/legend/lineage/ScanRelations.java,1788,unionSiblings,False,,,NotImplementedException e,,{ return; }
catch,SWALLOWED,com.legend.lineage,com/legend/lineage/ScanRelations.java,1808,unionSiblings,False,,,NotImplementedException e,,{ continue; }
op,default_arrow,com.legend.lineage,com/legend/lineage/ScanRelations.java,1928,scopedChains,False,,,,,"default -> n.children().forEach(x -> scopedChains(x, scope, out));"
op,isEmpty_ternary,com.legend.lineage,com/legend/lineage/ScanRelations.java,1954,scopedChains,False,,,,,case AppliedFunction af -> af.parameters().isEmpty() ? null
op,default_arrow,com.legend.lineage,com/legend/lineage/ScanRelations.java,1956,scopedChains,False,,,,,default -> null;
op,notnull_ternary,com.legend.lineage,com/legend/lineage/ScanRelations.java,2044,joinChain,False,,,,,String dbName = edb != null ? edb : db;
op,orElseGet,com.legend.lineage,com/legend/lineage/ScanRelations.java,2058,joinChain,False,,,,,.findFirst().orElseGet(() -> {
throw,INTERNAL_CUSTOM:NotImplementedException,com.legend.lineage,com/legend/lineage/ScanRelations.java,2062,joinChain,False,,,INTERNAL_CUSTOM,,"throw new NotImplementedException(""scanRelations:"""
op,orElse,com.legend.lineage,com/legend/lineage/ScanRelations.java,2069,joinChain,False,,,,,.filter(Objects::nonNull).findFirst().orElse(dbName);
op,orElse,com.legend.lineage,com/legend/lineage/ScanRelations.java,2073,joinChain,False,,,,,.filter(Objects::nonNull).findFirst().orElse(null);
throw,INTERNAL_CUSTOM:NotImplementedException,com.legend.lineage,com/legend/lineage/ScanRelations.java,2094,joinChain,True,,,INTERNAL_CUSTOM,,"throw new NotImplementedException(""scanRelations: join '"""
throw,INTERNAL_CUSTOM:NotImplementedException,com.legend.lineage,com/legend/lineage/ScanRelations.java,2125,columnRefs,True,,,INTERNAL_CUSTOM,,"throw new NotImplementedException(""scanRelations:"""
op,default_arrow,com.legend.lineage,com/legend/lineage/ScanRelations.java,2151,columnRefs,False,,,,,"default -> throw new NotImplementedException(""scanRelations:"""
throw,INTERNAL_CUSTOM:NotImplementedException,com.legend.lineage,com/legend/lineage/ScanRelations.java,2151,columnRefs,False,,,INTERNAL_CUSTOM,,"default -> throw new NotImplementedException(""scanRelations:"""
op,orElseThrow,com.legend.lineage,com/legend/lineage/ScanRelations.java,2163,mapping,True,,,,,return ctx.findLegacyMapping(fqn).orElseThrow(() ->
op,notnull_ternary,com.legend.lineage,com/legend/lineage/ScanRelations.java,2213,classMappingFor,False,,,,,if (setId != null ? setId.equals(r.setId())
throw,INTERNAL_CUSTOM:NotImplementedException,com.legend.lineage,com/legend/lineage/ScanRelations.java,2220,classMappingFor,False,,,INTERNAL_CUSTOM,,"throw new NotImplementedException(""scanRelations: """
op,notnull_ternary,com.legend.lineage,com/legend/lineage/ScanRelations.java,2222,classMappingFor,False,,,,,"+ (setId != null ? ""["" + setId + ""]"" : classFqn) + ""'"");"
op,notnull_ternary,com.legend.lineage,com/legend/lineage/ScanRelations.java,2272,targetCm,False,,,,,last.databaseName() != null ? last.databaseName()
catch,SWALLOWED,com.legend.lineage,com/legend/lineage/ScanRelations.java,2288,targetCm,False,,,NotImplementedException e,,{ continue; }
throw,INTERNAL_CUSTOM:NotImplementedException,com.legend.lineage,com/legend/lineage/ScanRelations.java,2319,targetCm,False,,,INTERNAL_CUSTOM,,"throw new NotImplementedException(""scanRelations: join target of"""
op,orElseThrow,com.legend.lineage,com/legend/lineage/ScanRelations.java,2333,joinDef,True,,,,,.orElseThrow(() -> new NotImplementedException(
throw,INTERNAL_CUSTOM:NotImplementedException,com.legend.lineage,com/legend/lineage/ScanRelations.java,2367,typeMatches,True,,,INTERNAL_CUSTOM,,"throw new NotImplementedException(""scanRelations: set '"""
catch,SWALLOWED_EMPTY,com.legend.lineage,com/legend/lineage/ScanRelations.java,2409,typeMatches,False,,,IllegalStateException ignore,,{ // keep scanning }
catch,SWALLOWED_EMPTY,com.legend.lineage,com/legend/lineage/ScanRelations.java,2418,typeMatches,False,,,IllegalStateException ignore,,{ // keep scanning }
throw,INTERNAL_JDK:IllegalStateException,com.legend.lineage,com/legend/lineage/ScanRelations.java,2426,typeMatches,False,,,INTERNAL_JDK,,"throw new IllegalStateException(""no getAll root"");"
op,default_arrow,com.legend.lineage,com/legend/lineage/ScanRelations.java,2457,collectChains,False,,,,,"default -> n.children().forEach(x -> collectChains(x, out));"
op,null_ternary,com.legend.lineage,com/legend/lineage/ScanRelations.java,2473,collectTreeChains,False,,,,,"+ "" f1="" + (cs.function1() == null ? ""null"""
op,default_arrow,com.legend.lineage,com/legend/lineage/ScanRelations.java,2580,typeName,True,,,,,default -> throw new NotImplementedException(
throw,INTERNAL_CUSTOM:NotImplementedException,com.legend.lineage,com/legend/lineage/ScanRelations.java,2580,typeName,True,,,INTERNAL_CUSTOM,,default -> throw new NotImplementedException(
throw,INTERNAL_CUSTOM:NotImplementedException,com.legend.lineage,com/legend/lineage/ScanRelations.java,2587,typeName,False,,,INTERNAL_CUSTOM,,throw new NotImplementedException(
catch,FALLBACK_RETURN,com.legend.lineage,com/legend/lineage/ScanRelations.java,2600,rootFor,False,,,RuntimeException e,,{ return Optional.empty(); }
throw,INTERNAL_JDK:IllegalStateException,com.legend.lowering,com/legend/lowering/Aggregates.java,140,reducerFor,True,,,INTERNAL_JDK,,throw new IllegalStateException(
op,isEmpty_ternary,com.legend.lowering,com/legend/lowering/CalendarAgg.java,89,joinCalendars,True,,,,,return byKey.isEmpty() ? base : base.withFrom(from);
throw,INTERNAL_JDK:IllegalStateException,com.legend.lowering,com/legend/lowering/CalendarAgg.java,101,constString,True,,,INTERNAL_JDK,,"throw new IllegalStateException(""calendar aggregation "" + what"
op,default_arrow,com.legend.lowering,com/legend/lowering/CalendarAgg.java,212,caseValue,False,,,,,default -> {
op,default_arrow,com.legend.lowering,com/legend/lowering/CalendarAgg.java,366,condition,False,,,,,default -> throw new com.legend.error.NotImplementedException(
throw,INTERNAL_CUSTOM:NotImplementedException,com.legend.lowering,com/legend/lowering/CalendarAgg.java,366,condition,False,,,INTERNAL_CUSTOM,,default -> throw new com.legend.error.NotImplementedException(
op,null_ternary,com.legend.lowering,com/legend/lowering/CanonicalRenderSql.java,154,wrapWithCanon,True,,,,,SqlExpr lc = colKind == null ? null
standin,Type.Primitive.*,com.legend.lowering,com/legend/lowering/CanonicalRenderSql.java,222,wrapWithCanon,True,,,plain,,List<Type> bare = t == Type.Primitive.NUMBER
standin,Type.Primitive.*,com.legend.lowering,com/legend/lowering/CanonicalRenderSql.java,223,wrapWithCanon,True,,,plain,,"? List.of(Type.Primitive.INTEGER, Type.Primitive.FLOAT,"
standin,Type.Primitive.*,com.legend.lowering,com/legend/lowering/CanonicalRenderSql.java,223,wrapWithCanon,True,,,plain,,"? List.of(Type.Primitive.INTEGER, Type.Primitive.FLOAT,"
standin,Type.Primitive.*,com.legend.lowering,com/legend/lowering/CanonicalRenderSql.java,224,wrapWithCanon,True,,,plain,,Type.Primitive.DECIMAL)
op,null_ternary,com.legend.lowering,com/legend/lowering/CanonicalRenderSql.java,312,wrapWithCanon,True,,,,,"return keys == null ? identityCanon(v, fqn, layout)"
op,orElse,com.legend.lowering,com/legend/lowering/CanonicalRenderSql.java,379,wrapWithCanon,True,,,,,.findFirst().orElse(null);
op,instanceof_else_default,com.legend.lowering,com/legend/lowering/CanonicalRenderSql.java,383,wrapWithCanon,True,,,,,SqlType elem = ft instanceof SqlType.Array at
op,null_ternary,com.legend.lowering,com/legend/lowering/CanonicalRenderSql.java,385,wrapWithCanon,True,,,,,SqlExpr leaf = elem == null ? null
standin,Type.Primitive.*,com.legend.lowering,com/legend/lowering/CanonicalRenderSql.java,512,anyJsonCanon,True,,,plain,,"literalCanon(txt, Type.Primitive.STRING));"
standin,Type.Primitive.*,com.legend.lowering,com/legend/lowering/CanonicalRenderSql.java,514,anyJsonCanon,True,,,plain,,"literalCanon(txt, Type.Primitive.FLOAT));"
standin,Type.Primitive.*,com.legend.lowering,com/legend/lowering/CanonicalRenderSql.java,536,eqText,True,,,plain,,return Type.Primitive.INTEGER;
standin,Type.Primitive.*,com.legend.lowering,com/legend/lowering/CanonicalRenderSql.java,539,eqText,True,,,plain,,return Type.Primitive.FLOAT;
standin,Type.Primitive.*,com.legend.lowering,com/legend/lowering/CanonicalRenderSql.java,542,eqText,True,,,plain,,return Type.Primitive.BOOLEAN;
standin,Type.Primitive.*,com.legend.lowering,com/legend/lowering/CanonicalRenderSql.java,545,eqText,True,,,plain,,return Type.Primitive.STRING;
standin,Type.Primitive.*,com.legend.lowering,com/legend/lowering/CanonicalRenderSql.java,548,eqText,True,,,plain,,return Type.Primitive.DECIMAL;
standin,Type.Primitive.*,com.legend.lowering,com/legend/lowering/CanonicalRenderSql.java,551,eqText,True,,,plain,,return Type.Primitive.STRICT_DATE;
standin,Type.Primitive.*,com.legend.lowering,com/legend/lowering/CanonicalRenderSql.java,554,eqText,True,,,plain,,return Type.Primitive.DATE_TIME;
throw,USER:ModelException,com.legend.lowering,com/legend/lowering/CastPolicy.java,135,lower,True,,,USER,,throw new ModelException(
standin,Type.Primitive.*,com.legend.lowering,com/legend/lowering/CastPolicy.java,144,lower,True,,,plain,,if ((c.target() == Type.Primitive.DECIMAL)
standin,Type.Primitive.*,com.legend.lowering,com/legend/lowering/CastPolicy.java,145,lower,True,SUSPICIOUS,UNPROVEN,plain,"Integer->Decimal cast hardcodes SqlType.Decimal(38,0); same frontend/lowering scale disagreement as DecimalKindRules",&& c.source().info().type() == Type.Primitive.INTEGER) {
op,instanceof_else_default,com.legend.lowering,com/legend/lowering/CastPolicy.java,212,castByPolicy,True,,,,,return t instanceof Type.Primitive p ? p.family() : null;
standin,Type.Primitive.*,com.legend.lowering,com/legend/lowering/CastPolicy.java,217,isWidening,True,,,plain,,if (tgt == Type.Primitive.NUMBER) {
standin,Type.Primitive.*,com.legend.lowering,com/legend/lowering/CastPolicy.java,218,isWidening,True,,,plain,,return src == Type.Primitive.INTEGER || src == Type.Primitive.FLOAT
standin,Type.Primitive.*,com.legend.lowering,com/legend/lowering/CastPolicy.java,218,isWidening,True,,,plain,,return src == Type.Primitive.INTEGER || src == Type.Primitive.FLOAT
standin,Type.Primitive.*,com.legend.lowering,com/legend/lowering/CastPolicy.java,219,isWidening,True,,,plain,,|| src == Type.Primitive.DECIMAL || src instanceof Type.PrecisionDecimal;
standin,Type.Primitive.*,com.legend.lowering,com/legend/lowering/CastPolicy.java,221,isWidening,True,,,plain,,if (tgt == Type.Primitive.DATE) {
standin,Type.Primitive.*,com.legend.lowering,com/legend/lowering/CastPolicy.java,222,isWidening,True,,,plain,,return src == Type.Primitive.STRICT_DATE || src == Type.Primitive.DATE_TIME;
standin,Type.Primitive.*,com.legend.lowering,com/legend/lowering/CastPolicy.java,222,isWidening,True,,,plain,,return src == Type.Primitive.STRICT_DATE || src == Type.Primitive.DATE_TIME;
standin,Type.Primitive.*,com.legend.lowering,com/legend/lowering/CastPolicy.java,229,isSqlPrimitive,True,,,plain,,&& p != Type.Primitive.BYTE && p != Type.Primitive.LATEST_DATE
standin,Type.Primitive.*,com.legend.lowering,com/legend/lowering/CastPolicy.java,229,isSqlPrimitive,True,,,plain,,&& p != Type.Primitive.BYTE && p != Type.Primitive.LATEST_DATE
standin,Type.Primitive.*,com.legend.lowering,com/legend/lowering/CastPolicy.java,230,isSqlPrimitive,True,,,plain,,&& p != Type.Primitive.STRICT_TIME)
op,default_arrow,com.legend.lowering,com/legend/lowering/CastPolicy.java,265,literalish,True,,,,,default -> false;
standin,Type.Primitive.*,com.legend.lowering,com/legend/lowering/CastPolicy.java,271,cellRootUnwrapWire,True,,,plain,,&& tc.target() == Type.Primitive.STRING) {
op,isEmpty_ternary,com.legend.lowering,com/legend/lowering/CheckedEnvelope.java,56,wrap,False,,,,,SqlExpr defects = cases.isEmpty()
comment,default,com.legend.lowering,com/legend/lowering/CollectionLanes.java,78,,True,,,javadoc,,"/** * The TYPED collection-lane decision (COMPILER_SHORTCUT_AUDIT §1a, * Blocker 2): {@code toOne}/{@code toOneMany} pick their checked lane * from the OPERAND'S TYPED PROVENANCE, never by sniffing the SQL they * just emitted. * * <p>VALUE "
op,orElse,com.legend.lowering,com/legend/lowering/CollectionLanes.java,126,valueLane,True,,,,,.orElse(true);
op,instanceof_else_default,com.legend.lowering,com/legend/lowering/CollectionLanes.java,148,valueLane,True,,,,,a instanceof TypedLambda l
op,isEmpty_ternary,com.legend.lowering,com/legend/lowering/CollectionLanes.java,149,valueLane,True,,,,,? l.parameters().isEmpty()
comment,conservative,com.legend.lowering,com/legend/lowering/CollectionLanes.java,186,,True,,,line,,// ---- opaque evaluation / binder machinery: conservative
op,orElseGet,com.legend.lowering,com/legend/lowering/CollectionLanes.java,250,scalarCarriedIf,True,,,,,.orElseGet(() -> java.util.List.of(
op,default_arrow,com.legend.lowering,com/legend/lowering/CollectionLanes.java,258,scalarCarriedIf,True,,,,,default -> null;
throw,INTERNAL_CUSTOM:NotImplementedException,com.legend.lowering,com/legend/lowering/Comparators.java,40,select,False,,,INTERNAL_CUSTOM,,throw new com.legend.error.NotImplementedException(
throw,INTERNAL_JDK:IllegalStateException,com.legend.lowering,com/legend/lowering/Comparators.java,62,select,True,,,INTERNAL_JDK,,"throw new IllegalStateException(""comparator max/min: the two comparator"""
op,instanceof_else_default,com.legend.lowering,com/legend/lowering/Comparators.java,70,select,True,,,,,&& lt.type() instanceof com.legend.sql.SqlType.Array at
op,default_arrow,com.legend.lowering,com/legend/lowering/ConstBounds.java,50,intOf,False,,,,,default -> null;
throw,INTERNAL_CUSTOM:NotImplementedException,com.legend.lowering,com/legend/lowering/ConstBounds.java,56,intOf,False,,,INTERNAL_CUSTOM,,throw new NotImplementedException(
op,instanceof_else_default,com.legend.lowering,com/legend/lowering/DateCtorRule.java,61,lower,False,,,,,java.math.BigDecimal v = args.get(i) instanceof SqlExpr.FloatLit fl
standin,Type.Primitive.*,com.legend.lowering,com/legend/lowering/DateCtorRule.java,75,lower,True,,,plain,,&& n.args().get(i).info().type() != Type.Primitive.INTEGER;
standin,Type.Primitive.*,com.legend.lowering,com/legend/lowering/DateCtorRule.java,99,lower,True,,,plain,,if (n.args().get(5).info().type() == Type.Primitive.FLOAT
standin,Type.Primitive.*,com.legend.lowering,com/legend/lowering/DateCtorRule.java,100,lower,True,,,plain,,|| n.args().get(5).info().type() == Type.Primitive.DECIMAL) {
op,null_ternary,com.legend.lowering,com/legend/lowering/DateCtorRule.java,129,lower,True,,,,,out = out == null ? part
op,default_arrow,com.legend.lowering,com/legend/lowering/DateCtorRule.java,150,daysInMonth,False,,,,,default -> throw new IllegalStateException(
throw,INTERNAL_JDK:IllegalStateException,com.legend.lowering,com/legend/lowering/DateCtorRule.java,150,daysInMonth,False,,,INTERNAL_JDK,,default -> throw new IllegalStateException(
throw,INTERNAL_JDK:IllegalStateException,com.legend.lowering,com/legend/lowering/DateFormats.java,31,javaDateToParts,False,,,INTERNAL_JDK,,"throw new IllegalStateException(""unterminated quote in date pattern: "" + pattern);"
throw,INTERNAL_JDK:IllegalStateException,com.legend.lowering,com/legend/lowering/DateFormats.java,75,javaDateToParts,False,,,INTERNAL_JDK,,"throw new IllegalStateException(""unsupported date-format"""
op,default_arrow,com.legend.lowering,com/legend/lowering/DateFormats.java,145,partOf,False,,,,,default -> throw new IllegalStateException(
throw,INTERNAL_JDK:IllegalStateException,com.legend.lowering,com/legend/lowering/DateFormats.java,145,partOf,False,,,INTERNAL_JDK,,default -> throw new IllegalStateException(
op,default_arrow,com.legend.lowering,com/legend/lowering/DateShifts.java,36,isoDayNumber,False,,,,,default -> throw new com.legend.error.NotImplementedException(
throw,INTERNAL_CUSTOM:NotImplementedException,com.legend.lowering,com/legend/lowering/DateShifts.java,36,isoDayNumber,False,,,INTERNAL_CUSTOM,,default -> throw new com.legend.error.NotImplementedException(
op,default_arrow,com.legend.lowering,com/legend/lowering/DateShifts.java,76,intervalFn,False,,,,,default -> throw new IllegalStateException(
throw,INTERNAL_JDK:IllegalStateException,com.legend.lowering,com/legend/lowering/DateShifts.java,76,intervalFn,False,,,INTERNAL_JDK,,default -> throw new IllegalStateException(
comment,default,com.legend.lowering,com/legend/lowering/DateShifts.java,83,,False,,,javadoc,,"/** {@code uniqueValueOnly} over a VALUE collection: the single * distinct element, else the default/empty (engine * collectionExtension.pure semantics; parked here beside the other * composed-CASE emissions — Scalars sits at its size guard"
comment,default,com.legend.lowering,com/legend/lowering/DateShifts.java,101,,False,,,javadoc,,"/** The adjust lowering family — the plain rule for every catalog * spelling, plus the {@code Pure.Lite.ADJUST_TEMPORAL} twin * ({@code TemporalFrame}-stamped milestoning window dates): the same * lowering with its interval calls retagged t"
op,default_arrow,com.legend.lowering,com/legend/lowering/DateShifts.java,132,registerAdjustRules,True,,,,,default -> null;
op,null_ternary,com.legend.lowering,com/legend/lowering/DateShifts.java,134,registerAdjustRules,True,,,,,return fmt == null ? added
standin,Type.Primitive.*,com.legend.lowering,com/legend/lowering/DateShifts.java,160,registerAdjustRules,True,,,plain,,== Type.Primitive.STRICT_DATE;
op,default_arrow,com.legend.lowering,com/legend/lowering/DateShifts.java,163,registerAdjustRules,True,,,,,default -> false;
op,default_arrow,com.legend.lowering,com/legend/lowering/DateShifts.java,213,registerDayOfWeekNumber2,False,,,,,default -> throw new com.legend.error
throw,OTHER:error,com.legend.lowering,com/legend/lowering/DateShifts.java,213,registerDayOfWeekNumber2,False,,,OTHER,,default -> throw new com.legend.error
op,default_arrow,com.legend.lowering,com/legend/lowering/DecimalKindRules.java,66,toDecimal,True,,,,,"default -> new SqlExpr.Cast(args.get(0),"
standin,Type.Primitive.*,com.legend.lowering,com/legend/lowering/DecimalKindRules.java,67,toDecimal,True,,,default_arm,,n.args().get(0).info().type() == Type.Primitive.INTEGER
review,type-decision-site,com.legend.lowering,com/legend/lowering/DecimalKindRules.java,68,,True,VIOLATION,PROVEN-REACHED,hand-reviewed,"toDecimal(Integer) emits CAST AS DECIMAL(38,0) while the frontend stamped Decimal(38,18) -> runtime BigDecimal scale 0 under a scale-18 type",
review,type-decision-site,com.legend.lowering,com/legend/lowering/DecimalKindRules.java,69,,True,VIOLATION,PROVEN-REACHED,hand-reviewed,"hardcoded Decimal(38,18) discards the model column precision/scale (Decimal(20,4) -> (38,18))",
standin,Type.Primitive.*,com.legend.lowering,com/legend/lowering/DecimalKindRules.java,84,isDecimalStamp,True,,,plain,,return t == Type.Primitive.DECIMAL
op,orElse,com.legend.lowering,com/legend/lowering/EnumSourceValues.java,48,EnumSourceValues,True,,,,,.orElse(null);
op,orElse,com.legend.lowering,com/legend/lowering/EnumSourceValues.java,58,EnumSourceValues,True,,,,,com.legend.sql.DecodeShapes.flattenDecode(a).orElse(null);
op,orElse,com.legend.lowering,com/legend/lowering/EnumSourceValues.java,60,EnumSourceValues,True,,,,,com.legend.sql.DecodeShapes.flattenDecode(b).orElse(null);
op,orElse,com.legend.lowering,com/legend/lowering/EnumSourceValues.java,64,EnumSourceValues,False,,,,,SqlExpr sa = com.legend.sql.DecodeShapes.sourceExpr(a).orElse(null);
op,orElse,com.legend.lowering,com/legend/lowering/EnumSourceValues.java,65,EnumSourceValues,False,,,,,SqlExpr sb = com.legend.sql.DecodeShapes.sourceExpr(b).orElse(null);
op,null_ternary,com.legend.lowering,com/legend/lowering/EnumSourceValues.java,66,EnumSourceValues,False,,,,,return sa == null || sb == null ? null
op,orElse,com.legend.lowering,com/legend/lowering/EnumSourceValues.java,71,EnumSourceValues,False,,,,,com.legend.sql.DecodeShapes.flattenDecode(chain).orElse(null);
op,null_ternary,com.legend.lowering,com/legend/lowering/EnumSourceValues.java,84,EnumSourceValues,False,,,,,match = match == null ? w.condition()
op,notnull_ternary,com.legend.lowering,com/legend/lowering/EnumSourceValues.java,89,EnumSourceValues,True,,,,,return match != null ? match : new SqlExpr.BoolLit(false);
comment,fallback,com.legend.lowering,com/legend/lowering/ExistsJoinForm.java,18,,False,,,javadoc,,"/** * The engine's SECOND exists emission (pureToSQLQuery chooser L5607-5609, * {@code buildExistsAsJoinWithNullCheck} L5636): a WHERE-level * {@code [NOT] EXISTS} whose subquery predicate is FULLY LOCAL to the * navigated sources — every o"
op,null_ternary,com.legend.lowering,com/legend/lowering/ExistsJoinForm.java,125,rewrite,False,,,,,"keysWhere(local, sub.where() == null ? null"
comment,conservative,com.legend.lowering,com/legend/lowering/ExistsJoinForm.java,184,,True,,,javadoc,,/** TRUE when the expression reads any alias outside {@code allowed} * or carries a nested subquery (conservatively non-local). */
op,null_ternary,com.legend.lowering,com/legend/lowering/ExistsJoinForm.java,216,refsOutside,False,,,,,SqlExpr reordered = z.user() == null ? z.temporal()
op,instanceof_else_default,com.legend.lowering,com/legend/lowering/ExistsJoinForm.java,236,ungroup,False,,,,,return e instanceof SqlExpr.Group g ? ungroup(g.inner()) : e;
op,default_arrow,com.legend.lowering,com/legend/lowering/ExistsJoinForm.java,258,aliases,True,,,,,default -> out.add(s.alias());
throw,INTERNAL_JDK:IllegalStateException,com.legend.lowering,com/legend/lowering/ExistsJoinForm.java,284,outputColOf,True,,,INTERNAL_JDK,,"throw new IllegalStateException(""exists join-form key '"" + c.table()"
standin,Type.Primitive.*,com.legend.lowering,com/legend/lowering/Fold.java,30,planKindOf,True,,,plain,,if (t == com.legend.compiler.element.type.Type.Primitive.STRING) {
standin,Type.Primitive.*,com.legend.lowering,com/legend/lowering/Fold.java,33,planKindOf,True,,,plain,,if (t == com.legend.compiler.element.type.Type.Primitive.DATE
standin,Type.Primitive.*,com.legend.lowering,com/legend/lowering/Fold.java,34,planKindOf,True,,,plain,,|| t == com.legend.compiler.element.type.Type.Primitive
standin,Type.Primitive.*,com.legend.lowering,com/legend/lowering/Fold.java,38,planKindOf,True,,,plain,,if (t == com.legend.compiler.element.type.Type.Primitive
standin,Type.Primitive.*,com.legend.lowering,com/legend/lowering/Fold.java,42,planKindOf,True,,,plain,,if (t == com.legend.compiler.element.type.Type.Primitive.FLOAT) {
standin,Type.Primitive.*,com.legend.lowering,com/legend/lowering/Fold.java,45,planKindOf,True,,,plain,,if (t == com.legend.compiler.element.type.Type.Primitive.BOOLEAN) {
op,null_ternary,com.legend.lowering,com/legend/lowering/Fold.java,124,planKindOf,False,,,,,return oa == null ? null
op,default_arrow,com.legend.lowering,com/legend/lowering/Fold.java,175,walkColumns,True,,,,,"default -> e.children().forEach(c -> walkColumns(c, f));"
op,notnull_ternary,com.legend.lowering,com/legend/lowering/Fold.java,187,walkColumns,False,,,,,yield l != null ? l : findUnionSub(j.right());
op,default_arrow,com.legend.lowering,com/legend/lowering/Fold.java,189,walkColumns,False,,,,,"case null, default -> null;"
op,instanceof_else_default,com.legend.lowering,com/legend/lowering/Fold.java,200,replaceSub,False,,,,,return src instanceof com.legend.sql.SqlSource.Join j
op,default_arrow,com.legend.lowering,com/legend/lowering/Fold.java,216,unionBacked,False,,,,,"case null, default -> false;"
comment,default,com.legend.lowering,com/legend/lowering/Fold.java,367,,False,,,javadoc,,"/** Top-level ORDER BY null placement (C1.2, REVERTED): the engine * emits NO NULLS clause on ANY target (extensionDefaults.pure * processOrderBy — the DuckDB extension overrides only the WINDOW * convention, ASC NULLS LAST / DESC NULLS FIR"
comment,default,com.legend.lowering,com/legend/lowering/Fold.java,379,,False,,,line,,"// default, no clause emitted), DESC nulls FIRST (DuckDB defaults"
op,default_arrow,com.legend.lowering,com/legend/lowering/Fold.java,406,provablySingleRow,False,,,,,default -> false;
throw,INTERNAL_JDK:IllegalStateException,com.legend.lowering,com/legend/lowering/Fold.java,456,distinctFolds,True,,,INTERNAL_JDK,,"throw new IllegalStateException(""resolver bug: a column-less"""
op,instanceof_else_default,com.legend.lowering,com/legend/lowering/Fold.java,544,pivotIdentity,True,,,,,return p.expr() instanceof SqlExpr.Column c ? c
comment,best effort,com.legend.lowering,com/legend/lowering/Fold.java,566,,True,,,javadoc,,"/** Whether a resolved column reference is PHYSICALLY renderable from * this source tree: its alias exists, and a VALUES source actually * carries the column (stamped outputs can be wider than the rendered * list — the pruned-demand seed sh"
op,null_ternary,com.legend.lowering,com/legend/lowering/Fold.java,627,cellPresentFiltered,False,,,,,return proj.withWhere(proj.where() == null ? cond
op,orElseGet,com.legend.lowering,com/legend/lowering/Fold.java,636,cellPresentFiltered,True,,,,,.orElseGet(() ->
op,orElseGet,com.legend.lowering,com/legend/lowering/Fold.java,695,unnestColumn,True,,,,,".orElseGet(() -> new SqlExpr.Column(srcAlias, col));"
standin,PlatformTypes.ANY,com.legend.lowering,com/legend/lowering/Fold.java,753,isManyScalarCol,True,,,plain,,"com.legend.compiler.element.type.PlatformTypes.ANY),"
op,orElseGet,com.legend.lowering,com/legend/lowering/Fold.java,779,scalarReadColumn,True,,,,,.orElseGet(() -> {
review,type-decision-site,com.legend.lowering,com/legend/lowering/Fold.java,781,,True,SUSPICIOUS,REACHABLE-BY-CONSTRUCTION,hand-reviewed,lowering-side twin of the trust-name rule,
throw,INTERNAL_CUSTOM:NotImplementedException,com.legend.lowering,com/legend/lowering/Fold.java,784,scalarReadColumn,True,,,INTERNAL_CUSTOM,,throw new com.legend.error.NotImplementedException(
op,isEmpty_ternary,com.legend.lowering,com/legend/lowering/Fold.java,811,scalarReadColumn,True,,,,,case SqlSource.RawSql raw -> raw.outputs().isEmpty()
op,notnull_ternary,com.legend.lowering,com/legend/lowering/Fold.java,827,scalarReadColumn,True,,,,,"yield left != null ? left : sourceColumn(j.right(), column);"
op,default_arrow,com.legend.lowering,com/legend/lowering/Fold.java,853,lateBoundGrid,True,,,,,default -> false;
throw,INTERNAL_JDK:IllegalStateException,com.legend.lowering,com/legend/lowering/Fold.java,906,claims,True,,,INTERNAL_JDK,,throw new IllegalStateException(
op,orElse,com.legend.lowering,com/legend/lowering/Fold.java,924,claims,True,,,,,.orElse(null);
op,instanceof_else_default,com.legend.lowering,com/legend/lowering/Fold.java,934,describeSource,False,,,,,+ (sub.inner() instanceof SqlSelect ss
op,default_arrow,com.legend.lowering,com/legend/lowering/Fold.java,940,describeSource,False,,,,,"default -> s.getClass().getSimpleName() + "":"" + s.alias() + ""("""
standin,Type.Primitive.*,com.legend.lowering,com/legend/lowering/Fold.java,957,jsonDateWrap,True,,,plain,,if (t != com.legend.compiler.element.type.Type.Primitive.DATE_TIME
standin,Type.Primitive.*,com.legend.lowering,com/legend/lowering/Fold.java,958,jsonDateWrap,True,,,plain,,&& t != com.legend.compiler.element.type.Type.Primitive.DATE) {
standin,Type.Primitive.*,com.legend.lowering,com/legend/lowering/Fold.java,968,jsonDateWrap,True,,,plain,,if (t == com.legend.compiler.element.type.Type.Primitive.DATE) {
op,instanceof_else_default,com.legend.lowering,com/legend/lowering/Fold.java,986,leafResultType,True,,,,,instanceof Type.FunctionType ft
standin,Type.Primitive.*,com.legend.lowering,com/legend/lowering/Fold.java,999,cellText,True,,,plain,,return t == com.legend.compiler.element.type.Type.Primitive.BOOLEAN
op,default_arrow,com.legend.lowering,com/legend/lowering/InstanceEquality.java,69,claims,True,,,,,default -> false;
op,default_arrow,com.legend.lowering,com/legend/lowering/InstanceEquality.java,86,claims,True,,,,,"default -> contains(n,"
op,instanceof_else_default,com.legend.lowering,com/legend/lowering/InstanceEquality.java,178,isMany,True,,,,,return s.info().multiplicity() instanceof Multiplicity.Bounded b
op,instanceof_else_default,com.legend.lowering,com/legend/lowering/InstanceProjection.java,54,lower,True,,,,,p.source() instanceof TypedCollection c
throw,INTERNAL_CUSTOM:NotImplementedException,com.legend.lowering,com/legend/lowering/InstanceProjection.java,95,instanceSelect,True,,,INTERNAL_CUSTOM,,throw new NotImplementedException(
throw,INTERNAL_JDK:IllegalStateException,com.legend.lowering,com/legend/lowering/InstanceProjection.java,103,instanceSelect,True,,,INTERNAL_JDK,,"throw new IllegalStateException(""instance-literal project:"""
op,null_ternary,com.legend.lowering,com/legend/lowering/InstanceProjection.java,107,instanceSelect,True,,,,,return pv == null ? new SqlExpr.NullLit()
throw,INTERNAL_CUSTOM:NotImplementedException,com.legend.lowering,com/legend/lowering/InstanceProjection.java,119,instanceSelect,True,,,INTERNAL_CUSTOM,,throw new NotImplementedException(
op,isEmpty_ternary,com.legend.lowering,com/legend/lowering/InstanceProjection.java,136,instanceSelect,False,,,,,SqlExpr array = many.elements().isEmpty()
op,instanceof_else_default,com.legend.lowering,com/legend/lowering/InstanceProjection.java,151,instanceSelect,True,,,,,&& t.type() instanceof SqlType.Array at
op,null_ternary,com.legend.lowering,com/legend/lowering/InstanceProjection.java,158,instanceSelect,True,,,,,src = src == null
op,null_ternary,com.legend.lowering,com/legend/lowering/InstanceProjection.java,179,instanceSelect,False,,,,,"src == null ? new SqlSource.Dual() : src, null, List.of(),"
op,null_ternary,com.legend.lowering,com/legend/lowering/LambdaBinding.java,80,lambdaResolver,True,,,,,"return prop == null ? new SqlExpr.Column(null, var)"
op,instanceof_else_default,com.legend.lowering,com/legend/lowering/LambdaBinding.java,148,elementOf,True,,,,,&& t.type() instanceof SqlType.Array at
op,instanceof_else_default,com.legend.lowering,com/legend/lowering/LambdaBinding.java,258,mapElemResolver,True,,,,,SqlType elem = source.type() instanceof TypeFact.Typed t
op,instanceof_else_default,com.legend.lowering,com/legend/lowering/LambdaBinding.java,259,mapElemResolver,True,,,,,? t.type() instanceof com.legend.sql.SqlType.Array at
op,null_ternary,com.legend.lowering,com/legend/lowering/LambdaBinding.java,302,lowerNativeArgs,True,,,,,var != null && ps.contains(var) && prop == null
op,instanceof_else_default,com.legend.lowering,com/legend/lowering/LayoutTypes.java,55,,True,,,,,String walkKey = t instanceof Type.ClassType ct9 ? ct9.fqn()
op,instanceof_else_default,com.legend.lowering,com/legend/lowering/LayoutTypes.java,56,,True,,,,,: t instanceof Type.GenericType g9 ? g9.rawFqn() : null;
review,type-decision-site,com.legend.lowering,com/legend/lowering/LayoutTypes.java,58,,True,SUSPICIOUS,PROVEN-REACHED,hand-reviewed,"a recursive class layout silently becomes SqlType.Scalar.JSON (recursion guard), a SQL type not derived from the model",
op,orElseGet,com.legend.lowering,com/legend/lowering/LayoutTypes.java,79,sqlTypeOfUnguarded,True,,,,,.orElseGet(() -> {
review,type-decision-site,com.legend.lowering,com/legend/lowering/LayoutTypes.java,90,,True,SUSPICIOUS,PROVEN-REACHED,hand-reviewed,a model class with no layoutable properties silently becomes SqlType.Scalar.JSON,
op,instanceof_else_default,com.legend.lowering,com/legend/lowering/ListEncodings.java,221,clamp0,False,,,,,return e instanceof SqlExpr.IntLit i
op,instanceof_else_default,com.legend.lowering,com/legend/lowering/ListEncodings.java,228,onePlus,False,,,,,return e instanceof SqlExpr.IntLit i
standin,Type.Primitive.*,com.legend.lowering,com/legend/lowering/LiteralSpelling.java,59,LiteralSpelling,True,,,plain,,if (t == Type.Primitive.STRING) {
standin,Type.Primitive.*,com.legend.lowering,com/legend/lowering/LiteralSpelling.java,62,LiteralSpelling,True,,,plain,,if (t == Type.Primitive.BOOLEAN || t == Type.Primitive.INTEGER
standin,Type.Primitive.*,com.legend.lowering,com/legend/lowering/LiteralSpelling.java,62,LiteralSpelling,True,,,plain,,if (t == Type.Primitive.BOOLEAN || t == Type.Primitive.INTEGER
standin,Type.Primitive.*,com.legend.lowering,com/legend/lowering/LiteralSpelling.java,63,LiteralSpelling,True,,,plain,,|| t == Type.Primitive.STRICT_DATE) {
standin,Type.Primitive.*,com.legend.lowering,com/legend/lowering/LiteralSpelling.java,68,LiteralSpelling,True,,,plain,,if (t == Type.Primitive.DECIMAL
standin,Type.Primitive.*,com.legend.lowering,com/legend/lowering/LiteralSpelling.java,80,LiteralSpelling,True,,,plain,,if (t == Type.Primitive.FLOAT) {
standin,Type.Primitive.*,com.legend.lowering,com/legend/lowering/LiteralSpelling.java,83,LiteralSpelling,True,,,plain,,if (t == Type.Primitive.DATE_TIME || t == Type.Primitive.DATE) {
standin,Type.Primitive.*,com.legend.lowering,com/legend/lowering/LiteralSpelling.java,83,LiteralSpelling,True,,,plain,,if (t == Type.Primitive.DATE_TIME || t == Type.Primitive.DATE) {
standin,Type.Primitive.*,com.legend.lowering,com/legend/lowering/LiteralSpelling.java,97,LiteralSpelling,True,,,plain,,if (kind == Type.Primitive.STRING) {
standin,Type.Primitive.*,com.legend.lowering,com/legend/lowering/LiteralSpelling.java,110,LiteralSpelling,True,,,plain,,if (kind == Type.Primitive.DECIMAL
standin,Type.Primitive.*,com.legend.lowering,com/legend/lowering/LiteralSpelling.java,119,LiteralSpelling,True,,,plain,,if (kind == Type.Primitive.STRICT_DATE
standin,Type.Primitive.*,com.legend.lowering,com/legend/lowering/LiteralSpelling.java,120,LiteralSpelling,True,,,plain,,|| kind == Type.Primitive.DATE_TIME) {
standin,Type.Primitive.*,com.legend.lowering,com/legend/lowering/LiteralSpelling.java,303,has,True,,,plain,,? Type.Primitive.DECIMAL : t;
standin,Type.Primitive.*,com.legend.lowering,com/legend/lowering/LiteralSpelling.java,304,has,True,,,plain,,if (kind != Type.Primitive.INTEGER && kind != Type.Primitive.FLOAT
standin,Type.Primitive.*,com.legend.lowering,com/legend/lowering/LiteralSpelling.java,304,has,True,,,plain,,if (kind != Type.Primitive.INTEGER && kind != Type.Primitive.FLOAT
standin,Type.Primitive.*,com.legend.lowering,com/legend/lowering/LiteralSpelling.java,305,has,True,,,plain,,&& kind != Type.Primitive.DECIMAL) {
standin,Type.Primitive.*,com.legend.lowering,com/legend/lowering/LiteralSpelling.java,341,printForm,True,,,plain,,PureSql.type(Type.Primitive.STRING));
throw,INTERNAL_JDK:IllegalStateException,com.legend.lowering,com/legend/lowering/Lowerer.java,237,lower,True,,,INTERNAL_JDK,,throw new IllegalStateException(
throw,INTERNAL_JDK:IllegalStateException,com.legend.lowering,com/legend/lowering/Lowerer.java,241,lower,True,,,INTERNAL_JDK,,throw new IllegalStateException(
op,instanceof_else_default,com.legend.lowering,com/legend/lowering/Lowerer.java,287,lower,True,,,,,ml.info().type() instanceof Type.FunctionType fnT
throw,INTERNAL_JDK:IllegalStateException,com.legend.lowering,com/legend/lowering/Lowerer.java,327,scalarRoot,False,,,INTERNAL_JDK,,"throw new IllegalStateException(""a scalar query has no row scope for $"""
throw,INTERNAL_JDK:IllegalStateException,com.legend.lowering,com/legend/lowering/Lowerer.java,433,scalarRoot,False,,,INTERNAL_JDK,,"throw new IllegalStateException(""a scalar query has no row scope for $"""
op,instanceof_else_default,com.legend.lowering,com/legend/lowering/Lowerer.java,441,scalarRoot,True,,,,,SqlExpr carrier = op instanceof SqlExpr.CompactList cl
op,notnull_ternary,com.legend.lowering,com/legend/lowering/Lowerer.java,443,scalarRoot,True,,,,,return Scalars.aggStrip(carrier) != null
standin,Type.Primitive.*,com.legend.lowering,com/legend/lowering/Lowerer.java,467,scalarRoot,True,,,plain,,Type.Primitive.INTEGER);
standin,Type.Primitive.*,com.legend.lowering,com/legend/lowering/Lowerer.java,480,scalarRoot,True,,,plain,,Type.Primitive.INTEGER);
throw,INTERNAL_CUSTOM:UnfoldableRef,com.legend.lowering,com/legend/lowering/Lowerer.java,525,scalarRoot,False,,,INTERNAL_CUSTOM,,throw new UnfoldableRef(
op,null_ternary,com.legend.lowering,com/legend/lowering/Lowerer.java,526,scalarRoot,False,,,,,"name == null ? ""<whole variable>"" : name);"
throw,INTERNAL_JDK:IllegalStateException,com.legend.lowering,com/legend/lowering/Lowerer.java,557,scalarRoot,True,,,INTERNAL_JDK,,"throw new IllegalStateException(""collection-relation value must"""
comment,default,com.legend.lowering,com/legend/lowering/Lowerer.java,668,,True,,,line,,// to this switch's default on the plain compile path).
comment,default,com.legend.lowering,com/legend/lowering/Lowerer.java,677,,True,,,line,,"// so, instead of the frontier default's misdiagnosis."
throw,INTERNAL_CUSTOM:NotImplementedException,com.legend.lowering,com/legend/lowering/Lowerer.java,679,scalarRoot,True,,,INTERNAL_CUSTOM,,throw new NotImplementedException(
comment,default,com.legend.lowering,com/legend/lowering/Lowerer.java,695,,True,,,line,,// SANCTIONED frontier default (root package-info invariant is
op,default_arrow,com.legend.lowering,com/legend/lowering/Lowerer.java,698,scalarRoot,True,,,,,"default -> throw new NotImplementedException(""lowering not yet implemented for """
throw,INTERNAL_CUSTOM:NotImplementedException,com.legend.lowering,com/legend/lowering/Lowerer.java,698,scalarRoot,True,,,INTERNAL_CUSTOM,,"default -> throw new NotImplementedException(""lowering not yet implemented for """
op,instanceof_else_default,com.legend.lowering,com/legend/lowering/Lowerer.java,700,scalarRoot,True,,,,,+ (spec instanceof TypedNativeCall nc2
op,isPresent_ternary,com.legend.lowering,com/legend/lowering/Lowerer.java,745,buildGroupBy,True,,,,,SqlExpr e = k.fn().isPresent()
op,orElse,com.legend.lowering,com/legend/lowering/Lowerer.java,750,buildGroupBy,True,,,,,keys.add(com.legend.sql.DecodeShapes.sourceExpr(e).orElse(e));
comment,fallback,com.legend.lowering,com/legend/lowering/Lowerer.java,768,,True,,,javadoc,,"/** One envelope lambda lowered STRICTLY against the base select — * leaves, subType patches, witnesses, order keys and checked * constraints share the rule: read your own row only (an outer-scope * fallback could silently supply a same-nam"
throw,INTERNAL_JDK:IllegalStateException,com.legend.lowering,com/legend/lowering/Lowerer.java,780,envelopeScalar,True,,,INTERNAL_JDK,,case Resolution.Unfoldable u -> throw new IllegalStateException(
comment,best effort,com.legend.lowering,com/legend/lowering/Lowerer.java,920,,True,,,line,,// PK determinism key: ASC and BEST-EFFORT — an explicit
standin,Type.Primitive.*,com.legend.lowering,com/legend/lowering/Lowerer.java,972,serializeGraph,True,,,plain,,"List.of(new OutputCol(""result"", PureSql.type(Type.Primitive.STRING), false)));"
throw,INTERNAL_JDK:IllegalStateException,com.legend.lowering,com/legend/lowering/Lowerer.java,998,inlineChildObject,True,,,INTERNAL_JDK,,case Resolution.Unfoldable u -> throw new IllegalStateException(
op,null_ternary,com.legend.lowering,com/legend/lowering/Lowerer.java,1040,aggCols,True,,,,,"SqlExpr av = aggValue(base, a, cal == null ? null : cal.get(a));"
throw,INTERNAL_JDK:IllegalStateException,com.legend.lowering,com/legend/lowering/Lowerer.java,1060,aggCols,True,,,INTERNAL_JDK,,"throw new IllegalStateException(""aggregate '"" + a.name()"
throw,INTERNAL_JDK:IllegalStateException,com.legend.lowering,com/legend/lowering/Lowerer.java,1103,aggValue,True,,,INTERNAL_JDK,,"throw new IllegalStateException(""aggregate reduce must be a native reducer call, got """
op,null_ternary,com.legend.lowering,com/legend/lowering/Lowerer.java,1129,aggValue,True,,,,,List<SqlSelect.SortKey> aggOrder = a.orderKey() == null ? List.of()
throw,INTERNAL_JDK:IllegalStateException,com.legend.lowering,com/legend/lowering/Lowerer.java,1174,aggValue,True,,,INTERNAL_JDK,,"throw new IllegalStateException(""aggregate reducer argument of kind """
throw,INTERNAL_JDK:IllegalStateException,com.legend.lowering,com/legend/lowering/Lowerer.java,1192,aggValue,False,,,INTERNAL_JDK,,throw new IllegalStateException(
throw,INTERNAL_JDK:IllegalStateException,com.legend.lowering,com/legend/lowering/Lowerer.java,1208,aggValue,True,,,INTERNAL_JDK,,throw new IllegalStateException(
throw,INTERNAL_CUSTOM:NotImplementedException,com.legend.lowering,com/legend/lowering/Lowerer.java,1213,aggValue,True,,,INTERNAL_CUSTOM,,throw new com.legend.error.NotImplementedException(
throw,INTERNAL_CUSTOM:NotImplementedException,com.legend.lowering,com/legend/lowering/Lowerer.java,1222,aggValue,True,,,INTERNAL_CUSTOM,,throw new com.legend.error.NotImplementedException(
throw,INTERNAL_JDK:IllegalStateException,com.legend.lowering,com/legend/lowering/Lowerer.java,1255,aggValue,False,,,INTERNAL_JDK,,"throw new IllegalStateException(""isDistinct aggregate with"""
comment,default,com.legend.lowering,com/legend/lowering/Lowerer.java,1276,,False,,,line,,// Extension.pure:253) — bare STRING_AGG defaults to COMMA.
op,notnull_ternary,com.legend.lowering,com/legend/lowering/Lowerer.java,1349,computedColumns,True,,,,,"SqlSelect a2 = a1 != null ? a1 : tryComputedColumns(isolate(base),"
throw,INTERNAL_JDK:IllegalStateException,com.legend.lowering,com/legend/lowering/Lowerer.java,1354,computedColumns,True,,,INTERNAL_JDK,,"throw new IllegalStateException(""extend/project columns """
op,null_ternary,com.legend.lowering,com/legend/lowering/Lowerer.java,1357,computedColumns,True,,,,,"+ (miss[0] == null ? """" : "" [col='"" + miss[0] + ""' ref='"" + miss[1] + ""']""));"
throw,INTERNAL_CUSTOM:NotImplementedException,com.legend.lowering,com/legend/lowering/Lowerer.java,1374,computedColumns,True,,,INTERNAL_CUSTOM,,throw new com.legend.error.NotImplementedException(
op,instanceof_else_default,com.legend.lowering,com/legend/lowering/Lowerer.java,1409,computedColumns,True,,,,,Type elemT = Type.schemaView(info.type()) instanceof Type.RelationType rt
op,orElse,com.legend.lowering,com/legend/lowering/Lowerer.java,1413,computedColumns,True,VIOLATION,PROVEN-REACHED,,declared-schema column lookup falls back to Type.Primitive.STRING; over a late-bound raw grid the schema is empty so STRING is always produced,.orElse(Type.Primitive.STRING)
standin,Type.Primitive.*,com.legend.lowering,com/legend/lowering/Lowerer.java,1413,computedColumns,True,VIOLATION,PROVEN-REACHED,"orElse,ternary_else",declared-schema column lookup falls back to Type.Primitive.STRING; over a late-bound raw grid the schema is empty so STRING is always produced,.orElse(Type.Primitive.STRING)
standin,Type.Primitive.*,com.legend.lowering,com/legend/lowering/Lowerer.java,1414,computedColumns,True,VIOLATION,UNPROVEN,plain,"non-relation info.type() falls back to Type.Primitive.STRING (same expression, ternary else arm)",: Type.Primitive.STRING;
op,null_ternary,com.legend.lowering,com/legend/lowering/Lowerer.java,1489,filter,False,,,,,case HAVING -> src.withHaving(src.having() == null ? predicate
op,null_ternary,com.legend.lowering,com/legend/lowering/Lowerer.java,1491,filter,False,,,,,case QUALIFY -> src.withQualify(src.qualify() == null ? predicate
throw,INTERNAL_JDK:IllegalStateException,com.legend.lowering,com/legend/lowering/Lowerer.java,1493,filter,False,,,INTERNAL_JDK,,"case ISOLATE -> throw new IllegalStateException(""unreachable: isolated above"");"
throw,INTERNAL_JDK:IllegalStateException,com.legend.lowering,com/legend/lowering/Lowerer.java,1515,predicateOrThrow,True,,,INTERNAL_JDK,,case Resolution.Unfoldable u -> throw new IllegalStateException(
op,isEmpty_ternary,com.legend.lowering,com/legend/lowering/Lowerer.java,1524,tryPredicate,True,,,,,ColumnResolver columns = select.groupBy().isEmpty()
throw,INTERNAL_CUSTOM:UnfoldableRef,com.legend.lowering,com/legend/lowering/Lowerer.java,1552,projectionExprOrThrow,True,,,INTERNAL_CUSTOM,,"throw new UnfoldableRef(""<whole variable>"");"
throw,INTERNAL_CUSTOM:UnfoldableRef,com.legend.lowering,com/legend/lowering/Lowerer.java,1559,projectionExprOrThrow,True,,,INTERNAL_CUSTOM,,throw new UnfoldableRef(column);
comment,default,com.legend.lowering,com/legend/lowering/Lowerer.java,1562,,True,,,javadoc,,"/** uniqueValueOnly over a group (collectionExtension.pure): the * single distinct value, else empty — CASE WHEN COUNT(DISTINCT x) * = 1 THEN MAX(x) END (max of one value IS the value); the 2-arg * form's DEFAULT rides as the CASE else. */"
op,isEmpty_ternary,com.legend.lowering,com/legend/lowering/Lowerer.java,1568,uniqueValueOnlyAgg,False,,,,,SqlExpr uvDefault = extra.isEmpty() ? new SqlExpr.NullLit()
throw,INTERNAL_JDK:IllegalStateException,com.legend.lowering,com/legend/lowering/Lowerer.java,1571,uniqueValueOnlyAgg,False,,,INTERNAL_JDK,,throw new IllegalStateException(
op,default_arrow,com.legend.lowering,com/legend/lowering/Lowerer.java,1590,aliasIsBaseTable,True,,,,,default -> false;
throw,INTERNAL_CUSTOM:UnfoldableRef,com.legend.lowering,com/legend/lowering/Lowerer.java,1601,aliasIsBaseTable,True,,,INTERNAL_CUSTOM,,"if (column == null) { throw new UnfoldableRef(""<whole variable>""); }"
throw,INTERNAL_CUSTOM:UnfoldableRef,com.legend.lowering,com/legend/lowering/Lowerer.java,1605,aliasIsBaseTable,True,,,INTERNAL_CUSTOM,,throw new UnfoldableRef(column);
op,null_ternary,com.legend.lowering,com/legend/lowering/Lowerer.java,1638,scopedResolver,True,,,,,"throw new UnfoldableRef(name == null ? ""<whole variable>"" : name);"
throw,INTERNAL_CUSTOM:UnfoldableRef,com.legend.lowering,com/legend/lowering/Lowerer.java,1638,scopedResolver,True,,,INTERNAL_CUSTOM,,"throw new UnfoldableRef(name == null ? ""<whole variable>"" : name);"
catch,FALLBACK_RETURN,com.legend.lowering,com/legend/lowering/Lowerer.java,1658,foldOrIsolate,True,,,UnfoldableRef first,,"{ try { return build.apply(isolate(base)); } catch (UnfoldableRef second) { throw new IllegalStateException(op + "" reference '"" + second.getMessage() + ""' cannot be resolved even after"" + "" isolation""); } }"
catch,RETHROW,com.legend.lowering,com/legend/lowering/Lowerer.java,1661,foldOrIsolate,True,,,UnfoldableRef second,,"{ throw new IllegalStateException(op + "" reference '"" + second.getMessage() + ""' cannot be resolved even after"" + "" isolation""); }"
throw,INTERNAL_JDK:IllegalStateException,com.legend.lowering,com/legend/lowering/Lowerer.java,1662,foldOrIsolate,False,,,INTERNAL_JDK,,"throw new IllegalStateException(op + "" reference '"""
throw,INTERNAL_JDK:IllegalStateException,com.legend.lowering,com/legend/lowering/Lowerer.java,1699,projectColumns,True,,,INTERNAL_JDK,,"throw new IllegalStateException(""select/distinct columns "" + columns"
throw,INTERNAL_JDK:IllegalStateException,com.legend.lowering,com/legend/lowering/Lowerer.java,1784,rename,True,,,INTERNAL_JDK,,"throw new IllegalStateException(""rename source column '"" + from"
op,instanceof_else_default,com.legend.lowering,com/legend/lowering/Lowerer.java,1788,rename,True,,,,,e instanceof SqlExpr.Column col ? col.name() : null) ? null : c.name()));
throw,INTERNAL_JDK:IllegalStateException,com.legend.lowering,com/legend/lowering/Lowerer.java,1835,navigate,True,,,INTERNAL_JDK,,"throw new IllegalStateException(""store-only navigate (class-extent"""
op,default_arrow,com.legend.lowering,com/legend/lowering/Lowerer.java,1924,join,False,,,,,"default -> throw new IllegalStateException(""unknown join kind "" + j.kind().value());"
throw,INTERNAL_JDK:IllegalStateException,com.legend.lowering,com/legend/lowering/Lowerer.java,1924,join,False,,,INTERNAL_JDK,,"default -> throw new IllegalStateException(""unknown join kind "" + j.kind().value());"
throw,INTERNAL_JDK:IllegalStateException,com.legend.lowering,com/legend/lowering/Lowerer.java,2089,sideCondition,True,,,INTERNAL_JDK,,"throw new IllegalStateException(""join condition reads a whole"""
throw,INTERNAL_JDK:IllegalStateException,com.legend.lowering,com/legend/lowering/Lowerer.java,2107,sideCondition,True,,,INTERNAL_JDK,,"throw new IllegalStateException(""join condition references unknown column '"""
op,orElse,com.legend.lowering,com/legend/lowering/Lowerer.java,2180,lowerOver,True,,,,,"return new Over(parts, keys, over.frame().map(Windows::sqlFrame).orElse(null));"
throw,INTERNAL_JDK:IllegalStateException,com.legend.lowering,com/legend/lowering/Lowerer.java,2266,windowScalar,True,,,INTERNAL_JDK,,throw new IllegalStateException(
throw,INTERNAL_JDK:IllegalStateException,com.legend.lowering,com/legend/lowering/Lowerer.java,2282,windowScalar,True,,,INTERNAL_JDK,,"throw new IllegalStateException(""window value function '"""
op,orElse,com.legend.lowering,com/legend/lowering/Lowerer.java,2314,windowScalar,False,,,,,.orElse(new SqlExpr.NullLit()));
op,default_arrow,com.legend.lowering,com/legend/lowering/Lowerer.java,2316,windowScalar,True,,,,,default -> {
throw,INTERNAL_JDK:IllegalStateException,com.legend.lowering,com/legend/lowering/Lowerer.java,2331,trailingIntArgs,True,,,INTERNAL_JDK,,"throw new IllegalStateException(""window function argument of kind """
op,instanceof_else_default,com.legend.lowering,com/legend/lowering/Lowerer.java,2353,scalarInner,True,,,,,case TypedCInteger c -> c.value() instanceof java.math.BigInteger big
standin,Type.Primitive.*,com.legend.lowering,com/legend/lowering/Lowerer.java,2443,scalarInner,True,,,plain,,case TypedCollection c when c.info().type() == Type.Primitive.NUMBER
op,instanceof_else_default,com.legend.lowering,com/legend/lowering/Lowerer.java,2516,scalarInner,True,,,,,yield bound instanceof SqlExpr.PlanParam pp
throw,USER:ModelException,com.legend.lowering,com/legend/lowering/Lowerer.java,2552,scalarInner,True,,,USER,,throw new ModelException(
op,null_ternary,com.legend.lowering,com/legend/lowering/Lowerer.java,2565,scalarInner,True,,,,,"yield v == null ? new SqlExpr.NullLit() : scalar(v, columns);"
op,default_arrow,com.legend.lowering,com/legend/lowering/Lowerer.java,2567,scalarInner,True,,,,,"default -> scalarStructural(spec, columns);"
comment,default,com.legend.lowering,com/legend/lowering/Lowerer.java,2576,,True,,,javadoc,,"/** Scalar lowering, arm group (sequential order preserved: * guarded patterns depend on it) — the 523-line dispatch split * at arm boundaries; each group defaults to the next. */"
op,null_ternary,com.legend.lowering,com/legend/lowering/Lowerer.java,2609,scalarStructural,True,,,,,"yield ov == null ? scalar(cp.source(), columns)"
throw,INTERNAL_CUSTOM:NotImplementedException,com.legend.lowering,com/legend/lowering/Lowerer.java,2614,scalarStructural,True,,,INTERNAL_CUSTOM,,throw new NotImplementedException(
op,orElseThrow,com.legend.lowering,com/legend/lowering/Lowerer.java,2617,scalarStructural,True,,,,,var layout = classLayout.apply(cp.info().type()).orElseThrow(() ->
op,notnull_ternary,com.legend.lowering,com/legend/lowering/Lowerer.java,2629,scalarStructural,True,,,,,"SqlExpr v = ov != null ? scalar(ov, columns)"
op,null_ternary,com.legend.lowering,com/legend/lowering/Lowerer.java,2659,scalarStructural,True,,,,,yield values == null
op,orElseThrow,com.legend.lowering,com/legend/lowering/Lowerer.java,2677,scalarStructural,True,,,,,var layout = classLayout.apply(n.info().type()).orElseThrow(() ->
op,notnull_ternary,com.legend.lowering,com/legend/lowering/Lowerer.java,2689,scalarStructural,True,,,,,"SqlExpr v = value != null ? scalar(value, columns) : new SqlExpr.NullLit();"
op,notnull_ternary,com.legend.lowering,com/legend/lowering/Lowerer.java,2714,scalarStructural,True,,,,,yield bound != null ? bound
op,orElse,com.legend.lowering,com/legend/lowering/Lowerer.java,2789,scalarStructural,True,,,,,.map(PureSql::thunkBody).orElse(null);
op,null_ternary,com.legend.lowering,com/legend/lowering/Lowerer.java,2795,scalarStructural,True,,,,,elseB == null ? new SqlExpr.NullLit()
op,default_arrow,com.legend.lowering,com/legend/lowering/Lowerer.java,2820,scalarStructural,True,,,,,"default -> scalarRelationalArms(spec, columns);"
comment,default,com.legend.lowering,com/legend/lowering/Lowerer.java,2824,,True,,,javadoc,,"/** Scalar lowering, arm group (sequential order preserved: * guarded patterns depend on it) — the 523-line dispatch split * at arm boundaries; each group defaults to the next. */"
op,default_arrow,com.legend.lowering,com/legend/lowering/Lowerer.java,2882,scalarRelationalArms,True,,,,,"default -> scalarValueTailArms(spec, columns);"
op,notnull_ternary,com.legend.lowering,com/legend/lowering/Lowerer.java,2949,scalarValueTailArms,True,,,,,"yield ie != null ? ie : Scalars.lower(n,"
throw,INTERNAL_CUSTOM:NotImplementedException,com.legend.lowering,com/legend/lowering/Lowerer.java,2965,scalarValueTailArms,True,,,INTERNAL_CUSTOM,,throw new NotImplementedException(
op,instanceof_else_default,com.legend.lowering,com/legend/lowering/Lowerer.java,2990,scalarValueTailArms,True,,,,,ml2.info().type() instanceof Type.FunctionType fnT2
throw,INTERNAL_CUSTOM:UnfoldableRef,com.legend.lowering,com/legend/lowering/Lowerer.java,3067,scalarValueTailArms,True,,,INTERNAL_CUSTOM,,throw new UnfoldableRef(
op,null_ternary,com.legend.lowering,com/legend/lowering/Lowerer.java,3068,scalarValueTailArms,True,,,,,"name == null ? ""<whole variable>"" : name);"
comment,default,com.legend.lowering,com/legend/lowering/Lowerer.java,3125,,True,,,line,,// SANCTIONED frontier default — see relation() above.
op,default_arrow,com.legend.lowering,com/legend/lowering/Lowerer.java,3126,scalarValueTailArms,True,,,,,"default -> throw new NotImplementedException(""scalar lowering not yet implemented for """
throw,INTERNAL_CUSTOM:NotImplementedException,com.legend.lowering,com/legend/lowering/Lowerer.java,3126,scalarValueTailArms,True,,,INTERNAL_CUSTOM,,"default -> throw new NotImplementedException(""scalar lowering not yet implemented for """
throw,INTERNAL_JDK:IllegalStateException,com.legend.lowering,com/legend/lowering/Lowerer.java,3135,noScope,True,,,INTERNAL_JDK,,throw new IllegalStateException(
op,null_ternary,com.legend.lowering,com/legend/lowering/Lowerer.java,3137,noScope,True,,,,,"+ (name == null ? """" : ""."" + name));"
throw,INTERNAL_CUSTOM:NotImplementedException,com.legend.lowering,com/legend/lowering/Lowerer.java,3224,relationCast,True,,,INTERNAL_CUSTOM,,throw new com.legend.error.NotImplementedException(
throw,INTERNAL_JDK:IllegalStateException,com.legend.lowering,com/legend/lowering/Lowerer.java,3253,relationCast,True,,,INTERNAL_JDK,,"throw new IllegalStateException(""relation cast columns unresolvable"""
throw,INTERNAL_JDK:IllegalStateException,com.legend.lowering,com/legend/lowering/Lowerer.java,3272,relationCast,True,,,INTERNAL_JDK,,"throw new IllegalStateException(""relation cast: target"""
op,orElseThrow,com.legend.lowering,com/legend/lowering/Lowerer.java,3308,manyPropertyMap,True,,,,,.apply(p.source().info().type()).orElseThrow()
throw,INTERNAL_JDK:IllegalStateException,com.legend.lowering,com/legend/lowering/Lowerer.java,3359,aggFlavor,False,,,INTERNAL_JDK,,"throw new IllegalStateException(""boolean reducer arguments are"""
standin,Type.Primitive.*,com.legend.lowering,com/legend/lowering/Lowerer.java,3406,enumTypeMismatch,True,,,plain,,&& prim == Type.Primitive.STRING);
throw,INTERNAL_JDK:IllegalStateException,com.legend.lowering,com/legend/lowering/Lowerer.java,3435,select1,True,,,INTERNAL_JDK,,"throw new IllegalStateException(""relation exists/forAll expects a predicate lambda"");"
op,instanceof_else_default,com.legend.lowering,com/legend/lowering/Lowerer.java,3484,schemaOf,True,,,,,c.type() instanceof Type.RelationType r0 ? r0 : null;
throw,INTERNAL_CUSTOM:NotImplementedException,com.legend.lowering,com/legend/lowering/MatchFold.java,34,fold,True,,,INTERNAL_CUSTOM,,"throw new NotImplementedException(""scalar match: no arm statically"""
standin,Type.Primitive.*,com.legend.lowering,com/legend/lowering/MatchFold.java,52,staticConforms,True,,,plain,,return p.isTemporal() && p != Type.Primitive.STRICT_TIME;
standin,Type.Primitive.*,com.legend.lowering,com/legend/lowering/MixedEncoding.java,80,MixedEncoding,True,,,plain,,if (lub != Type.Primitive.NUMBER && lub != Type.Primitive.DATE) {
standin,Type.Primitive.*,com.legend.lowering,com/legend/lowering/MixedEncoding.java,80,MixedEncoding,True,,,plain,,if (lub != Type.Primitive.NUMBER && lub != Type.Primitive.DATE) {
standin,Type.Primitive.*,com.legend.lowering,com/legend/lowering/MixedEncoding.java,121,encodeMixed,True,,,plain,,if (t == Type.Primitive.INTEGER) {
standin,Type.Primitive.*,com.legend.lowering,com/legend/lowering/MixedEncoding.java,126,encodeMixed,True,,,plain,,if (t == Type.Primitive.FLOAT) {
standin,Type.Primitive.*,com.legend.lowering,com/legend/lowering/MixedEncoding.java,130,encodeMixed,True,,,plain,,"ids.add(LiteralSpelling.literal(x, Type.Primitive.FLOAT));"
standin,Type.Primitive.*,com.legend.lowering,com/legend/lowering/MixedEncoding.java,134,encodeMixed,True,,,plain,,if (t == Type.Primitive.DECIMAL || t instanceof Type.PrecisionDecimal) {
standin,Type.Primitive.*,com.legend.lowering,com/legend/lowering/MixedEncoding.java,137,encodeMixed,True,,,plain,,"ids.add(LiteralSpelling.literal(x, Type.Primitive.DECIMAL));"
standin,Type.Primitive.*,com.legend.lowering,com/legend/lowering/MixedEncoding.java,141,encodeMixed,True,,,plain,,if (t == Type.Primitive.STRICT_DATE) {
standin,Type.Primitive.*,com.legend.lowering,com/legend/lowering/MixedEncoding.java,149,encodeMixed,True,,,plain,,if (t == Type.Primitive.DATE_TIME) {
standin,Type.Primitive.*,com.legend.lowering,com/legend/lowering/MixedEncoding.java,155,encodeMixed,True,,,plain,,if (t == Type.Primitive.DATE) {
standin,Type.Primitive.*,com.legend.lowering,com/legend/lowering/MixedEncoding.java,189,encodeMixed,True,,,plain,,if (t == Type.Primitive.INTEGER || t == Type.Primitive.FLOAT
standin,Type.Primitive.*,com.legend.lowering,com/legend/lowering/MixedEncoding.java,189,encodeMixed,True,,,plain,,if (t == Type.Primitive.INTEGER || t == Type.Primitive.FLOAT
standin,Type.Primitive.*,com.legend.lowering,com/legend/lowering/MixedEncoding.java,190,encodeMixed,True,,,plain,,|| t == Type.Primitive.BOOLEAN
standin,Type.Primitive.*,com.legend.lowering,com/legend/lowering/MixedEncoding.java,191,encodeMixed,True,,,plain,,|| t == Type.Primitive.STRING) {
standin,Type.Primitive.*,com.legend.lowering,com/legend/lowering/MixedEncoding.java,194,encodeMixed,True,,,plain,,if (t == Type.Primitive.DECIMAL
standin,Type.Primitive.*,com.legend.lowering,com/legend/lowering/MixedEncoding.java,196,encodeMixed,True,,,plain,,"return LiteralSpelling.literal(x, Type.Primitive.DECIMAL);"
standin,Type.Primitive.*,com.legend.lowering,com/legend/lowering/MixedEncoding.java,198,encodeMixed,True,,,plain,,if (t == Type.Primitive.STRICT_DATE) {
standin,Type.Primitive.*,com.legend.lowering,com/legend/lowering/MixedEncoding.java,201,encodeMixed,True,,,plain,,if (t == Type.Primitive.DATE_TIME) {
standin,Type.Primitive.*,com.legend.lowering,com/legend/lowering/MixedEncoding.java,205,encodeMixed,True,,,plain,,if (t == Type.Primitive.DATE) {
standin,Type.Primitive.*,com.legend.lowering,com/legend/lowering/MixedEncoding.java,215,dateComparableOrSelf,True,,,plain,,if (t == Type.Primitive.DATE) {
standin,Type.Primitive.*,com.legend.lowering,com/legend/lowering/MixedEncoding.java,221,dateComparableOrSelf,True,,,plain,,if (t == Type.Primitive.STRICT_DATE) {
standin,Type.Primitive.*,com.legend.lowering,com/legend/lowering/MixedEncoding.java,432,printedFormatSlots,True,,,plain,,if (st == Type.Primitive.INTEGER
standin,Type.Primitive.*,com.legend.lowering,com/legend/lowering/MixedEncoding.java,433,printedFormatSlots,True,,,plain,,|| st == Type.Primitive.FLOAT
standin,Type.Primitive.*,com.legend.lowering,com/legend/lowering/MixedEncoding.java,434,printedFormatSlots,True,,,plain,,|| st == Type.Primitive.BOOLEAN
standin,Type.Primitive.*,com.legend.lowering,com/legend/lowering/MixedEncoding.java,435,printedFormatSlots,True,,,plain,,|| st == Type.Primitive.DECIMAL
standin,Type.Primitive.*,com.legend.lowering,com/legend/lowering/MixedEncoding.java,439,printedFormatSlots,True,,,plain,,? Type.Primitive.DECIMAL : st));
comment,default,com.legend.lowering,com/legend/lowering/NullSemantics.java,63,,False,,,javadoc,,"/** Engine processNotEqual (dbExtension.pure:970-976): two LITERAL * operands stay a bare {@code <>}; every other {@code not(equal)} * redirects to the SEMANTIC {@code nullSafeNotEqual} node, which the * DIALECT spells ({@code is distinct f"
op,default_arrow,com.legend.lowering,com/legend/lowering/NullSemantics.java,219,notEqualExpandedArms,False,,,,,default -> null;
standin,Type.Primitive.*,com.legend.lowering,com/legend/lowering/Numerics.java,46,compareKind,True,,,plain,,if (t == com.legend.compiler.element.type.Type.Primitive.INTEGER
standin,Type.Primitive.*,com.legend.lowering,com/legend/lowering/Numerics.java,47,compareKind,True,,,plain,,|| t == com.legend.compiler.element.type.Type.Primitive.FLOAT
standin,Type.Primitive.*,com.legend.lowering,com/legend/lowering/Numerics.java,48,compareKind,True,,,plain,,|| t == com.legend.compiler.element.type.Type.Primitive.NUMBER
standin,Type.Primitive.*,com.legend.lowering,com/legend/lowering/Numerics.java,49,compareKind,True,,,plain,,|| t == com.legend.compiler.element.type.Type.Primitive.DECIMAL
standin,Type.Primitive.*,com.legend.lowering,com/legend/lowering/Numerics.java,53,compareKind,True,,,plain,,if (t == com.legend.compiler.element.type.Type.Primitive.DATE
standin,Type.Primitive.*,com.legend.lowering,com/legend/lowering/Numerics.java,54,compareKind,True,,,plain,,|| t == com.legend.compiler.element.type.Type.Primitive.STRICT_DATE
standin,Type.Primitive.*,com.legend.lowering,com/legend/lowering/Numerics.java,55,compareKind,True,,,plain,,|| t == com.legend.compiler.element.type.Type.Primitive.DATE_TIME) {
standin,Type.Primitive.*,com.legend.lowering,com/legend/lowering/Numerics.java,58,compareKind,True,,,plain,,if (t == com.legend.compiler.element.type.Type.Primitive.BOOLEAN) {
standin,Type.Primitive.*,com.legend.lowering,com/legend/lowering/Numerics.java,61,compareKind,True,,,plain,,if (t == com.legend.compiler.element.type.Type.Primitive.STRING) {
comment,fallback,com.legend.lowering,com/legend/lowering/PctTdsWrap.java,20,,False,,,javadoc,,/** * E1 (JAVA_EVICTION_PLAN): compose the PCT wire-render wrapper around an * already-staticized plan — the PLAN emits the wire TDS text * ({@link Render#pctTds}). Pure SQL composition (no connection): the * caller passes the LIMIT-0 metad
op,notnull_ternary,com.legend.lowering,com/legend/lowering/PctTdsWrap.java,46,wrap,True,,,,,List<OutputCol> outs = probe != null ? probe.outs()
throw,INTERNAL_JDK:IllegalStateException,com.legend.lowering,com/legend/lowering/PctTdsWrap.java,102,typedColumns,True,,,INTERNAL_JDK,,"throw new IllegalStateException(""PCT render: pivot column '"""
op,notnull_ternary,com.legend.lowering,com/legend/lowering/PctTdsWrap.java,110,typedColumns,True,,,,,sqlTypeToPure.apply(probe != null
op,getOrDefault,com.legend.lowering,com/legend/lowering/PctTdsWrap.java,111,typedColumns,True,,,,,"? probe.typeNames().getOrDefault(oc.name(),"
review,type-decision-site,com.legend.lowering,com/legend/lowering/PctTdsWrap.java,114,,True,SUSPICIOUS,UNPROVEN,hand-reviewed,every dynamic pivot column is stamped Multiplicity.Bounded.ONE; a pivot cell with no matching source row is NULL,
throw,INTERNAL_CUSTOM:NotImplementedException,com.legend.lowering,com/legend/lowering/PctTdsWrap.java,152,liftOrder,True,,,INTERNAL_CUSTOM,,throw new com.legend.error.NotImplementedException(
comment,default,com.legend.lowering,com/legend/lowering/PctTdsWrap.java,207,,True,,,line,,"// `: ""VARCHAR""` — the banned default->""String"" shape respelled"
comment,fallback,com.legend.lowering,com/legend/lowering/PctTdsWrap.java,208,,True,,,line,,"// as a ternary, invisible to the fallback guard. An untyped"
throw,INTERNAL_JDK:IllegalStateException,com.legend.lowering,com/legend/lowering/PctTdsWrap.java,210,slotName,True,,,INTERNAL_JDK,,"throw new IllegalStateException(""PCT render: output column"""
op,null_ternary,com.legend.lowering,com/legend/lowering/Pivots.java,49,lower,True,,,,,key = key == null ? col
op,instanceof_else_default,com.legend.lowering,com/legend/lowering/Pivots.java,81,lower,True,,,,,instanceof Type.FunctionType ft
standin,Type.Primitive.*,com.legend.lowering,com/legend/lowering/Pivots.java,82,lower,True,,,ternary_else,,? ft.result().type() : Type.Primitive.STRING;
throw,INTERNAL_JDK:IllegalStateException,com.legend.lowering,com/legend/lowering/Pivots.java,89,lower,True,,,INTERNAL_JDK,,throw new IllegalStateException(
op,instanceof_else_default,com.legend.lowering,com/legend/lowering/Pivots.java,104,lower,True,,,,,SqlExpr key = on.get(0) instanceof SqlExpr.Column kc
comment,default,com.legend.lowering,com/legend/lowering/PureSql.java,58,,True,,,javadoc,,"/** * EXHAUSTIVE over sealed {@link Type} and the {@code Primitive} enum — no * default arms (root package-info invariant): a new Pure type demands an * explicit decision here, at compile time. Unsupported kinds throw with * their own arm s"
review,type-decision-site,com.legend.lowering,com/legend/lowering/PureSql.java,75,,True,SUSPICIOUS,PROVEN-REACHED,hand-reviewed,"the bare Pure Decimal maps to a fixed SqlType.Decimal(38,18); a Decimal(20,4) model column loses its declared scale at the SQL boundary",
throw,INTERNAL_JDK:IllegalStateException,com.legend.lowering,com/legend/lowering/PureSql.java,100,type,True,,,INTERNAL_JDK,,throw new IllegalStateException(
throw,INTERNAL_JDK:IllegalStateException,com.legend.lowering,com/legend/lowering/PureSql.java,125,type,True,,,INTERNAL_JDK,,"throw new IllegalStateException(""no SQL type for Pure class """
throw,INTERNAL_JDK:IllegalStateException,com.legend.lowering,com/legend/lowering/PureSql.java,130,type,True,,,INTERNAL_JDK,,case Type.TypeVar v -> throw new IllegalStateException(
throw,INTERNAL_JDK:IllegalStateException,com.legend.lowering,com/legend/lowering/PureSql.java,155,type,True,,,INTERNAL_JDK,,throw new IllegalStateException(
throw,INTERNAL_JDK:IllegalStateException,com.legend.lowering,com/legend/lowering/PureSql.java,158,type,True,,,INTERNAL_JDK,,case Type.FunctionType f -> throw new IllegalStateException(
comment,fallback,com.legend.lowering,com/legend/lowering/PureSql.java,163,,True,,,line,,"// GenericType arm's loud fallback — a relation is a SOURCE,"
throw,OTHER:error,com.legend.lowering,com/legend/lowering/PureSql.java,165,type,True,,,OTHER,,case Type.RelationType r -> throw new com.legend.error
throw,INTERNAL_JDK:IllegalStateException,com.legend.lowering,com/legend/lowering/PureSql.java,169,type,True,,,INTERNAL_JDK,,case Type.SchemaAlgebra a -> throw new IllegalStateException(
op,null_ternary,com.legend.lowering,com/legend/lowering/PureSql.java,200,typedList,True,,,,,return t == null ? list
throw,INTERNAL_JDK:IllegalStateException,com.legend.lowering,com/legend/lowering/PureSql.java,232,thunkBody,True,,,INTERNAL_JDK,,"throw new IllegalStateException(""if-branch thunk has """
op,instanceof_else_default,com.legend.lowering,com/legend/lowering/RegexpRules.java,34,regexpFlags,True,,,,,arg instanceof TypedCollection c
comment,default,com.legend.lowering,com/legend/lowering/RegexpRules.java,39,,False,,,line,,// the default
op,default_arrow,com.legend.lowering,com/legend/lowering/RegexpRules.java,43,regexpFlags,False,,,,,default -> throw new IllegalStateException(
throw,INTERNAL_JDK:IllegalStateException,com.legend.lowering,com/legend/lowering/RegexpRules.java,43,regexpFlags,False,,,INTERNAL_JDK,,default -> throw new IllegalStateException(
op,instanceof_else_default,com.legend.lowering,com/legend/lowering/RegexpRules.java,56,inlineFlags,False,,,,,return pattern instanceof SqlExpr.StringLit lit
comment,default,com.legend.lowering,com/legend/lowering/RegexpRules.java,61,,False,,,javadoc,,"/** * {@code regexp_extract_all(subject, pattern, group, flags)} for a regexp * call whose OPTIONAL group/params begin at {@code tailStart} in the * lowered args (group defaults 0; flags default ''). */"
throw,INTERNAL_JDK:IllegalStateException,com.legend.lowering,com/legend/lowering/RegexpRules.java,110,capturingParen,False,,,INTERNAL_JDK,,"throw new IllegalStateException(""pattern '"" + pattern"
comment,default,com.legend.lowering,com/legend/lowering/Render.java,47,,True,,,javadoc,,"/** The Lowerer's toCSV dispatch target: arity/format admission + * typed-column collection + the render wrap. The 4-arg overload * accepts only the DEFAULT format pair (SimpleDateTimeFormat / * ISO8601DateFormat, as the zero-arg calls or t"
throw,INTERNAL_CUSTOM:NotImplementedException,com.legend.lowering,com/legend/lowering/Render.java,64,lowerToCsv,True,,,INTERNAL_CUSTOM,,throw new com.legend.error.NotImplementedException(
throw,INTERNAL_CUSTOM:NotImplementedException,com.legend.lowering,com/legend/lowering/Render.java,72,lowerToCsv,False,,,INTERNAL_CUSTOM,,throw new com.legend.error.NotImplementedException(
op,default_arrow,com.legend.lowering,com/legend/lowering/Render.java,77,lowerToCsv,True,,,,,default -> throw new com.legend.error.NotImplementedException(
throw,INTERNAL_CUSTOM:NotImplementedException,com.legend.lowering,com/legend/lowering/Render.java,77,lowerToCsv,True,,,INTERNAL_CUSTOM,,default -> throw new com.legend.error.NotImplementedException(
throw,INTERNAL_JDK:IllegalStateException,com.legend.lowering,com/legend/lowering/Render.java,92,lowerToCsv,True,,,INTERNAL_JDK,,"throw new IllegalStateException(""toCSV: output column '"""
comment,default,com.legend.lowering,com/legend/lowering/Render.java,101,,True,,,javadoc,,/** The toCSV default-format pair — the zero-arg format fns or their * folded literal text. */
throw,INTERNAL_JDK:IllegalStateException,com.legend.lowering,com/legend/lowering/Render.java,126,csv,True,,,INTERNAL_JDK,,"throw new IllegalStateException(""toCSV: "" + cols.size()"
throw,INTERNAL_JDK:IllegalStateException,com.legend.lowering,com/legend/lowering/Render.java,136,csv,True,,,INTERNAL_JDK,,"throw new IllegalStateException(""toCSV over a zero-column relation"");"
throw,INTERNAL_JDK:IllegalStateException,com.legend.lowering,com/legend/lowering/Render.java,188,csvWire,True,,,INTERNAL_JDK,,"throw new IllegalStateException(""csv wire: "" + cols.size()"
throw,INTERNAL_JDK:IllegalStateException,com.legend.lowering,com/legend/lowering/Render.java,193,csvWire,True,,,INTERNAL_JDK,,throw new IllegalStateException(
op,notnull_ternary,com.legend.lowering,com/legend/lowering/Render.java,251,jsonWireRows,True,,,,,String out = k.outputName() != null ? k.outputName()
op,instanceof_else_default,com.legend.lowering,com/legend/lowering/Render.java,252,jsonWireRows,True,,,,,: k.expr() instanceof SqlExpr.Column c ? c.name() : null;
op,null_ternary,com.legend.lowering,com/legend/lowering/Render.java,253,jsonWireRows,True,,,,,OutputCol outCol = out == null ? null : cols.stream()
op,orElse,com.legend.lowering,com/legend/lowering/Render.java,255,jsonWireRows,True,,,,,.orElse(null);
throw,INTERNAL_CUSTOM:NotImplementedException,com.legend.lowering,com/legend/lowering/Render.java,257,jsonWireRows,True,,,INTERNAL_CUSTOM,,throw new com.legend.error.NotImplementedException(
throw,INTERNAL_CUSTOM:NotImplementedException,com.legend.lowering,com/legend/lowering/Render.java,325,lowerToString,True,,,INTERNAL_CUSTOM,,throw new com.legend.error.NotImplementedException(
throw,INTERNAL_JDK:IllegalStateException,com.legend.lowering,com/legend/lowering/Render.java,352,lowerToString,True,,,INTERNAL_JDK,,"throw new IllegalStateException(""toString: output"""
op,default_arrow,com.legend.lowering,com/legend/lowering/Render.java,381,sourceHasDynamicPivot,False,,,,,default -> false;
op,notnull_ternary,com.legend.lowering,com/legend/lowering/Render.java,412,expr,True,,,,,return t != null ? t
op,notnull_ternary,com.legend.lowering,com/legend/lowering/Render.java,457,resolveDeferredTds,True,,,,,String out = k.outputName() != null ? k.outputName()
op,instanceof_else_default,com.legend.lowering,com/legend/lowering/Render.java,458,resolveDeferredTds,True,,,,,: k.expr() instanceof SqlExpr.Column c
op,orElse,com.legend.lowering,com/legend/lowering/Render.java,465,resolveDeferredTds,True,,,,,.findFirst().orElse(null);
op,notnull_ternary,com.legend.lowering,com/legend/lowering/Render.java,467,resolveDeferredTds,True,,,,,"src != null ? SqlExpr.Column.of(wrapAlias, src)"
throw,INTERNAL_JDK:IllegalStateException,com.legend.lowering,com/legend/lowering/Render.java,491,tdsString,True,,,INTERNAL_JDK,,throw new IllegalStateException(
standin,Type.Primitive.*,com.legend.lowering,com/legend/lowering/Render.java,566,dateOnly,True,,,plain,,return t == Type.Primitive.STRICT_DATE
standin,Type.Primitive.*,com.legend.lowering,com/legend/lowering/Render.java,567,dateOnly,True,,,plain,,|| (t == Type.Primitive.DATE
standin,Type.Primitive.*,com.legend.lowering,com/legend/lowering/Render.java,586,tdsCell,True,,,plain,,} else if (t == Type.Primitive.STRING) {
standin,Type.Primitive.*,com.legend.lowering,com/legend/lowering/Render.java,601,tdsCell,True,,,plain,,} else if (t == Type.Primitive.DATE_TIME
standin,Type.Primitive.*,com.legend.lowering,com/legend/lowering/Render.java,602,tdsCell,True,,,plain,,|| t == Type.Primitive.DATE) {
standin,Type.Primitive.*,com.legend.lowering,com/legend/lowering/Render.java,607,tdsCell,True,,,plain,,} else if ((t == Type.Primitive.NUMBER
standin,Type.Primitive.*,com.legend.lowering,com/legend/lowering/Render.java,608,tdsCell,True,,,plain,,|| t == Type.Primitive.FLOAT)
standin,Type.Primitive.*,com.legend.lowering,com/legend/lowering/Render.java,619,tdsCell,True,,,plain,,"rendered = Scalars.pureToString(Type.Primitive.FLOAT,"
op,notnull_ternary,com.legend.lowering,com/legend/lowering/Render.java,656,hoistOrder,True,,,,,String out = k.outputName() != null ? k.outputName()
op,instanceof_else_default,com.legend.lowering,com/legend/lowering/Render.java,657,hoistOrder,True,,,,,: k.expr() instanceof SqlExpr.Column c ? c.name() : null;
op,null_ternary,com.legend.lowering,com/legend/lowering/Render.java,658,hoistOrder,True,,,,,OutputCol src = out == null ? null : cols.stream()
op,orElse,com.legend.lowering,com/legend/lowering/Render.java,660,hoistOrder,True,,,,,.orElse(null);
throw,INTERNAL_CUSTOM:NotImplementedException,com.legend.lowering,com/legend/lowering/Render.java,662,hoistOrder,True,,,INTERNAL_CUSTOM,,throw new com.legend.error.NotImplementedException(
standin,Type.Primitive.*,com.legend.lowering,com/legend/lowering/Render.java,694,cell,True,,,plain,,if (t == Type.Primitive.STRICT_DATE
standin,Type.Primitive.*,com.legend.lowering,com/legend/lowering/Render.java,695,cell,True,,,plain,,|| (t == Type.Primitive.DATE
standin,Type.Primitive.*,com.legend.lowering,com/legend/lowering/Render.java,704,cell,True,,,plain,,} else if (t == Type.Primitive.DATE) {
standin,Type.Primitive.*,com.legend.lowering,com/legend/lowering/Render.java,722,cell,True,,,plain,,} else if (t == Type.Primitive.DATE_TIME
standin,Type.Primitive.*,com.legend.lowering,com/legend/lowering/Render.java,723,cell,True,,,plain,,|| t == Type.Primitive.LATEST_DATE) {
throw,INTERNAL_JDK:IllegalStateException,com.legend.lowering,com/legend/lowering/Render.java,765,pctTds,True,,,INTERNAL_JDK,,"throw new IllegalStateException(""pctTds: output column '"""
throw,INTERNAL_JDK:IllegalStateException,com.legend.lowering,com/legend/lowering/Render.java,771,pctTds,True,,,INTERNAL_JDK,,"throw new IllegalStateException(""pctTds over a zero-column relation"");"
standin,Type.Primitive.*,com.legend.lowering,com/legend/lowering/Render.java,858,pctCell,True,,,plain,,} else if (t == Type.Primitive.DATE_TIME
standin,Type.Primitive.*,com.legend.lowering,com/legend/lowering/Render.java,859,pctCell,True,,,plain,,|| t == Type.Primitive.DATE) {
standin,Type.Primitive.*,com.legend.lowering,com/legend/lowering/Render.java,861,pctCell,True,,,plain,,} else if (t == Type.Primitive.FLOAT) {
standin,Type.Primitive.*,com.legend.lowering,com/legend/lowering/Render.java,862,pctCell,True,,,plain,,"rendered = Scalars.pureToString(Type.Primitive.FLOAT, c);"
standin,Type.Primitive.*,com.legend.lowering,com/legend/lowering/Render.java,863,pctCell,True,,,plain,,} else if (t == Type.Primitive.STRING
standin,Type.Primitive.*,com.legend.lowering,com/legend/lowering/Repr.java,29,of,True,,,plain,,if (t == Type.Primitive.STRING) {
standin,Type.Primitive.*,com.legend.lowering,com/legend/lowering/Repr.java,46,of,True,,,plain,,if (t == Type.Primitive.DATE || t == Type.Primitive.STRICT_DATE
standin,Type.Primitive.*,com.legend.lowering,com/legend/lowering/Repr.java,46,of,True,,,plain,,if (t == Type.Primitive.DATE || t == Type.Primitive.STRICT_DATE
standin,Type.Primitive.*,com.legend.lowering,com/legend/lowering/Repr.java,47,of,True,,,plain,,|| t == Type.Primitive.DATE_TIME) {
standin,Type.Primitive.*,com.legend.lowering,com/legend/lowering/Repr.java,51,of,True,,,plain,,if (t == Type.Primitive.DECIMAL) {
catch,FALLBACK_RETURN,com.legend.lowering,com/legend/lowering/Resolvers.java,47,attempt,True,,,UnfoldableRef e,,"{ return new Unfoldable(Objects.requireNonNull( e.getMessage(), ""UnfoldableRef column"")); }"
op,default_arrow,com.legend.lowering,com/legend/lowering/RootLiterals.java,63,fragileTemporalPrecision,False,,,,,default -> false;
throw,INTERNAL_JDK:IllegalStateException,com.legend.lowering,com/legend/lowering/Scalars.java,66,family,False,,,INTERNAL_JDK,,"throw new IllegalStateException(""no catalog overloads for '"" + pureName + ""'"");"
op,notnull_ternary,com.legend.lowering,com/legend/lowering/Scalars.java,117,family,True,,,,,Type other = (p0 != null ? n.args().get(1) : n.args().get(0))
comment,default,com.legend.lowering,com/legend/lowering/Scalars.java,232,,False,,,line,,// everything else is BARE not (engine processNot default):
comment,default,com.legend.lowering,com/legend/lowering/Scalars.java,436,,True,,,line,,// multiplicity [1]' for N != 1 — the old default arm DELETED
op,instanceof_else_default,com.legend.lowering,com/legend/lowering/Scalars.java,451,family,True,,,,,args.get(0) instanceof SqlExpr.CompactList cpl
comment,TODO,com.legend.lowering,com/legend/lowering/Scalars.java,640,,False,,,line,,// upstream TODO to make them numbers); the engine surface is the
op,isEmpty_ternary,com.legend.lowering,com/legend/lowering/Scalars.java,660,family,False,,,,,n.args().isEmpty()
throw,INTERNAL_CUSTOM:NotImplementedException,com.legend.lowering,com/legend/lowering/Scalars.java,690,family,True,,,INTERNAL_CUSTOM,,throw new com.legend.error.NotImplementedException(
op,notnull_ternary,com.legend.lowering,com/legend/lowering/Scalars.java,716,family,True,,,,,"RULES.put(f, (n, args) -> partialPrecision(n.args().get(0)) != null"
standin,Type.Primitive.*,com.legend.lowering,com/legend/lowering/Scalars.java,723,family,True,,,plain,,== Type.Primitive.STRICT_DATE;
throw,USER:ModelException,com.legend.lowering,com/legend/lowering/Scalars.java,730,family,False,,,USER,,throw new ModelException(
op,default_arrow,com.legend.lowering,com/legend/lowering/Scalars.java,734,family,False,,,,,default -> { }
throw,INTERNAL_JDK:IllegalStateException,com.legend.lowering,com/legend/lowering/Scalars.java,834,family,True,,,INTERNAL_JDK,,"throw new IllegalStateException(""hasSubsecondWithAtLeastPrecision"""
throw,INTERNAL_CUSTOM:NotImplementedException,com.legend.lowering,com/legend/lowering/Scalars.java,1138,family,False,,,INTERNAL_CUSTOM,,throw new com.legend.error.NotImplementedException(
throw,INTERNAL_JDK:IllegalStateException,com.legend.lowering,com/legend/lowering/Scalars.java,1149,family,False,,,INTERNAL_JDK,,throw new IllegalStateException(
op,default_arrow,com.legend.lowering,com/legend/lowering/Scalars.java,1215,family,False,,,,,default -> PureDateLiteral.Precision.YEAR;
op,default_arrow,com.legend.lowering,com/legend/lowering/Scalars.java,1219,family,False,,,,,default -> e.getValue();
op,notnull_ternary,com.legend.lowering,com/legend/lowering/Scalars.java,1269,family,False,,,,,return ma != null
op,notnull_ternary,com.legend.lowering,com/legend/lowering/Scalars.java,1292,family,False,,,,,return ma != null
standin,Type.Primitive.*,com.legend.lowering,com/legend/lowering/Scalars.java,1441,family,True,,,plain,,if (listCallee || n.args().get(0).info().type() != Type.Primitive.STRING) {
op,instanceof_else_default,com.legend.lowering,com/legend/lowering/Scalars.java,1464,family,False,,,,,SqlExpr from1 = args.get(2) instanceof SqlExpr.IntLit il
throw,INTERNAL_JDK:IllegalStateException,com.legend.lowering,com/legend/lowering/Scalars.java,1571,family,False,,,INTERNAL_JDK,,"throw new IllegalStateException(""removeDuplicates comparator"""
comment,best effort,com.legend.lowering,com/legend/lowering/Scalars.java,1624,,False,,,line,,// best-effort text (message-position cosmetics only — pass/fail
throw,INTERNAL_JDK:IllegalStateException,com.legend.lowering,com/legend/lowering/Scalars.java,1657,family,False,,,INTERNAL_JDK,,"throw new IllegalStateException(""regexpExtract extractAll must be literal"");"
throw,INTERNAL_JDK:IllegalStateException,com.legend.lowering,com/legend/lowering/Scalars.java,1687,family,False,,,INTERNAL_JDK,,"throw new IllegalStateException(""regexpIndexOf with a group"""
op,instanceof_else_default,com.legend.lowering,com/legend/lowering/Scalars.java,1692,family,False,,,,,String p = args.get(1) instanceof SqlExpr.StringLit lit ? lit.value() : null;
throw,INTERNAL_CUSTOM:NotImplementedException,com.legend.lowering,com/legend/lowering/Scalars.java,1699,family,False,,,INTERNAL_CUSTOM,,throw new com.legend.error.NotImplementedException(
op,notnull_ternary,com.legend.lowering,com/legend/lowering/Scalars.java,1707,family,False,,,,,SqlExpr prefixPattern = p != null
op,notnull_ternary,com.legend.lowering,com/legend/lowering/Scalars.java,1709,family,False,,,,,"+ (from != null ? from : ""(?:"" + p + "")""))"
throw,INTERNAL_JDK:IllegalStateException,com.legend.lowering,com/legend/lowering/Scalars.java,1731,family,False,,,INTERNAL_JDK,,"throw new IllegalStateException(""regexpReplace replaceAll must be literal"");"
op,isEmpty_ternary,com.legend.lowering,com/legend/lowering/Scalars.java,1748,family,False,,,,,&& lit.value().isEmpty()
op,default_arrow,com.legend.lowering,com/legend/lowering/Scalars.java,1855,family,True,,,,,default -> throw new IllegalStateException(
throw,INTERNAL_JDK:IllegalStateException,com.legend.lowering,com/legend/lowering/Scalars.java,1855,family,True,,,INTERNAL_JDK,,default -> throw new IllegalStateException(
comment,fallback,com.legend.lowering,com/legend/lowering/Scalars.java,1889,,True,,,line,,"// Date, Any) fall back to DuckDB's typeof — honest, still a name."
standin,Type.Primitive.*,com.legend.lowering,com/legend/lowering/Scalars.java,1894,family,True,,,plain,,case Type.Primitive p when p != Type.Primitive.NUMBER
standin,Type.Primitive.*,com.legend.lowering,com/legend/lowering/Scalars.java,1895,family,True,,,plain,,&& p != Type.Primitive.DATE ->
op,default_arrow,com.legend.lowering,com/legend/lowering/Scalars.java,1901,family,True,,,,,default -> null;
op,notnull_ternary,com.legend.lowering,com/legend/lowering/Scalars.java,1903,family,True,,,,,return name != null ? new SqlExpr.StringLit(name)
throw,INTERNAL_JDK:IllegalStateException,com.legend.lowering,com/legend/lowering/Scalars.java,1915,family,False,,,INTERNAL_JDK,,throw new IllegalStateException(name
throw,INTERNAL_JDK:IllegalStateException,com.legend.lowering,com/legend/lowering/Scalars.java,1962,family,False,,,INTERNAL_JDK,,throw new IllegalStateException(
throw,INTERNAL_JDK:IllegalStateException,com.legend.lowering,com/legend/lowering/Scalars.java,1984,family,False,,,INTERNAL_JDK,,throw new IllegalStateException(e.getKey()
standin,Type.Primitive.*,com.legend.lowering,com/legend/lowering/Scalars.java,2110,family,True,,,plain,,&& elem != Type.Primitive.STRING) {
standin,Type.Primitive.*,com.legend.lowering,com/legend/lowering/Scalars.java,2120,family,True,,,plain,,if (elem == Type.Primitive.STRING && isToOne(n.args().get(0))) {
op,null_ternary,com.legend.lowering,com/legend/lowering/Scalars.java,2147,family,True,,,,,return sn == null ? new SqlExpr.BoolLit(false)
op,instanceof_else_default,com.legend.lowering,com/legend/lowering/Scalars.java,2179,family,True,,,,,n.args().get(1) instanceof TypedCollection tc
throw,INTERNAL_JDK:IllegalStateException,com.legend.lowering,com/legend/lowering/Scalars.java,2220,family,True,,,INTERNAL_JDK,,"throw new IllegalStateException(""hash(text, hashType) needs a HashType literal"");"
op,default_arrow,com.legend.lowering,com/legend/lowering/Scalars.java,2226,family,True,,,,,default -> throw new IllegalStateException(
throw,INTERNAL_JDK:IllegalStateException,com.legend.lowering,com/legend/lowering/Scalars.java,2226,family,True,,,INTERNAL_JDK,,default -> throw new IllegalStateException(
standin,Type.Primitive.*,com.legend.lowering,com/legend/lowering/Scalars.java,2256,family,True,,,plain,,if (t == Type.Primitive.DATE_TIME) {
standin,Type.Primitive.*,com.legend.lowering,com/legend/lowering/Scalars.java,2260,family,True,,,plain,,if (t == Type.Primitive.FLOAT) {
standin,Type.Primitive.*,com.legend.lowering,com/legend/lowering/Scalars.java,2289,family,True,,,plain,,"castFamily(""parseFloat"", Type.Primitive.FLOAT);"
standin,Type.Primitive.*,com.legend.lowering,com/legend/lowering/Scalars.java,2290,family,True,,,plain,,"castFamily(""toFloat"", Type.Primitive.FLOAT);"
throw,INTERNAL_JDK:IllegalStateException,com.legend.lowering,com/legend/lowering/Scalars.java,2304,family,False,,,INTERNAL_JDK,,throw new IllegalStateException(
op,instanceof_else_default,com.legend.lowering,com/legend/lowering/Scalars.java,2307,family,True,,,,,SqlExpr in = args.get(0) instanceof SqlExpr.StringLit lit
standin,Type.Primitive.*,com.legend.lowering,com/legend/lowering/Scalars.java,2329,family,True,,,plain,,"castFamily(""parseBoolean"", Type.Primitive.BOOLEAN);"
standin,Type.Primitive.*,com.legend.lowering,com/legend/lowering/Scalars.java,2357,family,True,,,plain,,"return new SqlExpr.Cast(in, PureSql.type(Type.Primitive.DATE_TIME));"
throw,INTERNAL_CUSTOM:NotImplementedException,com.legend.lowering,com/legend/lowering/Scalars.java,2396,family,False,,,INTERNAL_CUSTOM,,throw new NotImplementedException(
throw,INTERNAL_JDK:IllegalStateException,com.legend.lowering,com/legend/lowering/Scalars.java,2527,familyIfPresent,True,,,INTERNAL_JDK,,"throw new IllegalStateException(""registration typo: no catalog overloads for '"""
throw,INTERNAL_CUSTOM:NotImplementedException,com.legend.lowering,com/legend/lowering/Scalars.java,2540,strptimeOf,True,,,INTERNAL_CUSTOM,,throw new NotImplementedException(
standin,Type.Primitive.*,com.legend.lowering,com/legend/lowering/Scalars.java,2547,strptimeOf,True,,,plain,,Type.Primitive.STRICT_DATE))
op,instanceof_else_default,com.legend.lowering,com/legend/lowering/Scalars.java,2553,plusOne,True,,,,,return e instanceof SqlExpr.IntLit i
op,instanceof_else_default,com.legend.lowering,com/legend/lowering/Scalars.java,2568,instanceOfFold,True,,,,,tr.target() instanceof Type.ClassType c ? c.fqn() : null;
op,default_arrow,com.legend.lowering,com/legend/lowering/Scalars.java,2571,instanceOfFold,True,,,,,default -> throw new NotImplementedException(
throw,INTERNAL_CUSTOM:NotImplementedException,com.legend.lowering,com/legend/lowering/Scalars.java,2571,instanceOfFold,True,,,INTERNAL_CUSTOM,,default -> throw new NotImplementedException(
throw,INTERNAL_CUSTOM:NotImplementedException,com.legend.lowering,com/legend/lowering/Scalars.java,2582,instanceOfFold,True,,,INTERNAL_CUSTOM,,throw new NotImplementedException(
comment,fallback,com.legend.lowering,com/legend/lowering/Scalars.java,2596,,True,,,line,,// (Resolution.attempt) so its fallback claims the column;
throw,INTERNAL_CUSTOM:UnfoldableRef,com.legend.lowering,com/legend/lowering/Scalars.java,2603,lower,False,,,INTERNAL_CUSTOM,,"throw new Resolvers.UnfoldableRef(""aggregate '"""
throw,INTERNAL_JDK:IllegalStateException,com.legend.lowering,com/legend/lowering/Scalars.java,2607,lower,False,,,INTERNAL_JDK,,"throw new IllegalStateException(""no scalar lowering registered for resolved overload '"""
op,null_ternary,com.legend.lowering,com/legend/lowering/Scalars.java,2634,hugeWiden,True,,,,,return out == null ? args : out;
standin,Type.Primitive.*,com.legend.lowering,com/legend/lowering/Scalars.java,2665,pureToString,True,,,plain,,if (t == Type.Primitive.FLOAT) {
standin,Type.Primitive.*,com.legend.lowering,com/legend/lowering/Scalars.java,2701,pureToString,True,,,plain,,"PureSql.type(Type.Primitive.STRING)))),"
standin,Type.Primitive.*,com.legend.lowering,com/legend/lowering/Scalars.java,2705,pureToString,True,,,plain,,PureSql.type(Type.Primitive.STRING)));
op,isEmpty_ternary,com.legend.lowering,com/legend/lowering/Scalars.java,2709,pureToString,True,,,,,Type et = t instanceof Type.GenericType g && !g.arguments().isEmpty()
standin,PlatformTypes.ANY,com.legend.lowering,com/legend/lowering/Scalars.java,2711,pureToString,True,,,ternary_else,,: new Type.ClassType(PlatformTypes.ANY);
throw,INTERNAL_CUSTOM:NotImplementedException,com.legend.lowering,com/legend/lowering/Scalars.java,2771,pureToString,True,,,INTERNAL_CUSTOM,,throw new com.legend.error.NotImplementedException(
standin,Type.Primitive.*,com.legend.lowering,com/legend/lowering/Scalars.java,2777,pureToString,True,,,plain,,if (t == Type.Primitive.BOOLEAN) {
standin,Type.Primitive.*,com.legend.lowering,com/legend/lowering/Scalars.java,2780,pureToString,True,,,plain,,"return new SqlExpr.Cast(x, PureSql.type(Type.Primitive.STRING));"
catch,FALLBACK_RETURN,com.legend.lowering,com/legend/lowering/Scalars.java,2787,pureToString,True,,,IllegalStateException undecidable,,{ return null; }
comment,fallback,com.legend.lowering,com/legend/lowering/Scalars.java,2800,,False,,,javadoc,,/** new BigDecimal(s)'s scale: digits after the point (exponent forms fall back to 18). */
op,default_arrow,com.legend.lowering,com/legend/lowering/Scalars.java,2825,decimalKind,True,,,,,default -> false;
op,default_arrow,com.legend.lowering,com/legend/lowering/Scalars.java,2838,undoubled,False,,,,,default -> e.mapChildren(Scalars::undoubled);
standin,Type.Primitive.*,com.legend.lowering,com/legend/lowering/Scalars.java,2849,str,True,,,plain,,"return new SqlExpr.Cast(x, PureSql.type(Type.Primitive.STRING));"
standin,Type.Primitive.*,com.legend.lowering,com/legend/lowering/Scalars.java,2914,tdsCell,True,,,plain,,if (type == Type.Primitive.INTEGER) {
standin,Type.Primitive.*,com.legend.lowering,com/legend/lowering/Scalars.java,2917,tdsCell,True,,,plain,,if (type == Type.Primitive.FLOAT || type == Type.Primitive.NUMBER) {
standin,Type.Primitive.*,com.legend.lowering,com/legend/lowering/Scalars.java,2917,tdsCell,True,,,plain,,if (type == Type.Primitive.FLOAT || type == Type.Primitive.NUMBER) {
standin,Type.Primitive.*,com.legend.lowering,com/legend/lowering/Scalars.java,2926,tdsCell,True,,,plain,,if (type == Type.Primitive.DECIMAL || type instanceof Type.PrecisionDecimal) {
standin,Type.Primitive.*,com.legend.lowering,com/legend/lowering/Scalars.java,2930,tdsCell,True,,,plain,,if (type == Type.Primitive.BOOLEAN) {
standin,Type.Primitive.*,com.legend.lowering,com/legend/lowering/Scalars.java,2933,tdsCell,True,,,plain,,if (type == Type.Primitive.STRICT_DATE) {
standin,Type.Primitive.*,com.legend.lowering,com/legend/lowering/Scalars.java,2936,tdsCell,True,,,plain,,if (type == Type.Primitive.DATE_TIME || type == Type.Primitive.DATE) {
standin,Type.Primitive.*,com.legend.lowering,com/legend/lowering/Scalars.java,2936,tdsCell,True,,,plain,,if (type == Type.Primitive.DATE_TIME || type == Type.Primitive.DATE) {
standin,Type.Primitive.*,com.legend.lowering,com/legend/lowering/Scalars.java,2951,tdsCell,True,,,plain,,if (type == Type.Primitive.DATE
standin,Type.Primitive.*,com.legend.lowering,com/legend/lowering/Scalars.java,2957,tdsCell,True,,,plain,,if (type == Type.Primitive.STRING) {
throw,INTERNAL_JDK:IllegalStateException,com.legend.lowering,com/legend/lowering/Scalars.java,2967,tdsCell,True,,,INTERNAL_JDK,,throw new IllegalStateException(
op,default_arrow,com.legend.lowering,com/legend/lowering/Scalars.java,2983,diffPart,False,,,,,default -> throw new IllegalStateException(
throw,INTERNAL_JDK:IllegalStateException,com.legend.lowering,com/legend/lowering/Scalars.java,2983,diffPart,False,,,INTERNAL_JDK,,default -> throw new IllegalStateException(
op,default_arrow,com.legend.lowering,com/legend/lowering/Scalars.java,3034,dateDiffExpr,False,,,,,default -> {
op,null_ternary,com.legend.lowering,com/legend/lowering/Scalars.java,3152,substituteRef,False,,,,,cs.otherwise() == null ? null
op,default_arrow,com.legend.lowering,com/legend/lowering/Scalars.java,3160,substituteRef,False,,,,,"default -> e.mapChildren(x -> substituteRef(x, name, replacement));"
throw,INTERNAL_JDK:IllegalStateException,com.legend.lowering,com/legend/lowering/Scalars.java,3205,rewriteFormatDirectives,False,,,INTERNAL_JDK,,"throw new IllegalStateException(""unterminated %t{ in format: "" + fmt);"
comment,default,com.legend.lowering,com/legend/lowering/Scalars.java,3246,,True,,,line,,// %s / bare %t over a DATE argument: pure's default date print
throw,INTERNAL_JDK:IllegalStateException,com.legend.lowering,com/legend/lowering/Scalars.java,3284,dateWithPattern,False,,,INTERNAL_JDK,,throw new IllegalStateException(
comment,default,com.legend.lowering,com/legend/lowering/Scalars.java,3320,,True,,,javadoc,,"/** Pure's default date print for a format slot, or null when not a date. */"
standin,Type.Primitive.*,com.legend.lowering,com/legend/lowering/Scalars.java,3327,signedZeroPad,True,,,plain,,if (t == Type.Primitive.DATE_TIME) {
standin,Type.Primitive.*,com.legend.lowering,com/legend/lowering/Scalars.java,3355,isClassish,True,,,plain,,"return new SqlExpr.StringLit(t == Type.Primitive.DATE_TIME ? s + ""+0000"" : s);"
op,default_arrow,com.legend.lowering,com/legend/lowering/Scalars.java,3366,isClassish,True,,,,,default -> null;
standin,Type.Primitive.*,com.legend.lowering,com/legend/lowering/Scalars.java,3374,isFullPrecisionDate,True,,,plain,,return t == Type.Primitive.STRICT_DATE || t == Type.Primitive.DATE_TIME
standin,Type.Primitive.*,com.legend.lowering,com/legend/lowering/Scalars.java,3374,isFullPrecisionDate,True,,,plain,,return t == Type.Primitive.STRICT_DATE || t == Type.Primitive.DATE_TIME
standin,Type.Primitive.*,com.legend.lowering,com/legend/lowering/Scalars.java,3375,isFullPrecisionDate,True,,,plain,,|| t == Type.Primitive.DATE;
comment,default,com.legend.lowering,com/legend/lowering/Scalars.java,3414,,True,,,javadoc,,/** A literal boolean argument; LOUD otherwise (never a silent default). */
throw,INTERNAL_JDK:IllegalStateException,com.legend.lowering,com/legend/lowering/Scalars.java,3420,boolLiteral,True,,,INTERNAL_JDK,,"throw new IllegalStateException(what + "" must be a literal boolean, got """
throw,INTERNAL_CUSTOM:NotImplementedException,com.legend.lowering,com/legend/lowering/Scalars.java,3438,enumName,True,,,INTERNAL_CUSTOM,,throw new com.legend.error.NotImplementedException(
op,default_arrow,com.legend.lowering,com/legend/lowering/Scalars.java,3464,datePrecision,True,LEGITIMATE,n/a,,date() arity default arm reads the 6th arg type - derived,default -> dc.args().get(5).info().type()
standin,Type.Primitive.*,com.legend.lowering,com/legend/lowering/Scalars.java,3465,datePrecision,True,,,default_arm,,== Type.Primitive.FLOAT
standin,Type.Primitive.*,com.legend.lowering,com/legend/lowering/Scalars.java,3467,datePrecision,True,,,default_arm,,== Type.Primitive.DECIMAL
standin,Type.Primitive.*,com.legend.lowering,com/legend/lowering/Scalars.java,3473,datePrecision,True,,,plain,,if (t == Type.Primitive.DATE_TIME) {
standin,Type.Primitive.*,com.legend.lowering,com/legend/lowering/Scalars.java,3476,datePrecision,True,,,plain,,if (t == Type.Primitive.STRICT_DATE) {
throw,INTERNAL_JDK:IllegalStateException,com.legend.lowering,com/legend/lowering/Scalars.java,3479,datePrecision,True,,,INTERNAL_JDK,,"throw new IllegalStateException(""a date-precision predicate over the"""
catch,SWALLOWED,com.legend.lowering,com/legend/lowering/SeedableLets.java,42,withSeedableLetPrefix,True,,,RuntimeException notScalar,,"{ // BROAD BY DESIGN (ErrorShapeGuardrail pin, reviewed // 2026-08-21): this is a trial-lowering PROBE — ""can this // let seed?"" — and ANY lowering failure (NotImplemented, // IllegalState, UnfoldableRef, dialect capability) means // the sa"
standin,Type.Primitive.*,com.legend.lowering,com/legend/lowering/SnapshotEnvelope.java,50,fold,True,,,plain,,"PureSql.type(Type.Primitive.STRING), false)));"
standin,Type.Primitive.*,com.legend.lowering,com/legend/lowering/SnapshotEnvelope.java,106,asorWrap,True,,,plain,,.Type.Primitive.STRING;
throw,INTERNAL_JDK:IllegalStateException,com.legend.lowering,com/legend/lowering/SnapshotEnvelope.java,118,asorWrap,True,,,INTERNAL_JDK,,"throw new IllegalStateException(""objectReference needs pk order"""
comment,default,com.legend.lowering,com/legend/lowering/Sorts.java,66,,False,,,line,,"// placement (backend default), per the corpus expected values"
throw,INTERNAL_JDK:IllegalStateException,com.legend.lowering,com/legend/lowering/Sorts.java,82,sortOnto,True,,,INTERNAL_JDK,,"throw new IllegalStateException(""sort key '"" + k.column()"
op,instanceof_else_default,com.legend.lowering,com/legend/lowering/SqlPostProcessors.java,97,elements,True,,,,,return v instanceof TypedCollection tc ? tc.elements() : List.of(v);
throw,INTERNAL_CUSTOM:NotImplementedException,com.legend.lowering,com/legend/lowering/SqlPostProcessors.java,128,readHook,True,,,INTERNAL_CUSTOM,,throw new NotImplementedException(
throw,INTERNAL_CUSTOM:NotImplementedException,com.legend.lowering,com/legend/lowering/SqlPostProcessors.java,138,readHook,True,,,INTERNAL_CUSTOM,,"throw new NotImplementedException(""replaceTables pair"""
comment,default,com.legend.lowering,com/legend/lowering/SqlPostProcessors.java,160,,True,,,javadoc,,"/** {@code db->schema('X')->toOne()->table('Y')->toOne()} spelled as * the lowerer spells FROM sources: {@code Y}, or {@code X.Y} for a * non-default schema. */"
throw,INTERNAL_CUSTOM:NotImplementedException,com.legend.lowering,com/legend/lowering/SqlPostProcessors.java,180,tableName,True,,,INTERNAL_CUSTOM,,"throw new NotImplementedException(""replaceTables pair side is not"""
throw,INTERNAL_CUSTOM:NotImplementedException,com.legend.lowering,com/legend/lowering/SqlPostProcessors.java,188,stringOf,True,,,INTERNAL_CUSTOM,,"throw new NotImplementedException(""replaceTables "" + what"
op,getOrDefault,com.legend.lowering,com/legend/lowering/SqlPostProcessors.java,218,apply,False,,,,,"n2 -> map.getOrDefault(n2, n2));"
op,default_arrow,com.legend.lowering,com/legend/lowering/SqlPostProcessors.java,230,apply,False,,,,,default -> q;
op,null_ternary,com.legend.lowering,com/legend/lowering/SqlPostProcessors.java,241,applySelect,False,,,,,"s.where() == null ? null : expr(s.where(), m),"
op,null_ternary,com.legend.lowering,com/legend/lowering/SqlPostProcessors.java,243,applySelect,False,,,,,"s.having() == null ? null : expr(s.having(), m),"
op,null_ternary,com.legend.lowering,com/legend/lowering/SqlPostProcessors.java,244,applySelect,False,,,,,"s.qualify() == null ? null : expr(s.qualify(), m),"
op,null_ternary,com.legend.lowering,com/legend/lowering/SqlPostProcessors.java,262,source,False,,,,,"j.on() == null ? null : expr(j.on(), m));"
comment,default,com.legend.lowering,com/legend/lowering/SqlPostProcessors.java,268,,False,,,line,,// row expression rename like any other (the old default arm
op,null_ternary,com.legend.lowering,com/legend/lowering/SqlPostProcessors.java,295,expr,True,,,,,cs.otherwise() == null ? null
op,default_arrow,com.legend.lowering,com/legend/lowering/SqlPostProcessors.java,304,expr,False,,,,,"default -> e.mapChildren(x -> expr(x, m));"
op,null_ternary,com.legend.lowering,com/legend/lowering/StampCensus.java,106,check,True,,,,,"+ (b.upper() == null ? ""*"" : b.upper()) + ""] sql="""
throw,INTERNAL_JDK:IllegalStateException,com.legend.lowering,com/legend/lowering/StampCensus.java,119,fire,False,,,INTERNAL_JDK,,throw new IllegalStateException(
op,default_arrow,com.legend.lowering,com/legend/lowering/StampCensus.java,174,definitelyScalar,True,,,,,default -> false;
standin,Type.Primitive.*,com.legend.lowering,com/legend/lowering/StreamingGraphRoot.java,37,select,True,,,plain,,"PureSql.type(Type.Primitive.STRING), false)));"
comment,conservative,com.legend.lowering,com/legend/lowering/SubselectPrune.java,21,,True,,,javadoc,,/** * DEMAND-DRIVEN SUBSELECT COLUMN PRUNING (engine parity): the engine's * isolated subselects enumerate only the columns the outer query consumes * (e.g. golden {@code testMappingAssociationToAdvancedJoin.pure:31} — * {@code (select FIRM
op,getOrDefault,com.legend.lowering,com/legend/lowering/SubselectPrune.java,358,rewriteSource,False,,,,,"Set<String> used = r.cols().getOrDefault(sub.alias(), Set.of());"
op,getOrDefault,com.legend.lowering,com/legend/lowering/SubselectPrune.java,428,pruneProjections,True,,,,,"Set<String> used = r.cols().getOrDefault(alias, Set.of());"
op,notnull_ternary,com.legend.lowering,com/legend/lowering/SubselectPrune.java,432,pruneProjections,True,,,,,String out = p.alias() != null ? p.alias()
op,instanceof_else_default,com.legend.lowering,com/legend/lowering/SubselectPrune.java,433,pruneProjections,True,,,,,: p.expr() instanceof SqlExpr.Column c ? c.name() : null;
op,null_ternary,com.legend.lowering,com/legend/lowering/UnionSerialOrder.java,40,UnionSerialOrder,False,,,,,return f2 == null ? null : base.withFrom(f2);
op,null_ternary,com.legend.lowering,com/legend/lowering/UnionSerialOrder.java,48,UnionSerialOrder,False,,,,,return rewritten == null ? null
standin,Type.Primitive.*,com.legend.lowering,com/legend/lowering/UnionSerialOrder.java,65,UnionSerialOrder,True,,,plain,,"PureSql.type(Type.Primitive.INTEGER), false));"
standin,Type.Primitive.*,com.legend.lowering,com/legend/lowering/UnionSerialOrder.java,70,UnionSerialOrder,True,,,plain,,"PureSql.type(Type.Primitive.INTEGER), false));"
op,null_ternary,com.legend.lowering,com/legend/lowering/UnionSerialOrder.java,79,UnionSerialOrder,True,,,,,return f2 == null ? null : s.withFrom(f2);
comment,default,com.legend.lowering,com/legend/lowering/ValueCollectionOps.java,30,,True,,,javadoc,,/** Bare ->sort() over a SINGLE-COLUMN relation stream (assert * vocabulary: $result.rows.values->sort()) — a multi-column relation * has no natural order and stays at the loud frontier default. */
op,isEmpty_ternary,com.legend.lowering,com/legend/lowering/ValueCollections.java,178,rowCellsJoin,True,,,,,": parts.isEmpty() ? new com.legend.sql.SqlExpr.StringLit("""")"
op,null_ternary,com.legend.lowering,com/legend/lowering/WhereMerge.java,38,merge,True,,,,,Zones z = existing == null
op,getOrDefault,com.legend.lowering,com/legend/lowering/WhereMerge.java,40,merge,True,,,,,": registry.getOrDefault(existing,"
op,null_ternary,com.legend.lowering,com/legend/lowering/WhereMerge.java,59,merge,False,,,,,"return a == null ? b : b == null ? a : Fold.mergeAnd(a, b);"
op,null_ternary,com.legend.lowering,com/legend/lowering/WhereMerge.java,59,merge,False,,,,,"return a == null ? b : b == null ? a : Fold.mergeAnd(a, b);"
op,null_ternary,com.legend.lowering,com/legend/lowering/Windows.java,113,windowize,False,,,,,cs.otherwise() == null ? null
comment,default,com.legend.lowering,com/legend/lowering/Windows.java,116,,False,,,line,,// (audit 15: the open default let these render bare aggregates).
throw,INTERNAL_CUSTOM:NotImplementedException,com.legend.lowering,com/legend/lowering/Windows.java,136,windowize,False,,,INTERNAL_CUSTOM,,throw new com.legend.error.NotImplementedException(
throw,INTERNAL_CUSTOM:NotImplementedException,com.legend.lowering,com/legend/lowering/Windows.java,139,windowize,False,,,INTERNAL_CUSTOM,,throw new com.legend.error.NotImplementedException(
throw,USER:ModelException,com.legend.lowering,com/legend/lowering/Windows.java,183,sqlFrame,False,,,USER,,throw new com.legend.error.ModelException(
op,default_arrow,com.legend.lowering,com/legend/lowering/Windows.java,207,sqlFrame,False,,,,,default -> null;
throw,INTERNAL_CUSTOM:NotImplementedException,com.legend.lowering,com/legend/lowering/WireRender.java,49,wrap,True,,,INTERNAL_CUSTOM,,throw new com.legend.error.NotImplementedException(
op,instanceof_else_default,com.legend.lowering,com/legend/lowering/WireRender.java,67,asSelect,False,,,,,return plan instanceof SqlSelect s ? s
comment,default,com.legend.model,com/legend/model/AssociationDefinition.java,12,,False,,,javadoc,,/** * A parsed Pure {@code Association} declaration. * * <p>Pure syntax: * <pre> * Association package::AssociationName * { * propertyOnA: ClassB[multiplicity]; * propertyOnB: ClassA[multiplicity]; * } * </pre> * * <p>Mirrors engine's {@cod
op,null_ternary,com.legend.model,com/legend/model/AssociationDefinition.java,44,,False,,,,,derivedProperties = derivedProperties == null ? List.of() : List.copyOf(derivedProperties);
throw,INTERNAL_JDK:IllegalStateException,com.legend.model,com/legend/model/AssociationDefinition.java,86,targetClassFqn,True,,,INTERNAL_JDK,,"throw new IllegalStateException(""association end '"" + propertyName"
op,notnull_ternary,com.legend.model,com/legend/model/AssociationMapping.java,58,,False,,,,,propertyMappings = propertyMappings != null
op,null_ternary,com.legend.model,com/legend/model/AssociationMapping.java,78,,True,,,,,propertyMappings2 = propertyMappings2 == null
throw,INTERNAL_JDK:IllegalArgumentException,com.legend.model,com/legend/model/AssociationPropertyMapping.java,39,AssociationPropertyMapping,False,,,INTERNAL_JDK,,throw new IllegalArgumentException(
comment,default,com.legend.model,com/legend/model/AuthenticationSpec.java,26,,False,,,javadoc,,/** H2-style default test authentication ({@code auth: DefaultH2 {};}). */
comment,default,com.legend.model,com/legend/model/AuthenticationSpec.java,61,,False,,,javadoc,,/** Engine's bodyless GCP application-default-credentials auth. */
op,null_ternary,com.legend.model,com/legend/model/ClassDefinition.java,62,,False,,,,,typeParams = typeParams == null ? List.of() : List.copyOf(typeParams);
op,null_ternary,com.legend.model,com/legend/model/ClassDefinition.java,63,,False,,,,,superClasses = superClasses == null ? List.of() : List.copyOf(superClasses);
op,null_ternary,com.legend.model,com/legend/model/ClassDefinition.java,64,,False,,,,,properties = properties == null ? List.of() : List.copyOf(properties);
op,null_ternary,com.legend.model,com/legend/model/ClassDefinition.java,65,,False,,,,,derivedProperties = derivedProperties == null ? List.of() : List.copyOf(derivedProperties);
op,null_ternary,com.legend.model,com/legend/model/ClassDefinition.java,66,,False,,,,,constraints = constraints == null ? List.of() : List.copyOf(constraints);
op,null_ternary,com.legend.model,com/legend/model/ClassDefinition.java,67,,False,,,,,stereotypes = stereotypes == null ? List.of() : List.copyOf(stereotypes);
op,null_ternary,com.legend.model,com/legend/model/ClassDefinition.java,68,,True,,,,,taggedValues = taggedValues == null ? List.of() : List.copyOf(taggedValues);
op,null_ternary,com.legend.model,com/legend/model/ClassDefinition.java,101,PropertyDefinition,False,,,,,stereotypes = stereotypes == null ? List.of() : List.copyOf(stereotypes);
op,null_ternary,com.legend.model,com/legend/model/ClassDefinition.java,102,PropertyDefinition,False,,,,,taggedValues = taggedValues == null ? List.of() : List.copyOf(taggedValues);
comment,default,com.legend.model,com/legend/model/ClassMapping.java,104,,False,,,javadoc,,/** * Optional explicit set identifier from {@code ClassName[setId]}. * {@code null} when the user wrote {@code ClassName} without brackets; * resolution assigns a default in Phase D. */
comment,default,com.legend.model,com/legend/model/ClassMapping.java,120,,False,,,javadoc,,/** * A relational class mapping. Holds everything an engine * {@code RootRelationalClassMapping} carries: * <pre> * *Person[setId] extends [parentId]: Relational * { * ~mainTable [db::DB] PERSON * ~filter [db::DB] ActivePersonFilter * ~dis
comment,default,com.legend.model,com/legend/model/ClassMapping.java,171,,False,,,line,,// NO short overload: a defaulted propertyTargetSets silently dropped
comment,default,com.legend.model,com/legend/model/ClassMapping.java,191,,False,,,line,,// (setId resolves to a default id; extendsSetId means inherit;
op,null_ternary,com.legend.model,com/legend/model/ClassMapping.java,194,memberWitness,False,,,,,groupBy = groupBy == null ? List.of() : List.copyOf(groupBy);
op,null_ternary,com.legend.model,com/legend/model/ClassMapping.java,195,memberWitness,False,,,,,primaryKey = primaryKey == null ? List.of() : List.copyOf(primaryKey);
op,null_ternary,com.legend.model,com/legend/model/ClassMapping.java,196,memberWitness,False,,,,,propertyMappings = propertyMappings == null ? List.of() : List.copyOf(propertyMappings);
op,null_ternary,com.legend.model,com/legend/model/ClassMapping.java,197,memberWitness,False,,,,,propertyTargetSets = propertyTargetSets == null
comment,default,com.legend.model,com/legend/model/ClassMapping.java,202,,False,,,javadoc,,/** * A model-to-model (M2M) class mapping. Sources values from another Pure * class via {@code $src.*} expressions rather than from a database. * * <p>Surface: * <pre> * *target::Class[setId]: Pure * { * ~src source::Class * ~filter $src.i
throw,INTERNAL_JDK:IllegalArgumentException,com.legend.model,com/legend/model/ClassMapping.java,268,memberWitness,False,,,INTERNAL_JDK,,throw new IllegalArgumentException(
op,null_ternary,com.legend.model,com/legend/model/ClassMapping.java,272,memberWitness,False,,,,,propertyBindings = propertyBindings == null
op,null_ternary,com.legend.model,com/legend/model/ClassMapping.java,348,withExpression,False,,,,,memberSetIds = memberSetIds == null ? List.of() : List.copyOf(memberSetIds);
throw,INTERNAL_JDK:IllegalStateException,com.legend.model,com/legend/model/ClassMapping.java,402,withExpression,True,,,INTERNAL_JDK,,"throw new IllegalStateException(""a Relation mapping needs"""
op,null_ternary,com.legend.model,com/legend/model/ClassMapping.java,405,withExpression,True,,,,,columns = columns == null ? List.of() : List.copyOf(columns);
op,null_ternary,com.legend.model,com/legend/model/ClassMapping.java,406,withExpression,True,,,,,primaryKey = primaryKey == null ? List.of() : List.copyOf(primaryKey);
op,null_ternary,com.legend.model,com/legend/model/ClassMapping.java,424,Col,True,,,,,embedded = embedded == null ? List.of() : List.copyOf(embedded);
comment,fallback,com.legend.model,com/legend/model/ComparisonOp.java,4,,False,,,javadoc,,/** * Closed set of binary comparison operators that may appear in a relational * {@link RelationalOperation.Comparison} node. * * <p>The parser collapses source-form synonyms onto canonical values so * downstream consumers can pattern-matc
comment,default,com.legend.model,com/legend/model/DataSpaceDefinition.java,6,,False,,,javadoc,,"/** * A parsed {@code DataSpace} element &mdash; a curated view over mappings, * runtimes and executables that Studio surfaces as a product. Nothing in * legend-lite executes a data space; the record exists so {@code ###DataSpace} * section"
op,null_ternary,com.legend.model,com/legend/model/DatabaseDefinition.java,48,,False,,,,,includes          = includes          == null ? List.of() : List.copyOf(includes);
op,null_ternary,com.legend.model,com/legend/model/DatabaseDefinition.java,49,,False,,,,,schemas           = schemas           == null ? List.of() : List.copyOf(schemas);
op,null_ternary,com.legend.model,com/legend/model/DatabaseDefinition.java,50,,False,,,,,tables            = tables            == null ? List.of() : List.copyOf(tables);
op,null_ternary,com.legend.model,com/legend/model/DatabaseDefinition.java,51,,True,,,,,views             = views             == null ? List.of() : List.copyOf(views);
op,null_ternary,com.legend.model,com/legend/model/DatabaseDefinition.java,52,,True,,,,,joins             = joins             == null ? List.of() : List.copyOf(joins);
op,null_ternary,com.legend.model,com/legend/model/DatabaseDefinition.java,53,,True,,,,,filters           = filters           == null ? List.of() : List.copyOf(filters);
op,null_ternary,com.legend.model,com/legend/model/DatabaseDefinition.java,54,,True,,,,,multiGrainFilters = multiGrainFilters == null ? List.of() : List.copyOf(multiGrainFilters);
op,null_ternary,com.legend.model,com/legend/model/DatabaseDefinition.java,64,SchemaDefinition,True,,,,,tables = tables == null ? List.of() : List.copyOf(tables);
op,null_ternary,com.legend.model,com/legend/model/DatabaseDefinition.java,65,SchemaDefinition,True,,,,,views  = views  == null ? List.of() : List.copyOf(views);
comment,default,com.legend.model,com/legend/model/DatabaseDefinition.java,84,,True,,,javadoc,,/** * The table's {@code milestoning(...)} block &mdash; per-dimension * temporal declarations mirroring the engine's * {@code BusinessMilestoning} / {@code ProcessingMilestoning} / * {@code TemporalSnapshotMilestoning}. Either dimension ma
comment,fallback,com.legend.model,com/legend/model/DatabaseDefinition.java,111,,True,,,javadoc,,/** * A column declaration. * * @param name column name as written (post-quote-strip) * @param dataType canonical {@link RelationalDataType} parsed from the SQL * type spec &mdash; one of the closed variants * (e.g. {@link RelationalDataTyp
op,null_ternary,com.legend.model,com/legend/model/DatabaseDefinition.java,163,ViewDefinition,True,,,,,groupByColumns = groupByColumns == null ? List.of() : List.copyOf(groupByColumns);
op,null_ternary,com.legend.model,com/legend/model/DatabaseDefinition.java,164,ViewDefinition,True,,,,,columnMappings = columnMappings == null ? List.of() : List.copyOf(columnMappings);
comment,default,com.legend.model,com/legend/model/EnumDefinition.java,6,,False,,,javadoc,,"/** * A parsed Pure {@code Enum} declaration. * * <p>Pure syntax: * <pre> * Enum package::EnumName { VALUE1, VALUE2, VALUE3 } * </pre> * * <p>Mirrors engine's {@code com.gs.legend.model.def.EnumDefinition}. * Engine's {@code simpleName()} /"
op,null_ternary,com.legend.model,com/legend/model/EnumerationMapping.java,42,EnumerationMapping,False,,,,,valueMappings = valueMappings == null
throw,INTERNAL_JDK:IllegalArgumentException,com.legend.model,com/legend/model/EnumerationMapping.java,60,EnumValueMapping,False,,,INTERNAL_JDK,,throw new IllegalArgumentException(
comment,default,com.legend.model,com/legend/model/FilterMapping.java,57,,False,,,javadoc,,/** Default join type (engine: LEFT OUTER navigation semantics). */
throw,INTERNAL_JDK:IllegalArgumentException,com.legend.model,com/legend/model/FilterMapping.java,68,JoinMediated,False,,,INTERNAL_JDK,,throw new IllegalArgumentException(
comment,fallback,com.legend.model,com/legend/model/FilterPointer.java,5,,False,,,javadoc,,"/** * A reference to a named {@code Filter} declared in a * {@link DatabaseDefinition}. Sealed because the two grammar forms have * <em>different resolution semantics</em>, not just different field * populations: * * <ul> * <li>{@link Local"
comment,fallback,com.legend.model,com/legend/model/FilterPointer.java,48,,False,,,javadoc,,/** * {@code ~filter [DB] FilterName}: explicit cross-database reference. * The resolver must find {@code FilterName} in {@code db} specifically; * it does not fall back to the enclosing scope on miss. */
throw,INTERNAL_JDK:IllegalStateException,com.legend.model,com/legend/model/FromProtocol.java,85,toAssociationDefinition,False,,,INTERNAL_JDK,,throw new IllegalStateException(
comment,default,com.legend.model,com/legend/model/FromProtocol.java,136,,True,,,line,,// means the DEFAULT schema — `schemaB.personTable` and
comment,default,com.legend.model,com/legend/model/FromProtocol.java,139,,True,,,line,,"// (named first, synthetic ""default"" last), which is required for"
comment,default,com.legend.model,com/legend/model/FromProtocol.java,141,,True,,,line,,// default personTable with a 3-column schemaB one and cost the
comment,default,com.legend.model,com/legend/model/FromProtocol.java,142,,True,,,line,,// mapping/join family 19 corpus tests. Default schema first here;
comment,default,com.legend.model,com/legend/model/FromProtocol.java,170,,True,,,line,,"// synthetic ""default"" schema, exactly as the engine does; the"
op,null_ternary,com.legend.model,com/legend/model/FromProtocol.java,229,table,False,,,,,b.infinityDate() == null ? null
op,null_ternary,com.legend.model,com/legend/model/FromProtocol.java,239,table,False,,,,,pm.infinityDate() == null ? null
op,null_ternary,com.legend.model,com/legend/model/FromProtocol.java,278,view,False,,,,,FilterPointer ptr = f.db() == null
op,null_ternary,com.legend.model,com/legend/model/FromProtocol.java,291,view,False,,,,,"jp.joinType() == null ? null : JoinType.fromIdentifier(jp.joinType()),"
op,null_ternary,com.legend.model,com/legend/model/FromProtocol.java,310,dataType,False,,,,,int size = t.size() == null ? 0 : t.size().intValue();
op,null_ternary,com.legend.model,com/legend/model/FromProtocol.java,338,dataType,False,,,,,t.size() == null ? java.lang.Integer.MAX_VALUE : size);
op,null_ternary,com.legend.model,com/legend/model/FromProtocol.java,343,dataType,True,,,,,"t.precision() == null ? 0 : t.precision().intValue(),"
op,null_ternary,com.legend.model,com/legend/model/FromProtocol.java,344,dataType,True,,,,,t.scale() == null ? 0 : t.scale().intValue());
op,null_ternary,com.legend.model,com/legend/model/FromProtocol.java,350,dataType,True,,,,,"t.precision() == null ? 0 : t.precision().intValue(),"
op,null_ternary,com.legend.model,com/legend/model/FromProtocol.java,351,dataType,True,,,,,t.scale() == null ? 0 : t.scale().intValue());
op,default_arrow,com.legend.model,com/legend/model/FromProtocol.java,352,dataType,False,,,,,default -> throw new UnsupportedOperationException(
throw,INTERNAL_JDK:UnsupportedOperationException,com.legend.model,com/legend/model/FromProtocol.java,352,dataType,False,,,INTERNAL_JDK,,default -> throw new UnsupportedOperationException(
throw,INTERNAL_JDK:IllegalStateException,com.legend.model,com/legend/model/FromProtocol.java,433,toConnectionElement,False,,,INTERNAL_JDK,,case Protocol.PConnectionPointer p -> throw new IllegalStateException(
throw,INTERNAL_JDK:IllegalStateException,com.legend.model,com/legend/model/FromProtocol.java,543,toRuntimeElement,False,,,INTERNAL_JDK,,throw new IllegalStateException(
op,default_arrow,com.legend.model,com/legend/model/FromProtocol.java,572,toServiceSectionElement,False,,,,,default -> throw new IllegalStateException(
throw,INTERNAL_JDK:IllegalStateException,com.legend.model,com/legend/model/FromProtocol.java,572,toServiceSectionElement,False,,,INTERNAL_JDK,,default -> throw new IllegalStateException(
op,null_ternary,com.legend.model,com/legend/model/FromProtocol.java,586,toServiceDefinition,False,,,,,"s.testSuites() == null ? null : ""<suites>"", s.owners(),"
op,null_ternary,com.legend.model,com/legend/model/FromProtocol.java,587,toServiceDefinition,False,,,,,"s.autoActivateUpdates(), null, s.test() == null ? null : ""<legacyTest>"");"
op,null_ternary,com.legend.model,com/legend/model/FromProtocol.java,590,toServiceDefinition,False,,,,,"s.documentation(), null, null, s.testSuites() == null ? null : ""<suites>"","
op,null_ternary,com.legend.model,com/legend/model/FromProtocol.java,593,toServiceDefinition,False,,,,,"multi.executionKey() == null ? """""
op,null_ternary,com.legend.model,com/legend/model/FromProtocol.java,595,toServiceDefinition,False,,,,,keyedExecutions(multi.executions() == null
op,null_ternary,com.legend.model,com/legend/model/FromProtocol.java,598,toServiceDefinition,False,,,,,"s.test() == null ? null : ""<legacyTest>"");"
op,null_ternary,com.legend.model,com/legend/model/FromProtocol.java,629,toMeasureDefinition,False,,,,,"m.canonicalUnit() == null ? null : toUnit(m.canonicalUnit()),"
op,null_ternary,com.legend.model,com/legend/model/FromProtocol.java,643,toPersistenceElement,False,,,,,"p.persister() == null ? null : p.persister().kind(),"
op,null_ternary,com.legend.model,com/legend/model/FromProtocol.java,644,toPersistenceElement,False,,,,,"p.serviceOutputTargets() == null ? null : ""<targets>"","
op,null_ternary,com.legend.model,com/legend/model/FromProtocol.java,645,toPersistenceElement,False,,,,,"p.notifier() == null ? null : ""<notifier>"","
op,null_ternary,com.legend.model,com/legend/model/FromProtocol.java,646,toPersistenceElement,False,,,,,"p.tests() == null ? null : ""<tests>"");"
op,null_ternary,com.legend.model,com/legend/model/FromProtocol.java,650,toPersistenceElement,False,,,,,p.platform() == null ? null
op,isEmpty_ternary,com.legend.model,com/legend/model/FromProtocol.java,652,toPersistenceElement,False,,,,,p.serviceParameters().isEmpty() ? null
op,null_ternary,com.legend.model,com/legend/model/FromProtocol.java,654,toPersistenceElement,False,,,,,p.sinkConnection() == null ? null
op,default_arrow,com.legend.model,com/legend/model/FromProtocol.java,656,toPersistenceElement,False,,,,,default -> throw new IllegalStateException(
throw,INTERNAL_JDK:IllegalStateException,com.legend.model,com/legend/model/FromProtocol.java,656,toPersistenceElement,False,,,INTERNAL_JDK,,default -> throw new IllegalStateException(
op,null_ternary,com.legend.model,com/legend/model/FromProtocol.java,670,toDataSpaceDefinition,False,,,,,ctx.testData() == null ? null
op,null_ternary,com.legend.model,com/legend/model/FromProtocol.java,680,toDataSpaceDefinition,False,,,,,"e.query() == null ? null : ""<query>"","
catch,RETHROW,com.legend.model,com/legend/model/FromProtocol.java,715,toRelationalConnection,False,,,IllegalArgumentException e,,"{ throw new UnsupportedConnectionShape(""unknown database type '"" + r.databaseType() + ""' (expected one of "" + java.util.Arrays.toString( ConnectionDefinition.DatabaseType.values()) + "")""); }"
throw,INTERNAL_CUSTOM:UnsupportedConnectionShape,com.legend.model,com/legend/model/FromProtocol.java,716,toRelationalConnection,False,,,INTERNAL_CUSTOM,,"throw new UnsupportedConnectionShape(""unknown database type '"""
op,null_ternary,com.legend.model,com/legend/model/FromProtocol.java,733,toRelationalConnection,False,,,,,case Protocol.PDuckDBSpec dd -> dd.path() == null
op,null_ternary,com.legend.model,com/legend/model/FromProtocol.java,736,toRelationalConnection,False,,,,,case Protocol.PSQLiteSpec sq -> sq.path() == null
op,null_ternary,com.legend.model,com/legend/model/FromProtocol.java,756,toRelationalConnection,False,,,,,"s.catalog() == null ? """" : s.catalog());"
op,null_ternary,com.legend.model,com/legend/model/FromProtocol.java,789,toRelationalConnection,False,,,,,w.additionalGcpScopes() == null
op,null_ternary,com.legend.model,com/legend/model/FunctionDefinition.java,82,,False,,,,,typeParameters = typeParameters == null ? List.of() : List.copyOf(typeParameters);
op,null_ternary,com.legend.model,com/legend/model/FunctionDefinition.java,83,,False,,,,,multiplicityParameters = multiplicityParameters == null ? List.of() : List.copyOf(multiplicityParameters);
op,null_ternary,com.legend.model,com/legend/model/FunctionDefinition.java,84,,False,,,,,parameters = parameters == null ? List.of() : List.copyOf(parameters);
op,null_ternary,com.legend.model,com/legend/model/FunctionDefinition.java,86,,False,,,,,stereotypes = stereotypes == null ? List.of() : List.copyOf(stereotypes);
op,null_ternary,com.legend.model,com/legend/model/FunctionDefinition.java,87,,False,,,,,taggedValues = taggedValues == null ? List.of() : List.copyOf(taggedValues);
comment,default,com.legend.model,com/legend/model/FunctionDefinition.java,91,,False,,,javadoc,,"/** * Convenience constructor for user-written (non-synthesized) functions: * {@code synthesizedFrom} defaults to {@code null}. The parser and * {@code NameResolver} build functions this way; only Phase E synthesizers * tag provenance, via "
op,null_ternary,com.legend.model,com/legend/model/ImportScope.java,33,ImportScope,False,,,,,wildcards = wildcards == null ? List.of() : List.copyOf(wildcards);
throw,INTERNAL_JDK:IllegalArgumentException,com.legend.model,com/legend/model/ImportScope.java,60,add,False,,,INTERNAL_JDK,,throw new IllegalArgumentException(
comment,fallback,com.legend.model,com/legend/model/JoinType.java,3,,False,,,javadoc,,"/** * Per-hop join type annotation in a {@link JoinChainElement}, written * inside parens in mapping property syntax: {@code @J1 > (LEFT) @J2}. * * <p>Source-form synonyms are folded onto canonical engine values: * <ul> * <li>{@code LEFT}, "
op,default_arrow,com.legend.model,com/legend/model/JoinType.java,36,fromIdentifier,False,,,,,default -> throw new IllegalArgumentException(
throw,INTERNAL_JDK:IllegalArgumentException,com.legend.model,com/legend/model/JoinType.java,36,fromIdentifier,False,,,INTERNAL_JDK,,default -> throw new IllegalArgumentException(
op,null_ternary,com.legend.model,com/legend/model/LegacyMappingDefinition.java,64,,False,,,,,includes = includes == null ? List.of() : List.copyOf(includes);
op,null_ternary,com.legend.model,com/legend/model/LegacyMappingDefinition.java,65,,False,,,,,classMappings = classMappings == null ? List.of() : List.copyOf(classMappings);
op,null_ternary,com.legend.model,com/legend/model/LegacyMappingDefinition.java,66,,False,,,,,associationMappings = associationMappings == null ? List.of() : List.copyOf(associationMappings);
op,null_ternary,com.legend.model,com/legend/model/LegacyMappingDefinition.java,67,,False,,,,,enumerationMappings = enumerationMappings == null ? List.of() : List.copyOf(enumerationMappings);
comment,fallback,com.legend.model,com/legend/model/LogicalOp.java,3,,False,,,javadoc,,/** * Closed set of binary logical connectives used in relational filter and * join expressions ({@link RelationalOperation.BooleanOp}). * * <p>Engine grammar accepts the keywords lowercase ({@code and} / {@code or}). * Per AGENTS.md invari
op,default_arrow,com.legend.model,com/legend/model/LogicalOp.java,25,fromKeyword,False,,,,,default -> throw new IllegalArgumentException(
throw,INTERNAL_JDK:IllegalArgumentException,com.legend.model,com/legend/model/LogicalOp.java,25,fromKeyword,False,,,INTERNAL_JDK,,default -> throw new IllegalArgumentException(
op,null_ternary,com.legend.model,com/legend/model/MappingDefinition.java,57,MappingDefinition,False,,,,,includes = includes == null ? List.of() : List.copyOf(includes);
op,null_ternary,com.legend.model,com/legend/model/MappingDefinition.java,58,MappingDefinition,False,,,,,classBindings = classBindings == null ? List.of() : List.copyOf(classBindings);
op,null_ternary,com.legend.model,com/legend/model/MappingDefinition.java,59,MappingDefinition,False,,,,,associationBindings = associationBindings == null ? List.of() : List.copyOf(associationBindings);
op,null_ternary,com.legend.model,com/legend/model/MappingDefinition.java,60,MappingDefinition,False,,,,,enumerationMappings = enumerationMappings == null ? List.of() : List.copyOf(enumerationMappings);
op,null_ternary,com.legend.model,com/legend/model/MappingDefinition.java,61,MappingDefinition,False,,,,,routedTargetSets = routedTargetSets == null
comment,default,com.legend.model,com/legend/model/MappingDefinition.java,70,,False,,,javadoc,,/** * A class binding: structure only; the body is a {@link Realization} * (function ref or &mdash; B&rarr;E only &mdash; an inline expression). * * @param classFqn the mapped class * @param kind {@code RELATIONAL} | {@code PURE} * @param s
op,null_ternary,com.legend.model,com/legend/model/MappingDefinition.java,94,ClassBinding,True,,,,,primaryKeyColumns = primaryKeyColumns == null ? List.of()
throw,INTERNAL_JDK:IllegalStateException,com.legend.model,com/legend/model/MappingDefinition.java,121,functionFqn,False,,,INTERNAL_JDK,,throw new IllegalStateException(
throw,INTERNAL_JDK:IllegalStateException,com.legend.model,com/legend/model/MappingDefinition.java,148,predicateFunctionFqn,True,,,INTERNAL_JDK,,throw new IllegalStateException(
comment,fallback,com.legend.model,com/legend/model/MappingFromProtocol.java,13,,False,,,javadoc,,"/** * {@code PMapping} &rarr; {@link LegacyMappingDefinition}: the Mapping half of * the protocol-first migration (PARSER_COMPLETENESS_PLAN.md §1, phase M). * * <p>The target is the LEGACY SURFACE TREE, not the clean-sheet function form. * "
throw,INTERNAL_CUSTOM:UnsupportedMappingShape,com.legend.model,com/legend/model/MappingFromProtocol.java,90,toMappingElement,False,,,INTERNAL_CUSTOM,,"throw new UnsupportedMappingShape(""Mapping '"" + m.qualifiedName()"
op,notnull_ternary,com.legend.model,com/legend/model/MappingFromProtocol.java,136,realizationOf,False,,,,,return fn != null
comment,default,com.legend.model,com/legend/model/MappingFromProtocol.java,147,,False,,,line,,// compile semantic (splice the dataspace's default-context
throw,INTERNAL_CUSTOM:UnsupportedMappingShape,com.legend.model,com/legend/model/MappingFromProtocol.java,236,toMappingDefinition,False,,,INTERNAL_CUSTOM,,"throw new UnsupportedMappingShape(""a function-form binding has no"""
throw,INTERNAL_CUSTOM:UnsupportedMappingShape,com.legend.model,com/legend/model/MappingFromProtocol.java,281,toMappingDefinition,False,,,INTERNAL_CUSTOM,,throw new UnsupportedMappingShape(
throw,INTERNAL_CUSTOM:UnsupportedMappingShape,com.legend.model,com/legend/model/MappingFromProtocol.java,294,toMappingDefinition,False,,,INTERNAL_CUSTOM,,"throw new UnsupportedMappingShape(""class mapping kind """
op,null_ternary,com.legend.model,com/legend/model/MappingFromProtocol.java,300,toMappingDefinition,False,,,,,"String fn = op.operation() == null ? """" : op.operation();"
throw,INTERNAL_CUSTOM:UnsupportedMappingShape,com.legend.model,com/legend/model/MappingFromProtocol.java,311,toMappingDefinition,False,,,INTERNAL_CUSTOM,,"throw new UnsupportedMappingShape(""Operation union for '"""
op,null_ternary,com.legend.model,com/legend/model/MappingFromProtocol.java,348,pureInstance,False,,,,,pure.filter() == null ? null
op,notnull_ternary,com.legend.model,com/legend/model/MappingFromProtocol.java,363,relationFunction,True,,,,,String funcRef = rel.relationFunction() != null
op,null_ternary,com.legend.model,com/legend/model/MappingFromProtocol.java,405,associationMapping,False,,,,,"src == null || tgt == null ? null : src,"
op,null_ternary,com.legend.model,com/legend/model/MappingFromProtocol.java,406,associationMapping,False,,,,,"src == null || tgt == null ? null : tgt,"
throw,INTERNAL_CUSTOM:UnsupportedMappingShape,com.legend.model,com/legend/model/MappingFromProtocol.java,423,associationMapping,False,,,INTERNAL_CUSTOM,,throw new UnsupportedMappingShape(
throw,INTERNAL_CUSTOM:UnsupportedMappingShape,com.legend.model,com/legend/model/MappingFromProtocol.java,428,associationMapping,False,,,INTERNAL_CUSTOM,,"throw new UnsupportedMappingShape(""association mapping kind """
throw,INTERNAL_CUSTOM:UnsupportedMappingShape,com.legend.model,com/legend/model/MappingFromProtocol.java,461,single,False,,,INTERNAL_CUSTOM,,"throw new UnsupportedMappingShape(""a "" + what"
catch,FALLBACK_RETURN,com.legend.model,com/legend/model/MappingFromProtocol.java,471,single,False,,,MissingDatabase md,,"{ // database inference (legend-pure) is unbuilt — skip, carried return null; }"
op,null_ternary,com.legend.model,com/legend/model/MappingFromProtocol.java,478,relationalInner,False,,,,,LegacyMappingDefinition.TableReference mainTable = rel.mainTable() == null
op,null_ternary,com.legend.model,com/legend/model/MappingFromProtocol.java,483,relationalInner,False,,,,,String mainDb = mainTable == null ? null : mainTable.database();
op,null_ternary,com.legend.model,com/legend/model/MappingFromProtocol.java,485,relationalInner,False,,,,,FilterMapping filter = rel.filter() == null ? null : filterMapping(rel.filter());
op,null_ternary,com.legend.model,com/legend/model/MappingFromProtocol.java,530,filterMapping,True,,,,,"hopType == null ? null : JoinType.fromIdentifier(hopType),"
comment,fallback,com.legend.model,com/legend/model/MappingFromProtocol.java,591,,False,,,line,,// targetSetId stays NULL on the fallback body: `otherwiseTarget`
throw,INTERNAL_CUSTOM:UnsupportedMappingShape,com.legend.model,com/legend/model/MappingFromProtocol.java,600,propertyMapping,False,,,INTERNAL_CUSTOM,,"throw new UnsupportedMappingShape(""property mapping kind """
op,null_ternary,com.legend.model,com/legend/model/MappingFromProtocol.java,609,propertyMapping,True,,,,,lp.upperBound() == null ? null
throw,INTERNAL_CUSTOM:UnsupportedMappingShape,com.legend.model,com/legend/model/MappingFromProtocol.java,653,bodyOf,True,,,INTERNAL_CUSTOM,,"throw new UnsupportedMappingShape(""EnumerationMapping on a"""
op,null_ternary,com.legend.model,com/legend/model/MappingFromProtocol.java,666,bodyOf,True,,,,,return enumMappingId == null
op,null_ternary,com.legend.model,com/legend/model/MappingFromProtocol.java,671,bodyOf,True,,,,,return enumMappingId == null
op,isEmpty_ternary,com.legend.model,com/legend/model/MappingFromProtocol.java,679,bodyOf,False,,,,,return jn.chain().isEmpty() ? null : jn.chain().get(0).databaseName();
op,isEmpty_ternary,com.legend.model,com/legend/model/MappingFromProtocol.java,695,bodyOf,True,,,,,return s == null || s.isEmpty() ? null : s;
op,null_ternary,com.legend.model,com/legend/model/MappingInclude.java,25,MappingInclude,False,,,,,substitutions = substitutions == null ? List.of() : List.copyOf(substitutions);
op,null_ternary,com.legend.model,com/legend/model/NativeFunctionDefinition.java,60,,False,,,,,typeParameters = typeParameters == null ? List.of() : List.copyOf(typeParameters);
op,null_ternary,com.legend.model,com/legend/model/NativeFunctionDefinition.java,61,,False,,,,,multiplicityParameters = multiplicityParameters == null ? List.of() : List.copyOf(multiplicityParameters);
op,null_ternary,com.legend.model,com/legend/model/NativeFunctionDefinition.java,62,,False,,,,,parameters = parameters == null ? List.of() : List.copyOf(parameters);
op,null_ternary,com.legend.model,com/legend/model/NativeFunctionDefinition.java,63,,False,,,,,stereotypes = stereotypes == null ? List.of() : List.copyOf(stereotypes);
op,null_ternary,com.legend.model,com/legend/model/NativeFunctionDefinition.java,64,,False,,,,,taggedValues = taggedValues == null ? List.of() : List.copyOf(taggedValues);
op,null_ternary,com.legend.model,com/legend/model/NormalizedModel.java,61,NormalizedModel,False,,,,,elements = elements == null ? List.of() : List.copyOf(elements);
op,null_ternary,com.legend.model,com/legend/model/NormalizedModel.java,67,NormalizedModel,False,,,,,mappingPoisons = mappingPoisons == null
op,null_ternary,com.legend.model,com/legend/model/NormalizedModel.java,72,NormalizedModel,False,,,,,legacySurfaces = legacySurfaces == null
op,null_ternary,com.legend.model,com/legend/model/NormalizedModel.java,76,NormalizedModel,True,,,,,mixedUnions = mixedUnions == null
comment,default,com.legend.model,com/legend/model/OpaqueElementDefinition.java,6,,False,,,javadoc,,"/** * An OVERLAY section grammar's element (GRAMMAR_EXTENSIBILITY.md step 3 — * the opaque carrier): produced through {@code com.legend.spi.ElementSink}, * indexed, named and routed by core like any element, but NEVER opened — * the payload"
comment,default,com.legend.model,com/legend/model/PackageableElement.java,3,,False,,,javadoc,,"/** * Sealed root for parsed top-level Pure declarations. * * <p>Every variant is a record that captures the structure the parser saw, * with simple-name type references (resolved later by {@code NameResolver}) * and no semantic types attac"
op,null_ternary,com.legend.model,com/legend/model/ParsedModel.java,35,UnclaimedSection,False,,,,,elements = elements == null ? List.of() : List.copyOf(elements);
op,null_ternary,com.legend.model,com/legend/model/ParsedModel.java,39,UnclaimedSection,False,,,,,elementOffsets = elementOffsets == null ? java.util.Map.of()
op,null_ternary,com.legend.model,com/legend/model/ParsedModel.java,41,UnclaimedSection,False,,,,,elementImports = elementImports == null ? java.util.Map.of()
op,null_ternary,com.legend.model,com/legend/model/ParsedModel.java,43,UnclaimedSection,False,,,,,elementSources = elementSources == null ? java.util.Map.of()
op,null_ternary,com.legend.model,com/legend/model/ParsedModel.java,45,UnclaimedSection,True,,,,,unclaimedSections = unclaimedSections == null ? List.of()
op,null_ternary,com.legend.model,com/legend/model/ProfileDefinition.java,34,,False,,,,,stereotypes = stereotypes == null ? List.of() : List.copyOf(stereotypes);
op,null_ternary,com.legend.model,com/legend/model/ProfileDefinition.java,35,,False,,,,,tags = tags == null ? List.of() : List.copyOf(tags);
comment,fallback,com.legend.model,com/legend/model/PropertyMapping.java,10,,False,,,javadoc,,/** * One property-to-source binding inside a {@link ClassMapping}. * * <p>Sealed because the five grammar forms have structurally different * downstream behavior: * <ul> * <li>{@link Column} &mdash; read a value directly from a table colum
throw,INTERNAL_JDK:IllegalArgumentException,com.legend.model,com/legend/model/PropertyMapping.java,154,,False,,,INTERNAL_JDK,,throw new IllegalArgumentException(
throw,INTERNAL_JDK:IllegalArgumentException,com.legend.model,com/legend/model/PropertyMapping.java,197,JoinTerminalColumn,True,,,INTERNAL_JDK,,throw new IllegalArgumentException(
op,null_ternary,com.legend.model,com/legend/model/PropertyMapping.java,241,JoinTerminalColumn,False,,,,,primaryKey = primaryKey == null ? List.of() : List.copyOf(primaryKey);
comment,fallback,com.legend.model,com/legend/model/PropertyMapping.java,269,,True,,,javadoc,,"/** * Otherwise-embedded: {@code propName ( subs ) Otherwise ([fallbackSetId]: body)}. * * <p>Try the embedded sub-mappings first; if the embedded data is * absent (e.g. denormalized columns are NULL), fall back to another * class mapping r"
op,null_ternary,com.legend.model,com/legend/model/RelOpFromProtocol.java,98,joinNavigation,False,,,,,ptr.joinType() == null ? null
op,notnull_ternary,com.legend.model,com/legend/model/RelOpFromProtocol.java,111,joinNavigation,False,,,,,String navDb = db != null ? db : enclosingDb;
op,null_ternary,com.legend.model,com/legend/model/RelOpFromProtocol.java,120,joinNavigation,False,,,,,j.relationalElement() == null ? null
comment,fallback,com.legend.model,com/legend/model/RelOpFromProtocol.java,124,,False,,,javadoc,,/** * The closed operator vocabulary. Anything not named here is a genuine * function call — the same fallback the legacy parser applied. */
op,default_arrow,com.legend.model,com/legend/model/RelOpFromProtocol.java,167,dynaFunc,False,,,,,default -> {
op,default_arrow,com.legend.model,com/legend/model/RelOpFromProtocol.java,184,dynaFunc,False,,,,,default -> null;
throw,INTERNAL_JDK:IllegalArgumentException,com.legend.model,com/legend/model/RelationalDataType.java,143,fromName,False,,,INTERNAL_JDK,,-> throw new IllegalArgumentException(
op,default_arrow,com.legend.model,com/legend/model/RelationalDataType.java,145,fromName,False,,,,,default -> throw new IllegalArgumentException(
throw,INTERNAL_JDK:IllegalArgumentException,com.legend.model,com/legend/model/RelationalDataType.java,145,fromName,False,,,INTERNAL_JDK,,default -> throw new IllegalArgumentException(
comment,default,com.legend.model,com/legend/model/RelationalOperation.java,43,,False,,,javadoc,,"/** * The DIRECT {@link RelationalOperation} children, in rebuild order — * the shared structural-recursion contract (see the SqlExpr/ * ValueSpecification twins). Exhaustive, no default arm: a new * variant fails compilation here until it "
op,null_ternary,com.legend.model,com/legend/model/RelationalOperation.java,63,,False,,,,,case JoinNavigation j -> j.terminal() == null
op,null_ternary,com.legend.model,com/legend/model/RelationalOperation.java,82,,False,,,,,case JoinNavigation j -> j.terminal() == null ? j
op,notnull_ternary,com.legend.model,com/legend/model/RelationalOperation.java,189,decimal,False,,,,,args = args != null ? List.copyOf(args) : List.of();
op,notnull_ternary,com.legend.model,com/legend/model/RelationalOperation.java,246,eq,False,,,,,elements = elements != null ? List.copyOf(elements) : List.of();
throw,INTERNAL_JDK:IllegalArgumentException,com.legend.model,com/legend/model/RelationalOperation.java,265,eq,False,,,INTERNAL_JDK,,"if (chain.isEmpty()) throw new IllegalArgumentException(""Join chain cannot be empty"");"
op,null_ternary,com.legend.model,com/legend/model/RuntimeDefinition.java,59,,False,,,,,mappings = mappings == null ? List.of() : List.copyOf(mappings);
op,null_ternary,com.legend.model,com/legend/model/RuntimeDefinition.java,60,,False,,,,,connectionBindings = connectionBindings == null ? Map.of()
op,null_ternary,com.legend.model,com/legend/model/RuntimeDefinition.java,62,,False,,,,,jsonConnections = jsonConnections == null ? List.of() : List.copyOf(jsonConnections);
op,null_ternary,com.legend.model,com/legend/model/RuntimeDefinition.java,63,,False,,,,,inlineConnections = inlineConnections == null ? List.of()
comment,fallback,com.legend.model,com/legend/model/ServiceDefinition.java,8,,False,,,javadoc,,/** * A parsed Pure {@code Service} declaration &mdash; a REST endpoint bound to a * Pure query expression with optional mapping &amp; runtime references. * * <p>Pure syntax (excerpt): * <pre> * Service my::api::GetPerson * { * pattern: '/a
op,null_ternary,com.legend.model,com/legend/model/ServiceDefinition.java,75,,False,,,,,owners = owners == null ? List.of() : List.copyOf(owners);
op,orElse,com.legend.normalizer,com/legend/normalizer/AssociationSynthesis.java,107,injectMultiHopAssociationPMs,False,,,,,AssociationDefinition ad = model.findAssociation(rel.associationName()).orElse(null);
op,notnull_ternary,com.legend.normalizer,com/legend/normalizer/AssociationSynthesis.java,177,injectMultiHopAssociationPMs,False,,,,,String tgtSet = join.targetSetId() != null
op,null_ternary,com.legend.normalizer,com/legend/normalizer/AssociationSynthesis.java,180,injectMultiHopAssociationPMs,False,,,,,&& join.targetSetId() == null
op,notnull_ternary,com.legend.normalizer,com/legend/normalizer/AssociationSynthesis.java,200,injectMultiHopAssociationPMs,False,,,,,rewritten.add(injectedCm != null ? injectedCm : cm);
comment,default,com.legend.normalizer,com/legend/normalizer/AssociationSynthesis.java,241,,False,,,line,,// the default <classFqnUnderscored>_<embProp>) belongs INSIDE this
op,orElse,com.legend.normalizer,com/legend/normalizer/AssociationSynthesis.java,298,collectPairAssociationEntries,False,,,,,model.findAssociation(am.associationName()).orElse(null);
op,null_ternary,com.legend.normalizer,com/legend/normalizer/AssociationSynthesis.java,312,collectPairAssociationEntries,False,,,,,PropertyMapping.Join stamped = join.targetSetId() == null
op,orElse,com.legend.normalizer,com/legend/normalizer/AssociationSynthesis.java,322,collectPairAssociationEntries,False,,,,,model.findLegacyMapping(inc.mappingPath()).orElse(null);
comment,fallback,com.legend.normalizer,com/legend/normalizer/AssociationSynthesis.java,375,,False,,,line,,// same-package fallback (an unimported sibling)
op,orElse,com.legend.normalizer,com/legend/normalizer/AssociationSynthesis.java,386,resolveAssociation,False,,,,,.orElse(null);
throw,INTERNAL_CUSTOM:NotImplementedException,com.legend.normalizer,com/legend/normalizer/AssociationSynthesis.java,398,resolveAssociation,False,,,INTERNAL_CUSTOM,,throw new NotImplementedException(
op,orElseThrow,com.legend.normalizer,com/legend/normalizer/AssociationSynthesis.java,403,resolveAssociation,False,,,,,".orElseThrow(() -> new ModelException(LegendCompileException.Phase.NORMALIZE,"
throw,USER:ModelException,com.legend.normalizer,com/legend/normalizer/AssociationSynthesis.java,410,resolveAssociation,False,,,USER,,"throw new ModelException(LegendCompileException.Phase.NORMALIZE,"
throw,INTERNAL_CUSTOM:NotImplementedException,com.legend.normalizer,com/legend/normalizer/AssociationSynthesis.java,420,resolveAssociation,False,,,INTERNAL_CUSTOM,,throw new NotImplementedException(
throw,USER:ModelException,com.legend.normalizer,com/legend/normalizer/AssociationSynthesis.java,509,buildAssocPredicateBody,False,,,USER,,"throw new ModelException(LegendCompileException.Phase.NORMALIZE,"
op,notnull_ternary,com.legend.normalizer,com/legend/normalizer/AssociationSynthesis.java,516,buildAssocPredicateBody,False,,,,,String hopDb = hop.databaseName() != null ? hop.databaseName() : join.database();
op,orElseThrow,com.legend.normalizer,com/legend/normalizer/AssociationSynthesis.java,518,buildAssocPredicateBody,False,,,,,".orElseThrow(() -> new ModelException(LegendCompileException.Phase.NORMALIZE,"
op,isPresent_ternary,com.legend.normalizer,com/legend/normalizer/AssociationSynthesis.java,528,buildAssocPredicateBody,True,,,,,"model.findView(hopDb, sourceTable).isPresent() ? sourceTable : null,"
op,isPresent_ternary,com.legend.normalizer,com/legend/normalizer/AssociationSynthesis.java,530,buildAssocPredicateBody,False,,,,,"model.findView(hopDb, classBTable).isPresent() ? classBTable : null,"
throw,INTERNAL_CUSTOM:NotImplementedException,com.legend.normalizer,com/legend/normalizer/AssociationSynthesis.java,544,buildAssocPredicateBody,True,,,INTERNAL_CUSTOM,,throw new NotImplementedException(
throw,USER:ModelException,com.legend.normalizer,com/legend/normalizer/AssociationSynthesis.java,565,buildAssocPredicateBody,False,,,USER,,"throw new ModelException(LegendCompileException.Phase.NORMALIZE,"
op,orElseThrow,com.legend.normalizer,com/legend/normalizer/AssociationSynthesis.java,598,buildAssocPredicateBody,False,,,,,"model.findClass(rcm.className()).orElseThrow(() -> new IllegalStateException(""F7.8: class unresolved at AssociationSynthesis#1 (this default NEVER fired on the corpus cen"
op,null_ternary,com.legend.normalizer,com/legend/normalizer/AssociationSynthesis.java,599,buildAssocPredicateBody,False,,,,,TypeExpression pt = owner == null ? null
op,notnull_ternary,com.legend.normalizer,com/legend/normalizer/AssociationSynthesis.java,605,buildAssocPredicateBody,False,,,,,rcm.mainTable() != null ? rcm.mainTable()
op,notnull_ternary,com.legend.normalizer,com/legend/normalizer/GroupBySynthesis.java,49,groupedKeyColumnNames,False,,,,,"keyNames[i] = base != null ? ""k"" + i + ""__"" + base : ""k"" + i;"
throw,INTERNAL_CUSTOM:NotImplementedException,com.legend.normalizer,com/legend/normalizer/GroupBySynthesis.java,91,renameGroupedNavCond,False,,,INTERNAL_CUSTOM,,"throw new NotImplementedException(""~groupBy Join PM '"" + propName"
throw,INTERNAL_CUSTOM:NotImplementedException,com.legend.normalizer,com/legend/normalizer/GroupBySynthesis.java,113,renameSourceReads,True,,,INTERNAL_CUSTOM,,"throw new NotImplementedException(""~groupBy Join PM '"""
op,default_arrow,com.legend.normalizer,com/legend/normalizer/GroupBySynthesis.java,127,renameSourceReads,False,,,,,"default -> v.mapChildren(x -> renameSourceReads(x, srcVar,"
op,notnull_ternary,com.legend.normalizer,com/legend/normalizer/GroupBySynthesis.java,144,applyGroupBy,False,,,,,"keyNames[i] = base != null ? ""k"" + i + ""__"" + base : ""k"" + i;"
throw,INTERNAL_CUSTOM:NotImplementedException,com.legend.normalizer,com/legend/normalizer/GroupBySynthesis.java,163,applyGroupBy,True,,,INTERNAL_CUSTOM,,throw new NotImplementedException(
throw,INTERNAL_CUSTOM:NotImplementedException,com.legend.normalizer,com/legend/normalizer/GroupBySynthesis.java,177,applyGroupBy,False,,,INTERNAL_CUSTOM,,throw new NotImplementedException(
throw,INTERNAL_CUSTOM:NotImplementedException,com.legend.normalizer,com/legend/normalizer/GroupBySynthesis.java,200,applyGroupBy,False,,,INTERNAL_CUSTOM,,throw new NotImplementedException(
op,notnull_ternary,com.legend.normalizer,com/legend/normalizer/ImplicitInheritance.java,62,apply,False,,,,,child.mainTable() != null ? child.mainTable()
comment,conservative,com.legend.normalizer,com/legend/normalizer/ImplicitInheritance.java,104,,False,,,javadoc,,"/** IMPLICIT inheritance OP for UNMAPPED association-end parents * (engine parity, MilestonedInheritanceMapping golden): a per-pair * AssociationMapping entry names member sets ({@code vehicle[o,c]: * @Owner_Car}) whose classes are strict s"
op,orElse,com.legend.normalizer,com/legend/normalizer/ImplicitInheritance.java,131,implicitOpsForAssociationEnds,False,,,,,.orElse(null);
op,notnull_ternary,com.legend.normalizer,com/legend/normalizer/ImplicitInheritance.java,138,implicitOpsForAssociationEnds,False,,,,,&& j.targetSetId() != null
op,getOrDefault,com.legend.normalizer,com/legend/normalizer/ImplicitInheritance.java,182,implicitOpsForAssociationEnds,False,,,,,".getOrDefault(cls, List.of()).stream()"
op,notnull_ternary,com.legend.normalizer,com/legend/normalizer/ImplicitInheritance.java,184,implicitOpsForAssociationEnds,False,,,,,var am = a.mainTable() != null ? a.mainTable()
op,orElse,com.legend.normalizer,com/legend/normalizer/JoinChainEmission.java,97,emitHopsForStructuralPm,False,,,,,.orElse(null);
op,null_ternary,com.legend.normalizer,com/legend/normalizer/JoinChainEmission.java,98,emitHopsForStructuralPm,False,,,,,TypeExpression oeType = oeOwner == null ? null
throw,INTERNAL_CUSTOM:NotImplementedException,com.legend.normalizer,com/legend/normalizer/JoinChainEmission.java,109,emitHopsForStructuralPm,False,,,INTERNAL_CUSTOM,,throw new NotImplementedException(
op,null_ternary,com.legend.normalizer,com/legend/normalizer/JoinChainEmission.java,127,emitHopsForStructuralPm,False,,,,,TypeExpression propType = owner == null ? null
throw,INTERNAL_CUSTOM:NotImplementedException,com.legend.normalizer,com/legend/normalizer/JoinChainEmission.java,137,emitHopsForStructuralPm,False,,,INTERNAL_CUSTOM,,throw new NotImplementedException(
op,orElseThrow,com.legend.normalizer,com/legend/normalizer/JoinChainEmission.java,166,emitHopsForStructuralPm,False,,,,,"ClassDefinition owner = model.findClass(ownerClassFqn).orElseThrow(() -> new IllegalStateException(""F7.8: class unresolved at JoinChainEmission#2 (this default NEVER fire"
op,null_ternary,com.legend.normalizer,com/legend/normalizer/JoinChainEmission.java,167,emitHopsForStructuralPm,False,,,,,TypeExpression propType = owner == null ? null
throw,INTERNAL_CUSTOM:NotImplementedException,com.legend.normalizer,com/legend/normalizer/JoinChainEmission.java,183,emitHopsForStructuralPm,False,,,INTERNAL_CUSTOM,,throw new NotImplementedException(
op,default_arrow,com.legend.normalizer,com/legend/normalizer/JoinChainEmission.java,195,emitHopsForStructuralPm,True,,,,,default -> { /* Column / Enum / Expression:
comment,fallback,com.legend.normalizer,com/legend/normalizer/JoinChainEmission.java,200,,False,,,javadoc,,"/** * Emit the OtherwiseEmbedded fallback's pipeline step: a * {@code legacyNavigate(~<propName>: getAll(Target), {sr,tr|cond})} * binding the fallback class instance as a named slot. The map * terminal then composes {@code otherwise(^Inner"
throw,INTERNAL_CUSTOM:NotImplementedException,com.legend.normalizer,com/legend/normalizer/JoinChainEmission.java,212,emitOtherwiseEmbeddedHop,False,,,INTERNAL_CUSTOM,,throw new NotImplementedException(
op,orElseThrow,com.legend.normalizer,com/legend/normalizer/JoinChainEmission.java,217,emitOtherwiseEmbeddedHop,False,,,,,ClassDefinition owner = model.findClass(ownerClassFqn).orElseThrow(() ->
throw,USER:ModelException,com.legend.normalizer,com/legend/normalizer/JoinChainEmission.java,224,emitOtherwiseEmbeddedHop,False,,,USER,,"throw new ModelException(LegendCompileException.Phase.NORMALIZE,"
throw,INTERNAL_CUSTOM:NotImplementedException,com.legend.normalizer,com/legend/normalizer/JoinChainEmission.java,230,emitOtherwiseEmbeddedHop,False,,,INTERNAL_CUSTOM,,throw new NotImplementedException(
comment,fallback,com.legend.normalizer,com/legend/normalizer/JoinChainEmission.java,234,,False,,,line,,// Emit the fallback Join chain as a legacyNavigate step under
op,notnull_ternary,com.legend.normalizer,com/legend/normalizer/JoinChainEmission.java,324,emitJoinChain,False,,,,,String hopDb = hop.databaseName() != null ? hop.databaseName()
op,notnull_ternary,com.legend.normalizer,com/legend/normalizer/JoinChainEmission.java,325,emitJoinChain,False,,,,,: (chainDb != null ? chainDb : mainDb);
op,orElseThrow,com.legend.normalizer,com/legend/normalizer/JoinChainEmission.java,327,emitJoinChain,False,,,,,".orElseThrow(() -> new ModelException(LegendCompileException.Phase.NORMALIZE,"
op,null_ternary,com.legend.normalizer,com/legend/normalizer/JoinChainEmission.java,335,emitJoinChain,False,,,,,RelationalOperation joinCond = p.backingView == null ? jd.operation()
op,isPresent_ternary,com.legend.normalizer,com/legend/normalizer/JoinChainEmission.java,342,emitJoinChain,False,,,,,"&& model.findView(hopDb, condTables.iterator().next()).isPresent()"
op,null_ternary,com.legend.normalizer,com/legend/normalizer/JoinChainEmission.java,358,emitJoinChain,False,,,,,"condScope.put(prevTable, prevAlias == null"
op,notnull_ternary,com.legend.normalizer,com/legend/normalizer/JoinChainEmission.java,377,emitJoinChain,False,,,,,ValueSpecification targetRows = viewTarget != null
op,orElseThrow,com.legend.normalizer,com/legend/normalizer/JoinChainEmission.java,379,emitJoinChain,False,,,,,"model.findView(hopDb, viewTarget).orElseThrow(),"
op,null_ternary,com.legend.normalizer,com/legend/normalizer/JoinChainEmission.java,390,emitJoinChain,False,,,,,List<UnionSynthesis.UnionRoute> routes = propName == null ? null
op,notnull_ternary,com.legend.normalizer,com/legend/normalizer/JoinChainEmission.java,411,emitJoinChain,False,,,,,ValueSpecification targetRel = viewTarget != null
op,orElseThrow,com.legend.normalizer,com/legend/normalizer/JoinChainEmission.java,412,emitJoinChain,False,,,,,"? ViewRelation.viewRelationExpr(model.findView(hopDb, viewTarget).orElseThrow(),"
op,notnull_ternary,com.legend.normalizer,com/legend/normalizer/JoinChainEmission.java,462,routedNavigation,False,,,,,String rDb = rHop.databaseName() != null
op,orElseThrow,com.legend.normalizer,com/legend/normalizer/JoinChainEmission.java,465,routedNavigation,False,,,,,"model.findJoin(rDb, rHop.joinName()).orElseThrow(() ->"
op,isPresent_ternary,com.legend.normalizer,com/legend/normalizer/JoinChainEmission.java,477,routedNavigation,False,,,,,"&& model.findView(rDb, rCondTables.iterator().next()).isPresent()"
op,null_ternary,com.legend.normalizer,com/legend/normalizer/JoinChainEmission.java,483,routedNavigation,False,,,,,"rScope.put(rPrevTable, rPrevAlias == null"
op,null_ternary,com.legend.normalizer,com/legend/normalizer/JoinChainEmission.java,504,routedNavigation,True,,,,,orCond = orCond == null ? rCond
throw,INTERNAL_CUSTOM:NotImplementedException,com.legend.normalizer,com/legend/normalizer/JoinChainEmission.java,524,routedNavigation,True,,,INTERNAL_CUSTOM,,throw new NotImplementedException(
comment,default,com.legend.normalizer,com/legend/normalizer/JoinChainEmission.java,542,,False,,,javadoc,,"/** * Pick the slot identifier for a freshly-emitted physical sub-row hop. * The default is the human-readable {@code ""__""}-joined path. If a * <em>different</em> path already produced that exact name (a genuine * collision — e.g. chain {@c"
op,orElse,com.legend.normalizer,com/legend/normalizer/JoinChainEmission.java,602,tableHasColumn,True,,,,,var db = model.findDatabase(dbFqn).orElse(null);
comment,fallback,com.legend.normalizer,com/legend/normalizer/JoinChainEmission.java,639,,False,,,javadoc,,"/** * Recover the pipeline slot name a physical chain was emitted under. * Resolves through the structured path registry (collision-proof). * A miss is LOUD: emitted chains are always registered, so a miss * means some translated expression"
throw,INTERNAL_CUSTOM:NotImplementedException,com.legend.normalizer,com/legend/normalizer/JoinChainEmission.java,651,slotFor,False,,,INTERNAL_CUSTOM,,"throw new NotImplementedException(""join chain "" + key"
op,null_ternary,com.legend.normalizer,com/legend/normalizer/JoinChainEmission.java,769,hopTarget,False,,,,,"propName == null ? ""<nested>"" : propName,"
op,isPresent_ternary,com.legend.normalizer,com/legend/normalizer/JoinChainEmission.java,771,hopTarget,True,,,,,"String view = model.findView(hopDb, targetTable).isPresent()"
op,orElseThrow,com.legend.normalizer,com/legend/normalizer/JoinChainEmission.java,791,hopTarget,True,,,,,"model.findView(hopDb, viewTarget).orElseThrow();"
catch,FALLBACK_RETURN,com.legend.normalizer,com/legend/normalizer/JoinChainEmission.java,812,hopTarget,True,,,ModelException unmappedTarget,,{ return null; }
op,orElseThrow,com.legend.normalizer,com/legend/normalizer/JoinChainEmission.java,871,innerFilteredSource,False,,,,,"dbFqn, jm.filter().name()).orElseThrow(() -> new ModelException("
throw,INTERNAL_CUSTOM:NotImplementedException,com.legend.normalizer,com/legend/normalizer/JoinChainEmission.java,883,innerFilteredSource,False,,,INTERNAL_CUSTOM,,"throw new NotImplementedException(""(INNER) mapping ~filter '"""
throw,USER:ModelException,com.legend.normalizer,com/legend/normalizer/JoinChainEmission.java,910,innerFilteredSource,False,,,USER,,"throw new ModelException(LegendCompileException.Phase.NORMALIZE,"
comment,conservative,com.legend.normalizer,com/legend/normalizer/JoinChainEmission.java,926,,False,,,javadoc,,/** A condition with an is-null arm (or a null-literal comparison / * isNull dyna) anywhere in it — the LEFT+WHERE ≡ INNER equivalence * breaks exactly there. Conservative: OR/NOT around a null test also * counts. */
throw,INTERNAL_CUSTOM:NotImplementedException,com.legend.normalizer,com/legend/normalizer/JoinChainEmission.java,947,nullTolerant,False,,,INTERNAL_CUSTOM,,"throw new NotImplementedException(""(INNER) mapping-"""
op,default_arrow,com.legend.normalizer,com/legend/normalizer/JoinChainEmission.java,960,nullTolerant,False,,,,,default -> false;
op,orElse,com.legend.normalizer,com/legend/normalizer/JoinChainEmission.java,969,nullTolerant,False,,,,,DatabaseDefinition db = model.findDatabase(dbFqn).orElse(null);
op,orElse,com.legend.normalizer,com/legend/normalizer/JoinChainEmission.java,1001,relationHasColumn,True,,,,,"model.findView(db, table).orElse(null);"
throw,USER:ModelException,com.legend.normalizer,com/legend/normalizer/M2mRouteGuards.java,43,m2mBindingKey,False,,,USER,,"throw new ModelException(LegendCompileException.Phase.NORMALIZE,"
throw,USER:ModelException,com.legend.normalizer,com/legend/normalizer/M2mRouteGuards.java,71,requireBenignRoute,False,,,USER,,"throw new ModelException(LegendCompileException.Phase.NORMALIZE,"
op,orElse,com.legend.normalizer,com/legend/normalizer/M2mRouteGuards.java,98,requireBenignRoute,True,,,,,.findFirst().orElse(null);
throw,USER:ModelException,com.legend.normalizer,com/legend/normalizer/M2mRouteGuards.java,109,requireBenignRoute,True,,,USER,,"throw new ModelException(LegendCompileException.Phase.NORMALIZE,"
op,null_ternary,com.legend.normalizer,com/legend/normalizer/M2mRouteGuards.java,112,requireBenignRoute,False,,,,,"+ (routedClass == null ? """" : "" of '"" + routedClass + ""'"")"
comment,default,com.legend.normalizer,com/legend/normalizer/M2mRouteGuards.java,118,,True,,,javadoc,,/** * Whether {@code cm} answers to set id {@code id}. An unlabeled mapping's * engine-default id is the class FQN with '_' for '::' (short name * accepted too — includes-era corpora spell it either way). */
comment,default,com.legend.normalizer,com/legend/normalizer/M2mRouteGuards.java,131,,True,,,line,,// audit 23: EXACT engine-default id only (FQN with '_' for '::');
throw,USER:ModelException,com.legend.normalizer,com/legend/normalizer/M2mRouteGuards.java,149,localField,False,,,USER,,throw new com.legend.error.ModelException(
comment,fallback,com.legend.normalizer,com/legend/normalizer/MappingNormalizer.java,70,,False,,,javadoc,,/** * Legacy Mapping DSL desugarer. Translates every legacy * {@link LegacyMappingDefinition} into clean-sheet function form per * {@code docs/MAPPING_LEGACY_TO_FUNCTION.md} with full feature parity to * engine's {@code com.gs.legend.compil
op,orElse,com.legend.normalizer,com/legend/normalizer/MappingNormalizer.java,171,normalize,False,,,,,model.findLegacyMapping(md.qualifiedName()).orElse(md);
catch,RETHROW,com.legend.normalizer,com/legend/normalizer/MappingNormalizer.java,179,normalize,False,,,ModelException e,,"{ if (wallSink == null || e.element() == null) { throw e; } wallSink.putIfAbsent(e.element(), String.valueOf(e.getMessage()).split(""\n"")[0]); }"
catch,RETHROW,com.legend.normalizer,com/legend/normalizer/MappingNormalizer.java,193,normalize,False,,,ModelException e,,"{ if (wallSink == null || e.element() == null) { throw e; } wallSink.putIfAbsent(e.element(), String.valueOf(e.getMessage()).split(""\n"")[0]); }"
catch,RETHROW,com.legend.normalizer,com/legend/normalizer/MappingNormalizer.java,221,withElement,True,,,ModelException e,,"{ if (e.element() != null) { throw e; } throw new ModelException(e.phase(), e.getMessage(), elementFqn); }"
throw,USER:ModelException,com.legend.normalizer,com/legend/normalizer/MappingNormalizer.java,225,withElement,False,,,USER,,"throw new ModelException(e.phase(), e.getMessage(), elementFqn);"
catch,RETHROW,com.legend.normalizer,com/legend/normalizer/MappingNormalizer.java,226,withElement,True,,,"com.legend.error.NotImplementedException
                | com.legend.error.MappingResolutionException e",,"{ // DELIBERATE walls get element attribution too — a module // compile's drop-and-wall needs the identity. Genuine bugs // (NPE, ISE) stay RAW: they must fail the build, never // silently wall an element away. throw new ModelException( com"
throw,USER:ModelException,com.legend.normalizer,com/legend/normalizer/MappingNormalizer.java,232,withElement,False,,,USER,,throw new ModelException(
catch,SWALLOWED,com.legend.normalizer,com/legend/normalizer/MappingNormalizer.java,313,normalizeMapping,False,,,NotImplementedException | ModelException e,,"{ // per-SET fault isolation, same trade as per-class model.mappingPoisons.putIfAbsent( md.qualifiedName() + ""::"" + cm.className() + ""["" + setIdOf(cm) + ""]"", String.valueOf(e.getMessage())); }"
catch,SWALLOWED,com.legend.normalizer,com/legend/normalizer/MappingNormalizer.java,326,normalizeMapping,False,,,"NotImplementedException
                    | ModelException e",,"{ // PER-CLASS fault isolation: one class mapping using a // roadmap feature must not sink the whole mapping. The // binding is withheld; fetching THIS class raises the // recorded reason (loud at use, never silent). // DELIBERATE TRADE (au"
op,getOrDefault,com.legend.normalizer,com/legend/normalizer/MappingNormalizer.java,390,normalizeMapping,False,,,,,"|| defCount.getOrDefault(rcm.className(), 0) != 1"
catch,SWALLOWED,com.legend.normalizer,com/legend/normalizer/MappingNormalizer.java,398,normalizeMapping,False,,,NotImplementedException | ModelException e,,"{ model.mappingPoisons.put( md.qualifiedName() + ""::"" + rcm.className(), String.valueOf(e.getMessage())); continue; }"
catch,RETHROW,com.legend.normalizer,com/legend/normalizer/MappingNormalizer.java,420,normalizeMapping,False,,,NotImplementedException | ModelException e,,{ // PER-ASSOCIATION fault isolation (mirrors the per-class arm // above): one XStore/ModelJoin association on roadmap // machinery must not sink the whole mapping — the class // bindings stay queryable; navigating THIS association // raise
op,orElse,com.legend.normalizer,com/legend/normalizer/MappingNormalizer.java,434,normalizeMapping,False,,,in_catch,,".orElse(am.associationName()),"
op,orElse,com.legend.normalizer,com/legend/normalizer/MappingNormalizer.java,443,normalizeMapping,False,,,,,".orElse(am.associationName()), fn.qualifiedName()));"
throw,USER:ModelException,com.legend.normalizer,com/legend/normalizer/MappingNormalizer.java,537,liftAssocInline,False,,,USER,,"throw new ModelException(LegendCompileException.Phase.NORMALIZE,"
throw,USER:ModelException,com.legend.normalizer,com/legend/normalizer/MappingNormalizer.java,543,liftAssocInline,False,,,USER,,"throw new ModelException(LegendCompileException.Phase.NORMALIZE,"
op,orElseThrow,com.legend.normalizer,com/legend/normalizer/MappingNormalizer.java,549,liftAssocInline,False,,,,,".orElseThrow(() -> new ModelException(LegendCompileException.Phase.NORMALIZE,"
comment,default,com.legend.normalizer,com/legend/normalizer/MappingNormalizer.java,574,,True,,,javadoc,,"/** * The set-implementation ID of a class mapping: the explicit * {@code [id]}, else the class FQN with {@code ::} &rarr; {@code _} * &mdash; the engine's default ({@code HelperMappingBuilder * .getClassMappingId}); corpus mappings referen"
op,notnull_ternary,com.legend.normalizer,com/legend/normalizer/MappingNormalizer.java,583,setIdOf,True,,,,,"return cm.setId() != null ? cm.setId() : cm.className().replace(""::"", ""_"");"
comment,default,com.legend.normalizer,com/legend/normalizer/MappingNormalizer.java,586,,True,,,javadoc,,"/** * Rewrite the condition's target-side reads ({@code $t.COL}) to the * member-suffixed spelling ({@code $t.COL_<ord>}), collecting * physical&rarr;suffixed names. Closed vocabulary, loud default — * join conditions are comparisons/boolea"
comment,fallback,com.legend.normalizer,com/legend/normalizer/MappingNormalizer.java,659,,False,,,line,,// fallbacks).
throw,INTERNAL_CUSTOM:NotImplementedException,com.legend.normalizer,com/legend/normalizer/MappingNormalizer.java,660,resolveExtends,False,,,INTERNAL_CUSTOM,,throw new NotImplementedException(
op,orElse,com.legend.normalizer,com/legend/normalizer/MappingNormalizer.java,679,collectIncludedSetIds,False,,,,,model.findLegacyMapping(inc.mappingPath()).orElse(null);
throw,USER:ModelException,com.legend.normalizer,com/legend/normalizer/MappingNormalizer.java,712,flattenExtends,False,,,USER,,"throw new ModelException(LegendCompileException.Phase.NORMALIZE,"
throw,USER:ModelException,com.legend.normalizer,com/legend/normalizer/MappingNormalizer.java,718,flattenExtends,False,,,USER,,"throw new ModelException(LegendCompileException.Phase.NORMALIZE,"
throw,INTERNAL_CUSTOM:NotImplementedException,com.legend.normalizer,com/legend/normalizer/MappingNormalizer.java,724,flattenExtends,False,,,INTERNAL_CUSTOM,,throw new NotImplementedException(
op,notnull_ternary,com.legend.normalizer,com/legend/normalizer/MappingNormalizer.java,729,flattenExtends,False,,,,,ClassMapping.Relational flatParent = parentRcm.extendsSetId() != null
op,notnull_ternary,com.legend.normalizer,com/legend/normalizer/MappingNormalizer.java,760,flattenExtends,False,,,,,"child.mainTable() != null ? child.mainTable() : flatParent.mainTable(),"
op,notnull_ternary,com.legend.normalizer,com/legend/normalizer/MappingNormalizer.java,761,flattenExtends,False,,,,,"child.filter() != null ? child.filter() : flatParent.filter(),"
op,isEmpty_ternary,com.legend.normalizer,com/legend/normalizer/MappingNormalizer.java,763,flattenExtends,False,,,,,!child.groupBy().isEmpty() ? child.groupBy()
op,isEmpty_ternary,com.legend.normalizer,com/legend/normalizer/MappingNormalizer.java,765,flattenExtends,False,,,,,!child.primaryKey().isEmpty()
op,instanceof_else_default,com.legend.normalizer,com/legend/normalizer/MappingNormalizer.java,776,flattenExtends,False,,,,,return t instanceof TypeExpression.NameRef nr ? nr.name() : null;
throw,USER:ModelException,com.legend.normalizer,com/legend/normalizer/MappingNormalizer.java,804,walkM2MChain,False,,,USER,,"throw new ModelException(LegendCompileException.Phase.NORMALIZE,"
op,orElseThrow,com.legend.normalizer,com/legend/normalizer/MappingNormalizer.java,886,routedTargetGainsOperation,False,,,,,"ClassDefinition owner = model.findClass(rcm.className()).orElseThrow(() -> new IllegalStateException(""F7.8: class unresolved at MappingNormalizer#1 (this default NEVER fi"
throw,USER:ModelException,com.legend.normalizer,com/legend/normalizer/MappingNormalizer.java,996,putRelationCols,True,,,USER,,throw new ModelException(
op,orElseThrow,com.legend.normalizer,com/legend/normalizer/MappingNormalizer.java,1013,putRelationCols,True,,,,,.orElseThrow(() -> new ModelException(
throw,USER:ModelException,com.legend.normalizer,com/legend/normalizer/MappingNormalizer.java,1021,putRelationCols,True,,,USER,,throw new ModelException(
op,notnull_ternary,com.legend.normalizer,com/legend/normalizer/MappingNormalizer.java,1035,putRelationCols,True,,,,,ValueSpecification read = c.expr() != null
throw,INTERNAL_CUSTOM:NotImplementedException,com.legend.normalizer,com/legend/normalizer/MappingNormalizer.java,1074,relationFunctionPipeline,True,,,INTERNAL_CUSTOM,,throw new NotImplementedException(
throw,INTERNAL_CUSTOM:NotImplementedException,com.legend.normalizer,com/legend/normalizer/MappingNormalizer.java,1079,relationFunctionPipeline,True,,,INTERNAL_CUSTOM,,throw new NotImplementedException(
op,orElseThrow,com.legend.normalizer,com/legend/normalizer/MappingNormalizer.java,1099,synthesizeXStoreMapping,False,,,,,AssociationDefinition ad = model.findAssociation(xs.associationName()).orElseThrow();
throw,USER:ModelException,com.legend.normalizer,com/legend/normalizer/MappingNormalizer.java,1122,synthesizeXStoreMapping,False,,,USER,,throw new ModelException(
throw,USER:ModelException,com.legend.normalizer,com/legend/normalizer/MappingNormalizer.java,1141,synthesizeXStoreMapping,False,,,USER,,throw new ModelException(
throw,INTERNAL_CUSTOM:NotImplementedException,com.legend.normalizer,com/legend/normalizer/MappingNormalizer.java,1169,synthesizeXStoreMapping,False,,,INTERNAL_CUSTOM,,throw new NotImplementedException(
op,orElseThrow,com.legend.normalizer,com/legend/normalizer/MappingNormalizer.java,1208,synthesizeModelJoinMapping,True,,,,,AssociationDefinition ad2 = model.findAssociation(mj.associationName()).orElseThrow();
throw,INTERNAL_CUSTOM:NotImplementedException,com.legend.normalizer,com/legend/normalizer/MappingNormalizer.java,1215,synthesizeModelJoinMapping,True,,,INTERNAL_CUSTOM,,throw new NotImplementedException(
throw,INTERNAL_CUSTOM:NotImplementedException,com.legend.normalizer,com/legend/normalizer/MappingNormalizer.java,1224,synthesizeModelJoinMapping,False,,,INTERNAL_CUSTOM,,throw new NotImplementedException(
op,instanceof_else_default,com.legend.normalizer,com/legend/normalizer/MappingNormalizer.java,1230,synthesizeModelJoinMapping,False,,,,,String t0 = p0.type() instanceof TypeExpression.NameRef nr0 ? nr0.name() : null;
op,instanceof_else_default,com.legend.normalizer,com/legend/normalizer/MappingNormalizer.java,1231,synthesizeModelJoinMapping,False,,,,,String t1 = p1.type() instanceof TypeExpression.NameRef nr1 ? nr1.name() : null;
throw,USER:ModelException,com.legend.normalizer,com/legend/normalizer/MappingNormalizer.java,1293,synthM2M,False,,,USER,,"throw new ModelException(LegendCompileException.Phase.NORMALIZE,"
throw,USER:ModelException,com.legend.normalizer,com/legend/normalizer/MappingNormalizer.java,1329,synthM2M,False,,,USER,,"throw new ModelException(LegendCompileException.Phase.NORMALIZE,"
throw,USER:ModelException,com.legend.normalizer,com/legend/normalizer/MappingNormalizer.java,1339,synthM2M,False,,,USER,,"throw new ModelException(LegendCompileException.Phase.NORMALIZE,"
throw,USER:ModelException,com.legend.normalizer,com/legend/normalizer/MappingNormalizer.java,1372,m2mPropertyValue,False,,,USER,,"throw new ModelException(LegendCompileException.Phase.NORMALIZE,"
throw,USER:ModelException,com.legend.normalizer,com/legend/normalizer/MappingNormalizer.java,1379,m2mPropertyValue,True,,,USER,,"throw new ModelException(LegendCompileException.Phase.NORMALIZE,"
op,default_arrow,com.legend.normalizer,com/legend/normalizer/MappingNormalizer.java,1436,collectColumnsOfTable,True,,,,,default -> {
op,default_arrow,com.legend.normalizer,com/legend/normalizer/MappingNormalizer.java,1464,collectTargetColumns,False,,,,,default -> {
op,orElseThrow,com.legend.normalizer,com/legend/normalizer/MappingNormalizer.java,1479,isBitemporalClass,False,,,,,"ClassDefinition cd = model.findClass(classFqn).orElseThrow(() -> new IllegalStateException(""F7.8: class unresolved at MappingNormalizer#3 (this default NEVER fired on the"
op,orElseThrow,com.legend.normalizer,com/legend/normalizer/MappingNormalizer.java,1506,isTemporalClass,False,,,,,"ClassDefinition cd = model.findClass(classFqn).orElseThrow(() -> new IllegalStateException(""F7.8: class unresolved at MappingNormalizer#4 (this default NEVER fired on the"
throw,INTERNAL_CUSTOM:NotImplementedException,com.legend.normalizer,com/legend/normalizer/MappingNormalizer.java,1536,nullOfPhysicalKind,True,,,INTERNAL_CUSTOM,,throw new NotImplementedException(
op,null_ternary,com.legend.normalizer,com/legend/normalizer/MappingNormalizer.java,1555,nullOfDeclaredType,True,,,,,TypeExpression dt = owner == null ? null
throw,INTERNAL_CUSTOM:NotImplementedException,com.legend.normalizer,com/legend/normalizer/MappingNormalizer.java,1558,nullOfDeclaredType,False,,,INTERNAL_CUSTOM,,throw new NotImplementedException(
op,null_ternary,com.legend.normalizer,com/legend/normalizer/MappingNormalizer.java,1560,nullOfDeclaredType,True,,,,,"+ (owner == null ? "" (unresolved owner class)"""
op,null_ternary,com.legend.normalizer,com/legend/normalizer/MappingNormalizer.java,1563,nullOfDeclaredType,True,,,,,"+ (dt == null ? ""unknown"" : ""non-nominal""));"
throw,INTERNAL_CUSTOM:NotImplementedException,com.legend.normalizer,com/legend/normalizer/MappingNormalizer.java,1590,synthRelational,True,,,INTERNAL_CUSTOM,,throw new NotImplementedException(
op,orElse,com.legend.normalizer,com/legend/normalizer/MappingNormalizer.java,1605,synthRelational,False,,,,,"vMain.database(), vMain.table()).orElse(null);"
throw,USER:ModelException,com.legend.normalizer,com/legend/normalizer/MappingNormalizer.java,1636,synthRelational,False,,,USER,,"throw new ModelException(LegendCompileException.Phase.NORMALIZE,"
throw,USER:ModelException,com.legend.normalizer,com/legend/normalizer/MappingNormalizer.java,1643,synthRelational,False,,,USER,,"throw new ModelException(LegendCompileException.Phase.NORMALIZE,"
comment,default,com.legend.normalizer,com/legend/normalizer/MappingNormalizer.java,1651,,True,,,line,,// return the CANONICAL name: scope([db]default.personTable) columns
comment,default,com.legend.normalizer,com/legend/normalizer/MappingNormalizer.java,1652,,True,,,line,,// record 'default.personTable' while join conditions and the store
comment,default,com.legend.normalizer,com/legend/normalizer/MappingNormalizer.java,1653,,True,,,line,,"// lookup say 'personTable' — the default-schema prefix is spelling,"
comment,default,com.legend.normalizer,com/legend/normalizer/MappingNormalizer.java,1660,,True,,,javadoc,,"/** 'default.T' and 'T' are the same table — the default-schema prefix * is spelling, not identity. THE one canonicalization site (audit 15: * RelOpTranslator spelled it independently). */"
catch,FALLBACK_RETURN,com.legend.normalizer,com/legend/normalizer/MappingNormalizer.java,1673,canonicalTable,True,,,ModelException e,,{ return null; }
comment,default,com.legend.normalizer,com/legend/normalizer/MappingNormalizer.java,1697,,True,,,line,,"// DELIBERATE non-contributors (audit 15: exhaustive, no default —"
comment,default,com.legend.normalizer,com/legend/normalizer/MappingNormalizer.java,1706,,False,,,line,,// open default never recursed OtherwiseEmbedded — preserved
comment,default,com.legend.normalizer,com/legend/normalizer/MappingNormalizer.java,1738,,True,,,line,,"// DELIBERATE non-contributors (audit 15: exhaustive, no default):"
op,orElseThrow,com.legend.normalizer,com/legend/normalizer/MappingNormalizer.java,1773,synthJsonSourceMapping,False,,,,,ClassDefinition cd = model.findClass(rcm.className()).orElseThrow(() ->
comment,fallback,com.legend.normalizer,com/legend/normalizer/MappingNormalizer.java,1833,,True,,,line,,// MIGRATION fallback for shapes the frame walls on (frameable).
op,notnull_ternary,com.legend.normalizer,com/legend/normalizer/MappingNormalizer.java,1865,synthViewBackedMapping,False,,,,,FilterMapping mergedFilter = view.filter() != null ? view.filter() : rcm.filter();
comment,fallback,com.legend.normalizer,com/legend/normalizer/MappingNormalizer.java,1874,,True,,,line,,// VIEW-ON-VIEW on the fallback route: the inferred root may itself
op,orElse,com.legend.normalizer,com/legend/normalizer/MappingNormalizer.java,1878,synthViewBackedMapping,True,,,,,"model.findView(mainDb, physicalTable).orElse(null);"
comment,fallback,com.legend.normalizer,com/legend/normalizer/MappingNormalizer.java,1911,,False,,,line,,// silently drop the mapping filter (AGENTS.md: no fallbacks).
throw,INTERNAL_CUSTOM:NotImplementedException,com.legend.normalizer,com/legend/normalizer/MappingNormalizer.java,1912,layerMappingFilterPreMap,False,,,INTERNAL_CUSTOM,,throw new NotImplementedException(
throw,INTERNAL_JDK:IllegalStateException,com.legend.normalizer,com/legend/normalizer/MappingNormalizer.java,1920,layerMappingFilterPreMap,False,,,INTERNAL_JDK,,throw new IllegalStateException(
op,orElseThrow,com.legend.normalizer,com/legend/normalizer/MappingNormalizer.java,1930,layerMappingFilterPreMap,False,,,,,".orElseThrow(() -> new ModelException(LegendCompileException.Phase.NORMALIZE,"
op,notnull_ternary,com.legend.normalizer,com/legend/normalizer/MappingNormalizer.java,2078,synthTableBackedParts,False,,,,,Pipeline p = new Pipeline(sourceOverride != null ? sourceOverride
comment,fallback,com.legend.normalizer,com/legend/normalizer/MappingNormalizer.java,2100,,False,,,line,,"// OtherwiseEmbedded eager/fallback bodies, groupBy keys, and"
throw,INTERNAL_CUSTOM:NotImplementedException,com.legend.normalizer,com/legend/normalizer/MappingNormalizer.java,2150,synthTableBackedParts,False,,,INTERNAL_CUSTOM,,"throw new NotImplementedException(""multi-hop Join PM '"""
op,default_arrow,com.legend.normalizer,com/legend/normalizer/MappingNormalizer.java,2242,collectMappedColumns,True,,,,,default -> {
op,default_arrow,com.legend.normalizer,com/legend/normalizer/MappingNormalizer.java,2271,collectExprColumns,False,,,,,"default -> op.children().forEach(x -> collectExprColumns(x, sink));"
comment,fallback,com.legend.normalizer,com/legend/normalizer/MappingNormalizer.java,2313,,True,,,javadoc,,"/** The ~primaryKey column NAMES (engine resolvePrimaryKey: declared * mapping identity first; the table's PK is only the fallback and is * resolved by the CONSUMER, which has store access). Only plain * ColumnRef entries carry a name — exp"
op,null_ternary,com.legend.normalizer,com/legend/normalizer/MappingNormalizer.java,2336,declaredPrimaryKeyColumns,False,,,,,TypeExpression t = owner == null ? null
op,instanceof_else_default,com.legend.normalizer,com/legend/normalizer/MappingNormalizer.java,2338,declaredPrimaryKeyColumns,False,,,,,String name = t instanceof TypeExpression.NameRef nr ? nr.name() : null;
op,notnull_ternary,com.legend.normalizer,com/legend/normalizer/MappingNormalizer.java,2373,declaredAssertion,True,,,,,String db = cr.databaseName() != null ? cr.databaseName()
op,null_ternary,com.legend.normalizer,com/legend/normalizer/MappingNormalizer.java,2380,declaredAssertion,True,,,,,String colKind = cd == null ? null : RelationalKinds.pureKindOf(cd.dataType());
op,null_ternary,com.legend.normalizer,com/legend/normalizer/MappingNormalizer.java,2400,coerceColumnToDeclared,True,,,,,String colKind = cd == null ? null : RelationalKinds.pureKindOf(cd.dataType());
op,default_arrow,com.legend.normalizer,com/legend/normalizer/MappingNormalizer.java,2423,coerceColumnToDeclared,True,,,,,default -> false;
op,default_arrow,com.legend.normalizer,com/legend/normalizer/MappingNormalizer.java,2467,coerceColumnToDeclared,True,,,,,default -> null;
op,orElse,com.legend.normalizer,com/legend/normalizer/MappingNormalizer.java,2504,coerceColumnToDeclared,True,,,,,DatabaseDefinition db = model.findDatabase(dbFqn).orElse(null);
throw,USER:ModelException,com.legend.normalizer,com/legend/normalizer/MappingNormalizer.java,2543,validatePmNames,False,,,USER,,"throw new ModelException(LegendCompileException.Phase.NORMALIZE,"
op,notnull_ternary,com.legend.normalizer,com/legend/normalizer/MappingNormalizer.java,2603,translatePmToField,False,,,,,String slot = targetIfMapped != null
op,getOrDefault,com.legend.normalizer,com/legend/normalizer/MappingNormalizer.java,2604,translatePmToField,False,,,,,? pipeline.navSlotByProp.getOrDefault(
throw,USER:ModelException,com.legend.normalizer,com/legend/normalizer/MappingNormalizer.java,2668,materializeEmbedded,False,,,USER,,"throw new ModelException(LegendCompileException.Phase.NORMALIZE,"
op,notnull_ternary,com.legend.normalizer,com/legend/normalizer/MappingNormalizer.java,2672,materializeEmbedded,False,,,,,String innerFqn = innerOverride != null ? innerOverride
op,instanceof_else_default,com.legend.normalizer,com/legend/normalizer/MappingNormalizer.java,2674,materializeEmbedded,False,,,,,instanceof TypeExpression.NameRef nr ? nr.name() : null;
throw,USER:ModelException,com.legend.normalizer,com/legend/normalizer/MappingNormalizer.java,2676,materializeEmbedded,False,,,USER,,"throw new ModelException(LegendCompileException.Phase.NORMALIZE,"
throw,USER:ModelException,com.legend.normalizer,com/legend/normalizer/MappingNormalizer.java,2681,materializeEmbedded,False,,,USER,,"throw new ModelException(LegendCompileException.Phase.NORMALIZE,"
throw,INTERNAL_CUSTOM:NotImplementedException,com.legend.normalizer,com/legend/normalizer/MappingNormalizer.java,2694,materializeEmbedded,False,,,INTERNAL_CUSTOM,,throw new NotImplementedException(
comment,fallback,com.legend.normalizer,com/legend/normalizer/MappingNormalizer.java,2714,,False,,,line,,// The pipeline step (legacyNavigate binding the fallback slot) was
throw,USER:ModelException,com.legend.normalizer,com/legend/normalizer/MappingNormalizer.java,2755,materializeInlineEmbedded,False,,,USER,,"throw new ModelException(LegendCompileException.Phase.NORMALIZE,"
op,orElseThrow,com.legend.normalizer,com/legend/normalizer/MappingNormalizer.java,2798,applyDirectFilter,False,,,,,"dbFqn, direct.filter().name()).orElseThrow(() -> new ModelException(LegendCompileException.Phase.NORMALIZE,"
op,orElseThrow,com.legend.normalizer,com/legend/normalizer/MappingNormalizer.java,2822,applyJoinMediatedFilter,False,,,,,"dbFqn, jm.filter().name()).orElseThrow(() -> new ModelException(LegendCompileException.Phase.NORMALIZE,"
throw,INTERNAL_CUSTOM:NotImplementedException,com.legend.normalizer,com/legend/normalizer/MappingNormalizer.java,2847,applyJoinMediatedFilter,False,,,INTERNAL_CUSTOM,,"throw new NotImplementedException(""mapping ~filter with an"""
op,notnull_ternary,com.legend.normalizer,com/legend/normalizer/MappingNormalizer.java,2906,mainTableDefOf,False,,,,,LegacyMappingDefinition.TableReference mt = rcm.mainTable() != null
throw,USER:ModelException,com.legend.normalizer,com/legend/normalizer/MappingNormalizer.java,2922,mainTableDefOf,False,,,USER,,"throw new ModelException(LegendCompileException.Phase.NORMALIZE,"
op,null_ternary,com.legend.normalizer,com/legend/normalizer/MappingNormalizer.java,2944,translateEnumeratedColumn,True,,,,,"tableScope, defaultTable, p == null ? RelOpTranslator.PipelineView.NONE : p.view());"
op,orElse,com.legend.normalizer,com/legend/normalizer/MappingNormalizer.java,2965,collectIncludedEnumMappings,True,,,,,model.findLegacyMapping(inc.mappingPath()).orElse(null);
op,notnull_ternary,com.legend.normalizer,com/legend/normalizer/MappingNormalizer.java,2990,translateEnumeratedSource,True,,,,,String candId = cand.mappingId() != null ? cand.mappingId()
op,orElseThrow,com.legend.normalizer,com/legend/normalizer/MappingNormalizer.java,2999,translateEnumeratedSource,False,,,,,"ClassDefinition owner = model.findClass(ownerClassFqn).orElseThrow(() -> new IllegalStateException(""F7.8: class unresolved at MappingNormalizer#8 (this default NEVER fire"
op,null_ternary,com.legend.normalizer,com/legend/normalizer/MappingNormalizer.java,3000,translateEnumeratedSource,False,,,,,TypeExpression propType = owner == null ? null
op,instanceof_else_default,com.legend.normalizer,com/legend/normalizer/MappingNormalizer.java,3002,translateEnumeratedSource,False,,,,,String enumFqn = propType instanceof TypeExpression.NameRef nr ? nr.name() : null;
throw,USER:ModelException,com.legend.normalizer,com/legend/normalizer/MappingNormalizer.java,3006,translateEnumeratedSource,False,,,USER,,throw new ModelException(
throw,USER:ModelException,com.legend.normalizer,com/legend/normalizer/MappingNormalizer.java,3018,translateEnumeratedSource,False,,,USER,,"throw new ModelException(LegendCompileException.Phase.NORMALIZE,"
op,notnull_ternary,com.legend.normalizer,com/legend/normalizer/MappingNormalizer.java,3019,translateEnumeratedSource,False,,,,,enumMappingId != null
op,orElse,com.legend.normalizer,com/legend/normalizer/MappingNormalizer.java,3035,translateEnumeratedSource,False,,,,,.map(EnumDefinition::values).orElse(null);
throw,USER:ModelException,com.legend.normalizer,com/legend/normalizer/MappingNormalizer.java,3039,translateEnumeratedSource,False,,,USER,,throw new ModelException(
throw,USER:ModelException,com.legend.normalizer,com/legend/normalizer/MappingNormalizer.java,3055,translateEnumeratedSource,False,,,USER,,"throw new ModelException(LegendCompileException.Phase.NORMALIZE, ""Unhandled SourceValue: "" + sv);"
op,null_ternary,com.legend.normalizer,com/legend/normalizer/MappingNormalizer.java,3059,translateEnumeratedSource,False,,,,,disj = disj == null ? eq
throw,USER:ModelException,com.legend.normalizer,com/legend/normalizer/MappingNormalizer.java,3063,translateEnumeratedSource,False,,,USER,,"throw new ModelException(LegendCompileException.Phase.NORMALIZE,"
op,notnull_ternary,com.legend.normalizer,com/legend/normalizer/MappingNormalizer.java,3139,resolveViewRefsInJoin,False,,,,,"var view = model.findView(cr.databaseName() != null ? cr.databaseName() : db,"
op,orElse,com.legend.normalizer,com/legend/normalizer/MappingNormalizer.java,3140,resolveViewRefsInJoin,False,,,,,cr.table()).orElse(null);
op,notnull_ternary,com.legend.normalizer,com/legend/normalizer/MappingNormalizer.java,3144,resolveViewRefsInJoin,False,,,,,String crDb = cr.databaseName() != null ? cr.databaseName() : db;
throw,INTERNAL_CUSTOM:NotImplementedException,com.legend.normalizer,com/legend/normalizer/MappingNormalizer.java,3161,resolveViewRefsInJoin,True,,,INTERNAL_CUSTOM,,throw new NotImplementedException(
op,notnull_ternary,com.legend.normalizer,com/legend/normalizer/MappingNormalizer.java,3163,resolveViewRefsInJoin,True,,,,,"+ (view.filter() != null ? ""~filter"" : view.distinct()"
op,null_ternary,com.legend.normalizer,com/legend/normalizer/MappingNormalizer.java,3178,resolveViewRefsInJoin,False,,,,,yield onlyView == null
op,default_arrow,com.legend.normalizer,com/legend/normalizer/MappingNormalizer.java,3203,resolveViewRefsInJoin,False,,,,,"default -> op.mapChildren(x -> resolveViewRefsInJoin(x, db,"
op,orElse,com.legend.normalizer,com/legend/normalizer/MappingNormalizer.java,3224,viewChainReaches,False,,,,,"model.findView(db, walk).orElse(null);"
throw,INTERNAL_CUSTOM:NotImplementedException,com.legend.normalizer,com/legend/normalizer/MappingNormalizer.java,3243,requireNonViewTarget,False,,,INTERNAL_CUSTOM,,throw new NotImplementedException(
throw,USER:ModelException,com.legend.normalizer,com/legend/normalizer/MappingNormalizer.java,3263,determineTargetTable,True,,,USER,,"throw new ModelException(LegendCompileException.Phase.NORMALIZE,"
throw,INTERNAL_CUSTOM:NotImplementedException,com.legend.normalizer,com/legend/normalizer/MappingNormalizer.java,3268,determineTargetTable,False,,,INTERNAL_CUSTOM,,throw new NotImplementedException(
throw,USER:ModelException,com.legend.normalizer,com/legend/normalizer/MappingNormalizer.java,3290,containsTargetColumnRef,True,,,USER,,"case RelationalOperation.JoinNavigation ignored -> throw new ModelException(LegendCompileException.Phase.NORMALIZE,"
op,null_ternary,com.legend.normalizer,com/legend/normalizer/MappingNormalizer.java,3360,buildNewInstanceToOne,True,,,,,"cd == null ? null : findPropertyDefDeep(cd, name, model, new HashSet<>());"
op,instanceof_else_default,com.legend.normalizer,com/legend/normalizer/MappingNormalizer.java,3373,buildNewInstanceToOne,True,,,,,&& prop.type() instanceof TypeExpression.NameRef ptn
op,null_ternary,com.legend.normalizer,com/legend/normalizer/MappingNormalizer.java,3375,buildNewInstanceToOne,True,,,,,String primitiveName = ptName == null ? null
op,orElseThrow,com.legend.normalizer,com/legend/normalizer/MappingNormalizer.java,3445,booleanizeCaseLiterals,False,,,,,"model.findClass(nr.name()).orElseThrow(() -> new IllegalStateException(""F7.8: class unresolved at MappingNormalizer#10 (this default NEVER fired on the corpus census; a m"
op,orElse,com.legend.normalizer,com/legend/normalizer/MappingNormalizer.java,3476,booleanizeCaseLiterals,False,,,,,"return model.findAssociationProperty(cd.qualifiedName(), propName).orElse(null);"
op,orElse,com.legend.normalizer,com/legend/normalizer/MappingNormalizer.java,3489,booleanizeCaseLiterals,False,,,,,.orElse(null);
op,orElseThrow,com.legend.normalizer,com/legend/normalizer/MappingNormalizer.java,3493,booleanizeCaseLiterals,False,,,,,"ClassDefinition superCd = model.findClass(nr.name()).orElseThrow(() -> new IllegalStateException(""F7.8: class unresolved at MappingNormalizer#11 (this default NEVER fired"
comment,default,com.legend.normalizer,com/legend/normalizer/MissProbe.java,6,,False,,,javadoc,,/** * F7.8 VERDICT funnel. The full-sweep census over every * {@code findClass(...).orElse(null)} default in this package split the * 33 sites in two: * * <ul> * <li>23 sites NEVER fired — they now {@code orElseThrow} at the call * site (an
op,orElse,com.legend.normalizer,com/legend/normalizer/MissProbe.java,33,MissProbe,False,,,,,return o.orElse(null);
op,getOrDefault,com.legend.normalizer,com/legend/normalizer/ModelJoinNesting.java,67,compose,True,,,,,"if (plainCol || nestedCols.getOrDefault(var, Map.of())"
op,orElse,com.legend.normalizer,com/legend/normalizer/ModelJoinNesting.java,73,compose,True,,,,,.orElse(null);
op,orElse,com.legend.normalizer,com/legend/normalizer/ModelJoinNesting.java,87,compose,False,,,,,.orElse(false)) {
throw,INTERNAL_CUSTOM:NotImplementedException,com.legend.normalizer,com/legend/normalizer/ModelJoinNesting.java,92,compose,False,,,INTERNAL_CUSTOM,,"throw new NotImplementedException(""ModelJoin for '"""
throw,INTERNAL_CUSTOM:NotImplementedException,com.legend.normalizer,com/legend/normalizer/ModelJoinNesting.java,107,compose,False,,,INTERNAL_CUSTOM,,"throw new NotImplementedException(""nested ModelJoin '"""
op,instanceof_else_default,com.legend.normalizer,com/legend/normalizer/ModelJoinNesting.java,112,compose,False,,,,,String nt0 = np0.type() instanceof TypeExpression.NameRef nn0
op,instanceof_else_default,com.legend.normalizer,com/legend/normalizer/ModelJoinNesting.java,114,compose,False,,,,,String nt1 = np1.type() instanceof TypeExpression.NameRef nn1
throw,INTERNAL_CUSTOM:NotImplementedException,com.legend.normalizer,com/legend/normalizer/ModelJoinNesting.java,169,pairEndVars,False,,,INTERNAL_CUSTOM,,throw new NotImplementedException(
op,default_arrow,com.legend.normalizer,com/legend/normalizer/ModelJoinNesting.java,197,collectNestedHops,False,,,,,default -> v.children()
throw,USER:ModelException,com.legend.normalizer,com/legend/normalizer/ModelNormalizer.java,166,adoptAssociationDerivedProperties,False,,,USER,,throw new ModelException(
throw,USER:ModelException,com.legend.normalizer,com/legend/normalizer/ModelNormalizer.java,178,adoptAssociationDerivedProperties,False,,,USER,,throw new ModelException(
op,default_arrow,com.legend.normalizer,com/legend/normalizer/ModelNormalizer.java,215,rawName,False,,,,,default -> t.toString();
throw,USER:ModelException,com.legend.normalizer,com/legend/normalizer/ModelNormalizer.java,383,synthServiceQuery,True,,,USER,,throw new ModelException(
throw,INTERNAL_JDK:IllegalStateException,com.legend.normalizer,com/legend/normalizer/RelOpTranslator.java,77,slotFor,False,,,INTERNAL_JDK,,"throw new IllegalStateException(""no pipeline slots in this context"");"
throw,USER:ModelException,com.legend.normalizer,com/legend/normalizer/RelOpTranslator.java,98,collectTablesIn,True,,,USER,,"case RelationalOperation.JoinNavigation ignored  -> throw new ModelException(LegendCompileException.Phase.NORMALIZE,"
throw,USER:ModelException,com.legend.normalizer,com/legend/normalizer/RelOpTranslator.java,112,columnRead,True,,,USER,,"throw new ModelException(LegendCompileException.Phase.NORMALIZE,"
op,default_arrow,com.legend.normalizer,com/legend/normalizer/RelOpTranslator.java,183,pureTypeFor,True,,,,,default -> throw new ModelException(
throw,USER:ModelException,com.legend.normalizer,com/legend/normalizer/RelOpTranslator.java,183,pureTypeFor,True,,,USER,,default -> throw new ModelException(
comment,default,com.legend.normalizer,com/legend/normalizer/RelOpTranslator.java,207,,True,,,line,,// the default-schema spelling rule)
throw,USER:ModelException,com.legend.normalizer,com/legend/normalizer/RelOpTranslator.java,214,translate,True,,,USER,,"throw new ModelException(LegendCompileException.Phase.NORMALIZE,"
throw,USER:ModelException,com.legend.normalizer,com/legend/normalizer/RelOpTranslator.java,222,translate,True,,,USER,,"throw new ModelException(LegendCompileException.Phase.NORMALIZE,"
throw,INTERNAL_CUSTOM:NotImplementedException,com.legend.normalizer,com/legend/normalizer/RelOpTranslator.java,265,translate,False,,,INTERNAL_CUSTOM,,throw new NotImplementedException(
comment,default,com.legend.normalizer,com/legend/normalizer/RelOpTranslator.java,354,,False,,,line,,"// case(c1, v1 [, c2, v2 ...], default) — pure spells it"
op,default_arrow,com.legend.normalizer,com/legend/normalizer/RelOpTranslator.java,370,translate,False,,,,,"default -> translateTail(op, tableScope, targetVarOrNull,"
throw,USER:ModelException,com.legend.normalizer,com/legend/normalizer/RelOpTranslator.java,587,translateTail,False,,,USER,,"throw new ModelException(LegendCompileException.Phase.NORMALIZE,"
op,default_arrow,com.legend.normalizer,com/legend/normalizer/RelOpTranslator.java,607,translateTail,False,,,,,default -> throw new IllegalStateException(
throw,INTERNAL_JDK:IllegalStateException,com.legend.normalizer,com/legend/normalizer/RelOpTranslator.java,607,translateTail,False,,,INTERNAL_JDK,,default -> throw new IllegalStateException(
throw,USER:ModelException,com.legend.normalizer,com/legend/normalizer/RelOpTranslator.java,618,literalToValueSpec,False,,,USER,,"throw new ModelException(LegendCompileException.Phase.NORMALIZE, ""Unsupported literal type: """
op,null_ternary,com.legend.normalizer,com/legend/normalizer/RelOpTranslator.java,619,literalToValueSpec,True,,,,,"+ (value == null ? ""null"" : value.getClass().getName()));"
op,getOrDefault,com.legend.normalizer,com/legend/normalizer/RelationReads.java,71,rewrite,True,,,,,"&& nestedCols.getOrDefault(var0.name(), Map.of())"
throw,INTERNAL_CUSTOM:NotImplementedException,com.legend.normalizer,com/legend/normalizer/RelationReads.java,78,rewrite,True,,,INTERNAL_CUSTOM,,throw new NotImplementedException(
op,null_ternary,com.legend.normalizer,com/legend/normalizer/RelationReads.java,102,rewrite,True,,,,,ClassDefinition rcd = model == null ? null
op,orElseThrow,com.legend.normalizer,com/legend/normalizer/RelationReads.java,103,rewrite,True,,,,,": model.findClass(rf.className()).orElseThrow(() -> new IllegalStateException(""F7.8: class unresolved at RelationReads#1 (this default NEVER fired on the corpus census; a"
op,orElseThrow,com.legend.normalizer,com/legend/normalizer/RelationReads.java,132,rewrite,True,,,,,"model.findClass(rf.className()).orElseThrow(() -> new IllegalStateException(""F7.8: class unresolved at RelationReads#2 (this default NEVER fired on the corpus census; a m"
throw,INTERNAL_CUSTOM:NotImplementedException,com.legend.normalizer,com/legend/normalizer/RelationReads.java,148,rewrite,True,,,INTERNAL_CUSTOM,,throw new NotImplementedException(
op,default_arrow,com.legend.normalizer,com/legend/normalizer/RelationReads.java,170,rewrite,False,,,,,"default -> v.mapChildren(x -> rewrite(x, rowByVar, rfByVar,"
op,orElseThrow,com.legend.normalizer,com/legend/normalizer/RelationReads.java,199,rewrite,False,,,,,"model.findClass(nr.name()).orElseThrow(() -> new IllegalStateException(""F7.8: class unresolved at RelationReads#3 (this default NEVER fired on the corpus census; a miss h"
op,notnull_ternary,com.legend.normalizer,com/legend/normalizer/RelationReads.java,214,substVars,True,,,,,return r != null ? r : vv;
op,orElseThrow,com.legend.normalizer,com/legend/normalizer/RelationReads.java,229,substVars,True,,,,,"ClassDefinition sc = model.findClass(nr.name()).orElseThrow(() -> new IllegalStateException(""F7.8: class unresolved at RelationReads#4 (this default NEVER fired on the co"
op,notnull_ternary,com.legend.normalizer,com/legend/normalizer/SetDispatch.java,56,routedTargetSets,False,,,,,&& j.targetSetId() != null
op,null_ternary,com.legend.normalizer,com/legend/normalizer/StoreSubstitutionRewrite.java,50,applyWith,False,,,,,r.mainTable() == null ? null
op,null_ternary,com.legend.normalizer,com/legend/normalizer/StoreSubstitutionRewrite.java,55,applyWith,False,,,,,"r.filter() == null ? null : filter(r.filter(), m),"
op,getOrDefault,com.legend.normalizer,com/legend/normalizer/StoreSubstitutionRewrite.java,66,applyWith,False,,,,,"return database == null ? null : m.getOrDefault(database, database);"
op,null_ternary,com.legend.normalizer,com/legend/normalizer/StoreSubstitutionRewrite.java,66,applyWith,False,,,,,"return database == null ? null : m.getOrDefault(database, database);"
op,null_ternary,com.legend.normalizer,com/legend/normalizer/StoreSubstitutionRewrite.java,90,chain,True,,,,,return c.databaseName() == null ? c
op,null_ternary,com.legend.normalizer,com/legend/normalizer/StoreSubstitutionRewrite.java,165,op,False,,,,,"j.terminal() == null ? null : op(j.terminal(), m));"
comment,fallback,com.legend.normalizer,com/legend/normalizer/StoreSubstitutionRewrite.java,214,,False,,,javadoc,,/** * IMPORT-SCOPE store-ref qualification (the graph milestoning-union * trio): a mapping spelling {@code [db]} under * {@code import a::b::*} means {@code a::b::db} — global * unique-simple-name resolution silently picks a SAME-NAMED shar
op,orElse,com.legend.normalizer,com/legend/normalizer/StoreSubstitutionRewrite.java,245,qualifyStoreRefs,False,,,,,.orElse(null);
op,orElse,com.legend.normalizer,com/legend/normalizer/UnionSynthesis.java,92,UnionSynthesis,False,,,,,model.findLegacyMapping(inc.mappingPath()).orElse(null);
op,notnull_ternary,com.legend.normalizer,com/legend/normalizer/UnionSynthesis.java,115,pmIdentity,False,,,,,"&& j.targetSetId() != null ? j.targetSetId() : """");"
op,notnull_ternary,com.legend.normalizer,com/legend/normalizer/UnionSynthesis.java,151,mergedTargetRoutes,False,,,,,joins.add((hop.databaseName() != null ? hop.databaseName()
comment,assume,com.legend.normalizer,com/legend/normalizer/UnionSynthesis.java,179,,False,,,javadoc,,/** * Classify every {@code prop[setId]}-routed class-typed Join PM of * {@code rcm} from its OWN {@code targetSetId} (per-PM fidelity — * audit 11: the name-keyed map's put() lost duplicates and made the * outcome depend on textual PM orde
op,default_arrow,com.legend.normalizer,com/legend/normalizer/UnionSynthesis.java,245,collectRoutedJoins,False,,,,,default -> {
op,null_ternary,com.legend.normalizer,com/legend/normalizer/UnionSynthesis.java,254,collectRoutedJoins,False,,,,,TypeExpression pt = oc == null ? null
op,isPresent_ternary,com.legend.normalizer,com/legend/normalizer/UnionSynthesis.java,257,collectRoutedJoins,False,,,,,&& model.findClass(nr.name()).isPresent() ? nr.name() : null;
op,getOrDefault,com.legend.normalizer,com/legend/normalizer/UnionSynthesis.java,269,classifyUnionRoutes,False,,,,,".getOrDefault(prop, rcm.className())).orElse(null);"
op,orElse,com.legend.normalizer,com/legend/normalizer/UnionSynthesis.java,269,classifyUnionRoutes,False,,,,,".getOrDefault(prop, rcm.className())).orElse(null);"
op,null_ternary,com.legend.normalizer,com/legend/normalizer/UnionSynthesis.java,270,classifyUnionRoutes,False,,,,,TypeExpression pt = owner == null ? null
op,isPresent_ternary,com.legend.normalizer,com/legend/normalizer/UnionSynthesis.java,273,classifyUnionRoutes,False,,,,,&& model.findClass(nr.name()).isPresent() ? nr.name() : null;
op,null_ternary,com.legend.normalizer,com/legend/normalizer/UnionSynthesis.java,274,classifyUnionRoutes,False,,,,,ClassMapping.Union tu = targetClass == null ? null
op,notnull_ternary,com.legend.normalizer,com/legend/normalizer/UnionSynthesis.java,279,classifyUnionRoutes,False,,,,,List<String> memberIds = tu != null ? tu.memberSetIds() : null;
op,null_ternary,com.legend.normalizer,com/legend/normalizer/UnionSynthesis.java,296,classifyUnionRoutes,False,,,,,int ord = memberIds == null ? -1
throw,INTERNAL_CUSTOM:NotImplementedException,com.legend.normalizer,com/legend/normalizer/UnionSynthesis.java,376,synthUnion,False,,,INTERNAL_CUSTOM,,throw new NotImplementedException(
throw,INTERNAL_CUSTOM:NotImplementedException,com.legend.normalizer,com/legend/normalizer/UnionSynthesis.java,402,synthUnion,False,,,INTERNAL_CUSTOM,,throw new NotImplementedException(
throw,INTERNAL_CUSTOM:NotImplementedException,com.legend.normalizer,com/legend/normalizer/UnionSynthesis.java,410,synthUnion,True,,,INTERNAL_CUSTOM,,throw new NotImplementedException(
op,null_ternary,com.legend.normalizer,com/legend/normalizer/UnionSynthesis.java,412,synthUnion,True,,,,,"+ u.className() + ""' is "" + (member == null ? ""missing"""
throw,USER:ModelException,com.legend.normalizer,com/legend/normalizer/UnionSynthesis.java,420,synthUnion,False,,,USER,,throw new ModelException(
op,instanceof_else_default,com.legend.normalizer,com/legend/normalizer/UnionSynthesis.java,455,synthUnion,False,,,,,cur = up instanceof ClassMapping.Relational ur
throw,INTERNAL_CUSTOM:NotImplementedException,com.legend.normalizer,com/legend/normalizer/UnionSynthesis.java,495,synthInheritance,False,,,INTERNAL_CUSTOM,,throw new NotImplementedException(
op,instanceof_else_default,com.legend.normalizer,com/legend/normalizer/UnionSynthesis.java,540,withPairEntries,False,,,,,cur = up instanceof ClassMapping.Relational ur
op,orElseThrow,com.legend.normalizer,com/legend/normalizer/UnionSynthesis.java,578,withPairEntries,False,,,,,"ClassDefinition base = model.findClass(ih.className()).orElseThrow(() -> new IllegalStateException(""F7.8: class unresolved at UnionSynthesis#2 (this default NEVER fired o"
op,notnull_ternary,com.legend.normalizer,com/legend/normalizer/UnionSynthesis.java,623,withPairEntries,False,,,,,LegacyMappingDefinition.TableReference t = mr.mainTable() != null
op,notnull_ternary,com.legend.normalizer,com/legend/normalizer/UnionSynthesis.java,663,sameTableInheritanceMerge,False,,,,,joins.add((hop.databaseName() != null ? hop.databaseName()
throw,INTERNAL_CUSTOM:NotImplementedException,com.legend.normalizer,com/legend/normalizer/UnionSynthesis.java,696,inheritanceMembers,False,,,INTERNAL_CUSTOM,,throw new NotImplementedException(
op,default_arrow,com.legend.normalizer,com/legend/normalizer/UnionSynthesis.java,703,inheritanceMembers,False,,,,,default -> throw new NotImplementedException(
throw,INTERNAL_CUSTOM:NotImplementedException,com.legend.normalizer,com/legend/normalizer/UnionSynthesis.java,703,inheritanceMembers,False,,,INTERNAL_CUSTOM,,default -> throw new NotImplementedException(
op,orElse,com.legend.normalizer,com/legend/normalizer/UnionSynthesis.java,725,inheritanceMembers,False,,,,,model.findLegacyMapping(inc.mappingPath()).orElse(null);
op,orElseThrow,com.legend.normalizer,com/legend/normalizer/UnionSynthesis.java,776,collectInheritanceMembers,False,,,,,"ClassDefinition cd = model.findClass(c).orElseThrow(() -> new IllegalStateException(""F7.8: class unresolved at UnionSynthesis#3 (this default NEVER fired on the corpus ce"
op,orElse,com.legend.normalizer,com/legend/normalizer/UnionSynthesis.java,795,collectRootClassMappings,False,,,,,model.findLegacyMapping(inc.mappingPath()).orElse(null);
op,orElseThrow,com.legend.normalizer,com/legend/normalizer/UnionSynthesis.java,851,subTypeDispatchProps,True,,,,,"ClassDefinition mcd = model.findClass(memberClass).orElseThrow(() -> new IllegalStateException(""F7.8: class unresolved at UnionSynthesis#5 (this default NEVER fired on th"
op,orElseThrow,com.legend.normalizer,com/legend/normalizer/UnionSynthesis.java,858,subTypeDispatchProps,True,,,,,"ClassDefinition tcd = model.findClass(target).orElseThrow(() -> new IllegalStateException(""F7.8: class unresolved at UnionSynthesis#6 (this default NEVER fired on the cor"
op,null_ternary,com.legend.normalizer,com/legend/normalizer/UnionSynthesis.java,860,subTypeDispatchProps,False,,,,,TypeExpression t = mcd == null ? null
op,null_ternary,com.legend.normalizer,com/legend/normalizer/UnionSynthesis.java,876,subTypeDispatchProps,True,,,,,NewInstance ector = fv == null ? null
op,orElseThrow,com.legend.normalizer,com/legend/normalizer/UnionSynthesis.java,924,selfAndAncestorsBelow,True,,,,,"ClassDefinition cd = model.findClass(cur).orElseThrow(() -> new IllegalStateException(""F7.8: class unresolved at UnionSynthesis#7 (this default NEVER fired on the corpus "
op,orElseThrow,com.legend.normalizer,com/legend/normalizer/UnionSynthesis.java,943,addSubTypeDispatchCols,False,,,,,"ClassDefinition subDef = model.findClass(stEn.getKey()).orElseThrow(() -> new IllegalStateException(""F7.8: class unresolved at UnionSynthesis#8 (this default NEVER fired "
op,null_ternary,com.legend.normalizer,com/legend/normalizer/UnionSynthesis.java,972,addSubTypeDispatchCols,False,,,,,ValueSpecification value = mapped == null
op,null_ternary,com.legend.normalizer,com/legend/normalizer/UnionSynthesis.java,976,addSubTypeDispatchCols,True,,,,,TypeExpression dt = subDef == null ? null
op,instanceof_else_default,com.legend.normalizer,com/legend/normalizer/UnionSynthesis.java,1003,addStcEmbeddedLeaf,False,,,,,ClassDefinition inner = it instanceof TypeExpression.NameRef inr
op,orElseThrow,com.legend.normalizer,com/legend/normalizer/UnionSynthesis.java,1004,addStcEmbeddedLeaf,False,,,,,"? model.findClass(inr.name()).orElseThrow(() -> new IllegalStateException(""F7.8: class unresolved at UnionSynthesis#9 (this default NEVER fired on the corpus census; a mi"
op,null_ternary,com.legend.normalizer,com/legend/normalizer/UnionSynthesis.java,1006,addStcEmbeddedLeaf,False,,,,,NewInstance ector = fv == null ? null : ctorOf(fv.value());
op,notnull_ternary,com.legend.normalizer,com/legend/normalizer/UnionSynthesis.java,1008,addStcEmbeddedLeaf,False,,,,,&& ector.first(sub) != null
op,null_ternary,com.legend.normalizer,com/legend/normalizer/UnionSynthesis.java,1012,addStcEmbeddedLeaf,False,,,,,"inner == null ? target : inner.qualifiedName(), model);"
op,null_ternary,com.legend.normalizer,com/legend/normalizer/UnionSynthesis.java,1013,addStcEmbeddedLeaf,True,,,,,TypeExpression sdt = inner == null ? null
throw,INTERNAL_CUSTOM:NotImplementedException,com.legend.normalizer,com/legend/normalizer/UnionSynthesis.java,1054,synthMemberUnion,False,,,INTERNAL_CUSTOM,,throw new NotImplementedException(
throw,INTERNAL_CUSTOM:NotImplementedException,com.legend.normalizer,com/legend/normalizer/UnionSynthesis.java,1061,synthMemberUnion,False,,,INTERNAL_CUSTOM,,throw new NotImplementedException(
op,orElse,com.legend.normalizer,com/legend/normalizer/UnionSynthesis.java,1074,synthMemberUnion,False,,,,,"mrMain.database(), mrMain.table()).orElse(null);"
op,null_ternary,com.legend.normalizer,com/legend/normalizer/UnionSynthesis.java,1101,synthMemberUnion,False,,,,,TypeExpression t = owner == null ? null
throw,INTERNAL_CUSTOM:NotImplementedException,com.legend.normalizer,com/legend/normalizer/UnionSynthesis.java,1125,synthMemberUnion,False,,,INTERNAL_CUSTOM,,throw new NotImplementedException(
op,null_ternary,com.legend.normalizer,com/legend/normalizer/UnionSynthesis.java,1176,synthMemberUnion,True,,,,,ValueSpecification value = mapped == null
op,null_ternary,com.legend.normalizer,com/legend/normalizer/UnionSynthesis.java,1183,synthMemberUnion,True,,,,,TypeExpression dt = owner == null ? null
op,getOrDefault,com.legend.normalizer,com/legend/normalizer/UnionSynthesis.java,1226,synthMemberUnion,False,,,,,"for (LiftChain ch : chainsByOrdinal.getOrDefault(ordinal,"
op,null_ternary,com.legend.normalizer,com/legend/normalizer/UnionSynthesis.java,1243,synthMemberUnion,False,,,,,union = union == null ? projected
op,null_ternary,com.legend.normalizer,com/legend/normalizer/UnionSynthesis.java,1254,synthMemberUnion,False,,,,,lf.pairedCondition() == null
op,instanceof_else_default,com.legend.normalizer,com/legend/normalizer/UnionSynthesis.java,1291,synthMemberUnion,False,,,,,return v instanceof NewInstance ni ? ni : null;
op,instanceof_else_default,com.legend.normalizer,com/legend/normalizer/UnionSynthesis.java,1306,isThreadProjectable,True,,,,,instanceof com.legend.protocol.spec.Variable rv
op,default_arrow,com.legend.normalizer,com/legend/normalizer/UnionSynthesis.java,1316,isThreadProjectable,True,,,,,default -> true;   // literals / annotations
throw,INTERNAL_CUSTOM:NotImplementedException,com.legend.normalizer,com/legend/normalizer/UnionSynthesis.java,1348,addChainedLiftCols,True,,,INTERNAL_CUSTOM,,throw new NotImplementedException(
comment,conservative,com.legend.normalizer,com/legend/normalizer/UnionSynthesis.java,1367,,False,,,javadoc,,"/** The embedded distribution: dotted-path leaf sets (""firm"" -> * {legalName}, ""applicant.firm"" -> {legalName}), per-path ctor classes * for the root recomposition, and top props in appearance order. A * top prop with ANY unprojectable leaf"
op,null_ternary,com.legend.normalizer,com/legend/normalizer/UnionSynthesis.java,1415,collectEmbeddedDistribution,False,,,,,TypeExpression t = decl == null ? null : MappingNormalizer
op,instanceof_else_default,com.legend.normalizer,com/legend/normalizer/UnionSynthesis.java,1417,collectEmbeddedDistribution,False,,,,,decl = t instanceof TypeExpression.NameRef nr
op,orElseThrow,com.legend.normalizer,com/legend/normalizer/UnionSynthesis.java,1418,collectEmbeddedDistribution,False,,,,,"? model.findClass(nr.name()).orElseThrow(() -> new IllegalStateException(""F7.8: class unresolved at UnionSynthesis#11 (this default NEVER fired on the corpus census; a mi"
op,orElse,com.legend.normalizer,com/legend/normalizer/UnionSynthesis.java,1470,addEmbeddedThreadCols,False,,,,,.orElse(null);
op,notnull_ternary,com.legend.normalizer,com/legend/normalizer/UnionSynthesis.java,1474,addEmbeddedThreadCols,False,,,,,&& ector.first(sub) != null
op,null_ternary,com.legend.normalizer,com/legend/normalizer/UnionSynthesis.java,1481,addEmbeddedThreadCols,False,,,,,TypeExpression sdt = inner == null ? null
op,null_ternary,com.legend.normalizer,com/legend/normalizer/UnionSynthesis.java,1528,collectEmbLeaves,True,,,,,NewInstance ni = ke == null ? null : ctorOf(ke.value());
op,null_ternary,com.legend.normalizer,com/legend/normalizer/UnionSynthesis.java,1531,collectEmbLeaves,True,,,,,ni = sub == null ? null : ctorOf(sub.value());
op,getOrDefault,com.legend.normalizer,com/legend/normalizer/UnionSynthesis.java,1546,rebuildEmbCtor,True,,,,,"for (String sub : embSubs.getOrDefault(path, new LinkedHashSet<>())) {"
op,default_arrow,com.legend.normalizer,com/legend/normalizer/UnionSynthesis.java,1611,suffixTargetReads,False,,,,,default -> throw new NotImplementedException(
throw,INTERNAL_CUSTOM:NotImplementedException,com.legend.normalizer,com/legend/normalizer/UnionSynthesis.java,1611,suffixTargetReads,False,,,INTERNAL_CUSTOM,,default -> throw new NotImplementedException(
op,notnull_ternary,com.legend.normalizer,com/legend/normalizer/UnionSynthesis.java,1640,uniformChainedRoutes,False,,,,,String dbA = a.databaseName() != null
op,notnull_ternary,com.legend.normalizer,com/legend/normalizer/UnionSynthesis.java,1642,uniformChainedRoutes,False,,,,,String dbB = b.databaseName() != null
op,notnull_ternary,com.legend.normalizer,com/legend/normalizer/UnionSynthesis.java,1679,inboundArmSteps,False,,,,,String midDb = midHop.databaseName() != null
op,orElseThrow,com.legend.normalizer,com/legend/normalizer/UnionSynthesis.java,1682,inboundArmSteps,False,,,,,"model.findJoin(midDb, midHop.joinName()).orElseThrow(() ->"
op,null_ternary,com.legend.normalizer,com/legend/normalizer/UnionSynthesis.java,1696,inboundArmSteps,False,,,,,"midScope.put(prevTable, prevAlias == null ? ms"
op,notnull_ternary,com.legend.normalizer,com/legend/normalizer/UnionSynthesis.java,1745,liftTargetMerged,False,,,,,String db0 = hop0.databaseName() != null
op,orElse,com.legend.normalizer,com/legend/normalizer/UnionSynthesis.java,1748,liftTargetMerged,False,,,,,"model.findJoin(db0, hop0.joinName()).orElse(null);"
op,notnull_ternary,com.legend.normalizer,com/legend/normalizer/UnionSynthesis.java,1805,singleSetTargetCollapse,False,,,,,String dbx = hx.databaseName() != null ? hx.databaseName()
op,notnull_ternary,com.legend.normalizer,com/legend/normalizer/UnionSynthesis.java,1807,singleSetTargetCollapse,False,,,,,String db0 = h0.databaseName() != null ? h0.databaseName()
op,notnull_ternary,com.legend.normalizer,com/legend/normalizer/UnionSynthesis.java,1821,liftMidSteps,False,,,,,String midDb = midHop.databaseName() != null
op,orElseThrow,com.legend.normalizer,com/legend/normalizer/UnionSynthesis.java,1824,liftMidSteps,False,,,,,"model.findJoin(midDb, midHop.joinName()).orElseThrow(() ->"
op,null_ternary,com.legend.normalizer,com/legend/normalizer/UnionSynthesis.java,1838,liftMidSteps,False,,,,,"midScope.put(prevTable, prevAlias == null ? ms"
throw,INTERNAL_CUSTOM:NotImplementedException,com.legend.normalizer,com/legend/normalizer/UnionSynthesis.java,1893,routedLiftKeySpecs,True,,,INTERNAL_CUSTOM,,throw new NotImplementedException(
op,orElseThrow,com.legend.normalizer,com/legend/normalizer/UnionSynthesis.java,1922,colsProjectedByTarget,False,,,,,"ClassDefinition tgtOwner = model.findClass(targetClassFqn).orElseThrow(() -> new IllegalStateException(""F7.8: class unresolved at UnionSynthesis#12 (this default NEVER fi"
op,orElseThrow,com.legend.normalizer,com/legend/normalizer/UnionSynthesis.java,1943,collectNavLifts,True,,,,,"ClassDefinition memberOwner = model.findClass(mr.className()).orElseThrow(() -> new IllegalStateException(""F7.8: class unresolved at UnionSynthesis#13 (this default NEVER"
op,null_ternary,com.legend.normalizer,com/legend/normalizer/UnionSynthesis.java,1948,collectNavLifts,False,,,,,TypeExpression pt = memberOwner == null ? null
op,orElseThrow,com.legend.normalizer,com/legend/normalizer/UnionSynthesis.java,1962,collectNavLifts,False,,,,,"ClassDefinition owner = model.findClass(className).orElseThrow(() -> new IllegalStateException(""F7.8: class unresolved at UnionSynthesis#14 (this default NEVER fired on t"
op,null_ternary,com.legend.normalizer,com/legend/normalizer/UnionSynthesis.java,1963,collectNavLifts,False,,,,,TypeExpression pt = owner == null ? null
op,isEmpty_ternary,com.legend.normalizer,com/legend/normalizer/UnionSynthesis.java,2069,collectNavLifts,False,,,,,String prevTable = midSteps.isEmpty() ? srcTable
op,isEmpty_ternary,com.legend.normalizer,com/legend/normalizer/UnionSynthesis.java,2071,collectNavLifts,False,,,,,String prevAlias = midSteps.isEmpty() ? null
op,notnull_ternary,com.legend.normalizer,com/legend/normalizer/UnionSynthesis.java,2074,collectNavLifts,False,,,,,String hopDb = hop.databaseName() != null ? hop.databaseName()
op,orElseThrow,com.legend.normalizer,com/legend/normalizer/UnionSynthesis.java,2077,collectNavLifts,False,,,,,"model.findJoin(hopDb, hop.joinName()).orElseThrow(() ->"
op,isEmpty_ternary,com.legend.normalizer,com/legend/normalizer/UnionSynthesis.java,2103,collectNavLifts,True,,,,,cond = midSteps.isEmpty()
op,notnull_ternary,com.legend.normalizer,com/legend/normalizer/UnionSynthesis.java,2116,collectNavLifts,False,,,,,Integer tgtOrd = j.targetSetId() != null && targetUnion != null
op,null_ternary,com.legend.normalizer,com/legend/normalizer/UnionSynthesis.java,2142,collectNavLifts,False,,,,,orCond = orCond == null ? cond
op,null_ternary,com.legend.normalizer,com/legend/normalizer/UnionSynthesis.java,2144,collectNavLifts,False,,,,,orPaired = orPaired == null ? pairedEntry
op,notnull_ternary,com.legend.normalizer,com/legend/normalizer/UnionSynthesis.java,2250,collectInboundRouteKeys,False,,,,,String tgtSet = j.targetSetId() != null
op,notnull_ternary,com.legend.normalizer,com/legend/normalizer/UnionSynthesis.java,2300,registerInboundEntry,False,,,,,String fdb = firstHop.databaseName() != null
op,orElse,com.legend.normalizer,com/legend/normalizer/UnionSynthesis.java,2303,registerInboundEntry,False,,,,,"model.findJoin(fdb, firstHop.joinName()).orElse(null);"
op,notnull_ternary,com.legend.normalizer,com/legend/normalizer/UnionSynthesis.java,2327,registerInboundEntry,False,,,,,String db = hop.databaseName() != null
op,orElse,com.legend.normalizer,com/legend/normalizer/UnionSynthesis.java,2330,registerInboundEntry,False,,,,,"model.findJoin(db, hop.joinName()).orElse(null);"
op,orElse,com.legend.normalizer,com/legend/normalizer/ViewRelation.java,62,sourceRefFor,False,,,,,"model.findView(ref.database(), table).orElse(null);"
op,notnull_ternary,com.legend.normalizer,com/legend/normalizer/ViewRelation.java,63,sourceRefFor,False,,,,,return view != null
throw,USER:ModelException,com.legend.normalizer,com/legend/normalizer/ViewRelation.java,89,viewRelationExpr,False,,,USER,,"throw new ModelException(LegendCompileException.Phase.NORMALIZE,"
op,orElse,com.legend.normalizer,com/legend/normalizer/ViewRelation.java,102,viewRelationExpr,True,,,,,"model.findView(db, phys).orElse(null);"
op,notnull_ternary,com.legend.normalizer,com/legend/normalizer/ViewRelation.java,103,viewRelationExpr,True,,,,,ValueSpecification source = innerView != null
comment,fallback,com.legend.normalizer,com/legend/normalizer/ViewRelation.java,124,,False,,,line,,// taken: an un-hoisted chain used to fall back to a flattened
throw,INTERNAL_CUSTOM:NotImplementedException,com.legend.normalizer,com/legend/normalizer/ViewRelation.java,130,viewRelationExpr,False,,,INTERNAL_CUSTOM,,throw new NotImplementedException(
op,orElseThrow,com.legend.normalizer,com/legend/normalizer/ViewRelation.java,140,viewRelationExpr,False,,,,,"dbFqn, direct.filter().name()).orElseThrow(() ->"
comment,fallback,com.legend.normalizer,com/legend/normalizer/ViewRelation.java,273,,True,,,javadoc,,/** * Rewrite a PM whose column reference points at a view column * into a PM that references the underlying physical expression * (the MIGRATION fallback of {@code synthViewBackedMapping}). * Unrelated PMs pass through unchanged. */
comment,fallback,com.legend.normalizer,com/legend/normalizer/ViewRelation.java,299,,True,,,line,,// toString(ProductTableViewNested.id) on the fallback route;
op,notnull_ternary,com.legend.normalizer,com/legend/normalizer/ViewRelation.java,340,rewriteColumnPmAsViewExpr,True,,,,,"cr.databaseName() != null ? cr.databaseName() : dbFqn,"
op,notnull_ternary,com.legend.normalizer,com/legend/normalizer/ViewRelation.java,346,rewriteColumnPmAsViewExpr,True,,,,,"jn.databaseName() != null ? jn.databaseName() : dbFqn,"
comment,fallback,com.legend.normalizer,com/legend/normalizer/ViewRelation.java,357,,True,,,javadoc,,/** Whether a PLAIN view-backed class mapping can take the FRAME path * today: every property mapping reads a DECLARED view column (plain * Column / LocalProperty / enumerated-over-column) and the view's * ~filter is direct. Join/JTC/embedd
comment,fallback,com.legend.normalizer,com/legend/normalizer/ViewRelation.java,372,,True,,,line,,// tolerant module build silently DROPS the mapping. Fallback
comment,fallback,com.legend.normalizer,com/legend/normalizer/ViewRelation.java,410,,False,,,line,,// stay on the migration fallback.
op,default_arrow,com.legend.normalizer,com/legend/normalizer/ViewRelation.java,419,pmReadsViewColumns,False,,,,,default -> false;
op,notnull_ternary,com.legend.normalizer,com/legend/normalizer/ViewRelation.java,426,joinTouches,False,,,,,String db = el.databaseName() != null ? el.databaseName() : pmDb;
op,orElse,com.legend.normalizer,com/legend/normalizer/ViewRelation.java,427,joinTouches,False,,,,,var found = model.findDatabase(db).orElse(null);
op,orElse,com.legend.normalizer,com/legend/normalizer/ViewRelation.java,433,joinTouches,False,,,,,.orElse(null);
op,orElse,com.legend.normalizer,com/legend/normalizer/ViewRelation.java,448,relationExpr,True,,,,,"model.findView(db, table).orElse(null);"
op,notnull_ternary,com.legend.normalizer,com/legend/normalizer/ViewRelation.java,449,relationExpr,True,,,,,"return v != null ? viewRelationExpr(v, table, db, model, md)"
op,orElse,com.legend.normalizer,com/legend/normalizer/ViewRelation.java,479,relationExpr,False,,,,,"model.findView(db, table).orElse(null);"
op,notnull_ternary,com.legend.normalizer,com/legend/normalizer/ViewRelation.java,487,relationExpr,True,,,,,String cdb = cr.databaseName() != null ? cr.databaseName() : db;
throw,USER:ModelException,com.legend.normalizer,com/legend/normalizer/ViewRelation.java,523,inferViewMainTable,True,,,USER,,"throw new ModelException(LegendCompileException.Phase.NORMALIZE,"
throw,USER:ModelException,com.legend.normalizer,com/legend/normalizer/ViewRelation.java,528,inferViewMainTable,True,,,USER,,"throw new ModelException(LegendCompileException.Phase.NORMALIZE,"
op,notnull_ternary,com.legend.normalizer,com/legend/normalizer/ViewRelation.java,560,inferViewMainTable,False,,,,,String db = head.databaseName() != null ? head.databaseName() : dbFqn;
op,orElse,com.legend.normalizer,com/legend/normalizer/ViewRelation.java,561,inferViewMainTable,False,,,,,var found = model.findDatabase(db).orElse(null);
op,orElse,com.legend.normalizer,com/legend/normalizer/ViewRelation.java,567,inferViewMainTable,False,,,,,.orElse(null);
throw,INTERNAL_CUSTOM:NotImplementedException,com.legend.normalizer,com/legend/normalizer/XStorePureEnds.java,138,xstoreEndOf,True,,,INTERNAL_CUSTOM,,throw new NotImplementedException(
op,notnull_ternary,com.legend.normalizer,com/legend/normalizer/XStorePureEnds.java,141,xstoreEndOf,True,,,,,"+ (setId != null ? "" for set id '"" + setId + ""'"" : """")"
throw,USER:ModelException,com.legend.normalizer,com/legend/normalizer/XStorePureEnds.java,163,synthesize,False,,,USER,,throw new ModelException(
throw,USER:ModelException,com.legend.normalizer,com/legend/normalizer/XStorePureEnds.java,186,synthesize,False,,,USER,,throw new ModelException(
throw,INTERNAL_CUSTOM:NotImplementedException,com.legend.normalizer,com/legend/normalizer/XStorePureEnds.java,194,synthesize,False,,,INTERNAL_CUSTOM,,throw new NotImplementedException(
op,default_arrow,com.legend.normalizer,com/legend/normalizer/XStorePureEnds.java,262,renameReads,False,,,,,"default -> v.mapChildren(x -> renameReads(x, rowByVar, endByVar));"
comment,default,com.legend,com/legend/package-info.java,1,,False,,,javadoc,,"/** * Legend Lite Compiler — clean reimplementation, Strangler Fig sibling * to {@code engine/}. See {@code core/README.md} for the full * specification. * * <h2>The wall</h2> * Nothing under {@code com.legend.*} may import anything under *"
comment,default,com.legend.parser,com/legend/parser/DatabaseProtocolParser.java,14,,False,,,javadoc,,/** * PROTOCOL-path {@code ###Relational} Database parse (section-parity leg 3): * full span fidelity against ZRelationalProbe's oracle shapes. The * execution-path {@link RelationalGrammarParser} stays until execution * derives from protoc
comment,default,com.legend.parser,com/legend/parser/DatabaseProtocolParser.java,44,,True,,,javadoc,,/** The CURRENT named schema's declaration-name span — nav ELEMENTS * inside a non-default schema stretch their table pointer span from * the SCHEMA DECLARATION to the local table token (probe * cross-schema-nav). Set by parseSchema. */
op,default_arrow,com.legend.parser,com/legend/parser/DatabaseProtocolParser.java,217,parseBody,False,,,,,"default -> throw error(""unsupported Database member: '"""
comment,default,com.legend.parser,com/legend/parser/DatabaseProtocolParser.java,226,,True,,,line,,// the implicit default schema takes the WHOLE database span and
op,default_arrow,com.legend.parser,com/legend/parser/DatabaseProtocolParser.java,390,parseDbType,True,,,,,"default -> throw TokenStreamCursor.throwAt(tokens, typeStart,"
op,getOrDefault,com.legend.parser,com/legend/parser/DatabaseProtocolParser.java,494,parseMilestoning,False,,,,,Boolean.parseBoolean(kv.getOrDefault(
op,getOrDefault,com.legend.parser,com/legend/parser/DatabaseProtocolParser.java,506,parseMilestoning,False,,,,,Boolean.parseBoolean(kv.getOrDefault(
op,default_arrow,com.legend.parser,com/legend/parser/DatabaseProtocolParser.java,510,parseMilestoning,False,,,,,"default -> throw error(""unsupported milestoning kind: "" + kind);"
op,default_arrow,com.legend.parser,com/legend/parser/DatabaseProtocolParser.java,740,parseComparison,False,,,,,default -> null;
op,isEmpty_ternary,com.legend.parser,com/legend/parser/DatabaseProtocolParser.java,772,scopedOperationAt,False,,,,,return dbFqn.isEmpty() ? null : dbFqn;
op,isEmpty_ternary,com.legend.parser,com/legend/parser/DatabaseProtocolParser.java,835,parseJoinNav,False,,,,,"curDb.isEmpty() ? null : curDb, pendingType, jn,"
op,notnull_ternary,com.legend.parser,com/legend/parser/DatabaseProtocolParser.java,1105,parseAtom,True,,,,,SourceInfo declAnchor = schemaStretchSpan != null
comment,default,com.legend.parser,com/legend/parser/Dialect.java,6,,False,,,javadoc,,/** * THE THREE DIALECT LEVELS (user directive 2026-08-12; docs/DIALECT_LEVELS.md). * A parser always knows which level it is serving — there is no neutral * default a caller can grab by accident. * * <ol> * <li>{@link #LEGEND_PLATFORM} — l
op,default_arrow,com.legend.parser,com/legend/parser/ElementKind.java,50,,False,,,,,default -> null;
comment,fallback,com.legend.parser,com/legend/parser/ElementParser.java,35,,False,,,javadoc,,"/** * Hand-rolled recursive-descent parser for Pure top-level element * declarations &mdash; the driver for step B of the pipeline. * * <h2>Usage</h2> * <pre> * ParsedModel model = ElementParser.parse(pureSource, Dialect.LEGEND_LITE); * // "
op,default_arrow,com.legend.parser,com/legend/parser/ElementParser.java,178,topLevelIndexes,False,,,,,default -> {
comment,default,com.legend.parser,com/legend/parser/ElementParser.java,212,,False,,,javadoc,,"/** THE parse entry — ONE way in: the caller NAMES the level * (provenance routing); there is no default and no named-entry * synonym. {@link Dialect#LEGEND_LITE} is the product surface, * {@link Dialect#LEGEND_ENGINE} the drop-in/parity su"
throw,USER:ParseException,com.legend.parser,com/legend/parser/ElementParser.java,360,parseModel,False,,,USER,,"throw new ParseException(""'"" + sk.name() + ""' is not a known"""
catch,RETHROW,com.legend.parser,com/legend/parser/ElementParser.java,386,parseModel,False,,,"com.legend.parser.section.LexableSectionGrammar
                            .UnsupportedElementShape u",,{ throw error(u.reason()); }
throw,USER:ParseException,com.legend.parser,com/legend/parser/ElementParser.java,412,parseModel,False,,,USER,,"throw new ParseException(""section '"" + sk.name()"
op,orElse,com.legend.parser,com/legend/parser/ElementParser.java,441,claimedSections,False,,,,,var g = SectionGrammarRegistry.lookup(h.name()).orElse(null);
catch,RETHROW,com.legend.parser,com/legend/parser/ElementParser.java,472,parseClaimedSection,False,,,"com.legend.parser.section.LexableSectionGrammar
                    .UnsupportedElementShape u",,{ throw error(u.reason()); }
comment,default,com.legend.parser,com/legend/parser/ElementParser.java,583,,False,,,line,,// the engine's default/###Pure section admits ONLY domain elements —
op,default_arrow,com.legend.parser,com/legend/parser/ElementParser.java,592,parseSingleElement,False,,,,,default -> {
op,default_arrow,com.legend.parser,com/legend/parser/ElementParser.java,609,parseSingleElement,False,,,,,"default -> throw error(""unsupported top-level keyword: "" + t"
op,default_arrow,com.legend.parser,com/legend/parser/ElementParser.java,675,nativeElement,False,,,,,"default -> throw error(""expected 'Class' or 'function' after"""
catch,RETHROW,com.legend.parser,com/legend/parser/ElementParser.java,702,connectionElement,False,,,com.legend.model.FromProtocol.UnsupportedConnectionShape u,,{ throw error(u.reason()); }
catch,RETHROW,com.legend.parser,com/legend/parser/ElementParser.java,727,mappingElement,False,,,com.legend.model.MappingFromProtocol.UnsupportedMappingShape u,,"{ // the transform's refusals become ParseExceptions HERE, where the // position is known and where com.legend.model need not depend on // the parser's exception type throw error(u.reason()); }"
comment,default,com.legend.parser,com/legend/parser/ElementParser.java,1661,,False,,,javadoc,,"/** * The legend-testable trailing block. Two forms (ProbeWireShapes ""fn tests wire"", * ""fn tests named suite""): named suites {@code { name ( test; ... ) ... }} and the * unnamed brace form {@code { test; ... }} (wire id {@code ""default""}, "
comment,default,com.legend.parser,com/legend/parser/ElementParser.java,1693,,False,,,line,,"// the DEFAULT (bare) suite serializes FIRST, then named suites in source"
op,isEmpty_ternary,com.legend.parser,com/legend/parser/ElementParser.java,1789,parseTestPayload,True,,,,,com.legend.protocol.SourceInfo first = els.isEmpty()
op,default_arrow,com.legend.parser,com/legend/parser/ElementParser.java,1812,formatContentType,True,,,,,default -> throw error(
op,isEmpty_ternary,com.legend.parser,com/legend/parser/ElementParser.java,2276,pathColonOf,True,,,,,return prefix.strip().isEmpty() ? -1 : i;
op,notnull_ternary,com.legend.parser,com/legend/parser/ElementParser.java,2338,relationBlock,True,,,,,com.legend.protocol.SourceInfo span = assertSpan != null ? assertSpan
catch,RETHROW,com.legend.parser,com/legend/parser/ElementParser.java,2475,runtimeElement,False,,,com.legend.model.FromProtocol.UnsupportedConnectionShape u,,{ throw error(u.reason()); }
comment,default,com.legend.parser,com/legend/parser/ElementParser.java,2518,,True,,,line,,// property DEFAULT VALUE (real pure: prop: Boolean[1] = false;). The expression is
comment,default,com.legend.parser,com/legend/parser/ElementParser.java,2520,,True,,,line,,"// positions stay file-absolute. A default SpecParser cannot read REFUSES, positioned"
comment,default,com.legend.parser,com/legend/parser/ElementParser.java,2541,,False,,,line,,"// a malformed default value is a PARSE REFUSAL, engine-style —"
comment,default,com.legend.parser,com/legend/parser/ElementParser.java,2550,,False,,,line,,// BOTH reference grammars refuse a lambda default
comment,default,com.legend.parser,com/legend/parser/ElementParser.java,2580,,False,,,line,,// their sub-grammars) as inherited defaults.
comment,default,com.legend.parser,com/legend/parser/ElementParser.java,2745,,False,,,line,,// all live on TokenStreamCursor as default methods. The local
op,default_arrow,com.legend.parser,com/legend/parser/GqlParser.java,77,definition,True,,,,,"default -> throw fail(""unbuilt GraphQL definition kind '"" + kw"
comment,default,com.legend.parser,com/legend/parser/GqlParser.java,255,,True,,,javadoc,,"/** {@code ( name: Type = default @dirs, ... )} — argument * definitions; also the input-object body via {@link #inputValueBody}. */"
catch,RETHROW,com.legend.parser,com/legend/parser/GqlParser.java,594,value,False,,,NumberFormatException e,,"{ throw fail(""number out of range: "" + num); }"
op,default_arrow,com.legend.parser,com/legend/parser/GqlParser.java,603,value,False,,,,,default -> new Gql.EnumValue(word);
catch,RETHROW,com.legend.parser,com/legend/parser/IslandScan.java,107,of,False,,,NumberFormatException overflow,,"{ throw errorContext.error(""integer literal out of range: '"" + src.substring(i, k) + ""'""); }"
throw,USER:ParseException,com.legend.parser,com/legend/parser/IslandScan.java,243,scanGraphNodes,False,,,USER,,throw new com.legend.parser.ParseException(
throw,USER:ParseException,com.legend.parser,com/legend/parser/IslandScan.java,276,scanGraphNodes,False,,,USER,,throw new com.legend.parser.ParseException(
catch,SWALLOWED,com.legend.parser,com/legend/parser/IslandScan.java,431,scanGraphNodes,False,,,IllegalArgumentException e,,{ unsupported[0] = true; }
op,default_arrow,com.legend.parser,com/legend/parser/IslandScan.java,441,scanGraphNodes,False,,,,,default -> unsupported[0] = true;
op,isEmpty_ternary,com.legend.parser,com/legend/parser/MappingProtocolParser.java,241,parseEmbeddedValueAt,True,,,,,SourceInfo first = rels.isEmpty()
comment,TODO,com.legend.parser,com/legend/parser/MappingProtocolParser.java,552,,False,,,line,,"// (OperationClassMappingParseTreeWalker TODO), so it is NOT"
op,default_arrow,com.legend.parser,com/legend/parser/MappingProtocolParser.java,821,parseMongoDbClassMapping,False,,,,,default -> throw error(
op,notnull_ternary,com.legend.parser,com/legend/parser/MappingProtocolParser.java,1295,parsePureClassMapping,False,,,,,"String srcId = id != null ? id : """";"
op,default_arrow,com.legend.parser,com/legend/parser/MappingProtocolParser.java,1577,parseOperationClassMapping,False,,,,,default -> null;
op,notnull_ternary,com.legend.parser,com/legend/parser/MappingProtocolParser.java,1879,parsePropertyLine,False,,,,,"localProp != null ? null : target, bindingId,"
op,notnull_ternary,com.legend.parser,com/legend/parser/MappingProtocolParser.java,1881,parsePropertyLine,False,,,,,"localProp, op, srcId, localProp != null ? null : tgtId,"
op,null_ternary,com.legend.parser,com/legend/parser/MappingProtocolParser.java,1915,parseScopeBlock,False,,,,,"parsePropertyLine(props, target, id, scope == null ? db : null,"
op,isEmpty_ternary,com.legend.parser,com/legend/parser/MappingProtocolParser.java,2570,parseStoreTestData,True,,,,,SourceInfo first = rels.isEmpty()
throw,USER:ParseException,com.legend.parser,com/legend/parser/MappingProtocolParser.java,2636,requireUniqueModelType,False,,,USER,,throw new com.legend.parser.ParseException(
op,instanceof_else_default,com.legend.parser,com/legend/parser/MappingProtocolParser.java,2664,parseModelEntry,False,,,,,vs.get(0) instanceof com.legend.protocol.spec.PureCollection c
comment,default,com.legend.parser,com/legend/parser/MappingProtocolParser.java,2717,,True,,,javadoc,,"/** One COMPACT-form assertion value ({@code => Relation #{...}#}) * parsed off a HOST cursor — the wire id is ""default"" * (ZServiceV2Probe). */"
op,notnull_ternary,com.legend.parser,com/legend/parser/MappingProtocolParser.java,2946,parseAggregationAware,False,,,,,"String outerId = id != null ? id : target.replace(""::"", ""_"");"
op,default_arrow,com.legend.parser,com/legend/parser/MappingProtocolParser.java,3020,parseAggregationAware,False,,,,,"default -> throw error(""modelOperation command"""
op,null_ternary,com.legend.parser,com/legend/parser/OperatorParts.java,89,arithmeticPart,False,,,,,"acc == null ? initial : acc.node()), p.fn());"
comment,default,com.legend.parser,com/legend/parser/ParseException.java,3,,True,,,javadoc,,/** * Thrown by {@link ElementParser} and related parsers when the token * stream doesn't match the expected Pure grammar. * * <p>Carries source line/column when known; both default to {@code 0} * for errors that occur outside any token (e.
comment,default,com.legend.parser,com/legend/parser/PmcdParser.java,54,,False,,,javadoc,,/** Parsers whose sections are {@code importAware} on the wire — from * the engine's own extension sources (Default vs ImportAware * CodeSection) plus ZPmcdProbe2; everything else emits * {@code default}. */
throw,USER:ParseException,com.legend.parser,com/legend/parser/PmcdParser.java,72,requireCleanHeader,False,,,USER,,"throw new com.legend.parser.ParseException(""Unexpected token '"""
op,orElseThrow,com.legend.parser,com/legend/parser/PmcdParser.java,90,activatorGrammar,False,,,,,SectionGrammarRegistry.lookup(section).orElseThrow(
op,default_arrow,com.legend.parser,com/legend/parser/PmcdParser.java,343,sectionElements,False,,,,,default -> {
throw,USER:ParseException,com.legend.parser,com/legend/parser/PmcdParser.java,346,sectionElements,False,,,USER,,"throw new ParseException(""'"" + parserName"
op,orElseThrow,com.legend.parser,com/legend/parser/PmcdParser.java,351,sectionElements,False,,,,,SectionGrammarRegistry.lookup(parserName).orElseThrow();
op,default_arrow,com.legend.parser,com/legend/parser/PmcdParser.java,466,ruleGroup,False,,,,,default -> null;
op,isEmpty_ternary,com.legend.parser,com/legend/parser/PmcdParser.java,571,diagramElements,False,,,,,path = f.pkg().isEmpty() ? f.mangledName()
op,default_arrow,com.legend.parser,com/legend/parser/PmcdParser.java,652,diagramElements,False,,,,,default -> throw new IllegalStateException(
throw,INTERNAL_JDK:IllegalStateException,com.legend.parser,com/legend/parser/PmcdParser.java,652,diagramElements,False,,,INTERNAL_JDK,,default -> throw new IllegalStateException(
op,null_ternary,com.legend.parser,com/legend/parser/QuotedSpecParser.java,44,QuotedSpecParser,False,,,,,return tree == null ? null
catch,FALLBACK_RETURN,com.legend.parser,com/legend/parser/QuotedSpecParser.java,97,QuotedSpecParser,False,,,ParseException notATree,,"{ // ONLY a parse refusal means ""not a tree literal"" — any other // RuntimeException here is a parser defect and must surface, not // silently downgrade the call to an untyped fold (adversarial // audit F33: the broad catch masked exactly t"
throw,INTERNAL_JDK:IllegalStateException,com.legend.parser,com/legend/parser/SectionGrammarRegistry.java,43,parse,False,,,INTERNAL_JDK,,"throw new IllegalStateException(""built-in section '"" + name"
op,ofNullable,com.legend.parser,com/legend/parser/SectionGrammarRegistry.java,122,lookup,False,,,,,return Optional.ofNullable(REGISTRY.get(sectionName));
op,null_ternary,com.legend.parser,com/legend/parser/ServiceLegacyMappingParser.java,92,parseTail,False,,,,,Protocol.PRequestBuildInfo merged = request == null
op,default_arrow,com.legend.parser,com/legend/parser/ServiceStubDataParser.java,88,parseServiceStub,False,,,,,default -> throw p.error(
op,default_arrow,com.legend.parser,com/legend/parser/ServiceStubDataParser.java,201,parseContentPattern,False,,,,,"default -> throw TokenStreamCursor.throwAt(p.tokens(), kindTok,"
comment,fallback,com.legend.parser,com/legend/parser/SpecParser.java,43,,False,,,javadoc,,/** * Parser for Pure value specifications (expressions). Produces a sealed * {@link ValueSpecification} AST. * * <h2>Phase status &mdash; C.5 (typed lambda params + multiplicity)</h2> * The grammar covers: * <ul> * <li><strong>Literals</st
comment,default,com.legend.parser,com/legend/parser/SpecParser.java,257,,False,,,javadoc,,"/** * Parse the given token stream as a single value specification at the * NAMED dialect level — there is no default (HONEST_DEBT #9). The * stream may be a {@link TokenStream#slice(int, int)} of a larger * file; offsets are preserved so e"
comment,default,com.legend.parser,com/legend/parser/SpecParser.java,293,,False,,,javadoc,,"/** Token-stream variant of {@link #parseCodeBlock(String, Dialect)}, * at the NAMED dialect level — there is no default. Consumes the * entire stream; trailing tokens after the last statement raise a * fail-fast error. */"
op,isEmpty_ternary,com.legend.parser,com/legend/parser/SpecParser.java,628,parseCombinedArithmeticOnly,False,,,,,"return parts.isEmpty() ? expr : OperatorParts.arithmeticPart(parts, expr);"
op,default_arrow,com.legend.parser,com/legend/parser/SpecParser.java,658,parseArithmeticPartContext,False,,,,,default -> throw new IllegalStateException(
throw,INTERNAL_JDK:IllegalStateException,com.legend.parser,com/legend/parser/SpecParser.java,658,parseArithmeticPartContext,False,,,INTERNAL_JDK,,default -> throw new IllegalStateException(
comment,default,com.legend.parser,com/legend/parser/SpecParser.java,685,,False,,,javadoc,,"/** * Parse one primary expression &mdash; everything that can start an * expression. The {@code default} arm folds identifier-shaped * tokens (any member of {@link ElementParser#IDENTIFIER_TOKENS}, * which includes keyword-as-identifier fo"
op,default_arrow,com.legend.parser,com/legend/parser/SpecParser.java,732,parsePrimary,False,,,,,default -> {
catch,FALLBACK_RETURN,com.legend.parser,com/legend/parser/SpecParser.java,791,parseInteger,False,,,NumberFormatException overflow,,{ if (dialect().refusesLiteExtensions()) { // ENGINE surface only — the BigInteger widening is a // DECLARED lite extension (PCT's own huge-literal tests // and lite execution use it; G6 run 1081 caught the // over-wide legendStrict gate) t
catch,RETHROW,com.legend.parser,com/legend/parser/SpecParser.java,941,parseDateOrDateTime,False,,,IllegalArgumentException e,,"{ throw TokenStreamCursor.throwAt(tokens, datePos, ""invalid date literal '%"" + value + ""': "" + e.getMessage()); }"
catch,FALLBACK_RETURN,com.legend.parser,com/legend/parser/SpecParser.java,958,parseStrictTime,False,,,IllegalArgumentException e,,"{ // the ENGINE parses out-of-range times (%200:12:22) — carry the raw text, // validation is the compiler's (inline-snippet corpus) return new CTime(null, value, spanOf(timePos, timePos)); }"
comment,default,com.legend.parser,com/legend/parser/SpecParser.java,1029,,False,,,line,,"// ':' — the [:stop] form, start defaults 0"
op,notnull_ternary,com.legend.parser,com/legend/parser/SpecParser.java,1214,parseQualifiedNameStart,True,,,,,return folded != null ? folded : call;
comment,fallback,com.legend.parser,com/legend/parser/SpecParser.java,1255,,False,,,javadoc,,"/** The engine's property-call fallback for all/allVersionsInRange with * non-literal arguments: general args after the receiver, wire * {@code {""_type"":""property""}} via the propertyCall marker. */"
comment,fallback,com.legend.parser,com/legend/parser/SpecParser.java,1330,,False,,,javadoc,,"/** Whether the token can OPEN a milestoning literal — the dispatch * between the getAll wire and the engine's property-call fallback * (a::A.all(now()) is {""_type"":""property""} on the wire, probed). */"
comment,default,com.legend.parser,com/legend/parser/SpecParser.java,1499,,False,,,javadoc,,/** * Parse a {@code ^}-prefixed struct literal and desugar to a * function call. Pre-condition: cursor is on {@code NEW_SYMBOL}. * Grammar: * <pre> * newInstance = '^' qualifiedName typeArguments? '(' keyBindings? ')' * typeArguments = '&l
comment,HACK,com.legend.parser,com/legend/parser/SpecParser.java,1563,,True,,,line,,// PackageableElementPtr. That's a hack — a $-prefixed FQN is
comment,default,com.legend.parser,com/legend/parser/SpecParser.java,1925,,False,,,line,,// TokenStreamCursor as default methods. Earlier revisions of this
comment,default,com.legend.parser,com/legend/parser/SpecParser.java,2030,,False,,,javadoc,,/** * Zero-param pipe-shorthand lambda {@code | body}. Body is one * expression. Common as a zero-arg thunk argument: * {@code $opt->orElse(| 'default')}. * * <p>Pre-condition: cursor is on {@link TokenType#PIPE}. */
comment,for now,com.legend.parser,com/legend/parser/SpecParser.java,2075,,True,,,javadoc,,"/** * Parse the tilde-column DSL. Grammar: * <pre> * columnBuilders = '~' (colSpec | colSpecArray) * colSpecArray = '[' colSpec (',' colSpec)* ']' * colSpec = identifier (':' lambda (':' lambda)?)? * </pre> * * <p>Pre-condition: cursor is o"
op,null_ternary,com.legend.parser,com/legend/parser/SpecParser.java,2216,parseColSpecTail,True,,,,,com.legend.protocol.SourceInfo span = function1 == null
catch,FALLBACK_RETURN,com.legend.parser,com/legend/parser/SpecParser.java,2321,looksLikeColumnType,True,,,ParseException e,,{ return null; }
comment,default,com.legend.parser,com/legend/parser/SpecParser.java,2663,,False,,,javadoc,,/** Split on EVERY occurrence of {@code sep} (trailing empties kept — * the split() this replaces used the default limit over single chars * where no trailing empties arise in practice; the text-rule gate * bans the regex form). */
op,isEmpty_ternary,com.legend.parser,com/legend/parser/SpecParser.java,2736,parsePathLiteral,True,,,,,"int lead = rawSeg.indexOf(seg.isEmpty() ? """" : seg.substring(0, 1));"
op,default_arrow,com.legend.parser,com/legend/parser/SpecParser.java,2854,scanPathArgs,False,,,,,default -> unsupported[0] = true;
op,default_arrow,com.legend.parser,com/legend/parser/SpecParser.java,3076,parseDsl,False,,,,,default -> {
throw,USER:ParseException,com.legend.parser,com/legend/parser/SpecParser.java,3129,parseTableReference,True,,,USER,,"throw new ParseException(""Unexpected token"","
throw,USER:ParseException,com.legend.parser,com/legend/parser/SpecParser.java,3227,parseGraphFetchTree,False,,,USER,,throw new com.legend.parser.ParseException(
catch,RETHROW,com.legend.parser,com/legend/parser/SpecParser.java,3243,parseGraphFetchTree,True,,,com.legend.parser.ParseException e,,"{ // the content is RE-LEXED from a reconstructed string, so // inner positions start at 1:1 — compose the island's base // position back in (reprobe: a tree error surfaced at 1:17 // inside a line-14 document) int baseTok = Math.min(island"
throw,USER:ParseException,com.legend.parser,com/legend/parser/SpecParser.java,3258,parseGraphFetchTree,True,,,USER,,"throw new com.legend.parser.ParseException(raw,"
throw,USER:ParseException,com.legend.parser,com/legend/parser/SpecParser.java,3262,parseGraphFetchTree,True,,,USER,,"throw new com.legend.parser.ParseException(raw,"
comment,default,com.legend.parser,com/legend/parser/SpecParser.java,3418,,False,,,line,,// inherited defaults shared with ElementParser.
comment,default,com.legend.parser,com/legend/parser/TokenStreamCursor.java,14,,False,,,javadoc,,"/** * A capability shared by every parser that walks a {@link TokenStream}. * * <p>Implementers provide a three-method window onto their cursor state * &mdash; {@link #tokens()}, {@link #pos()}, {@link #setPos(int)} &mdash; * and in exchang"
comment,default,com.legend.parser,com/legend/parser/TokenStreamCursor.java,105,,False,,,javadoc,,/** * Every token type that can stand in for an identifier in Pure * source. Includes {@code VALID_STRING} (the bare identifier * production) and {@code STRING} (quoted-string-as-identifier in * keyword positions like profile names) plus ev
comment,default,com.legend.parser,com/legend/parser/TokenStreamCursor.java,158,,False,,,javadoc,,/** Update the cursor position. Used by grammar defaults to advance * past consumed tokens. */
comment,default,com.legend.parser,com/legend/parser/TokenStreamCursor.java,185,,False,,,javadoc,,"/** Which of the THREE dialect levels this parse serves * ({@link Dialect}). ABSTRACT on purpose: there is no default level. * Every cursor names its dialect at construction — island re-lex * cursors inherit the HOST's — so ""something quiet"
catch,RETHROW,com.legend.parser,com/legend/parser/TokenStreamCursor.java,339,once,False,,,NumberFormatException overflow,,"{ throw error(""integer literal out of range: '"" + t + ""'""); }"
comment,default,com.legend.parser,com/legend/parser/TokenStreamCursor.java,361,,True,,,javadoc,,"/** * Build and throw a {@link ParseException} reporting the offending * token's 1-indexed line and column derived from the source string. * Declared to return {@link RuntimeException} so callers can write * {@code throw throwAt(tokens, pos"
throw,USER:ParseException,com.legend.parser,com/legend/parser/TokenStreamCursor.java,399,throwAt,True,,,USER,,throw new ParseException(message);
throw,USER:ParseException,com.legend.parser,com/legend/parser/TokenStreamCursor.java,404,throwAt,True,,,USER,,"throw new ParseException(message, tokens.lineOf(charPos), tokens.columnOf(charPos));"
comment,default,com.legend.parser,com/legend/parser/TokenStreamCursor.java,424,,False,,,javadoc,,/** Whether {@code t} can stand in for an identifier in element / * type contexts (per {@link #IDENTIFIER_TOKENS}). Permits * {@code STRING} (quoted strings) where Pure's grammar treats * quoted strings as keyword-position identifiers (prof
catch,RETHROW,com.legend.parser,com/legend/parser/TokenStreamCursor.java,690,unescapeBody,False,,,IllegalArgumentException e,,"{ throw at.error(""malformed "" + what + "": "" + e.getMessage()); }"
comment,default,com.legend.parser,com/legend/parser/TokenStreamCursor.java,1217,,True,,,javadoc,,"/** {@code (col:Type[mult], ...)}. Column multiplicity defaults to * {@code [1]} when not declared (engine parity). */"
catch,RETHROW,com.legend.parser.section,com/legend/parser/section/ConnectionSectionGrammar.java,99,toModel,False,,,com.legend.model.FromProtocol.UnsupportedConnectionShape u,,{ throw new UnsupportedElementShape(u.reason()); }
throw,INTERNAL_CUSTOM:UnsupportedElementShape,com.legend.parser.section,com/legend/parser/section/ConnectionSectionGrammar.java,100,toModel,False,,,INTERNAL_CUSTOM,,throw new UnsupportedElementShape(u.reason());
op,default_arrow,com.legend.parser.section,com/legend/parser/section/ConnectionSectionGrammar.java,175,parseValue,False,,,,,default -> throw com.legend.parser.TokenStreamCursor.throwAt(
op,default_arrow,com.legend.parser.section,com/legend/parser/section/ConnectionSectionGrammar.java,287,parseServiceStoreConnectionBody,False,,,,,default -> throw c.error(
op,default_arrow,com.legend.parser.section,com/legend/parser/section/ConnectionSectionGrammar.java,363,parseDeephavenConnectionBody,False,,,,,default -> throw c.error(
op,default_arrow,com.legend.parser.section,com/legend/parser/section/ConnectionSectionGrammar.java,441,parseMongoConnectionBody,False,,,,,default -> throw c.error(
op,default_arrow,com.legend.parser.section,com/legend/parser/section/ConnectionSectionGrammar.java,585,parseRelationalConnectionBody,False,,,,,default -> throw c.error(
op,default_arrow,com.legend.parser.section,com/legend/parser/section/ConnectionSectionGrammar.java,640,parseRelationalConnectionBody,False,,,,,default -> throw c.error(
comment,default,com.legend.parser.section,com/legend/parser/section/ConnectionSectionGrammar.java,671,,False,,,line,,// ENGINE-TRUE: auth is required (the omit-defaults-to-NoAuth
op,default_arrow,com.legend.parser.section,com/legend/parser/section/ConnectionSectionGrammar.java,818,parseOneMapper,True,,,,,"default -> throw c.error(""unsupported mapper flavor: "" + flavor);"
op,default_arrow,com.legend.parser.section,com/legend/parser/section/ConnectionSectionGrammar.java,895,parseDatasourceSpec,False,,,,,"default -> throw c.error(""unknown Static key: "" + key);"
op,default_arrow,com.legend.parser.section,com/legend/parser/section/ConnectionSectionGrammar.java,960,parseDatasourceSpec,False,,,,,"default -> throw c.error(""unknown Spanner key: "" + key);"
op,default_arrow,com.legend.parser.section,com/legend/parser/section/ConnectionSectionGrammar.java,992,parseDatasourceSpec,False,,,,,"default -> throw c.error(""unknown Databricks key: "" + key);"
op,default_arrow,com.legend.parser.section,com/legend/parser/section/ConnectionSectionGrammar.java,1022,parseDatasourceSpec,False,,,,,"default -> throw c.error(""unknown BigQuery key: "" + key);"
op,default_arrow,com.legend.parser.section,com/legend/parser/section/ConnectionSectionGrammar.java,1053,parseDatasourceSpec,False,,,,,default -> throw c.error(
op,default_arrow,com.legend.parser.section,com/legend/parser/section/ConnectionSectionGrammar.java,1068,parseDatasourceSpec,False,,,,,"default -> throw c.error(""unsupported datasource specification: """
op,default_arrow,com.legend.parser.section,com/legend/parser/section/ConnectionSectionGrammar.java,1147,parseAuthStrategy,False,,,,,"default -> throw c.error(""unknown OAuth key: "" + key);"
op,default_arrow,com.legend.parser.section,com/legend/parser/section/ConnectionSectionGrammar.java,1199,parseAuthStrategy,True,,,,,default -> throw c.error(
op,default_arrow,com.legend.parser.section,com/legend/parser/section/ConnectionSectionGrammar.java,1229,parseAuthStrategy,False,,,,,default -> throw c.error(
op,default_arrow,com.legend.parser.section,com/legend/parser/section/ConnectionSectionGrammar.java,1305,parseAuthStrategy,False,,,,,"default -> throw c.error(""unsupported auth strategy: "" + kind"
op,default_arrow,com.legend.parser.section,com/legend/parser/section/ConnectionSectionGrammar.java,1408,parseSnowflakeSpec,False,,,,,"default -> throw c.error(""unknown Snowflake key: "" + key);"
op,default_arrow,com.legend.parser.section,com/legend/parser/section/ConnectionSectionGrammar.java,1450,parseRedshiftSpec,False,,,,,"default -> throw c.error(""unknown Redshift key: "" + key);"
op,default_arrow,com.legend.parser.section,com/legend/parser/section/ConnectionSectionGrammar.java,1503,parseTrinoSpec,False,,,,,default -> throw c.error(
op,default_arrow,com.legend.parser.section,com/legend/parser/section/ConnectionSectionGrammar.java,1514,parseTrinoSpec,False,,,,,"default -> throw c.error(""unknown Trino key: "" + key);"
op,default_arrow,com.legend.parser.section,com/legend/parser/section/ConnectionSectionGrammar.java,1547,parseTrinoKerberosAuth,False,,,,,default -> throw c.error(
op,default_arrow,com.legend.parser.section,com/legend/parser/section/ConnectionSectionGrammar.java,1585,parseGcpWifAuth,False,,,,,default -> throw c.error(
catch,RETHROW,com.legend.parser.section,com/legend/parser/section/ConnectionSectionGrammar.java,1703,parseElasticsearchBody,False,,,java.net.URISyntaxException e,,"{ throw new com.legend.parser.ParseException( ""URL is not valid"", c.tokens().startLine(bs), c.tokens().startColumn(bs)); }"
throw,USER:ParseException,com.legend.parser.section,com/legend/parser/section/ConnectionSectionGrammar.java,1704,parseElasticsearchBody,False,,,USER,,throw new com.legend.parser.ParseException(
op,default_arrow,com.legend.parser.section,com/legend/parser/section/ConnectionSectionGrammar.java,1712,parseElasticsearchBody,False,,,,,default -> throw c.error(
op,default_arrow,com.legend.parser.section,com/legend/parser/section/ConnectionSectionGrammar.java,1797,parseVaultSecret,False,,,,,default -> throw ic.error(
op,default_arrow,com.legend.parser.section,com/legend/parser/section/ConnectionSectionGrammar.java,1808,parseVaultSecret,False,,,,,default -> throw ic.error(
op,default_arrow,com.legend.parser.section,com/legend/parser/section/ConnectionSectionGrammar.java,1838,parseVaultSecret,False,,,,,"default -> throw ic.error(""unsupported secret kind: "" + sk);"
comment,default,com.legend.parser.section,com/legend/parser/section/ConnectionSectionGrammar.java,1855,,False,,,javadoc,,/** One AWS credentials value ({@code Default {} | Static {...} | * STSAssumeRole {...}}) — recursive; span = kind keyword through the * closing brace; Default is spanless (probe t2-authentication). */
op,default_arrow,com.legend.parser.section,com/legend/parser/section/ConnectionSectionGrammar.java,1882,parseAwsCredentials,False,,,,,"default -> throw ic.error(""unknown Static key: "" + k);"
op,default_arrow,com.legend.parser.section,com/legend/parser/section/ConnectionSectionGrammar.java,1912,parseAwsCredentials,False,,,,,default -> throw ic.error(
op,default_arrow,com.legend.parser.section,com/legend/parser/section/ConnectionSectionGrammar.java,1925,parseAwsCredentials,False,,,,,"default -> throw ic.error(""unsupported awsCredentials kind: """
op,default_arrow,com.legend.parser.section,com/legend/parser/section/ConnectionSectionGrammar.java,1996,parseEsAuthIsland,False,,,,,"default -> throw ic.error(""unknown ApiKey key: "" + ik);"
op,default_arrow,com.legend.parser.section,com/legend/parser/section/ConnectionSectionGrammar.java,2054,parseEsAuthIsland,False,,,,,default -> throw ic.error(
op,default_arrow,com.legend.parser.section,com/legend/parser/section/ConnectionSectionGrammar.java,2080,parseEsAuthIsland,False,,,,,default -> throw ic.error(
op,default_arrow,com.legend.parser.section,com/legend/parser/section/ConnectionSectionGrammar.java,2086,parseEsAuthIsland,False,,,,,default -> throw ic.error(
op,default_arrow,com.legend.parser.section,com/legend/parser/section/ConnectionSectionGrammar.java,2140,parseEsAuthIsland,False,,,,,default -> throw ic.error(
op,default_arrow,com.legend.parser.section,com/legend/parser/section/ConnectionSectionGrammar.java,2152,parseEsAuthIsland,False,,,,,"default -> throw c.error(""unsupported auth island kind: "" + kind);"
op,default_arrow,com.legend.parser.section,com/legend/parser/section/DataQualityValidationSectionGrammar.java,44,qualifiedNameOf,False,,,,,default -> throw new IllegalStateException(
throw,INTERNAL_JDK:IllegalStateException,com.legend.parser.section,com/legend/parser/section/DataQualityValidationSectionGrammar.java,44,qualifiedNameOf,False,,,INTERNAL_JDK,,default -> throw new IllegalStateException(
op,default_arrow,com.legend.parser.section,com/legend/parser/section/DataQualityValidationSectionGrammar.java,55,toModel,False,,,,,"default -> ""DataQualityRelationComparison"";"
op,default_arrow,com.legend.parser.section,com/legend/parser/section/DataQualityValidationSectionGrammar.java,69,parseOne,False,,,,,default -> throw c.error(
op,default_arrow,com.legend.parser.section,com/legend/parser/section/DataQualityValidationSectionGrammar.java,117,parseValidation,False,,,,,default -> throw c.error(
op,default_arrow,com.legend.parser.section,com/legend/parser/section/DataQualityValidationSectionGrammar.java,205,parseRelationValidation,False,,,,,default -> throw c.error(
op,default_arrow,com.legend.parser.section,com/legend/parser/section/DataQualityValidationSectionGrammar.java,252,parseChecks,False,,,,,default -> throw c.error(
op,default_arrow,com.legend.parser.section,com/legend/parser/section/DataQualityValidationSectionGrammar.java,316,parseRelationComparison,False,,,,,default -> throw c.error(
op,default_arrow,com.legend.parser.section,com/legend/parser/section/DataQualityValidationSectionGrammar.java,364,parseReconStrategy,False,,,,,"default -> throw TokenStreamCursor.throwAt(c.tokens(), kS,"
op,default_arrow,com.legend.parser.section,com/legend/parser/section/DataSpaceSectionGrammar.java,161,parseElement,False,,,,,"default -> throw c.error(""unknown key '"" + key"
op,null_ternary,com.legend.parser.section,com/legend/parser/section/DataSpaceSectionGrammar.java,177,parseElement,False,,,,,mergedDiagrams = mergedDiagrams == null
op,default_arrow,com.legend.parser.section,com/legend/parser/section/DataSpaceSectionGrammar.java,225,parseSupportInfo,False,,,,,"default -> throw c.error(""unknown supportInfo key '"" + key"
op,default_arrow,com.legend.parser.section,com/legend/parser/section/DataSpaceSectionGrammar.java,245,parseSupportInfo,False,,,,,"default -> throw c.error(""unknown supportInfo kind '"" + kind"
op,default_arrow,com.legend.parser.section,com/legend/parser/section/DataSpaceSectionGrammar.java,296,parseContexts,False,,,,,default -> throw c.error(
op,default_arrow,com.legend.parser.section,com/legend/parser/section/DataSpaceSectionGrammar.java,370,parseExecutables,False,,,,,"default -> throw c.error(""unknown executables key: "" + key);"
op,default_arrow,com.legend.parser.section,com/legend/parser/section/DataSpaceSectionGrammar.java,423,parseDiagrams,False,,,,,"default -> throw c.error(""unknown diagrams key: "" + key);"
op,default_arrow,com.legend.parser.section,com/legend/parser/section/DataSpaceSectionGrammar.java,455,rawToSemicolon,False,,,,,default -> { }
op,instanceof_else_default,com.legend.parser.section,com/legend/parser/section/DeephavenSectionGrammar.java,45,qualifiedNameOf,False,,,,,return e instanceof Protocol.PFunctionActivator a ? a.qualifiedName()
op,default_arrow,com.legend.parser.section,com/legend/parser/section/DeephavenSectionGrammar.java,66,parseOne,False,,,,,default -> throw c.error(
op,default_arrow,com.legend.parser.section,com/legend/parser/section/DiagramSectionGrammar.java,161,parseDiagram,False,,,,,"default -> throw r.fail(""unknown diagram view '"" + kw + ""'"");"
op,default_arrow,com.legend.parser.section,com/legend/parser/section/DiagramSectionGrammar.java,212,parseClassView,False,,,,,"default -> throw r.fail(""unknown classView key '"" + key + ""'"");"
op,default_arrow,com.legend.parser.section,com/legend/parser/section/DiagramSectionGrammar.java,275,parsePropertyView,False,,,,,"default -> throw r.fail(""unknown propertyView key '"" + key"
op,default_arrow,com.legend.parser.section,com/legend/parser/section/DiagramSectionGrammar.java,329,parseGeneralizationView,False,,,,,"default -> throw r.fail(""unknown generalizationView key '"""
op,default_arrow,com.legend.parser.section,com/legend/parser/section/ElasticsearchSectionGrammar.java,107,parseProperty,False,,,,,"default -> throw c.error(""unmapped Elasticsearch property type '"""
comment,default,com.legend.parser.section,com/legend/parser/section/ElementwiseSectionGrammar.java,13,,False,,,javadoc,,/** * A {@link LexableSectionGrammar} whose section is a flat run of * elements (plus {@code import} statements): the grammar supplies ONE * method — {@link #parseOne} — and both feeds (the shared-stream * {@link #parseSection} and the SPI 
op,instanceof_else_default,com.legend.parser.section,com/legend/parser/section/ExternalFormatSectionGrammar.java,36,qualifiedNameOf,False,,,,,return e instanceof Protocol.PSchemaSet s ? s.qualifiedName()
op,default_arrow,com.legend.parser.section,com/legend/parser/section/ExternalFormatSectionGrammar.java,55,parseOne,False,,,,,default -> throw c.error(
op,default_arrow,com.legend.parser.section,com/legend/parser/section/ExternalFormatSectionGrammar.java,78,parseSchemaSet,False,,,,,default -> throw c.error(
op,default_arrow,com.legend.parser.section,com/legend/parser/section/ExternalFormatSectionGrammar.java,127,parseSchemas,True,,,,,default -> throw c.error(
op,default_arrow,com.legend.parser.section,com/legend/parser/section/ExternalFormatSectionGrammar.java,171,parseBinding,False,,,,,default -> throw c.error(
op,default_arrow,com.legend.parser.section,com/legend/parser/section/FileGenerationSectionGrammar.java,178,parseConfigValue,False,,,,,"default -> throw c.error(""unsupported config value: """
op,instanceof_else_default,com.legend.parser.section,com/legend/parser/section/FunctionActivatorSectionGrammar.java,79,parse,False,,,,,String qname = e instanceof Protocol.PFunctionActivator a2
comment,default,com.legend.parser.section,com/legend/parser/section/GenerationSpecificationSectionGrammar.java,13,,False,,,javadoc,,"/** {@code ###GenerationSpecification} (ZTailProbe ""genspec""): generation * nodes (id defaults to the element path) + FILE_GENERATION pointers. */"
op,default_arrow,com.legend.parser.section,com/legend/parser/section/GenerationSpecificationSectionGrammar.java,57,parseOne,False,,,,,default -> throw c.error(
op,default_arrow,com.legend.parser.section,com/legend/parser/section/GenerationSpecificationSectionGrammar.java,82,parseNodes,False,,,,,default -> throw c.error(
comment,default,com.legend.parser.section,com/legend/parser/section/GenerationSpecificationSectionGrammar.java,91,,False,,,line,,// the wire id defaults to the element path (ZTailProbe genspec)
op,null_ternary,com.legend.parser.section,com/legend/parser/section/GenerationSpecificationSectionGrammar.java,93,parseNodes,False,,,,,"id == null ? element : id,"
op,default_arrow,com.legend.parser.section,com/legend/parser/section/MongoDBSectionGrammar.java,104,parseCollection,False,,,,,default -> throw c.error(
op,default_arrow,com.legend.parser.section,com/legend/parser/section/MongoDBSectionGrammar.java,115,parseCollection,True,,,,,default -> throw c.error(
comment,default,com.legend.parser.section,com/legend/parser/section/MongoDBSectionGrammar.java,122,,False,,,line,,// DEFAULTS strict/error (probed both-absent 2026-08-14)
op,default_arrow,com.legend.parser.section,com/legend/parser/section/MongoDBSectionGrammar.java,213,parseJsonValue,True,,,,,default -> {
op,null_ternary,com.legend.parser.section,com/legend/parser/section/MongoDBSectionGrammar.java,234,schemaOf,True,,,,,"String wireType = switch (bsonType == null ? ""object"" : bsonType) {"
op,default_arrow,com.legend.parser.section,com/legend/parser/section/MongoDBSectionGrammar.java,244,schemaOf,False,,,,,"default -> throw at.error(""unmapped bsonType '"" + bsonType + ""'"");"
op,null_ternary,com.legend.parser.section,com/legend/parser/section/MongoDBSectionGrammar.java,273,schemaOf,False,,,,,"addl == null ? null : (Boolean) addl, props, required,"
op,default_arrow,com.legend.parser.section,com/legend/parser/section/PersistenceSectionGrammar.java,46,qualifiedNameOf,False,,,,,default -> throw new IllegalStateException(
throw,INTERNAL_JDK:IllegalStateException,com.legend.parser.section,com/legend/parser/section/PersistenceSectionGrammar.java,46,qualifiedNameOf,False,,,INTERNAL_JDK,,default -> throw new IllegalStateException(
op,default_arrow,com.legend.parser.section,com/legend/parser/section/PersistenceSectionGrammar.java,69,parseElement,False,,,,,default -> throw c.error(
op,default_arrow,com.legend.parser.section,com/legend/parser/section/PersistenceSectionGrammar.java,144,parsePersistence,False,,,,,"default -> throw c.error(""unknown key '"" + key"
throw,USER:ParseException,com.legend.parser.section,com/legend/parser/section/PersistenceSectionGrammar.java,329,validateNode,False,,,USER,,throw new com.legend.parser.ParseException(
throw,USER:ParseException,com.legend.parser.section,com/legend/parser/section/PersistenceSectionGrammar.java,340,validateNode,False,,,USER,,throw new com.legend.parser.ParseException(
throw,USER:ParseException,com.legend.parser.section,com/legend/parser/section/PersistenceSectionGrammar.java,349,validateNode,False,,,USER,,throw new com.legend.parser.ParseException(
throw,USER:ParseException,com.legend.parser.section,com/legend/parser/section/PersistenceSectionGrammar.java,362,validateNode,False,,,USER,,"throw new com.legend.parser.ParseException(""Field '"" + r"
throw,USER:ParseException,com.legend.parser.section,com/legend/parser/section/PersistenceSectionGrammar.java,366,validateNode,False,,,USER,,throw new com.legend.parser.ParseException(
throw,USER:ParseException,com.legend.parser.section,com/legend/parser/section/PersistenceSectionGrammar.java,379,validateNode,False,,,USER,,"throw new com.legend.parser.ParseException(""Field '"" + e.key()"
op,default_arrow,com.legend.parser.section,com/legend/parser/section/PersistenceSectionGrammar.java,400,recurseEntry,True,,,,,default -> {
op,default_arrow,com.legend.parser.section,com/legend/parser/section/PersistenceSectionGrammar.java,606,parseEntries,False,,,,,default -> {
op,default_arrow,com.legend.parser.section,com/legend/parser/section/PersistenceSectionGrammar.java,770,parseTests,False,,,,,"default -> throw c.error(""unknown test key '"" + key"
op,default_arrow,com.legend.parser.section,com/legend/parser/section/PersistenceSectionGrammar.java,844,parseTestBatches,False,,,,,"default -> throw c.error(""unknown testBatch key '"" + key"
comment,default,com.legend.parser.section,com/legend/parser/section/PersistenceSectionGrammar.java,904,,False,,,line,,// registers Default + the cloud extension's
comment,default,com.legend.parser.section,com/legend/parser/section/PersistenceSectionGrammar.java,916,,False,,,line,,// BARE kind: `platform: Default;` — wire
throw,USER:ParseException,com.legend.parser.section,com/legend/parser/section/PersistenceSectionGrammar.java,978,parseContext,False,,,USER,,throw new com.legend.parser.ParseException(
throw,USER:ParseException,com.legend.parser.section,com/legend/parser/section/PersistenceSectionGrammar.java,983,parseContext,False,,,USER,,throw new com.legend.parser.ParseException(
op,default_arrow,com.legend.parser.section,com/legend/parser/section/PersistenceSectionGrammar.java,1021,parseContext,False,,,,,"default -> throw c.error(""unknown key '"" + key"
op,default_arrow,com.legend.parser.section,com/legend/parser/section/PersistenceSectionGrammar.java,1068,parseCtxParams,True,,,,,default -> { }
op,default_arrow,com.legend.parser.section,com/legend/parser/section/QueryPostProcessorSectionGrammar.java,104,parseOne,False,,,,,"default -> throw c.error(""unknown RelationalMapper key: """
comment,default,com.legend.parser.section,com/legend/parser/section/RawSectionGrammar.java,28,,False,,,javadoc,,/** As {@link #parseRaw(com.legend.spi.SectionSource)} with the parse * {@link com.legend.parser.Dialect}: the engine level refuses * pure-dialect-only forms (m2 diagram views). The default ignores the * mode — for grammars whose section ha
catch,RETHROW,com.legend.parser.section,com/legend/parser/section/RuntimeSectionGrammar.java,78,toModel,False,,,com.legend.model.FromProtocol.UnsupportedConnectionShape u,,{ throw new UnsupportedElementShape(u.reason()); }
throw,INTERNAL_CUSTOM:UnsupportedElementShape,com.legend.parser.section,com/legend/parser/section/RuntimeSectionGrammar.java,79,toModel,False,,,INTERNAL_CUSTOM,,throw new UnsupportedElementShape(u.reason());
op,default_arrow,com.legend.parser.section,com/legend/parser/section/SectionParse.java,94,specToSemicolon,False,,,,,default -> { }
op,default_arrow,com.legend.parser.section,com/legend/parser/section/ServiceSectionGrammar.java,49,qualifiedNameOf,False,,,,,default -> throw new IllegalStateException(
throw,INTERNAL_JDK:IllegalStateException,com.legend.parser.section,com/legend/parser/section/ServiceSectionGrammar.java,49,qualifiedNameOf,False,,,INTERNAL_JDK,,default -> throw new IllegalStateException(
op,default_arrow,com.legend.parser.section,com/legend/parser/section/ServiceSectionGrammar.java,230,parseService,False,,,,,"default -> throw c.error(""unknown key '"" + key"
comment,default,com.legend.parser.section,com/legend/parser/section/ServiceSectionGrammar.java,240,,False,,,line,,"// surfaces: the old lenient default (pattern -> ""/"") had no"
op,default_arrow,com.legend.parser.section,com/legend/parser/section/ServiceSectionGrammar.java,515,parsePostValidation,False,,,,,"default -> throw c.error(""unknown postValidation key: """
op,default_arrow,com.legend.parser.section,com/legend/parser/section/ServiceSectionGrammar.java,605,parsePostValidation,False,,,,,default -> { }
op,default_arrow,com.legend.parser.section,com/legend/parser/section/ServiceSectionGrammar.java,625,parsePostValidation,False,,,,,"default -> throw c.error(""unknown legacy test key '"" + key"
op,default_arrow,com.legend.parser.section,com/legend/parser/section/ServiceSectionGrammar.java,671,parseTestSuites,False,,,,,"default -> throw c.error(""unknown testSuite key '"""
comment,default,com.legend.parser.section,com/legend/parser/section/ServiceSectionGrammar.java,688,,False,,,javadoc,,"/** The 4.138 COMPACT suite (ZServiceV2Probe): {@code id 'doc'? ( * (path; | path: Kind #{...}#;)* (testId 'doc'? => <expected>;)* )} * — {@code path;} is a referenceDataResolver, {@code path: ...} a * baseDataResolver, and each test carrie"
op,default_arrow,com.legend.parser.section,com/legend/parser/section/ServiceSectionGrammar.java,752,parseCompactSuite,False,,,,,default -> { }
op,isEmpty_ternary,com.legend.parser.section,com/legend/parser/section/ServiceSectionGrammar.java,794,parseCompactSuite,False,,,,,Protocol.PServiceTestSuite.PSuiteData data = resolvers.isEmpty()
op,default_arrow,com.legend.parser.section,com/legend/parser/section/ServiceSectionGrammar.java,907,parseSuiteTests,False,,,,,default -> { }
op,default_arrow,com.legend.parser.section,com/legend/parser/section/ServiceSectionGrammar.java,935,parseSuiteTests,False,,,,,"default -> throw c.error(""unknown suite test key '"""
op,default_arrow,com.legend.parser.section,com/legend/parser/section/ServiceSectionGrammar.java,1059,parseExecution,False,,,,,"default -> throw c.error(""unknown key '"" + key"
op,default_arrow,com.legend.parser.section,com/legend/parser/section/ServiceSectionGrammar.java,1116,parseExecution,False,,,,,"default -> throw c.error(""unknown key '"" + key"
op,default_arrow,com.legend.parser.section,com/legend/parser/section/ServiceSectionGrammar.java,1133,parseExecution,False,,,,,"default -> throw c.error(""unsupported execution kind: "" + kind"
op,default_arrow,com.legend.parser.section,com/legend/parser/section/ServiceSectionGrammar.java,1215,parseKeyedBody,False,,,,,default -> throw c.error(
op,default_arrow,com.legend.parser.section,com/legend/parser/section/ServiceSectionGrammar.java,1236,parseKeyedBody,False,,,,,default -> throw c.error(
op,default_arrow,com.legend.parser.section,com/legend/parser/section/ServiceSectionGrammar.java,1305,parseQuery,False,,,,,default -> { }
op,default_arrow,com.legend.parser.section,com/legend/parser/section/ServiceStoreSectionGrammar.java,72,parseOne,False,,,,,default -> throw c.error(
op,default_arrow,com.legend.parser.section,com/legend/parser/section/ServiceStoreSectionGrammar.java,113,parseGroup,False,,,,,default -> throw c.error(
op,instanceof_else_default,com.legend.parser.section,com/legend/parser/section/ServiceStoreSectionGrammar.java,126,idOf,False,,,,,return e instanceof Protocol.PSsService sv ? sv.id()
op,default_arrow,com.legend.parser.section,com/legend/parser/section/ServiceStoreSectionGrammar.java,180,parseService,False,,,,,default -> throw c.error(
throw,USER:ParseException,com.legend.parser.section,com/legend/parser/section/ServiceStoreSectionGrammar.java,202,parseService,False,,,USER,,throw new com.legend.parser.ParseException(
op,default_arrow,com.legend.parser.section,com/legend/parser/section/ServiceStoreSectionGrammar.java,287,parseParameter,False,,,,,default -> throw c.error(
op,notnull_ternary,com.legend.parser.section,com/legend/parser/section/ServiceStoreSectionGrammar.java,345,parseTypeRef,False,,,,,return complexType != null
op,default_arrow,com.legend.parser.section,com/legend/parser/section/TextSectionGrammar.java,50,parseOne,False,,,,,"default -> throw c.error(""unknown Text key '"" + key + ""'"");"
op,isEmpty_ternary,com.legend.plan,com/legend/plan/InProtocol.java,105,expr,False,,,,,String suffix = constants.isEmpty()
op,orElseThrow,com.legend.plan,com/legend/plan/InProtocol.java,107,expr,False,,,,,".reduce((a, b) -> a + ""_"" + b).orElseThrow()"
op,isEmpty_ternary,com.legend.plan,com/legend/plan/InProtocol.java,121,expr,False,,,,,"return sites.isEmpty() ? null : new Result(rewritten, sites);"
op,orElseThrow,com.legend.plan,com/legend/plan/InProtocol.java,187,nodeTexts,False,,,,,".reduce((a, b) -> a + "" + "" + b).orElseThrow())"
op,isEmpty_ternary,com.legend.plan,com/legend/plan/InProtocol.java,188,nodeTexts,False,,,,,.append(s.constants().isEmpty()
op,default_arrow,com.legend.plan,com/legend/plan/InProtocol.java,222,constantsText,False,,,,,default -> throw new com.legend.error
throw,OTHER:error,com.legend.plan,com/legend/plan/InProtocol.java,222,constantsText,False,,,OTHER,,default -> throw new com.legend.error
op,null_ternary,com.legend.plan,com/legend/plan/PlanConn.java,26,PlanConn,False,,,,,testDataSetupSqls = testDataSetupSqls == null ? List.of()
op,null_ternary,com.legend.plan,com/legend/plan/PlanConn.java,36,DsSpec,False,,,,,testDataSetupSqls = testDataSetupSqls == null ? List.of()
op,null_ternary,com.legend.plan,com/legend/plan/PlanEnumForm.java,58,apply,True,,,,,SqlExpr where = sel.where() == null ? null
op,instanceof_else_default,com.legend.plan,com/legend/plan/PlanEnumForm.java,75,rewritePredicate,False,,,,,return e instanceof SqlExpr.Group g
op,orElse,com.legend.plan,com/legend/plan/PlanEnumForm.java,93,rewritePredicate,False,,,,,.findFirst().orElse(null);
op,default_arrow,com.legend.plan,com/legend/plan/PlanEnumForm.java,147,rewritePredicate,False,,,,,default -> {
op,instanceof_else_default,com.legend.plan,com/legend/plan/PlanEnumForm.java,175,nullGuardOver,True,,,,,yield a instanceof SqlExpr.PlanParam pp
op,default_arrow,com.legend.plan,com/legend/plan/PlanEnumForm.java,180,nullGuardOver,True,,,,,default -> false;
op,notnull_ternary,com.legend.plan,com/legend/plan/PlanEnumForm.java,189,regroup,True,,,,,return e instanceof SqlExpr.PlanParam p && p.enumMapFn() != null
op,default_arrow,com.legend.plan,com/legend/plan/PlanEnumForm.java,234,collectColumns,False,,,,,"default -> e.children().forEach(x -> collectColumns(x, keys, out));"
comment,default,com.legend.plan,com/legend/plan/PlanNode.java,25,,False,,,javadoc,,"/** The engine's default post-processor stamps EVERY SelectSQLQuery * with this comment and generateSQLExecutionNode copies it * (defaultPostProcessor.pure:71) — a constant, never gated. */"
op,null_ternary,com.legend.plan,com/legend/plan/PlanNode.java,45,PlanNode,False,,,,,children = children == null ? List.of() : List.copyOf(children);
op,null_ternary,com.legend.plan,com/legend/plan/PlanNode.java,46,PlanNode,False,,,,,functionParameters = functionParameters == null ? List.of()
comment,default,com.legend.plan,com/legend/plan/PlanSupportFunctions.java,68,,False,,,javadoc,,/** utcToTimeZoneSupportFunction() — prepended only for a connection * with a non-default timeZone. */
op,default_arrow,com.legend.plan,com/legend/plan/PlanSupportFunctions.java,106,enumMapTemplateFunction,False,,,,,default -> throw new com.legend.error
throw,OTHER:error,com.legend.plan,com/legend/plan/PlanSupportFunctions.java,106,enumMapTemplateFunction,False,,,OTHER,,default -> throw new com.legend.error
op,isEmpty_ternary,com.legend.plan,com/legend/plan/PlanText.java,73,single,True,,,,,body.isEmpty() ? null
throw,INTERNAL_CUSTOM:NotImplementedException,com.legend.plan,com/legend/plan/PlanText.java,280,scalarRelational,True,,,INTERNAL_CUSTOM,,"throw new NotImplementedException(""plan: computed scalar"""
op,orElseThrow,com.legend.plan,com/legend/plan/PlanText.java,284,scalarRelational,True,,,,,"var td = ctx.findTableDefinition(dbFqn, table).orElseThrow("
op,orElseThrow,com.legend.plan,com/legend/plan/PlanText.java,289,scalarRelational,True,,,,,.findFirst().orElseThrow();
comment,default,com.legend.plan,com/legend/plan/PlanText.java,348,,True,,,javadoc,,"/** {@code m2m}: the root followed an M2M (~src) chase — tuple DB * types spell PURE defaults, never the physical columns (the M2M * layer erases them; m2m2rShowcase golden name VARCHAR(8192)). */"
throw,INTERNAL_CUSTOM:NotImplementedException,com.legend.plan,com/legend/plan/PlanText.java,357,tdsTuples,True,,,INTERNAL_CUSTOM,,throw new NotImplementedException(
op,getOrDefault,com.legend.plan,com/legend/plan/PlanText.java,373,tdsTuples,False,,,,,"String doc = docs.getOrDefault(name, """");"
op,orElseThrow,com.legend.plan,com/legend/plan/PlanText.java,380,tdsTuples,True,,,,,"var td = ctx.findTableDefinition(dbFqn, pc[0]).orElseThrow();"
op,orElseThrow,com.legend.plan,com/legend/plan/PlanText.java,383,tdsTuples,True,,,,,.findFirst().orElseThrow().dataType());
throw,INTERNAL_CUSTOM:NotImplementedException,com.legend.plan,com/legend/plan/PlanText.java,387,tdsTuples,True,,,INTERNAL_CUSTOM,,"throw new NotImplementedException(""plan: M2M TDS"""
op,orElseThrow,com.legend.plan,com/legend/plan/PlanText.java,395,tdsTuples,True,,,,,"var td = ctx.findTableDefinition(dbFqn, pc[0]).orElseThrow();"
op,orElseThrow,com.legend.plan,com/legend/plan/PlanText.java,398,tdsTuples,True,,,,,.findFirst().orElseThrow().dataType());
op,orElseThrow,com.legend.plan,com/legend/plan/PlanText.java,411,tdsTuples,True,,,,,.orElseThrow();
op,orElseThrow,com.legend.plan,com/legend/plan/PlanText.java,414,tdsTuples,True,,,,,.findFirst().orElseThrow().dataType());
throw,INTERNAL_CUSTOM:NotImplementedException,com.legend.plan,com/legend/plan/PlanText.java,419,tdsTuples,True,,,INTERNAL_CUSTOM,,"throw new NotImplementedException(""plan: computed TDS"""
op,isEmpty_ternary,com.legend.plan,com/legend/plan/PlanText.java,424,tdsTuples,True,,,,,".append(doc.isEmpty() ? name : ""\"""" + name + ""\"""")"
op,orElse,com.legend.plan,com/legend/plan/PlanText.java,450,tdsTuples,True,,,,,var md = ctx.findLegacyMapping(mappingFqn).orElse(null);
op,null_ternary,com.legend.plan,com/legend/plan/PlanText.java,472,tdsTuples,True,,,,,return em == null ? null : em.mappingId();
op,orElse,com.legend.plan,com/legend/plan/PlanText.java,482,tdsTuples,True,,,,,var md = ctx.findLegacyMapping(mappingFqn).orElse(null);
op,isEmpty_ternary,com.legend.plan,com/legend/plan/PlanText.java,514,tdsTuples,True,,,,,return candidates.isEmpty() ? null
comment,default,com.legend.plan,com/legend/plan/PlanText.java,518,,True,,,javadoc,,/** A table name without its schema prefix ({@code default.T -> T}). */
op,null_ternary,com.legend.plan,com/legend/plan/PlanText.java,530,bareTable,True,,,,,return id == null ? null
standin,Type.Primitive.*,com.legend.plan,com/legend/plan/PlanText.java,536,pureName,True,,,plain,,if (t == com.legend.compiler.element.type.Type.Primitive.STRING) {
standin,Type.Primitive.*,com.legend.plan,com/legend/plan/PlanText.java,539,pureName,True,,,plain,,if (t == com.legend.compiler.element.type.Type.Primitive.INTEGER) {
standin,Type.Primitive.*,com.legend.plan,com/legend/plan/PlanText.java,542,pureName,True,,,plain,,if (t == com.legend.compiler.element.type.Type.Primitive.FLOAT) {
standin,Type.Primitive.*,com.legend.plan,com/legend/plan/PlanText.java,545,pureName,True,,,plain,,if (t == com.legend.compiler.element.type.Type.Primitive.BOOLEAN) {
standin,Type.Primitive.*,com.legend.plan,com/legend/plan/PlanText.java,548,pureName,True,,,plain,,if (t == com.legend.compiler.element.type.Type.Primitive.STRICT_DATE) {
standin,Type.Primitive.*,com.legend.plan,com/legend/plan/PlanText.java,551,pureName,True,,,plain,,if (t == com.legend.compiler.element.type.Type.Primitive.DATE_TIME) {
standin,Type.Primitive.*,com.legend.plan,com/legend/plan/PlanText.java,554,pureName,True,,,plain,,if (t == com.legend.compiler.element.type.Type.Primitive.DATE) {
standin,Type.Primitive.*,com.legend.plan,com/legend/plan/PlanText.java,557,pureName,True,,,plain,,if (t == com.legend.compiler.element.type.Type.Primitive.DECIMAL) {
standin,Type.Primitive.*,com.legend.plan,com/legend/plan/PlanText.java,560,pureName,True,,,plain,,if (t == com.legend.compiler.element.type.Type.Primitive.NUMBER) {
throw,INTERNAL_CUSTOM:NotImplementedException,com.legend.plan,com/legend/plan/PlanText.java,567,pureName,True,,,INTERNAL_CUSTOM,,"throw new NotImplementedException(""plan: pure type name for "" + t);"
op,null_ternary,com.legend.plan,com/legend/plan/PlanText.java,583,pureName,False,,,,,return spliced == null ? null : render.apply(spliced);
op,null_ternary,com.legend.plan,com/legend/plan/PlanText.java,594,colsPlanFor,False,,,,,return s == null ? plan : s;
op,instanceof_else_default,com.legend.plan,com/legend/plan/PlanText.java,621,swapLeftmost,False,,,,,return src instanceof SqlSource.Join j
throw,INTERNAL_CUSTOM:NotImplementedException,com.legend.plan,com/legend/plan/PlanText.java,638,resultColumns,True,,,INTERNAL_CUSTOM,,throw new NotImplementedException(
throw,INTERNAL_CUSTOM:NotImplementedException,com.legend.plan,com/legend/plan/PlanText.java,650,resultColumns,True,,,INTERNAL_CUSTOM,,throw new NotImplementedException(
catch,RETHROW,com.legend.plan,com/legend/plan/PlanText.java,662,resultColumns,True,,,NotImplementedException e,,{ // a column resolvable through NO physical branch of a // placeholder-bearing tree is VAR-SOURCED — the // engine types every VarSetPlaceHolder column INT // (cluster 20 follow-up: the 3-db chain's placeholder // carries empty outputs) if
op,orElseThrow,com.legend.plan,com/legend/plan/PlanText.java,676,resultColumns,True,,,,,.orElseThrow().columns().stream()
op,orElseThrow,com.legend.plan,com/legend/plan/PlanText.java,678,resultColumns,True,,,,,.findFirst().orElseThrow().dataType());
op,orElseThrow,com.legend.plan,com/legend/plan/PlanText.java,702,resultColumns,True,,,,,"var td = ctx.findTableDefinition(dbFqn, table).orElseThrow("
op,orElseThrow,com.legend.plan,com/legend/plan/PlanText.java,707,resultColumns,True,,,,,.findFirst().orElseThrow(
standin,Type.Primitive.*,com.legend.plan,com/legend/plan/PlanText.java,724,resultColumns,True,,,plain,,if (t == com.legend.compiler.element.type.Type.Primitive.NUMBER
standin,Type.Primitive.*,com.legend.plan,com/legend/plan/PlanText.java,725,resultColumns,True,,,plain,,|| t == com.legend.compiler.element.type.Type.Primitive.FLOAT) {
standin,Type.Primitive.*,com.legend.plan,com/legend/plan/PlanText.java,728,resultColumns,True,,,plain,,if (t == com.legend.compiler.element.type.Type.Primitive.INTEGER) {
standin,Type.Primitive.*,com.legend.plan,com/legend/plan/PlanText.java,731,resultColumns,True,,,plain,,if (t == com.legend.compiler.element.type.Type.Primitive.BOOLEAN) {
standin,Type.Primitive.*,com.legend.plan,com/legend/plan/PlanText.java,735,resultColumns,True,,,plain,,if (t == com.legend.compiler.element.type.Type.Primitive.STRING) {
comment,default,com.legend.plan,com/legend/plan/PlanText.java,736,,True,,,line,,// computed strings carry the engine's default width
op,instanceof_else_default,com.legend.plan,com/legend/plan/PlanText.java,755,resultColumns,True,,,,,SqlExpr.Column c = l instanceof SqlExpr.Column lc ? lc
op,orElse,com.legend.plan,com/legend/plan/PlanText.java,756,resultColumns,True,,,,,: com.legend.sql.DecodeShapes.sourceColumn(l).orElse(null);
catch,FALLBACK_RETURN,com.legend.plan,com/legend/plan/PlanText.java,808,resolveStarColumn,True,,,NotImplementedException e,,"{ return resolveStarColumn(ctx, dbFqn, j.right(), col); }"
op,default_arrow,com.legend.plan,com/legend/plan/PlanText.java,851,resolveStarColumn,True,,,,,default -> {
throw,INTERNAL_CUSTOM:NotImplementedException,com.legend.plan,com/legend/plan/PlanText.java,855,resolveStarColumn,True,,,INTERNAL_CUSTOM,,"throw new NotImplementedException(""plan: star-top TDS column '"""
op,default_arrow,com.legend.plan,com/legend/plan/PlanText.java,872,containsVarSet,False,,,,,default -> false;
catch,FALLBACK_RETURN,com.legend.plan,com/legend/plan/PlanText.java,892,resolvePhysical,False,,,NotImplementedException e,,"{ return resolvePhysical(j.right(), alias, col); }"
throw,INTERNAL_CUSTOM:NotImplementedException,com.legend.plan,com/legend/plan/PlanText.java,900,resolvePhysical,True,,,INTERNAL_CUSTOM,,"throw new NotImplementedException(""plan: alias '"""
throw,INTERNAL_CUSTOM:NotImplementedException,com.legend.plan,com/legend/plan/PlanText.java,912,resolvePhysical,True,,,INTERNAL_CUSTOM,,"throw new NotImplementedException(""plan: column '"" + col"
op,default_arrow,com.legend.plan,com/legend/plan/PlanText.java,917,resolvePhysical,True,,,,,default -> { }
throw,INTERNAL_CUSTOM:NotImplementedException,com.legend.plan,com/legend/plan/PlanText.java,919,resolvePhysical,True,,,INTERNAL_CUSTOM,,throw new NotImplementedException(
throw,INTERNAL_CUSTOM:NotImplementedException,com.legend.plan,com/legend/plan/PlanText.java,946,spell,False,,,INTERNAL_CUSTOM,,case RelationalDataType.Binary ignored -> throw new NotImplementedException(
throw,INTERNAL_CUSTOM:NotImplementedException,com.legend.plan,com/legend/plan/PlanText.java,948,spell,False,,,INTERNAL_CUSTOM,,case RelationalDataType.Varbinary ignored -> throw new NotImplementedException(
throw,INTERNAL_CUSTOM:NotImplementedException,com.legend.plan,com/legend/plan/PlanText.java,950,spell,False,,,INTERNAL_CUSTOM,,case RelationalDataType.Distinct ignored -> throw new NotImplementedException(
throw,INTERNAL_CUSTOM:NotImplementedException,com.legend.plan,com/legend/plan/PlanText.java,952,spell,False,,,INTERNAL_CUSTOM,,case RelationalDataType.Other ignored -> throw new NotImplementedException(
throw,INTERNAL_CUSTOM:NotImplementedException,com.legend.plan,com/legend/plan/PlanText.java,954,spell,False,,,INTERNAL_CUSTOM,,case RelationalDataType.SemiStructured ignored -> throw new NotImplementedException(
throw,INTERNAL_CUSTOM:NotImplementedException,com.legend.plan,com/legend/plan/PlanText.java,956,spell,False,,,INTERNAL_CUSTOM,,case RelationalDataType.Array ignored -> throw new NotImplementedException(
throw,INTERNAL_CUSTOM:NotImplementedException,com.legend.plan,com/legend/plan/PlanText.java,958,spell,False,,,INTERNAL_CUSTOM,,case RelationalDataType.Object_ ignored -> throw new NotImplementedException(
op,default_arrow,com.legend.plan,com/legend/plan/PurePrint.java,45,source,True,,,,,default -> throw new NotImplementedException(
throw,INTERNAL_CUSTOM:NotImplementedException,com.legend.plan,com/legend/plan/PurePrint.java,45,source,True,,,INTERNAL_CUSTOM,,default -> throw new NotImplementedException(
comment,default,com.legend.plan,com/legend/plan/RelationalMapperRenames.java,26,,False,,,javadoc,,/** * The connection's {@code queryPostProcessorsWithParameter} * relationalMapperPostProcessor channel (real runtime/connection/ * postprocessor.pure:50 + metamodel.pure:185-208): DatabaseMapper / * SchemaMapper / TableMapper rename table 
throw,INTERNAL_CUSTOM:NotImplementedException,com.legend.plan,com/legend/plan/RelationalMapperRenames.java,100,extract,True,,,INTERNAL_CUSTOM,,throw new NotImplementedException(
throw,INTERNAL_CUSTOM:NotImplementedException,com.legend.plan,com/legend/plan/RelationalMapperRenames.java,109,extract,True,,,INTERNAL_CUSTOM,,throw new NotImplementedException(
throw,INTERNAL_CUSTOM:NotImplementedException,com.legend.plan,com/legend/plan/RelationalMapperRenames.java,119,extract,True,,,INTERNAL_CUSTOM,,throw new NotImplementedException(
throw,INTERNAL_CUSTOM:NotImplementedException,com.legend.plan,com/legend/plan/RelationalMapperRenames.java,144,readPostProcessor,True,,,INTERNAL_CUSTOM,,throw new NotImplementedException(
throw,INTERNAL_CUSTOM:NotImplementedException,com.legend.plan,com/legend/plan/RelationalMapperRenames.java,152,readPostProcessor,True,,,INTERNAL_CUSTOM,,throw new NotImplementedException(
op,null_ternary,com.legend.plan,com/legend/plan/RelationalMapperRenames.java,177,mapperList,True,,,,,return v == null ? List.of() : elements(c.resolve(v));
throw,INTERNAL_CUSTOM:NotImplementedException,com.legend.plan,com/legend/plan/RelationalMapperRenames.java,184,mapperInst,True,,,INTERNAL_CUSTOM,,throw new NotImplementedException(
throw,INTERNAL_CUSTOM:NotImplementedException,com.legend.plan,com/legend/plan/RelationalMapperRenames.java,226,navArgs,True,,,INTERNAL_CUSTOM,,"throw new NotImplementedException(""relationalMapper 'from' is not a"""
throw,INTERNAL_CUSTOM:NotImplementedException,com.legend.plan,com/legend/plan/RelationalMapperRenames.java,234,refFqn,True,,,INTERNAL_CUSTOM,,throw new NotImplementedException(
throw,INTERNAL_CUSTOM:NotImplementedException,com.legend.plan,com/legend/plan/RelationalMapperRenames.java,242,stringOf,True,,,INTERNAL_CUSTOM,,throw new NotImplementedException(
op,instanceof_else_default,com.legend.plan,com/legend/plan/RelationalMapperRenames.java,254,elements,True,,,,,return v instanceof TypedCollection tc ? tc.elements() : List.of(v);
op,orElse,com.legend.plan,com/legend/plan/RelationalMapperRenames.java,283,definingDb,True,,,,,DatabaseDefinition db = ctx.findDatabase(dbFqn).orElse(null);
op,orElse,com.legend.plan,com/legend/plan/RelationalMapperRenames.java,292,definingDb,True,,,,,DatabaseDefinition incDb = ctx.findDatabase(hit).orElse(null);
comment,default,com.legend.plan,com/legend/plan/RelationalMapperRenames.java,310,,True,,,javadoc,,"/** New spelling of one IR table name ({@code schema.table} or the * bare default-schema {@code table}). The owning db comes from the * CONFIG keys sharing the schema name; when two configured dbs * declare the same schema name (TwoDBs), th"
throw,INTERNAL_CUSTOM:NotImplementedException,com.legend.plan,com/legend/plan/RelationalMapperRenames.java,351,rename,True,,,INTERNAL_CUSTOM,,throw new NotImplementedException(
op,getOrDefault,com.legend.plan,com/legend/plan/RelationalMapperRenames.java,357,rename,True,,,,,String nt = c.tableTo.getOrDefault(
op,getOrDefault,com.legend.plan,com/legend/plan/RelationalMapperRenames.java,359,rename,True,,,,,"String ns = c.schemaTo.getOrDefault(List.of(db, schema), schema);"
op,notnull_ternary,com.legend.plan,com/legend/plan/RelationalMapperRenames.java,361,rename,True,,,,,"return cat != null ? cat + ""."" + ns + ""."" + nt"
op,orElse,com.legend.plan,com/legend/plan/RelationalMapperRenames.java,367,hasTable,True,,,,,DatabaseDefinition db = ctx.findDatabase(dbFqn).orElse(null);
throw,INTERNAL_JDK:IllegalStateException,com.legend.protocol,com/legend/protocol/ConnectionEmitters.java,196,datasourceSpec,False,,,INTERNAL_JDK,,"throw new IllegalStateException(""SQLite datasource specs"""
throw,INTERNAL_JDK:IllegalStateException,com.legend.protocol,com/legend/protocol/ConstraintDefinition.java,74,expression,False,,,INTERNAL_JDK,,throw new IllegalStateException(
op,null_ternary,com.legend.protocol,com/legend/protocol/DerivedPropertyDefinition.java,36,DerivedPropertyDefinition,False,,,,,parameters = parameters == null ? List.of() : List.copyOf(parameters);
op,null_ternary,com.legend.protocol,com/legend/protocol/DerivedPropertyDefinition.java,37,DerivedPropertyDefinition,False,,,,,stereotypes = stereotypes == null ? List.of() : List.copyOf(stereotypes);
op,null_ternary,com.legend.protocol,com/legend/protocol/DerivedPropertyDefinition.java,38,DerivedPropertyDefinition,True,,,,,taggedValues = taggedValues == null ? List.of() : List.copyOf(taggedValues);
throw,INTERNAL_JDK:IllegalStateException,com.legend.protocol,com/legend/protocol/DerivedPropertyDefinition.java,82,expression,True,,,INTERNAL_JDK,,throw new IllegalStateException(
comment,default,com.legend.protocol,com/legend/protocol/Escapes.java,27,,False,,,javadoc,,"/** THE JSON string-escape WRITE table (F3.1c) — RFC-8259, matching * Jackson's default output: quote/backslash and the named controls * ({@code \b \f \n \r \t}), every other control as {@code \-uXXXX}. * The ONE knob is hex case: Jackson w"
op,default_arrow,com.legend.protocol,com/legend/protocol/Escapes.java,48,jsonEscape,False,,,,,default -> {
throw,INTERNAL_JDK:IllegalArgumentException,com.legend.protocol,com/legend/protocol/Escapes.java,122,unescapeJavaLike,False,,,INTERNAL_JDK,,throw new IllegalArgumentException(
op,default_arrow,com.legend.protocol,com/legend/protocol/Escapes.java,131,unescapeJavaLike,False,,,,,"default -> sb.append(esc);           // \' \"" \\ + drop-backslash"
op,default_arrow,com.legend.protocol,com/legend/protocol/MappingEmitter.java,1082,nestedClassMapping,True,,,,,default -> throw new IllegalStateException(
throw,INTERNAL_JDK:IllegalStateException,com.legend.protocol,com/legend/protocol/MappingEmitter.java,1082,nestedClassMapping,True,,,INTERNAL_JDK,,default -> throw new IllegalStateException(
throw,INTERNAL_JDK:IllegalArgumentException,com.legend.protocol,com/legend/protocol/Multiplicity.java,68,,True,,,INTERNAL_JDK,,throw new IllegalArgumentException(
throw,INTERNAL_JDK:IllegalArgumentException,com.legend.protocol,com/legend/protocol/Multiplicity.java,117,toString,True,,,INTERNAL_JDK,,"throw new IllegalArgumentException(""multiplicity parameter name must be non-empty"");"
comment,default,com.legend.protocol,com/legend/protocol/Protocol.java,5,,False,,,javadoc,,"/** * The Legend protocol shape — <em>our</em> types, <em>their</em> bytes. * * <p>These records mirror the shape legend-engine serialises as * {@code PureModelContextData}, so {@link ProtocolEmitter} can reproduce its JSON * byte-for-byte."
op,isEmpty_ternary,com.legend.protocol,com/legend/protocol/Protocol.java,63,qualifiedName,False,,,,,"return pkg.isEmpty() ? name : pkg + ""::"" + name;"
throw,INTERNAL_JDK:IllegalArgumentException,com.legend.protocol,com/legend/protocol/Protocol.java,117,PElementRef,False,,,INTERNAL_JDK,,throw new IllegalArgumentException(
throw,INTERNAL_JDK:IllegalArgumentException,com.legend.protocol,com/legend/protocol/Protocol.java,313,PBodyBuildInfo,False,,,INTERNAL_JDK,,throw new IllegalArgumentException(
op,isEmpty_ternary,com.legend.protocol,com/legend/protocol/Protocol.java,434,qualifiedName,False,,,,,"return pkg.isEmpty() ? name : pkg + ""::"" + name;"
op,null_ternary,com.legend.protocol,com/legend/protocol/Protocol.java,771,PMappingInclude,False,,,,,substitutions = substitutions == null ? List.of()
comment,default,com.legend.protocol,com/legend/protocol/Protocol.java,820,,True,,,javadoc,,"/** {@code _type:""relational""} — a ###Relational Database element * (ZRelationalProbe shapes). Implicit default schema takes the WHOLE * database's span. */"
op,isEmpty_ternary,com.legend.protocol,com/legend/protocol/Protocol.java,834,qualifiedName,False,,,,,"return pkg.isEmpty() ? name : pkg + ""::"" + name;"
op,null_ternary,com.legend.protocol,com/legend/protocol/Protocol.java,1005,PViewFilter,False,,,,,joins = joins == null ? List.of() : List.copyOf(joins);
op,isEmpty_ternary,com.legend.protocol,com/legend/protocol/Protocol.java,1016,qualifiedName,False,,,,,"return pkg.isEmpty() ? name : pkg + ""::"" + name;"
op,isEmpty_ternary,com.legend.protocol,com/legend/protocol/Protocol.java,1047,qualifiedName,False,,,,,"return pkg.isEmpty() ? name : pkg + ""::"" + name;"
op,isEmpty_ternary,com.legend.protocol,com/legend/protocol/Protocol.java,1206,qualifiedName,True,,,,,"return pkg.isEmpty() ? name : pkg + ""::"" + name;"
op,isEmpty_ternary,com.legend.protocol,com/legend/protocol/Protocol.java,1255,qualifiedName,False,,,,,"return pkg.isEmpty() ? name : pkg + ""::"" + name;"
op,isEmpty_ternary,com.legend.protocol,com/legend/protocol/Protocol.java,1278,qualifiedName,False,,,,,"return pkg.isEmpty() ? name : pkg + ""::"" + name;"
op,isEmpty_ternary,com.legend.protocol,com/legend/protocol/Protocol.java,1365,qualifiedName,False,,,,,"return pkg.isEmpty() ? name : pkg + ""::"" + name;"
op,isEmpty_ternary,com.legend.protocol,com/legend/protocol/Protocol.java,1481,qualifiedName,False,,,,,"return pkg.isEmpty() ? name : pkg + ""::"" + name;"
op,isEmpty_ternary,com.legend.protocol,com/legend/protocol/Protocol.java,1555,qualifiedName,False,,,,,"return pkg.isEmpty() ? name : pkg + ""::"" + name;"
throw,INTERNAL_JDK:IllegalArgumentException,com.legend.protocol,com/legend/protocol/Protocol.java,1585,qualifiedName,False,,,INTERNAL_JDK,,throw new IllegalArgumentException(
op,isEmpty_ternary,com.legend.protocol,com/legend/protocol/Protocol.java,1591,qualifiedName,False,,,,,"return pkg.isEmpty() ? name : pkg + ""::"" + name;"
op,isEmpty_ternary,com.legend.protocol,com/legend/protocol/Protocol.java,1602,qualifiedName,False,,,,,"return pkg.isEmpty() ? name : pkg + ""::"" + name;"
comment,default,com.legend.protocol,com/legend/protocol/Protocol.java,1606,,False,,,javadoc,,"/** One {@code generationNodes:} entry — id defaults to the element path * text when not spelled (ZTailProbe ""genspec""). */"
op,isEmpty_ternary,com.legend.protocol,com/legend/protocol/Protocol.java,1620,qualifiedName,False,,,,,"return pkg.isEmpty() ? name : pkg + ""::"" + name;"
op,isEmpty_ternary,com.legend.protocol,com/legend/protocol/Protocol.java,1653,qualifiedName,True,,,,,"return pkg.isEmpty() ? name : pkg + ""::"" + name;"
op,isEmpty_ternary,com.legend.protocol,com/legend/protocol/Protocol.java,1674,qualifiedName,True,,,,,"return pkg.isEmpty() ? name : pkg + ""::"" + name;"
op,isEmpty_ternary,com.legend.protocol,com/legend/protocol/Protocol.java,1696,qualifiedName,True,,,,,"return pkg.isEmpty() ? name : pkg + ""::"" + name;"
op,isEmpty_ternary,com.legend.protocol,com/legend/protocol/Protocol.java,1727,qualifiedName,True,,,,,"return pkg.isEmpty() ? name : pkg + ""::"" + name;"
op,isEmpty_ternary,com.legend.protocol,com/legend/protocol/Protocol.java,1757,qualifiedName,False,,,,,"return pkg.isEmpty() ? name : pkg + ""::"" + name;"
op,isEmpty_ternary,com.legend.protocol,com/legend/protocol/Protocol.java,1779,qualifiedName,False,,,,,"return pkg.isEmpty() ? name : pkg + ""::"" + name;"
op,isEmpty_ternary,com.legend.protocol,com/legend/protocol/Protocol.java,1796,qualifiedName,False,,,,,"return pkg.isEmpty() ? name : pkg + ""::"" + name;"
op,isEmpty_ternary,com.legend.protocol,com/legend/protocol/Protocol.java,1826,qualifiedName,False,,,,,"return pkg.isEmpty() ? name : pkg + ""::"" + name;"
op,isEmpty_ternary,com.legend.protocol,com/legend/protocol/Protocol.java,1841,qualifiedName,False,,,,,"return pkg.isEmpty() ? name : pkg + ""::"" + name;"
op,isEmpty_ternary,com.legend.protocol,com/legend/protocol/Protocol.java,1902,qualifiedName,False,,,,,"return pkg.isEmpty() ? name : pkg + ""::"" + name;"
op,isEmpty_ternary,com.legend.protocol,com/legend/protocol/Protocol.java,1921,qualifiedName,False,,,,,"return pkg.isEmpty() ? name : pkg + ""::"" + name;"
op,isEmpty_ternary,com.legend.protocol,com/legend/protocol/Protocol.java,2450,qualifiedName,True,,,,,"return pkg.isEmpty() ? name : pkg + ""::"" + name;"
comment,default,com.legend.protocol,com/legend/protocol/Protocol.java,2462,,False,,,javadoc,,"/** * One {@code functionTestSuite} (legend-testable trailing block). A {@code null} id is * the UNNAMED brace form — the wire spells it {@code ""default""} and its span covers * the whole block; a named suite ({@code name ( ... )}) spans nam"
comment,default,com.legend.protocol,com/legend/protocol/Protocol.java,2585,,False,,,javadoc,,"/** The test's single assertion, id always {@code ""default""} on the wire. */"
op,isEmpty_ternary,com.legend.protocol,com/legend/protocol/Protocol.java,2644,qualifiedName,True,,,,,"return pkg.isEmpty() ? name : pkg + ""::"" + name;"
op,isEmpty_ternary,com.legend.protocol,com/legend/protocol/Protocol.java,2659,mangledName,False,,,,,"m.append(parameters.isEmpty() ? ""_"" : ""__"")"
op,default_arrow,com.legend.protocol,com/legend/protocol/Protocol.java,2669,mangleType,True,,,,,default -> throw new UnsupportedOperationException(
throw,INTERNAL_JDK:UnsupportedOperationException,com.legend.protocol,com/legend/protocol/Protocol.java,2669,mangleType,True,,,INTERNAL_JDK,,default -> throw new UnsupportedOperationException(
throw,INTERNAL_JDK:UnsupportedOperationException,com.legend.protocol,com/legend/protocol/Protocol.java,2678,mangleMult,True,,,INTERNAL_JDK,,"throw new UnsupportedOperationException(""no mangle rule for a multiplicity parameter"");"
op,isEmpty_ternary,com.legend.protocol,com/legend/protocol/Protocol.java,2707,qualifiedName,False,,,,,"return pkg.isEmpty() ? name : pkg + ""::"" + name;"
op,isEmpty_ternary,com.legend.protocol,com/legend/protocol/Protocol.java,2722,qualifiedName,False,,,,,"return pkg.isEmpty() ? name : pkg + ""::"" + name;"
op,isEmpty_ternary,com.legend.protocol,com/legend/protocol/Protocol.java,2747,qualifiedName,False,,,,,"return pkg.isEmpty() ? name : pkg + ""::"" + name;"
op,isEmpty_ternary,com.legend.protocol,com/legend/protocol/Protocol.java,2794,qualifiedName,True,,,,,"return pkg.isEmpty() ? name : pkg + ""::"" + name;"
comment,default,com.legend.protocol,com/legend/protocol/Protocol.java,2805,,False,,,javadoc,,"/** One sectionIndex entry (ZPmcdProbe): {@code _type:""importAware""} * for import-supporting parsers (imports emitted), {@code ""default""} * otherwise (NO imports key). Spans are the engine's BUFFER * coordinates over {@code ""\n###Pure\n"" + "
comment,default,com.legend.protocol,com/legend/protocol/Protocol.java,2858,,False,,,javadoc,,"/** * A property's default value: {@code {""sourceInformation"":…,""value"":…}} on the wire, no * {@code _type}. The outer span covers the whole default expression. * * <p>{@code value} is {@code null} when the parser accepted the default expre"
comment,assume,com.legend.protocol,com/legend/protocol/Protocol.java,2886,,False,,,javadoc,,"/** * The wire's {@code TagPtr}. Same four fields as {@link PStereotype} — but note the * <b>asymmetry</b>: a tag's {@code sourceInformation} covers only the tag NAME, where a * stereotype's covers the whole {@code profile.name}. Verified a"
comment,default,com.legend.protocol,com/legend/protocol/ProtocolEmitter.java,16,,False,,,javadoc,,/** * The ONLY upstream-shaped code in legend-lite. * * <p>Emits {@link Protocol} records as the exact bytes legend-engine's * {@code ObjectMapperFactory.getNewStandardObjectMapperWithPureProtocolExtensionSupports()} * produces. Every rule 
comment,default,com.legend.protocol,com/legend/protocol/ProtocolEmitter.java,67,,False,,,javadoc,,/** Exhaustive over {@link Element}. No {@code default} arm — a new variant must land here. */
comment,default,com.legend.protocol,com/legend/protocol/ProtocolEmitter.java,1040,,False,,,javadoc,,"/** * The FUNCTION-ACTIVATOR family wire (ZTailProbe ""activatorShapes"" / * ""activatorShapes2""): one alphabetical slot sequence covers * snowflakeApp / snowflakeM2MUdf / memSqlFunction / bigQueryFunction / * hostedService / functionJar; host"
comment,default,com.legend.protocol,com/legend/protocol/ProtocolEmitter.java,1050,,False,,,line,,"// NAMELESS element, port defaults 0 (probe t2-hostedservice)"
op,default_arrow,com.legend.protocol,com/legend/protocol/ProtocolEmitter.java,1077,functionActivator,False,,,,,default -> throw new IllegalStateException(
throw,INTERNAL_JDK:IllegalStateException,com.legend.protocol,com/legend/protocol/ProtocolEmitter.java,1077,functionActivator,False,,,INTERNAL_JDK,,default -> throw new IllegalStateException(
op,default_arrow,com.legend.protocol,com/legend/protocol/ProtocolEmitter.java,1094,functionActivator,False,,,,,default -> throw new UnsupportedOperationException(
throw,INTERNAL_JDK:UnsupportedOperationException,com.legend.protocol,com/legend/protocol/ProtocolEmitter.java,1094,functionActivator,False,,,INTERNAL_JDK,,default -> throw new UnsupportedOperationException(
op,notnull_ternary,com.legend.protocol,com/legend/protocol/ProtocolEmitter.java,1183,gqlIsland,False,,,,,"srcInfo(b, requirePos(spanOverride != null ? spanOverride : gi.pos(),"
op,notnull_ternary,com.legend.protocol,com/legend/protocol/ProtocolEmitter.java,1194,sqlIsland,False,,,,,"srcInfo(b, span != null ? span"
op,notnull_ternary,com.legend.protocol,com/legend/protocol/ProtocolEmitter.java,1208,tdsLiteral,False,,,,,"srcInfo(b, span != null ? span"
comment,default,com.legend.protocol,com/legend/protocol/ProtocolEmitter.java,1277,,False,,,javadoc,,"/** * One {@code functionTestSuite} (probes ""fn tests wire"", ""fn tests named suite""): * unnamed blocks serialize as id {@code ""default""}; each test's single assertion is an * {@code equalTo} with id {@code ""default""} spanning the expected v"
op,notnull_ternary,com.legend.protocol,com/legend/protocol/ProtocolEmitter.java,1285,testSuite,False,,,,,"str(b, s.id() != null ? s.id() : ""default"");"
comment,default,com.legend.protocol,com/legend/protocol/ProtocolEmitter.java,1350,,False,,,javadoc,,"/** The three assertion spellings (probes ""fn tests wire"", ""pf fmt expected and * data"", ""pf relation expected""); assertion id is always {@code ""default""}. */"
op,notnull_ternary,com.legend.protocol,com/legend/protocol/ProtocolEmitter.java,1395,testPayload,False,,,,,"str(b, r.refType() != null ? r.refType() : ""DATA"");"
op,default_arrow,com.legend.protocol,com/legend/protocol/ProtocolEmitter.java,1648,superType,False,,,,,default -> throw new UnsupportedOperationException(
throw,INTERNAL_JDK:UnsupportedOperationException,com.legend.protocol,com/legend/protocol/ProtocolEmitter.java,1648,superType,False,,,INTERNAL_JDK,,default -> throw new UnsupportedOperationException(
comment,default,com.legend.protocol,com/legend/protocol/ProtocolEmitter.java,1670,,False,,,line,,// default expression; the value node carries its own (identical for literals).
throw,INTERNAL_JDK:UnsupportedOperationException,com.legend.protocol,com/legend/protocol/ProtocolEmitter.java,1675,property,False,,,INTERNAL_JDK,,throw new UnsupportedOperationException(
op,default_arrow,com.legend.protocol,com/legend/protocol/ProtocolEmitter.java,1789,genericType,True,,,,,default -> throw new UnsupportedOperationException(
throw,INTERNAL_JDK:UnsupportedOperationException,com.legend.protocol,com/legend/protocol/ProtocolEmitter.java,1789,genericType,True,,,INTERNAL_JDK,,default -> throw new UnsupportedOperationException(
throw,INTERNAL_JDK:UnsupportedOperationException,com.legend.protocol,com/legend/protocol/ProtocolEmitter.java,1801,genericTypeOf,False,,,INTERNAL_JDK,,throw new UnsupportedOperationException(
comment,default,com.legend.protocol,com/legend/protocol/ProtocolEmitter.java,1806,,False,,,line,,"// type""): a bare 'Result' defaults to <meta::pure::metamodel::type::Any|1> — the"
throw,INTERNAL_JDK:UnsupportedOperationException,com.legend.protocol,com/legend/protocol/ProtocolEmitter.java,1864,constraint,False,,,INTERNAL_JDK,,throw new UnsupportedOperationException(
comment,default,com.legend.protocol,com/legend/protocol/ProtocolEmitter.java,1970,,False,,,javadoc,,/** * The wire's value-specification encoding — the seed of the full emitter * (PARSER_DROP_IN_STATUS.md §4.1 item 2). Literals only so far; every other node * walls by name. The {@code default} arm THROWS — it exists because coverage is * 
throw,INTERNAL_JDK:UnsupportedOperationException,com.legend.protocol,com/legend/protocol/ProtocolEmitter.java,2132,valueSpec,True,,,INTERNAL_JDK,,throw new UnsupportedOperationException(
throw,INTERNAL_JDK:UnsupportedOperationException,com.legend.protocol,com/legend/protocol/ProtocolEmitter.java,2177,valueSpec,False,,,INTERNAL_JDK,,throw new UnsupportedOperationException(
op,default_arrow,com.legend.protocol,com/legend/protocol/ProtocolEmitter.java,2190,valueSpec,False,,,,,default -> throw new UnsupportedOperationException(
throw,INTERNAL_JDK:UnsupportedOperationException,com.legend.protocol,com/legend/protocol/ProtocolEmitter.java,2190,valueSpec,False,,,INTERNAL_JDK,,default -> throw new UnsupportedOperationException(
comment,default,com.legend.protocol,com/legend/protocol/ProtocolEmitter.java,2237,,False,,,line,,"// the engine wire — sourceInformation is omitted, not defaulted"
op,default_arrow,com.legend.protocol,com/legend/protocol/ProtocolEmitter.java,2310,valueSpecWithSpan,False,,,,,default -> throw new UnsupportedOperationException(
throw,INTERNAL_JDK:UnsupportedOperationException,com.legend.protocol,com/legend/protocol/ProtocolEmitter.java,2310,valueSpecWithSpan,False,,,INTERNAL_JDK,,default -> throw new UnsupportedOperationException(
throw,INTERNAL_JDK:UnsupportedOperationException,com.legend.protocol,com/legend/protocol/ProtocolEmitter.java,2367,realizationBody,False,,,INTERNAL_JDK,,throw new UnsupportedOperationException(
op,notnull_ternary,com.legend.protocol,com/legend/protocol/ProtocolEmitter.java,2407,appliedFunction,False,,,,,"srcInfo(b, topSpanOverride != null ? topSpanOverride"
op,notnull_ternary,com.legend.protocol,com/legend/protocol/ProtocolEmitter.java,2460,appliedFunction,False,,,,,SourceInfo span = topSpanOverride != null ? topSpanOverride
op,notnull_ternary,com.legend.protocol,com/legend/protocol/ProtocolEmitter.java,2481,appliedFunction,False,,,,,SourceInfo span = topSpanOverride != null ? topSpanOverride
op,notnull_ternary,com.legend.protocol,com/legend/protocol/ProtocolEmitter.java,2513,appliedFunction,False,,,,,"srcInfo(b, topSpanOverride != null ? topSpanOverride"
op,notnull_ternary,com.legend.protocol,com/legend/protocol/ProtocolEmitter.java,2670,pathLiteral,False,,,,,"srcInfo(b, outerOverride != null ? outerOverride : outer);"
op,notnull_ternary,com.legend.protocol,com/legend/protocol/ProtocolEmitter.java,2801,graphFetch,False,,,,,"srcInfo(b, outerSpan != null ? outerSpan : pos);"
op,default_arrow,com.legend.protocol,com/legend/protocol/ProtocolEmitter.java,2915,gftParam,False,,,,,default -> throw new UnsupportedOperationException(
throw,INTERNAL_JDK:UnsupportedOperationException,com.legend.protocol,com/legend/protocol/ProtocolEmitter.java,2915,gftParam,False,,,INTERNAL_JDK,,default -> throw new UnsupportedOperationException(
throw,INTERNAL_JDK:UnsupportedOperationException,com.legend.protocol,com/legend/protocol/ProtocolEmitter.java,2924,quotedWritten,False,,,INTERNAL_JDK,,throw new UnsupportedOperationException(
throw,INTERNAL_JDK:UnsupportedOperationException,com.legend.protocol,com/legend/protocol/ProtocolEmitter.java,2947,caretSpecial,False,,,INTERNAL_JDK,,throw new UnsupportedOperationException(
catch,RETHROW,com.legend.protocol,com/legend/protocol/ProtocolEmitter.java,3051,parseMultArg,True,,,NumberFormatException named,,"{ throw new UnsupportedOperationException( ""ProtocolEmitter has no rule for a multiplicity PARAMETER '"" + text + ""' in generic "" + where + "" — add the emit rule.""); }"
throw,INTERNAL_JDK:UnsupportedOperationException,com.legend.protocol,com/legend/protocol/ProtocolEmitter.java,3052,parseMultArg,True,,,INTERNAL_JDK,,throw new UnsupportedOperationException(
op,default_arrow,com.legend.protocol,com/legend/protocol/ProtocolEmitter.java,3127,dataLeaf,False,,,,,"default -> valueSpec(b, foldNegation(v));"
op,default_arrow,com.legend.protocol,com/legend/protocol/ProtocolEmitter.java,3164,foldNegation,False,,,,,default -> null;
op,null_ternary,com.legend.protocol,com/legend/protocol/ProtocolEmitter.java,3181,foldNegation,False,,,,,"c.written() == null ? null : ""-"" + c.written(), span);"
op,default_arrow,com.legend.protocol,com/legend/protocol/ProtocolEmitter.java,3182,foldNegation,False,,,,,default -> v;
op,instanceof_else_default,com.legend.protocol,com/legend/protocol/ProtocolEmitter.java,3225,dataInstance,False,,,,,kv instanceof com.legend.protocol.spec.PureCollection kc
throw,INTERNAL_JDK:UnsupportedOperationException,com.legend.protocol,com/legend/protocol/ProtocolEmitter.java,3236,requirePos,False,,,INTERNAL_JDK,,throw new UnsupportedOperationException(
throw,INTERNAL_JDK:UnsupportedOperationException,com.legend.protocol,com/legend/protocol/ProtocolEmitter.java,3247,literal,False,,,INTERNAL_JDK,,throw new UnsupportedOperationException(
throw,INTERNAL_JDK:UnsupportedOperationException,com.legend.protocol,com/legend/protocol/ProtocolEmitter.java,3258,multiplicity,True,,,INTERNAL_JDK,,throw new UnsupportedOperationException(
throw,INTERNAL_JDK:UnsupportedOperationException,com.legend.protocol,com/legend/protocol/ProtocolEmitter.java,3334,require,False,,,INTERNAL_JDK,,throw new UnsupportedOperationException(
comment,default,com.legend.protocol,com/legend/protocol/ProtocolEmitter.java,3340,,False,,,javadoc,,"/** RFC-8259 string escaping, matching Jackson's default output — * the ONE table ({@link Escapes#jsonEscape}, F3.1c), UPPERCASE hex * (the byte-parity goldens pin Jackson's case). */"
catch,RETHROW,com.legend.protocol,com/legend/protocol/ProtocolEmitter.java,3347,str,False,,,java.io.IOException e,,{ // StringBuilder never throws throw new java.io.UncheckedIOException(e); }
throw,INTERNAL_JDK:UncheckedIOException,com.legend.protocol,com/legend/protocol/ProtocolEmitter.java,3349,str,False,,,INTERNAL_JDK,,throw new java.io.UncheckedIOException(e);
op,null_ternary,com.legend.protocol,com/legend/protocol/Realization.java,55,hashCode,False,,,,,body = body == null ? List.of() : List.copyOf(body);
comment,default,com.legend.protocol,com/legend/protocol/TailEmitter.java,301,,True,,,line,,// engine ArrayType default (C12 byte pin TestMongoDBCompiler)
comment,default,com.legend.protocol,com/legend/protocol/TailEmitter.java,332,,False,,,line,,// engine ArrayType default (C12 byte pin)
throw,INTERNAL_JDK:IllegalStateException,com.legend.protocol,com/legend/protocol/TailEmitter.java,497,ssService,False,,,INTERNAL_JDK,,"throw new IllegalStateException(""non-empty ServiceStore security"""
op,default_arrow,com.legend.protocol,com/legend/protocol/TailEmitter.java,783,dataSpaceContext,False,,,,,default -> throw new IllegalStateException(
throw,INTERNAL_JDK:IllegalStateException,com.legend.protocol,com/legend/protocol/TailEmitter.java,783,dataSpaceContext,False,,,INTERNAL_JDK,,default -> throw new IllegalStateException(
throw,INTERNAL_JDK:IllegalStateException,com.legend.protocol,com/legend/protocol/TailEmitter.java,1050,persistenceType,False,,,INTERNAL_JDK,,"throw new IllegalStateException(""unprobed persistence node: """
comment,default,com.legend.protocol,com/legend/protocol/TailEmitter.java,1193,,False,,,line,,// flatTarget and each MultiFlat part inject defaults (probed)
op,default_arrow,com.legend.protocol,com/legend/protocol/TailEmitter.java,1348,wireKey,False,,,,,default -> wireKey(e);
comment,default,com.legend.protocol,com/legend/protocol/TailEmitter.java,1414,,False,,,line,,"// platform is ALWAYS on the wire — {_type:""default""} when unspelled"
comment,default,com.legend.protocol,com/legend/protocol/TailEmitter.java,1419,,False,,,line,,// BARE kind: `platform: Default;` — _type is the kind
comment,default,com.legend.protocol,com/legend/protocol/TailEmitter.java,1420,,False,,,line,,"// lowercased-first, WITH the key..';' span (a SPELLED default"
op,default_arrow,com.legend.protocol,com/legend/protocol/TailEmitter.java,1535,persistenceTestBatches,False,,,,,default -> throw new UnsupportedOperationException(
throw,INTERNAL_JDK:UnsupportedOperationException,com.legend.protocol,com/legend/protocol/TailEmitter.java,1535,persistenceTestBatches,False,,,INTERNAL_JDK,,default -> throw new UnsupportedOperationException(
throw,INTERNAL_JDK:IllegalStateException,com.legend.protocol,com/legend/protocol/TailEmitter.java,1590,service,False,,,INTERNAL_JDK,,"throw new IllegalStateException(""unprobed service ownership"""
op,notnull_ternary,com.legend.protocol,com/legend/protocol/TailEmitter.java,1841,serviceTestSuite,False,,,,,b.append(rd.data() != null
op,default_arrow,com.legend.protocol,com/legend/protocol/TailEmitter.java,2137,dqContext,False,,,,,default -> throw new IllegalStateException(
throw,INTERNAL_JDK:IllegalStateException,com.legend.protocol,com/legend/protocol/TailEmitter.java,2137,dqContext,False,,,INTERNAL_JDK,,default -> throw new IllegalStateException(
throw,INTERNAL_JDK:IllegalStateException,com.legend.protocol,com/legend/protocol/TailEmitter.java,2283,strategyWire,False,,,INTERNAL_JDK,,throw new IllegalStateException(
comment,fallback,com.legend.protocol,com/legend/protocol/TypeExpression.java,6,,False,,,javadoc,,/** * Structured representation of a Pure type expression. Replaces the * pre-flip {@code String type} fields throughout the parser AST so that * {@link com.legend.parser.NameResolver} (when added) can rewrite simple * names to FQNs by a si
comment,default,com.legend.protocol,com/legend/protocol/TypeExpression.java,201,,True,,,javadoc,,"/** A column in a {@link RelationType}: name + type + multiplicity. * Multiplicity is never null &mdash; engine defaults to * {@code [1]} when the source does not declare one, and we match. * The {@code name} slot accepts {@code ""?""} for wi"
comment,fallback,com.legend.protocol.spec,com/legend/protocol/spec/AppliedFunction.java,6,,False,,,javadoc,,"/** * Generic function application &mdash; THE workhorse AST node. * * <p>In Pure, {@code $x->foo(y)} is sugar for {@code foo($x, y)}: the * arrow form prepends the receiver as the first parameter. After * parsing, both source forms produce"
op,null_ternary,com.legend.protocol.spec,com/legend/protocol/spec/AppliedFunction.java,78,,False,,,,,candidateFqns = candidateFqns == null ? List.of()
throw,INTERNAL_JDK:NullPointerException,com.legend.protocol.spec,com/legend/protocol/spec/CTime.java,23,,False,,,INTERNAL_JDK,,"throw new NullPointerException(""a CTime needs a value or its written form"");"
throw,INTERNAL_JDK:IllegalStateException,com.legend.protocol.spec,com/legend/protocol/spec/CTime.java,37,requireValue,False,,,INTERNAL_JDK,,throw new IllegalStateException(
op,null_ternary,com.legend.protocol.spec,com/legend/protocol/spec/CTime.java,53,hashCode,False,,,,,"return Objects.hash(value, value == null ? written : null);"
op,null_ternary,com.legend.protocol.spec,com/legend/protocol/spec/ColSpec.java,118,hashCode,False,,,,,args = args == null ? List.of() : List.copyOf(args);
op,null_ternary,com.legend.protocol.spec,com/legend/protocol/spec/ColSpec.java,119,hashCode,False,,,,,stereotypes = stereotypes == null ? List.of() : List.copyOf(stereotypes);
op,null_ternary,com.legend.protocol.spec,com/legend/protocol/spec/ColSpec.java,120,hashCode,False,,,,,taggedValues = taggedValues == null ? List.of() : List.copyOf(taggedValues);
op,null_ternary,com.legend.protocol.spec,com/legend/protocol/spec/ColSpec.java,130,ColSpec,False,,,,,"args == null ? List.of() : args,"
comment,default,com.legend.protocol.spec,com/legend/protocol/spec/Gql.java,116,,True,,,javadoc,,/** One SDL input value ({@code name: Type = default @dirs}). */
comment,default,com.legend.protocol.spec,com/legend/protocol/spec/Gql.java,212,,True,,,javadoc,,/** {@code $name: Type = default} — the wire keeps the {@code $} in * the definition's name (uses drop it). */
comment,default,com.legend.protocol.spec,com/legend/protocol/spec/KeyExpression.java,52,,False,,,line,,// NO short overloads: a defaulted isLocal silently demoted a
comment,assume,com.legend.protocol.spec,com/legend/protocol/spec/NewInstance.java,8,,False,,,javadoc,,"/** * Payload describing the structured contents of a {@code ^Class(...)} * struct-literal expression. The Pure {@code ^} surface syntax is * desugared at parse time to a function call * {@code AppliedFunction(""new"", [PackageableElementPtr("
op,null_ternary,com.legend.protocol.spec,com/legend/protocol/spec/NewInstance.java,115,NewInstance,False,,,,,typeMultiplicityArguments = typeMultiplicityArguments == null ? List.of()
comment,default,com.legend.protocol.spec,com/legend/protocol/spec/NewInstanceCast.java,8,,True,,,javadoc,,/** * Positional-cast form of the {@code ^Class(...)} constructor: * {@code ^Class($srcExpr)} &mdash; feeds {@code $srcExpr} through * Class's active mapping to produce a Class instance. Distinct from * {@link NewInstance} (named-args expli
comment,default,com.legend.protocol.spec,com/legend/protocol/spec/ValueSpecification.java,73,,False,,,javadoc,,"/** * The DIRECT {@link ValueSpecification} children, in rebuild order — * the ONE structural-recursion contract every spec walker shares. * Both switches are EXHAUSTIVE with no default arm: a new variant * fails compilation HERE until it d"
op,null_ternary,com.legend.protocol.spec,com/legend/protocol/spec/ValueSpecification.java,189,,False,,,,,LambdaFunction f1 = old.function1() == null ? null
op,null_ternary,com.legend.protocol.spec,com/legend/protocol/spec/ValueSpecification.java,191,,False,,,,,LambdaFunction f2 = old.function2() == null ? null
comment,default,com.legend.protocol.spec,com/legend/protocol/spec/ValueSpecification.java,200,,False,,,javadoc,,"/** * Identity-preserving one-level rewrite: {@code f} over each direct * child, reassembled through {@link #withChildren} only when a child * actually changed. Walkers recurse by calling this from their own * default arm — a variant they d"
op,default_arrow,com.legend.resolver,com/legend/resolver/Anchors.java,113,objectSpine,True,,,,,default -> false;
catch,FALLBACK_RETURN,com.legend.resolver,com/legend/resolver/AsorRef.java,97,Ref,False,,,IllegalArgumentException | IndexOutOfBoundsException e,,{ // bad base64 / bad length digits / short segment — not a // reference: the caller's wall owns it return null; }
op,orElse,com.legend.resolver,com/legend/resolver/AssociationJoins.java,56,,True,,,,,.findFirst().orElse(null);
throw,INTERNAL_CUSTOM:NotImplementedException,com.legend.resolver,com/legend/resolver/AssociationJoins.java,144,,True,,,INTERNAL_CUSTOM,,"throw new NotImplementedException(""aggregate over embedded"""
op,null_ternary,com.legend.resolver,com/legend/resolver/AssociationJoins.java,199,,True,,,,,String al = hb == null ? null
op,isEmpty_ternary,com.legend.resolver,com/legend/resolver/AssociationJoins.java,207,,False,,,,,Pipelines.Materialized tMat = tNavDemand.isEmpty()
standin,Type.Primitive.*,com.legend.resolver,com/legend/resolver/AssociationJoins.java,410,rebaseWalk,True,,,plain,,var boolT = ExprType.one(Type.Primitive.BOOLEAN);
catch,RETHROW,com.legend.resolver,com/legend/resolver/AssociationJoins.java,533,widenForConditionKeys,True,,,NotImplementedException e,,"{ throw new NotImplementedException(e.getMessage() + "" [association head '"" + head + ""' on "" + cs.classFqn() + ""]""); }"
throw,INTERNAL_CUSTOM:NotImplementedException,com.legend.resolver,com/legend/resolver/AssociationJoins.java,534,widenForConditionKeys,True,,,INTERNAL_CUSTOM,,throw new NotImplementedException(e.getMessage()
throw,INTERNAL_CUSTOM:NotImplementedException,com.legend.resolver,com/legend/resolver/AssociationJoins.java,583,chainedUnionHopInner,True,,,INTERNAL_CUSTOM,,"throw new NotImplementedException(""chained association hop '"""
throw,INTERNAL_CUSTOM:NotImplementedException,com.legend.resolver,com/legend/resolver/AssociationJoins.java,595,chainedUnionHopInner,True,,,INTERNAL_CUSTOM,,"throw new NotImplementedException(""chained association hop '"""
standin,Type.Primitive.*,com.legend.resolver,com/legend/resolver/AssociationJoins.java,630,chainedUnionHopInner,True,,,plain,,"var boolT = new ExprType(Type.Primitive.BOOLEAN,"
op,null_ternary,com.legend.resolver,com/legend/resolver/AssociationJoins.java,641,chainedUnionHopInner,True,,,,,"grp = grp == null ? e : boolCall(""and"", e, grp, boolT);"
op,null_ternary,com.legend.resolver,com/legend/resolver/AssociationJoins.java,644,chainedUnionHopInner,True,,,,,"or = or == null ? grpNN : boolCall(""or"", grpNN, or, boolT);"
throw,INTERNAL_JDK:IllegalStateException,com.legend.resolver,com/legend/resolver/AssociationJoins.java,654,boolCall,True,,,INTERNAL_JDK,,throw new IllegalStateException(
op,orElseThrow,com.legend.resolver,com/legend/resolver/AssociationJoins.java,684,suffixRead,True,,,,,.filter(x -> x.name().equals(name)).findFirst().orElseThrow();
op,notnull_ternary,com.legend.resolver,com/legend/resolver/AssociationJoins.java,725,withOuterDatedWindow,True,,,,,return bi != null ? bi : cond;
op,orElse,com.legend.resolver,com/legend/resolver/AssociationJoins.java,930,associationBindingInClosure,True,,,,,.orElse(false);
op,orElse,com.legend.resolver,com/legend/resolver/AssociationJoins.java,941,associationBindingInClosure,True,,,,,"var pr = ctx.findProperty(clsFqn, real).orElse(null);"
op,orElse,com.legend.resolver,com/legend/resolver/AssociationJoins.java,948,associationBindingInClosure,True,,,,,.orElse(null);
op,orElseThrow,com.legend.resolver,com/legend/resolver/AssociationJoins.java,974,associationBindingInClosure,True,,,,,"var assoc = ctx.findAssociationOf(cs.classFqn(), real).orElseThrow(() ->"
throw,INTERNAL_CUSTOM:NotImplementedException,com.legend.resolver,com/legend/resolver/AssociationJoins.java,987,associationBindingInClosure,False,,,INTERNAL_CUSTOM,,"throw new NotImplementedException(""navigation of association end '$"""
op,notnull_ternary,com.legend.resolver,com/legend/resolver/AssociationJoins.java,996,associationBindingInClosure,False,,,,,ClassSource target = pm.targetSetId() != null
op,null_ternary,com.legend.resolver,com/legend/resolver/AssociationJoins.java,1021,associationBindingInClosure,True,,,,,String al3 = b3 == null ? null
op,isEmpty_ternary,com.legend.resolver,com/legend/resolver/AssociationJoins.java,1043,associationBindingInClosure,False,,,,,Pipelines.Materialized tMat0 = tNavDemand3.isEmpty()
op,orElseThrow,com.legend.resolver,com/legend/resolver/AssociationJoins.java,1178,predicateMaterial,False,,,,,".orElseThrow(() -> new MappingResolutionException(""association '"""
comment,fallback,com.legend.resolver,com/legend/resolver/AssociationJoins.java,1182,,False,,,line,,// (the assoc fallback) — surface the recorded reason
op,orElse,com.legend.resolver,com/legend/resolver/AssociationJoins.java,1187,predicateMaterial,False,,,,,".map(r -> "" ("" + r + "")"").orElse(""""),"
throw,INTERNAL_JDK:IllegalStateException,com.legend.resolver,com/legend/resolver/AssociationJoins.java,1191,predicateMaterial,True,,,INTERNAL_JDK,,"throw new IllegalStateException(""resolver bug: association predicate '"""
throw,INTERNAL_JDK:IllegalStateException,com.legend.resolver,com/legend/resolver/AssociationJoins.java,1200,predicateMaterial,True,,,INTERNAL_JDK,,"throw new IllegalStateException(""resolver bug: association predicate body"""
throw,INTERNAL_JDK:IllegalStateException,com.legend.resolver,com/legend/resolver/AssociationJoins.java,1222,predicateMaterial,False,,,INTERNAL_JDK,,"throw new IllegalStateException(""resolver bug: association predicate '"""
standin,Type.Primitive.*,com.legend.resolver,com/legend/resolver/AssociationJoins.java,1307,propertyCondToColumns,True,,,plain,,"new Type.Param(Type.Primitive.BOOLEAN, one));"
throw,INTERNAL_JDK:IllegalStateException,com.legend.resolver,com/legend/resolver/AssociationJoins.java,1319,inlineDerivedCondCalls,True,,,INTERNAL_JDK,,"throw new IllegalStateException(""resolver bug: derived-property"""
throw,INTERNAL_CUSTOM:NotImplementedException,com.legend.resolver,com/legend/resolver/AssociationJoins.java,1330,inlineDerivedCondCalls,False,,,INTERNAL_CUSTOM,,"throw new NotImplementedException(""derived property '"""
op,orElse,com.legend.resolver,com/legend/resolver/AssociationJoins.java,1435,parentNavSubquery,False,,,,,.orElse(null);
throw,INTERNAL_CUSTOM:NotImplementedException,com.legend.resolver,com/legend/resolver/AssociationJoins.java,1437,parentNavSubquery,False,,,INTERNAL_CUSTOM,,"throw new NotImplementedException(""XStore condition read '$"""
throw,INTERNAL_CUSTOM:NotImplementedException,com.legend.resolver,com/legend/resolver/AssociationJoins.java,1451,parentNavSubquery,True,,,INTERNAL_CUSTOM,,"throw new NotImplementedException(""XStore condition read '$"""
standin,Type.Primitive.*,com.legend.resolver,com/legend/resolver/AssociationJoins.java,1468,parentNavSubquery,True,,,plain,,"new Type.Param(Type.Primitive.BOOLEAN, one));"
throw,INTERNAL_JDK:IllegalStateException,com.legend.resolver,com/legend/resolver/AssociationJoins.java,1598,parentNavSubquery,True,,,INTERNAL_JDK,,"throw new IllegalStateException(""resolver bug: expected one 2-arg"""
op,instanceof_else_default,com.legend.resolver,com/legend/resolver/AssociationJoins.java,1646,parentNavSubquery,True,,,,,instanceof Type.ClassType pc
op,instanceof_else_default,com.legend.resolver,com/legend/resolver/AssociationJoins.java,1736,corrPredOnJoinedRowCore,True,,,,,Type.Param res = pred.info().type() instanceof Type.FunctionType pft
standin,Type.Primitive.*,com.legend.resolver,com/legend/resolver/AssociationJoins.java,1738,corrPredOnJoinedRowCore,True,,,ternary_else,,": new Type.Param(Type.Primitive.BOOLEAN,"
op,orElse,com.legend.resolver,com/legend/resolver/AssociationJoins.java,1766,corrPredOnJoinedRowCore,True,,,,,assoc.qualifiedName()).orElse(null);
op,null_ternary,com.legend.resolver,com/legend/resolver/AssociationJoins.java,1770,corrPredOnJoinedRowCore,True,,,,,TypedSpec lastE = cfE == null ? null
op,orElseThrow,com.legend.resolver,com/legend/resolver/AssociationJoins.java,1908,nestedCondRead,True,,,,,.orElseThrow(() -> new IllegalStateException(
throw,INTERNAL_JDK:IllegalStateException,com.legend.resolver,com/legend/resolver/AssociationJoins.java,1958,nestedCondRead,True,,,INTERNAL_JDK,,"throw new IllegalStateException(""resolver bug: expected one 2-arg"""
standin,Type.Primitive.*,com.legend.resolver,com/legend/resolver/AssociationJoins.java,1961,nestedCondRead,True,,,plain,,"var boolOne = new ExprType(Type.Primitive.BOOLEAN,"
op,orElseThrow,com.legend.resolver,com/legend/resolver/AssociationJoins.java,1969,nestedCondRead,True,,,,,.orElseThrow(() -> new IllegalStateException(
op,null_ternary,com.legend.resolver,com/legend/resolver/AssociationJoins.java,1986,nestedCondRead,True,,,,,acc = acc == null ? eq
standin,Type.Primitive.*,com.legend.resolver,com/legend/resolver/AssociationJoins.java,1999,nestedCondRead,True,,,plain,,"new Type.Param(Type.Primitive.BOOLEAN,"
op,notnull_ternary,com.legend.resolver,com/legend/resolver/AssociationJoins.java,2084,rowOr,True,,,,,return rt != null ? rt : fallback;
op,notnull_ternary,com.legend.resolver,com/legend/resolver/CastNav.java,31,CastNav,True,,,,,&& cs.sourceClass() != null ? nic.classFqn() : null;
throw,INTERNAL_CUSTOM:NotImplementedException,com.legend.resolver,com/legend/resolver/CastNav.java,51,leafSource,True,,,INTERNAL_CUSTOM,,"throw new NotImplementedException(""M2M cast navigation '"""
op,orElse,com.legend.resolver,com/legend/resolver/CastNav.java,68,leafSource,True,,,,,SyntheticHeads.realHead(path.get(i))).orElse(null);
standin,Type.Primitive.*,com.legend.resolver,com/legend/resolver/ChainedExists.java,186,ChainedExists,True,,,plain,,"new Type.Param(Type.Primitive.BOOLEAN, one)), one));"
standin,Type.Primitive.*,com.legend.resolver,com/legend/resolver/ChainedExists.java,203,ChainedExists,True,,,plain,,"new Type.Param(Type.Primitive.BOOLEAN, one)), one));"
op,null_ternary,com.legend.resolver,com/legend/resolver/ChainedExists.java,219,ChainedExists,True,,,,,return alias == null ? null : navSteps.get(alias);
comment,default,com.legend.resolver,com/legend/resolver/ClassSource.java,8,,False,,,javadoc,,"/** * The resolver's view of one (mapping, class) pair &mdash; the synthesized * mapping body split at its {@code map(row|^Class(...))} terminal: * * <pre> * tableReference -&gt; [joinslots] -&gt; [~filter] -&gt; [~groupBy/~distinct] = pipe"
throw,INTERNAL_CUSTOM:NotImplementedException,com.legend.resolver,com/legend/resolver/ClassSource.java,70,throwIfDeferred,False,,,INTERNAL_CUSTOM,,throw new com.legend.error.NotImplementedException(wall);
comment,fallback,com.legend.resolver,com/legend/resolver/ClassSource.java,74,,False,,,javadoc,,"/** No known upstream source class (relational sets, synthesized * unions) — consumers requiring source identity fall back to * structural checks (audit 24 F4). */"
comment,fallback,com.legend.resolver,com/legend/resolver/ClassSources.java,83,,False,,,javadoc,,/** Navigate-target resolution with the H5 SET-ID DISPATCH hint baked * in: the head's sole routed set (mapping-closure table) selects the * set-discriminated binding when present; class-level serves * otherwise (union targets always fall b
op,orElse,com.legend.resolver,com/legend/resolver/ClassSources.java,91,,True,,,,,"SyntheticHeads.realHead(head)).orElse(null),"
throw,INTERNAL_JDK:IllegalStateException,com.legend.resolver,com/legend/resolver/ClassSources.java,105,ClassSources,True,,,INTERNAL_JDK,,"throw new IllegalStateException(""resolver bug: synthesized"""
comment,fallback,com.legend.resolver,com/legend/resolver/ClassSources.java,131,,False,,,javadoc,,"/** {@code setId} non-null = H5 SET-ID DISPATCH: the navigate's route * names a specific set of a (possibly rootless) multi-set class — that * set's binding realizes the target; absent, the class-level lookup * serves (union targets: member"
op,null_ternary,com.legend.resolver,com/legend/resolver/ClassSources.java,145,get,False,,,,,"+ (setId == null ? """" : '\u0000' + setId);"
throw,INTERNAL_JDK:IllegalStateException,com.legend.resolver,com/legend/resolver/ClassSources.java,151,get,False,,,INTERNAL_JDK,,"throw new IllegalStateException(""resolver bug: class-source cycle """
op,orElseThrow,com.legend.resolver,com/legend/resolver/ClassSources.java,177,mixedUnionSource,True,,,,,var cls = ctx.findClass(classFqn).orElseThrow(() ->
throw,INTERNAL_CUSTOM:NotImplementedException,com.legend.resolver,com/legend/resolver/ClassSources.java,228,mixedUnionSource,True,,,INTERNAL_CUSTOM,,"throw new NotImplementedException(""mixed-kind union of '"""
op,null_ternary,com.legend.resolver,com/legend/resolver/ClassSources.java,250,mixedUnionSource,True,,,,,union = union == null ? arm
op,orElseThrow,com.legend.resolver,com/legend/resolver/ClassSources.java,274,mixedArmOrder,False,,,,,MappingDefinition mdef = ctx.findMapping(mappingFqn).orElseThrow();
op,orElse,com.legend.resolver,com/legend/resolver/ClassSources.java,328,mixedMemberRoutes,True,,,,,.orElse(null);
throw,INTERNAL_CUSTOM:NotImplementedException,com.legend.resolver,com/legend/resolver/ClassSources.java,370,frameOrdinalRead,True,,,INTERNAL_CUSTOM,,"throw new NotImplementedException(""mixed-union member set of '"""
throw,INTERNAL_CUSTOM:NotImplementedException,com.legend.resolver,com/legend/resolver/ClassSources.java,416,collectEqualPairs,True,,,INTERNAL_CUSTOM,,"throw new NotImplementedException(""mixed-union child route join"""
op,orElseThrow,com.legend.resolver,com/legend/resolver/ClassSources.java,478,stripMemberSuffix,False,,,,,.orElseThrow(() -> new NotImplementedException(
op,orElseThrow,com.legend.resolver,com/legend/resolver/ClassSources.java,483,stripMemberSuffix,True,,,,,var ccls = ctx.findClass(childClassFqn).orElseThrow();
throw,INTERNAL_CUSTOM:NotImplementedException,com.legend.resolver,com/legend/resolver/ClassSources.java,512,stripMemberSuffix,True,,,INTERNAL_CUSTOM,,"throw new NotImplementedException(""mixed-union child '"" + prop"
op,null_ternary,com.legend.resolver,com/legend/resolver/ClassSources.java,536,stripMemberSuffix,True,,,,,java.util.List<String> mixed = memberIds == null ? null
op,null_ternary,com.legend.resolver,com/legend/resolver/ClassSources.java,538,stripMemberSuffix,True,,,,,int tOrd = mixed == null ? -1
throw,INTERNAL_CUSTOM:NotImplementedException,com.legend.resolver,com/legend/resolver/ClassSources.java,552,stripMemberSuffix,True,,,INTERNAL_CUSTOM,,"throw new NotImplementedException(""mixed-union child arm"""
op,null_ternary,com.legend.resolver,com/legend/resolver/ClassSources.java,570,stripMemberSuffix,True,,,,,union = union == null ? armProj
op,orElseThrow,com.legend.resolver,com/legend/resolver/ClassSources.java,592,build,False,,,,,MappingDefinition mapping = ctx.findMapping(mappingFqn).orElseThrow(() ->
op,notnull_ternary,com.legend.resolver,com/legend/resolver/ClassSources.java,595,build,False,,,,,MappingDefinition.ClassBinding binding = setId != null
op,null_ternary,com.legend.resolver,com/legend/resolver/ClassSources.java,608,build,False,,,,,List<String> mixed = setId == null
throw,USER:MappingResolutionException,com.legend.resolver,com/legend/resolver/ClassSources.java,622,build,True,,,USER,,"throw new MappingResolutionException(""class '"" + classFqn"
op,orElse,com.legend.resolver,com/legend/resolver/ClassSources.java,625,build,True,,,,,".map(r -> "" ("" + r + "")"").orElse(""""), classFqn);"
throw,INTERNAL_JDK:IllegalStateException,com.legend.resolver,com/legend/resolver/ClassSources.java,630,build,True,,,INTERNAL_JDK,,"throw new IllegalStateException(""resolver bug: realizing function '"""
throw,INTERNAL_JDK:IllegalStateException,com.legend.resolver,com/legend/resolver/ClassSources.java,642,build,True,,,INTERNAL_JDK,,"throw new IllegalStateException(""resolver bug: mapping body terminal for '"""
throw,INTERNAL_JDK:IllegalStateException,com.legend.resolver,com/legend/resolver/ClassSources.java,651,build,True,,,INTERNAL_JDK,,"throw new IllegalStateException(""resolver bug: map terminal for '"""
throw,INTERNAL_JDK:IllegalStateException,com.legend.resolver,com/legend/resolver/ClassSources.java,670,build,True,,,INTERNAL_JDK,,"throw new IllegalStateException(""resolver bug: mapping pipeline for '"""
catch,SWALLOWED,com.legend.resolver,com/legend/resolver/ClassSources.java,722,build,True,,,RuntimeException notBuildable,,{ // a broken subclass mapping must not poison the PARENT // source — casts to it stay loud at their own read continue; }
throw,INTERNAL_CUSTOM:NotImplementedException,com.legend.resolver,com/legend/resolver/ClassSources.java,847,composeModelToModel,True,,,INTERNAL_CUSTOM,,"throw new NotImplementedException(""model-to-model pipeline of '"""
op,null_ternary,com.legend.resolver,com/legend/resolver/ClassSources.java,873,composeModelToModel,True,,,,,: upstreamMapping == null ? mappingFqn
standin,Type.Primitive.*,com.legend.resolver,com/legend/resolver/ClassSources.java,889,composeModelToModel,True,,,plain,,"new Type.Param(Type.Primitive.BOOLEAN,"
catch,SWALLOWED,com.legend.resolver,com/legend/resolver/ClassSources.java,910,composeModelToModel,True,,,NotImplementedException wall,,{ // PER-KEY deferral (ledger cluster 21): the wall throws at // READ time via ClassSource.throwIfDeferred — a query that // never demands this property composes cleanly (the H5b // eager loop sank whole class mappings for bindings no // qu
op,notnull_ternary,com.legend.resolver,com/legend/resolver/ClassSources.java,923,composeModelToModel,True,,,,,inner.sourceClass() != null ? inner.sourceClass()
comment,default,com.legend.resolver,com/legend/resolver/ClassSources.java,927,,False,,,javadoc,,"/** * β-substitute {@code $src.prop} reads with the upstream's bindings. * Closed vocabulary with a LOUD default — a node this rewriter does not * know is a normalizer contract change, never silent. */"
throw,INTERNAL_CUSTOM:NotImplementedException,com.legend.resolver,com/legend/resolver/ClassSources.java,962,substituteSourceReads,True,,,INTERNAL_CUSTOM,,"throw new NotImplementedException(""model-to-model binding of '"""
throw,INTERNAL_CUSTOM:NotImplementedException,com.legend.resolver,com/legend/resolver/ClassSources.java,983,substituteSourceReads,True,,,INTERNAL_CUSTOM,,"throw new NotImplementedException(""model-to-model binding of '"""
throw,INTERNAL_CUSTOM:NotImplementedException,com.legend.resolver,com/legend/resolver/ClassSources.java,1054,substituteSourceReads,False,,,INTERNAL_CUSTOM,,"throw new NotImplementedException(""model-to-model binding of '"""
op,default_arrow,com.legend.resolver,com/legend/resolver/ClassSources.java,1072,substituteSourceReads,True,,,,,default -> throw new NotImplementedException(
throw,INTERNAL_CUSTOM:NotImplementedException,com.legend.resolver,com/legend/resolver/ClassSources.java,1072,substituteSourceReads,True,,,INTERNAL_CUSTOM,,default -> throw new NotImplementedException(
op,orElse,com.legend.resolver,com/legend/resolver/ClassSources.java,1093,binds,False,,,,,.orElse(false);
op,orElseThrow,com.legend.resolver,com/legend/resolver/ClassSources.java,1107,bindsIn,False,,,,,MappingDefinition inner = ctx.findMapping(inc.mappingPath()).orElseThrow(() ->
throw,USER:MappingResolutionException,com.legend.resolver,com/legend/resolver/ClassSources.java,1216,sameRootTable,False,,,USER,,"throw new MappingResolutionException(""class '"" + classFqn"
op,orElseThrow,com.legend.resolver,com/legend/resolver/ClassSources.java,1238,sameRootTable,False,,,,,MappingDefinition inner = ctx.findMapping(inc.mappingPath()).orElseThrow(() ->
throw,USER:MappingResolutionException,com.legend.resolver,com/legend/resolver/ClassSources.java,1248,sameRootTable,False,,,USER,,"throw new MappingResolutionException(""class '"" + classFqn"
op,isEmpty_ternary,com.legend.resolver,com/legend/resolver/ClassSources.java,1252,sameRootTable,False,,,,,return included.isEmpty() ? null : included.get(0);
throw,USER:MappingResolutionException,com.legend.resolver,com/legend/resolver/ClassSources.java,1286,sameRootTable,False,,,USER,,"throw new MappingResolutionException(""class '"" + classFqn"
throw,USER:MappingResolutionException,com.legend.resolver,com/legend/resolver/ClassSources.java,1299,sameRootTable,False,,,USER,,"throw new MappingResolutionException(""self-sourced class '"""
op,orElseThrow,com.legend.resolver,com/legend/resolver/ClassSources.java,1305,sameRootTable,False,,,,,com.legend.model.RuntimeDefinition rt = ctx.findRuntime(runtimeFqn).orElseThrow(() ->
throw,USER:MappingResolutionException,com.legend.resolver,com/legend/resolver/ClassSources.java,1333,sameRootTable,False,,,USER,,"throw new MappingResolutionException(""runtime '"" + runtimeFqn"
throw,INTERNAL_CUSTOM:NotImplementedException,com.legend.resolver,com/legend/resolver/CorrelatedSubselects.java,145,,True,,,INTERNAL_CUSTOM,,"throw new NotImplementedException(""aggregate over the chained"""
throw,INTERNAL_CUSTOM:NotImplementedException,com.legend.resolver,com/legend/resolver/CorrelatedSubselects.java,150,,False,,,INTERNAL_CUSTOM,,"throw new NotImplementedException(""aggregate over the chained"""
comment,fallback,com.legend.resolver,com/legend/resolver/CorrelatedSubselects.java,290,,False,,,line,,// fallback for PK-less parents.
op,isEmpty_ternary,com.legend.resolver,com/legend/resolver/CorrelatedSubselects.java,294,,True,,,,,List<String> keyCols = !pkKeys.isEmpty() ? pkKeys
op,orElseThrow,com.legend.resolver,com/legend/resolver/CorrelatedSubselects.java,375,,True,,,,,.orElseThrow(() -> new IllegalStateException(
throw,INTERNAL_CUSTOM:NotImplementedException,com.legend.resolver,com/legend/resolver/CorrelatedSubselects.java,441,hasColPrefixed,True,,,INTERNAL_CUSTOM,,"throw new NotImplementedException(""correlated aggregate over"""
op,null_ternary,com.legend.resolver,com/legend/resolver/CorrelatedSubselects.java,459,hasColPrefixed,True,,,,,corr == null ? List.of() : List.of(corr));
op,isEmpty_ternary,com.legend.resolver,com/legend/resolver/CorrelatedSubselects.java,501,hasColPrefixed,False,,,,,Pipelines.Materialized mat = navDemand.isEmpty()
throw,INTERNAL_CUSTOM:NotImplementedException,com.legend.resolver,com/legend/resolver/CorrelatedSubselects.java,567,collectVarNamesInto,True,,,INTERNAL_CUSTOM,,throw new com.legend.error.NotImplementedException(
op,orElseThrow,com.legend.resolver,com/legend/resolver/CorrelatedSubselects.java,646,groupKeysInto,True,,,,,.orElseThrow(() -> keyRow.columns().stream()
throw,INTERNAL_CUSTOM:NotImplementedException,com.legend.resolver,com/legend/resolver/CorrelatedSubselects.java,740,chainedAggSubSource,False,,,INTERNAL_CUSTOM,,"throw new NotImplementedException(""aggregate over navigation '"""
op,null_ternary,com.legend.resolver,com/legend/resolver/CorrelatedSubselects.java,749,chainedAggSubSource,False,,,,,List<String> ks = slot == null ? null
throw,INTERNAL_CUSTOM:NotImplementedException,com.legend.resolver,com/legend/resolver/CorrelatedSubselects.java,754,chainedAggSubSource,False,,,INTERNAL_CUSTOM,,throw new NotImplementedException(
op,null_ternary,com.legend.resolver,com/legend/resolver/CorrelatedSubselects.java,771,chainedAggSubSource,True,,,,,String headAlias = binding == null ? null
throw,INTERNAL_CUSTOM:NotImplementedException,com.legend.resolver,com/legend/resolver/CorrelatedSubselects.java,790,chainedAggSubSource,True,,,INTERNAL_CUSTOM,,"throw new NotImplementedException(""aggregate over association"""
throw,INTERNAL_CUSTOM:NotImplementedException,com.legend.resolver,com/legend/resolver/CorrelatedSubselects.java,930,referencesVar,True,,,INTERNAL_CUSTOM,,throw new NotImplementedException(
op,null_ternary,com.legend.resolver,com/legend/resolver/CorrelatedSubselects.java,936,referencesVar,True,,,,,TypedLambda mm = corrTp == null
op,null_ternary,com.legend.resolver,com/legend/resolver/CorrelatedSubselects.java,947,referencesVar,False,,,,,"pc == null ? Map.of() : pc.mat().slotPrefixes(),"
op,null_ternary,com.legend.resolver,com/legend/resolver/CorrelatedSubselects.java,948,referencesVar,False,,,,,"pc == null ? Map.of() : pc.subNavs(),"
throw,USER:MappingResolutionException,com.legend.resolver,com/legend/resolver/CorrelatedSubselects.java,958,referencesVar,True,,,USER,,"throw new MappingResolutionException(""property '"""
throw,INTERNAL_CUSTOM:NotImplementedException,com.legend.resolver,com/legend/resolver/CorrelatedSubselects.java,1013,referencesVar,True,,,INTERNAL_CUSTOM,,"throw new NotImplementedException(""aggregate '"""
throw,INTERNAL_CUSTOM:NotImplementedException,com.legend.resolver,com/legend/resolver/CorrelatedSubselects.java,1050,referencesVar,True,,,INTERNAL_CUSTOM,,"throw new NotImplementedException(""ordered aggregate key"""
op,null_ternary,com.legend.resolver,com/legend/resolver/CorrelatedSubselects.java,1054,referencesVar,False,,,,,orderLambda = corrTp == null
op,null_ternary,com.legend.resolver,com/legend/resolver/CorrelatedSubselects.java,1065,referencesVar,True,,,,,"pc == null ? Map.of() : pc.mat().slotPrefixes(),"
op,null_ternary,com.legend.resolver,com/legend/resolver/CorrelatedSubselects.java,1066,referencesVar,True,,,,,"pc == null ? Map.of() : pc.subNavs(),"
op,null_ternary,com.legend.resolver,com/legend/resolver/CorrelatedSubselects.java,1347,collectVarColumnReads,True,,,,,String alias = b == null ? null
op,instanceof_else_default,com.legend.resolver,com/legend/resolver/CorrelatedSubselects.java,1354,collectVarColumnReads,True,,,,,instanceof com.legend.compiler.spec.typed.TypedGetAll g
throw,INTERNAL_CUSTOM:NotImplementedException,com.legend.resolver,com/legend/resolver/CorrelatedSubselects.java,1386,collectVarColumnReads,True,,,INTERNAL_CUSTOM,,"throw new NotImplementedException(""composite join condition"""
throw,INTERNAL_CUSTOM:NotImplementedException,com.legend.resolver,com/legend/resolver/CorrelatedSubselects.java,1412,collectVarColumnReads,False,,,INTERNAL_CUSTOM,,throw new NotImplementedException(
throw,INTERNAL_CUSTOM:NotImplementedException,com.legend.resolver,com/legend/resolver/CorrelatedSubselects.java,1420,collectVarColumnReads,False,,,INTERNAL_CUSTOM,,throw new NotImplementedException(
throw,INTERNAL_CUSTOM:NotImplementedException,com.legend.resolver,com/legend/resolver/CorrelatedSubselects.java,1473,collectVarColumnReads,True,,,INTERNAL_CUSTOM,,throw new NotImplementedException(
standin,Type.Primitive.*,com.legend.resolver,com/legend/resolver/CorrelatedSubselects.java,1524,collectVarColumnReads,True,,,plain,,"new Type.Param(Type.Primitive.BOOLEAN, one)), one));"
standin,Type.Primitive.*,com.legend.resolver,com/legend/resolver/CorrelatedSubselects.java,1566,collectVarColumnReads,True,,,plain,,"new Type.Param(Type.Primitive.BOOLEAN, one)), one));"
throw,INTERNAL_JDK:IllegalStateException,com.legend.resolver,com/legend/resolver/CorrelatedSubselects.java,1593,orJoin,True,,,INTERNAL_JDK,,"throw new IllegalStateException(""resolver bug: multi-term"""
op,isEmpty_ternary,com.legend.resolver,com/legend/resolver/CorrelatedSubselects.java,1682,predFilteredPipe,True,,,,,navAssocs.isEmpty() ? Substitution.Registries.NONE
throw,INTERNAL_CUSTOM:NotImplementedException,com.legend.resolver,com/legend/resolver/CorrelatedSubselects.java,1747,registerSubTypeSubs,True,,,INTERNAL_CUSTOM,,throw new com.legend.error.NotImplementedException(
catch,SWALLOWED,com.legend.resolver,com/legend/resolver/CorrelatedSubselects.java,1913,collectSubTypeFqns,True,,,MappingResolutionException e,,{ om = null; }
op,getOrDefault,com.legend.resolver,com/legend/resolver/CorrelatedSubselects.java,1918,collectSubTypeFqns,True,,,,,".bindings().getOrDefault(ha.property(), ha))"
catch,SWALLOWED,com.legend.resolver,com/legend/resolver/CorrelatedSubselects.java,1948,collectSubTypeFqns,True,,,MappingResolutionException e,,{ m = null; }
standin,Type.Primitive.*,com.legend.resolver,com/legend/resolver/CorrelatedSubselects.java,1958,witnessPred,True,,,plain,,"var bool1 = new ExprType(Type.Primitive.BOOLEAN,"
standin,Type.Primitive.*,com.legend.resolver,com/legend/resolver/CorrelatedSubselects.java,1968,witnessPred,True,,,plain,,"wKey, new ExprType(Type.Primitive.BOOLEAN,"
standin,Type.Primitive.*,com.legend.resolver,com/legend/resolver/CorrelatedSubselects.java,1977,witnessPred,True,,,plain,,"new Type.Param(Type.Primitive.BOOLEAN,"
standin,Type.Primitive.*,com.legend.resolver,com/legend/resolver/CorrelatedSubselects.java,2144,aggScan,True,,,plain,,"new ExprType(Type.Primitive.INTEGER, one1))),"
standin,Type.Primitive.*,com.legend.resolver,com/legend/resolver/CorrelatedSubselects.java,2148,aggScan,True,,,plain,,"new Type.Param(Type.Primitive.INTEGER, one1)),"
standin,Type.Primitive.*,com.legend.resolver,com/legend/resolver/CorrelatedSubselects.java,2178,aggScan,True,,,plain,,"new ExprType(Type.Primitive.INTEGER, one1))),"
standin,Type.Primitive.*,com.legend.resolver,com/legend/resolver/CorrelatedSubselects.java,2182,aggScan,True,,,plain,,"new Type.Param(Type.Primitive.INTEGER, one1)),"
throw,INTERNAL_CUSTOM:NotImplementedException,com.legend.resolver,com/legend/resolver/CorrelatedSubselects.java,2219,aggScan,False,,,INTERNAL_CUSTOM,,"throw new NotImplementedException(""aggregate '"""
throw,INTERNAL_CUSTOM:NotImplementedException,com.legend.resolver,com/legend/resolver/CorrelatedSubselects.java,2238,aggScan,True,,,INTERNAL_CUSTOM,,"throw new NotImplementedException(""aggregate '"""
throw,INTERNAL_CUSTOM:NotImplementedException,com.legend.resolver,com/legend/resolver/CorrelatedSubselects.java,2245,aggScan,False,,,INTERNAL_CUSTOM,,"throw new NotImplementedException(""aggregate '"""
op,instanceof_else_default,com.legend.resolver,com/legend/resolver/DateSplit.java,90,splitDatedHeads,True,,,,,ctx = temporal.contextSpec(ma.info().type() instanceof
op,isEmpty_ternary,com.legend.resolver,com/legend/resolver/DateSplit.java,120,splitDatedHeads,False,,,,,name = byArgs.isEmpty() ? ma.property()
throw,INTERNAL_CUSTOM:NotImplementedException,com.legend.resolver,com/legend/resolver/DriverPkAppend.java,92,appendPk,True,,,INTERNAL_CUSTOM,,throw new com.legend.error.NotImplementedException(
op,orElseThrow,com.legend.resolver,com/legend/resolver/DriverPkAppend.java,97,appendPk,True,,,,,"driver.store(), driver.table()).orElseThrow("
op,isEmpty_ternary,com.legend.resolver,com/legend/resolver/DriverPkAppend.java,103,appendPk,True,,,,,"String rowVar = p.columns().isEmpty() ? ""row"""
op,orElseThrow,com.legend.resolver,com/legend/resolver/DriverPkAppend.java,136,appendPk,True,,,,,.findFirst().orElseThrow(
op,isEmpty_ternary,com.legend.resolver,com/legend/resolver/DriverPkAppend.java,204,physicalName,True,,,,,return ch.isEmpty() ? null : deepestLeftScan(ch.get(0));
op,default_arrow,com.legend.resolver,com/legend/resolver/FlattenOps.java,51,splitBelowOps,True,,,,,default -> List.of();
op,default_arrow,com.legend.resolver,com/legend/resolver/FlattenOps.java,137,applyBelow,True,,,,,default -> throw new NotImplementedException(
throw,INTERNAL_CUSTOM:NotImplementedException,com.legend.resolver,com/legend/resolver/FlattenOps.java,137,applyBelow,True,,,INTERNAL_CUSTOM,,default -> throw new NotImplementedException(
throw,INTERNAL_CUSTOM:NotImplementedException,com.legend.resolver,com/legend/resolver/FlattenOps.java,154,applyHoisted,True,,,INTERNAL_CUSTOM,,"throw new NotImplementedException(""hop-colliding below-op"""
op,null_ternary,com.legend.resolver,com/legend/resolver/FlattenOps.java,169,downstreamHeads,True,,,,,"collectLambdaHeads(ops == null ? List.of() : ops, heads);"
throw,INTERNAL_JDK:IllegalStateException,com.legend.resolver,com/legend/resolver/FlattenOps.java,194,innerizeFlattenJoin,True,,,INTERNAL_JDK,,"throw new IllegalStateException(""resolver bug: flatten inner-stamp"""
op,orElse,com.legend.resolver,com/legend/resolver/FlattenOps.java,209,innerizeFlattenJoin,True,,,,,String composed = j.prefix().map(p -> acc + p).orElse(null);
op,null_ternary,com.legend.resolver,com/legend/resolver/FlattenOps.java,236,innerizeFlattenJoin,True,,,,,return src == null ? null
throw,INTERNAL_CUSTOM:NotImplementedException,com.legend.resolver,com/legend/resolver/GenericTypeReflection.java,74,rawTypeProjection,True,,,INTERNAL_CUSTOM,,"throw new NotImplementedException(""genericType().rawType over a"""
standin,Type.Primitive.*,com.legend.resolver,com/legend/resolver/GenericTypeReflection.java,81,rawTypeProjection,True,,,plain,,"ExprType str1 = new ExprType(Type.Primitive.STRING, one);"
comment,default,com.legend.resolver,com/legend/resolver/GenericTypeReflection.java,92,,True,,,line,,"// DEFAULT-empty surface, so a context that does not expose it"
throw,INTERNAL_CUSTOM:NotImplementedException,com.legend.resolver,com/legend/resolver/GenericTypeReflection.java,97,rawTypeProjection,True,,,INTERNAL_CUSTOM,,"throw new NotImplementedException(""membership witness '"""
op,null_ternary,com.legend.resolver,com/legend/resolver/GenericTypeReflection.java,108,rawTypeProjection,True,,,,,body = body == null
standin,Type.Primitive.*,com.legend.resolver,com/legend/resolver/GenericTypeReflection.java,118,rawTypeProjection,True,,,plain,,"new Type.Param(Type.Primitive.STRING, one)), one));"
standin,Type.Primitive.*,com.legend.resolver,com/legend/resolver/GenericTypeReflection.java,120,rawTypeProjection,True,,,plain,,"List.of(new Type.Column(""rawType"", Type.Primitive.STRING,"
throw,INTERNAL_CUSTOM:NotImplementedException,com.legend.resolver,com/legend/resolver/GraphEmission.java,78,,True,,,INTERNAL_CUSTOM,,throw new com.legend.error.NotImplementedException(dw.getValue());
op,orElse,com.legend.resolver,com/legend/resolver/GraphEmission.java,168,,True,,,,,.filter(c -> c.name().equals(col)).findFirst().orElse(null);
op,notnull_ternary,com.legend.resolver,com/legend/resolver/GraphEmission.java,242,,True,,,,,leaves.add(new TypedFuncCol(node.alias() != null
op,orElse,com.legend.resolver,com/legend/resolver/GraphEmission.java,264,,True,,,,,.orElse(null);
throw,USER:MappingResolutionException,com.legend.resolver,com/legend/resolver/GraphEmission.java,278,,True,,,USER,,"throw new MappingResolutionException(""property '"""
throw,INTERNAL_CUSTOM:NotImplementedException,com.legend.resolver,com/legend/resolver/GraphEmission.java,321,,True,,,INTERNAL_CUSTOM,,"throw new NotImplementedException(""graph leaf '"""
throw,INTERNAL_CUSTOM:NotImplementedException,com.legend.resolver,com/legend/resolver/GraphEmission.java,328,,True,,,INTERNAL_CUSTOM,,"throw new NotImplementedException(""graph leaf '"" + node.property()"
throw,INTERNAL_CUSTOM:NotImplementedException,com.legend.resolver,com/legend/resolver/GraphEmission.java,333,,True,,,INTERNAL_CUSTOM,,"throw new NotImplementedException(""graph property '"" + node.property()"
throw,INTERNAL_CUSTOM:NotImplementedException,com.legend.resolver,com/legend/resolver/GraphEmission.java,370,,True,,,INTERNAL_CUSTOM,,"throw new NotImplementedException(""graph leaf '"" + node.property()"
op,orElse,com.legend.resolver,com/legend/resolver/GraphEmission.java,384,,True,,,,,.orElse(null);
comment,best effort,com.legend.resolver,com/legend/resolver/GraphEmission.java,452,,True,,,javadoc,,"/** ROW-ORDER determinism keys (engine graph contract: rows serialize * in the driving table's scan order — H2 preserves it, DuckDB's hash * joins do not): the mapped class's PRIMARY-KEY columns, when present * on the row, become TRAILING o"
op,orElse,com.legend.resolver,com/legend/resolver/GraphEmission.java,467,pkOrderKeys,True,,,,,.findFirst().orElse(null);
op,isEmpty_ternary,com.legend.resolver,com/legend/resolver/GraphEmission.java,496,withChecked,True,,,,,List<TypedFuncCol> cLeaves = node.subTypePatches().isEmpty()
op,isEmpty_ternary,com.legend.resolver,com/legend/resolver/GraphEmission.java,499,withChecked,True,,,,,node.subTypePatches().isEmpty() ? node.nested() : List.of();
comment,default,com.legend.resolver,com/legend/resolver/GraphEmission.java,509,,False,,,javadoc,,"/** The CHECKED envelope's constraint set — the class hierarchy's * constraints (own first, then supertypes'; the engine's * allConstraintsInHierarchy walk), each predicate/message inlined * through the row bindings like any leaf. The DEFIN"
op,orElse,com.legend.resolver,com/legend/resolver/GraphEmission.java,530,checkedConstraints,True,,,,,var tc = ctx.findClass(fqn).orElse(null);
op,isPresent_ternary,com.legend.resolver,com/legend/resolver/GraphEmission.java,539,checkedConstraints,True,,,,,con.messageFqn().isPresent()
comment,default,com.legend.resolver,com/legend/resolver/GraphEmission.java,572,,True,,,javadoc,,/** The engine's DEFAULT constraint message (no {@code ~message}). */
standin,Type.Primitive.*,com.legend.resolver,com/legend/resolver/GraphEmission.java,579,constMsgCol,True,,,plain,,ExprType.one(Type.Primitive.STRING));
op,isEmpty_ternary,com.legend.resolver,com/legend/resolver/GraphEmission.java,633,aggLeaf,True,,,,,return residual.isEmpty() ? out : null;
standin,Type.Primitive.*,com.legend.resolver,com/legend/resolver/GraphEmission.java,666,rewriteNavReads,True,,,plain,,"new Type.Param(Type.Primitive.BOOLEAN, one)), one));"
op,orElse,com.legend.resolver,com/legend/resolver/GraphEmission.java,711,primitiveArrayChild,True,,,,,.orElse(null);
standin,Type.Primitive.*,com.legend.resolver,com/legend/resolver/GraphEmission.java,803,primitiveArrayChild,True,,,plain,,"new Type.Param(Type.Primitive.BOOLEAN,"
throw,INTERNAL_CUSTOM:NotImplementedException,com.legend.resolver,com/legend/resolver/GraphEmission.java,865,primitiveArrayChild,True,,,INTERNAL_CUSTOM,,"throw new NotImplementedException(""graph child '"" + node.property()"
op,instanceof_else_default,com.legend.resolver,com/legend/resolver/GraphEmission.java,945,primitiveArrayChild,True,,,,,b0 instanceof TypedNewInstanceCast nicM
op,instanceof_else_default,com.legend.resolver,com/legend/resolver/GraphEmission.java,971,primitiveArrayChild,True,,,,,b0 instanceof TypedNewInstanceCast nic0
comment,fallback,com.legend.resolver,com/legend/resolver/GraphEmission.java,985,,True,,,line,,// GRAPHFETCH ALWAYS TAKES THE FK FALLBACK (V1 §D.5; corpus
comment,fallback,com.legend.resolver,com/legend/resolver/GraphEmission.java,987,,True,,,line,,"// fallback table's NOT_SO_GOOD_DETAIL 'P 1', NOT the"
comment,fallback,com.legend.resolver,com/legend/resolver/GraphEmission.java,989,,True,,,line,,// routes through the fallback's navigate; the partial
op,null_ternary,com.legend.resolver,com/legend/resolver/GraphEmission.java,1012,primitiveArrayChild,True,,,,,ow2 == null ? null : ow2.args().get(1));
throw,INTERNAL_CUSTOM:NotImplementedException,com.legend.resolver,com/legend/resolver/GraphEmission.java,1014,primitiveArrayChild,True,,,INTERNAL_CUSTOM,,"throw new NotImplementedException(""graph child '"" + node.property()"
op,orElseThrow,com.legend.resolver,com/legend/resolver/GraphEmission.java,1044,primitiveArrayChild,True,,,,,"var assoc = ctx.findAssociationOf(cs.classFqn(), node.property()).orElseThrow();"
op,null_ternary,com.legend.resolver,com/legend/resolver/GraphEmission.java,1076,primitiveArrayChild,True,,,,,"String key = (context.explicitMapping() == null ? """" : context.explicitMapping())"
op,null_ternary,com.legend.resolver,com/legend/resolver/GraphEmission.java,1078,primitiveArrayChild,True,,,,,"+ (context.runtimeFqn() == null ? """" : context.runtimeFqn());"
op,orElseThrow,com.legend.resolver,com/legend/resolver/GraphEmission.java,1080,primitiveArrayChild,True,,,,,"var prop = ctx.findProperty(ownerClassFqn, node.property()).orElseThrow("
op,notnull_ternary,com.legend.resolver,com/legend/resolver/GraphEmission.java,1084,primitiveArrayChild,True,LEGITIMATE,n/a,,null then IllegalStateException immediately after - loud,String childClass = castClassFqn != null ? castClassFqn
op,instanceof_else_default,com.legend.resolver,com/legend/resolver/GraphEmission.java,1085,primitiveArrayChild,True,,,,,: prop.type() instanceof Type.ClassType cc
throw,INTERNAL_JDK:IllegalStateException,com.legend.resolver,com/legend/resolver/GraphEmission.java,1088,primitiveArrayChild,True,,,INTERNAL_JDK,,"throw new IllegalStateException(""resolver bug: navigate-slot graph child '"""
op,orElse,com.legend.resolver,com/legend/resolver/GraphEmission.java,1095,primitiveArrayChild,True,,,,,node.property()).orElse(null);
throw,INTERNAL_CUSTOM:NotImplementedException,com.legend.resolver,com/legend/resolver/GraphEmission.java,1109,primitiveArrayChild,False,,,INTERNAL_CUSTOM,,"throw new NotImplementedException(""navigate-slot graph child '"""
op,orElse,com.legend.resolver,com/legend/resolver/GraphEmission.java,1145,primitiveArrayChild,True,,,,,TypedLambda navCond = nav.pairedPredicate().orElse(nav.predicate());
op,orElse,com.legend.resolver,com/legend/resolver/GraphEmission.java,1196,primitiveArrayChild,True,,,,,.orElse(false))) {
op,orElseThrow,com.legend.resolver,com/legend/resolver/GraphEmission.java,1200,primitiveArrayChild,True,,,,,.orElseThrow();
op,null_ternary,com.legend.resolver,com/legend/resolver/GraphEmission.java,1202,primitiveArrayChild,True,,,,,"String key0 = (context.explicitMapping() == null ? """""
op,null_ternary,com.legend.resolver,com/legend/resolver/GraphEmission.java,1204,primitiveArrayChild,True,,,,,"+ (context.runtimeFqn() == null ? """""
standin,Type.Primitive.*,com.legend.resolver,com/legend/resolver/GraphEmission.java,1218,primitiveArrayChild,True,,,plain,,"new ExprType(Type.Primitive.BOOLEAN,"
standin,Type.Primitive.*,com.legend.resolver,com/legend/resolver/GraphEmission.java,1224,primitiveArrayChild,True,,,plain,,"new Type.Param(Type.Primitive.BOOLEAN, one0)),"
op,null_ternary,com.legend.resolver,com/legend/resolver/GraphEmission.java,1239,primitiveArrayChild,True,,,,,"String key = (context.explicitMapping() == null ? """" : context.explicitMapping())"
op,null_ternary,com.legend.resolver,com/legend/resolver/GraphEmission.java,1241,primitiveArrayChild,True,,,,,"+ (context.runtimeFqn() == null ? """" : context.runtimeFqn());"
op,orElseThrow,com.legend.resolver,com/legend/resolver/GraphEmission.java,1245,primitiveArrayChild,False,,,,,"var prop = ctx.findProperty(cs.classFqn(), node.property()).orElseThrow("
throw,INTERNAL_JDK:IllegalStateException,com.legend.resolver,com/legend/resolver/GraphEmission.java,1256,primitiveArrayChild,True,,,INTERNAL_JDK,,"throw new IllegalStateException(""resolver bug: M2M graph child '"""
throw,INTERNAL_CUSTOM:NotImplementedException,com.legend.resolver,com/legend/resolver/GraphEmission.java,1262,primitiveArrayChild,True,,,INTERNAL_CUSTOM,,"throw new NotImplementedException(""M2M graph child '"" + node.property()"
standin,Type.Primitive.*,com.legend.resolver,com/legend/resolver/GraphEmission.java,1325,primitiveArrayChild,True,,,plain,,"Type.Primitive.BOOLEAN,"
op,null_ternary,com.legend.resolver,com/legend/resolver/GraphEmission.java,1359,childFromRel,True,,,,,GraphEmission em = childFrame == null ? this
op,orElse,com.legend.resolver,com/legend/resolver/GraphEmission.java,1390,isPlainClassProp,True,,,,,.orElse(false);
op,orElse,com.legend.resolver,com/legend/resolver/GraphEmission.java,1399,isPlainClassProp,True,,,,,"var p = ctx.findProperty(cs.classFqn(), node.property()).orElse(null);"
op,orElse,com.legend.resolver,com/legend/resolver/GraphEmission.java,1403,isPlainClassProp,True,,,,,var cls = ctx.findClass(ct.fqn()).orElse(null);
op,null_ternary,com.legend.resolver,com/legend/resolver/GraphEmission.java,1411,isPlainClassProp,True,,,,,"String key = (context.explicitMapping() == null ? """""
op,null_ternary,com.legend.resolver,com/legend/resolver/GraphEmission.java,1413,isPlainClassProp,True,,,,,"+ (context.runtimeFqn() == null ? """""
catch,FALLBACK_RETURN,com.legend.resolver,com/legend/resolver/GraphEmission.java,1418,isPlainClassProp,True,,,RuntimeException unresolvable,,{ return null; }
op,isEmpty_ternary,com.legend.resolver,com/legend/resolver/GraphEmission.java,1429,isPlainClassProp,True,,,,,return out.isEmpty() ? null : out;
op,orElse,com.legend.resolver,com/legend/resolver/GraphEmission.java,1433,isDerivedClassProp,True,,,,,"return ctx.findProperty(cs.classFqn(), node.property()).orElse(null)"
op,orElse,com.legend.resolver,com/legend/resolver/GraphEmission.java,1442,isDerivedClassProp,True,,,,,"var p = ctx.findProperty(cs.classFqn(), node.property()).orElse(null);"
standin,Type.Primitive.*,com.legend.resolver,com/legend/resolver/GraphEmission.java,1508,isDerivedClassProp,True,,,plain,,"new Type.Param(Type.Primitive.BOOLEAN,"
catch,FALLBACK_RETURN,com.legend.resolver,com/legend/resolver/GraphEmission.java,1551,inlineDerivedCalls,True,,,RuntimeException notCompilable,,{ return n; }
op,null_ternary,com.legend.resolver,com/legend/resolver/GraphEmission.java,1581,inlineDerivedCalls,True,,,,,"HopJoin j2 = j1 == null ? null : hopJoin(j1.target(), h2, context);"
standin,Type.Primitive.*,com.legend.resolver,com/legend/resolver/GraphEmission.java,1627,inlineDerivedCalls,True,,,plain,,"new Type.Param(Type.Primitive.BOOLEAN, one));"
standin,Type.Primitive.*,com.legend.resolver,com/legend/resolver/GraphEmission.java,1655,inlineDerivedCalls,True,,,plain,,"new Type.Param(Type.Primitive.BOOLEAN, one));"
standin,Type.Primitive.*,com.legend.resolver,com/legend/resolver/GraphEmission.java,1661,inlineDerivedCalls,True,,,plain,,"new ExprType(Type.Primitive.BOOLEAN, one));"
standin,Type.Primitive.*,com.legend.resolver,com/legend/resolver/GraphEmission.java,1664,inlineDerivedCalls,True,,,plain,,"new Type.Param(Type.Primitive.BOOLEAN, one));"
catch,SWALLOWED_EMPTY,com.legend.resolver,com/legend/resolver/GraphEmission.java,1696,HopJoin,False,,,RuntimeException notAnAssoc,,{ // fall through to the slot route }
op,null_ternary,com.legend.resolver,com/legend/resolver/GraphEmission.java,1701,HopJoin,True,,,,,var ow = bindingRead == null ? null
op,null_ternary,com.legend.resolver,com/legend/resolver/GraphEmission.java,1706,HopJoin,True,,,,,bindingRead = bindingRead == null ? null
op,null_ternary,com.legend.resolver,com/legend/resolver/GraphEmission.java,1719,HopJoin,True,,,,,"String key = (context.explicitMapping() == null ? """""
op,null_ternary,com.legend.resolver,com/legend/resolver/GraphEmission.java,1721,HopJoin,True,,,,,"+ (context.runtimeFqn() == null ? """""
op,orElse,com.legend.resolver,com/legend/resolver/GraphEmission.java,1733,HopJoin,True,,,,,nav.pairedPredicate().orElse(nav.predicate()));
standin,Type.Primitive.*,com.legend.resolver,com/legend/resolver/GraphEmission.java,1745,andFold,True,,,plain,,"new ExprType(Type.Primitive.BOOLEAN, one));"
throw,INTERNAL_JDK:IllegalStateException,com.legend.resolver,com/legend/resolver/GraphEmission.java,1753,andCallee,True,,,INTERNAL_JDK,,throw new IllegalStateException(
throw,INTERNAL_JDK:IllegalStateException,com.legend.resolver,com/legend/resolver/GraphEmission.java,1764,existsCallee,True,,,INTERNAL_JDK,,throw new IllegalStateException(
op,null_ternary,com.legend.resolver,com/legend/resolver/GraphEmission.java,1779,childKey,True,,,,,TypedSpec d = strat == null ? null
throw,INTERNAL_JDK:IllegalStateException,com.legend.resolver,com/legend/resolver/GraphEmission.java,1823,childKey,True,,,INTERNAL_JDK,,"throw new IllegalStateException(""resolver bug: expected one 2-arg"""
standin,Type.Primitive.*,com.legend.resolver,com/legend/resolver/GraphEmission.java,1826,childKey,True,,,plain,,"ExprType boolInfo = new ExprType(Type.Primitive.BOOLEAN, one);"
op,null_ternary,com.legend.resolver,com/legend/resolver/GraphEmission.java,1844,childKey,True,,,,,pairCond = pairCond == null ? eq : new TypedNativeCall(
op,null_ternary,com.legend.resolver,com/legend/resolver/GraphEmission.java,1847,childKey,True,,,,,cond = cond == null ? pairCond : new TypedNativeCall(
standin,Type.Primitive.*,com.legend.resolver,com/legend/resolver/GraphEmission.java,1853,childKey,True,,,plain,,"new Type.Param(Type.Primitive.BOOLEAN, one));"
throw,INTERNAL_JDK:IllegalStateException,com.legend.resolver,com/legend/resolver/GraphEmission.java,1873,mixedKeyColumn,True,,,INTERNAL_JDK,,"throw new IllegalStateException(""resolver bug: mixed-union key"""
op,orElse,com.legend.resolver,com/legend/resolver/GraphEmission.java,1879,mixedKeyColumn,True,,,,,"var p = ctx.findProperty(clsFqn, prop).orElse(null);"
op,orElse,com.legend.resolver,com/legend/resolver/GraphEmission.java,1886,mixedKeyColumn,True,,,,,.orElse(null);
op,orElse,com.legend.resolver,com/legend/resolver/GraphEmission.java,1890,mixedChildToMany,True,,,,,"var p = ctx.findProperty(clsFqn, prop).orElse(null);"
op,orElse,com.legend.resolver,com/legend/resolver/GraphEmission.java,1898,mixedChildToMany,True,,,,,.orElse(true);
op,notnull_ternary,com.legend.resolver,com/legend/resolver/GraphEmission.java,1913,wholeSrcChild,True,,,,,ClassSource child = cast.targetSetId() != null
comment,fallback,com.legend.resolver,com/legend/resolver/GraphEmission.java,1922,,True,,,line,,// as the fallback ONLY when the child's source class is unknown.
throw,INTERNAL_CUSTOM:NotImplementedException,com.legend.resolver,com/legend/resolver/GraphEmission.java,1925,wholeSrcChild,True,,,INTERNAL_CUSTOM,,"throw new NotImplementedException(""whole-source graph child '"""
throw,INTERNAL_CUSTOM:NotImplementedException,com.legend.resolver,com/legend/resolver/GraphEmission.java,1938,wholeSrcChild,True,,,INTERNAL_CUSTOM,,"throw new NotImplementedException(""whole-source graph child '"""
throw,USER:MappingResolutionException,com.legend.resolver,com/legend/resolver/GraphEmission.java,1958,wholeSrcChild,True,,,USER,,"throw new MappingResolutionException(""property '"""
op,orElseThrow,com.legend.resolver,com/legend/resolver/GraphEmission.java,2023,embeddedChild,True,,,,,.orElseThrow(() -> new IllegalStateException(
op,instanceof_else_default,com.legend.resolver,com/legend/resolver/GraphEmission.java,2026,embeddedChild,True,,,,,String childClass = prop.type() instanceof Type.ClassType cc
op,isEmpty_ternary,com.legend.resolver,com/legend/resolver/GraphEmission.java,2028,embeddedChild,True,,,,,List<TypedGraphTree> want = node.children().isEmpty()
comment,fallback,com.legend.resolver,com/legend/resolver/GraphEmission.java,2043,,False,,,line,,"// FALLBACK join target — a correlated scalar subquery,"
op,null_ternary,com.legend.resolver,com/legend/resolver/GraphEmission.java,2048,embeddedChild,True,,,,,TypedSpec fb = hr == null ? null
op,notnull_ternary,com.legend.resolver,com/legend/resolver/GraphEmission.java,2098,embeddedChild,True,,,,,leaves.add(new TypedFuncCol(c.alias() != null
throw,USER:MappingResolutionException,com.legend.resolver,com/legend/resolver/GraphEmission.java,2108,embeddedChild,True,,,USER,,"throw new MappingResolutionException(""property '"""
op,null_ternary,com.legend.resolver,com/legend/resolver/GraphEmission.java,2113,embeddedChild,True,,,,,"+ (otherwiseFallback == null ? ""ABSENT"""
throw,INTERNAL_CUSTOM:NotImplementedException,com.legend.resolver,com/legend/resolver/GraphEmission.java,2143,embeddedChild,False,,,INTERNAL_CUSTOM,,"throw new NotImplementedException(""embedded graph child '"""
op,orElse,com.legend.resolver,com/legend/resolver/GraphEmission.java,2167,embeddedChild,True,,,,,.orElse(null);
op,notnull_ternary,com.legend.resolver,com/legend/resolver/GraphEmission.java,2193,embeddedChild,True,,,,,!= null
op,orElse,com.legend.resolver,com/legend/resolver/GraphEmission.java,2262,embeddedChild,True,,,,,"var p = ctx.findProperty(ownerClassFqn, prop).orElse(null);"
op,default_arrow,com.legend.resolver,com/legend/resolver/GraphEmission.java,2401,rewriteNavChains,True,,,,,default -> {
comment,fallback,com.legend.resolver,com/legend/resolver/GraphEmission.java,2420,,False,,,javadoc,,/** The enclosing-frame material the inline route needs to fall back * to a CORRELATED SCALAR SUBQUERY for a navigation SUB-EXPRESSION * (map §7 contract 4: qualified properties are child computations). * Null on paths without a frame (embe
catch,SWALLOWED,com.legend.resolver,com/legend/resolver/GraphEmission.java,2482,HeadRel,True,,,RuntimeException notAnAssoc,,{ aj = null; }
comment,fallback,com.legend.resolver,com/legend/resolver/GraphEmission.java,2496,,True,,,line,,// the OTHERWISE-fallback case: the hop IS the slot read
comment,fallback,com.legend.resolver,com/legend/resolver/GraphEmission.java,2500,,False,,,line,,// an OTHERWISE-wrapped binding routes through its FALLBACK
op,null_ternary,com.legend.resolver,com/legend/resolver/GraphEmission.java,2525,HeadRel,True,,,,,"String key = (context.explicitMapping() == null ? """""
op,null_ternary,com.legend.resolver,com/legend/resolver/GraphEmission.java,2527,HeadRel,True,,,,,"+ (context.runtimeFqn() == null ? """""
op,orElse,com.legend.resolver,com/legend/resolver/GraphEmission.java,2537,HeadRel,True,,,,,cond = nav.pairedPredicate().orElse(nav.predicate());
standin,Type.Primitive.*,com.legend.resolver,com/legend/resolver/GraphEmission.java,2551,HeadRel,True,,,plain,,"new Type.Param(Type.Primitive.BOOLEAN,"
op,default_arrow,com.legend.resolver,com/legend/resolver/GraphEmission.java,2682,HeadRel,True,,,,,default -> throw new IllegalStateException(
throw,INTERNAL_JDK:IllegalStateException,com.legend.resolver,com/legend/resolver/GraphEmission.java,2682,HeadRel,True,,,INTERNAL_JDK,,default -> throw new IllegalStateException(
standin,Type.Primitive.*,com.legend.resolver,com/legend/resolver/GraphEmission.java,2716,HeadRel,True,,,plain,,"ExprType.one(Type.Primitive.INTEGER)),"
catch,FALLBACK_RETURN,com.legend.resolver,com/legend/resolver/GraphEmission.java,2736,HeadRel,True,,,NotImplementedException unsupported,,{ return null; // the inline route's louder wall takes over }
standin,Type.Primitive.*,com.legend.resolver,com/legend/resolver/GraphEmission.java,2743,HeadRel,True,,,plain,,"new Type.Param(Type.Primitive.BOOLEAN,"
comment,fallback,com.legend.resolver,com/legend/resolver/GraphEmission.java,2757,,True,,,javadoc,,"/** The [0..1] scalar-subquery tail shared by the nav-leaf and * otherwise-fallback emissions: project ONE leaf column over the * corr-filtered relation, DEDUPED — the ENGINE's graph-fetch * discipline (D6, witness graphFetchCommon.pure:163"
op,orElse,com.legend.resolver,com/legend/resolver/GraphEmission.java,2802,scalarLeafSubquery,True,,,,,"var p = ctx.findProperty(classFqn, prop).orElse(null);"
throw,INTERNAL_CUSTOM:NotImplementedException,com.legend.resolver,com/legend/resolver/GraphEmission.java,2809,scalarLeafSubquery,False,,,INTERNAL_CUSTOM,,"throw new NotImplementedException(""derived graph leaf '"" + prop"
op,instanceof_else_default,com.legend.resolver,com/legend/resolver/GraphEmission.java,2856,inlineThis,True,,,,,TypedSpec eSrc = n instanceof TypedPropertyAccess epa0
throw,INTERNAL_CUSTOM:NotImplementedException,com.legend.resolver,com/legend/resolver/GraphEmission.java,2883,inlineThis,True,,,INTERNAL_CUSTOM,,"throw new NotImplementedException(""derived graph leaf '"""
op,null_ternary,com.legend.resolver,com/legend/resolver/GraphEmission.java,2885,inlineThis,True,,,,,"+ (b == null ? ""not a stored binding"""
throw,INTERNAL_CUSTOM:NotImplementedException,com.legend.resolver,com/legend/resolver/GraphEmission.java,2893,inlineThis,True,,,INTERNAL_CUSTOM,,"throw new NotImplementedException(""derived graph leaf '"" + prop"
comment,fallback,com.legend.resolver,com/legend/resolver/GraphEmission.java,2937,,False,,,line,,// NAVIGATION SUB-EXPRESSION fallback: a nav+leaf chain inside
throw,INTERNAL_CUSTOM:NotImplementedException,com.legend.resolver,com/legend/resolver/GraphEmission.java,2954,inlineThis,True,,,INTERNAL_CUSTOM,,"throw new NotImplementedException(""derived graph leaf '"" + prop"
standin,Type.Primitive.*,com.legend.resolver,com/legend/resolver/GraphEmission.java,2967,isDateFamily,True,,,plain,,return t == Type.Primitive.DATE || t == Type.Primitive.DATE_TIME
standin,Type.Primitive.*,com.legend.resolver,com/legend/resolver/GraphEmission.java,2967,isDateFamily,True,,,plain,,return t == Type.Primitive.DATE || t == Type.Primitive.DATE_TIME
standin,Type.Primitive.*,com.legend.resolver,com/legend/resolver/GraphEmission.java,2968,isDateFamily,True,,,plain,,|| t == Type.Primitive.STRICT_DATE;
throw,INTERNAL_CUSTOM:NotImplementedException,com.legend.resolver,com/legend/resolver/GraphEmission.java,3044,callKey,True,,,INTERNAL_CUSTOM,,"throw new NotImplementedException(""parameterized qualifier"""
op,null_ternary,com.legend.resolver,com/legend/resolver/GraphEmission.java,3071,subTypePatch,False,,,,,"String skey = (context.explicitMapping() == null ? """""
op,null_ternary,com.legend.resolver,com/legend/resolver/GraphEmission.java,3073,subTypePatch,False,,,,,"+ (context.runtimeFqn() == null ? """""
op,orElse,com.legend.resolver,com/legend/resolver/GraphEmission.java,3090,subTypePatch,True,,,,,.findFirst().orElse(null);
op,notnull_ternary,com.legend.resolver,com/legend/resolver/GraphEmission.java,3106,subTypePatch,True,,,,,patch.add(new TypedFuncCol(sub.alias() != null
throw,INTERNAL_CUSTOM:NotImplementedException,com.legend.resolver,com/legend/resolver/GraphEmission.java,3115,subTypePatch,True,,,INTERNAL_CUSTOM,,"throw new NotImplementedException(""graph ->subType(@"""
op,orElseThrow,com.legend.resolver,com/legend/resolver/GraphEmission.java,3140,subTypePatch,True,,,,,.findFirst().orElseThrow(() ->
throw,INTERNAL_CUSTOM:NotImplementedException,com.legend.resolver,com/legend/resolver/GraphEmission.java,3199,subTypePatch,True,,,INTERNAL_CUSTOM,,"throw new NotImplementedException(""serialize config of shape """
op,default_arrow,com.legend.resolver,com/legend/resolver/GraphEmission.java,3223,subTypePatch,True,,,,,default -> {
throw,INTERNAL_CUSTOM:NotImplementedException,com.legend.resolver,com/legend/resolver/GraphEmission.java,3227,subTypePatch,True,,,INTERNAL_CUSTOM,,"throw new NotImplementedException(""serialize config"""
op,instanceof_else_default,com.legend.resolver,com/legend/resolver/GraphEmission.java,3247,strArg,True,,,,,return v instanceof com.legend.compiler.spec.typed.TypedCString cs
op,null_ternary,com.legend.resolver,com/legend/resolver/GraphEmission.java,3317,definingMapping,False,,,,,return r == null ? mappingFqn : r;
op,orElse,com.legend.resolver,com/legend/resolver/GraphEmission.java,3322,definingMapping,False,,,,,var m = mc.findMapping(mappingFqn).orElse(null);
standin,Type.Primitive.*,com.legend.resolver,com/legend/resolver/GraphEmission.java,3343,stringPlusCallee,True,,,plain,,== Type.Primitive.STRING)
op,orElseThrow,com.legend.resolver,com/legend/resolver/GraphEmission.java,3344,stringPlusCallee,True,,,,,.findFirst().orElseThrow(() -> new IllegalStateException(
standin,Type.Primitive.*,com.legend.resolver,com/legend/resolver/GraphEmission.java,3365,enumPrefixed,True,,,plain,,"new ExprType(Type.Primitive.STRING, one)),"
standin,Type.Primitive.*,com.legend.resolver,com/legend/resolver/GraphEmission.java,3367,enumPrefixed,True,,,plain,,"new ExprType(Type.Primitive.STRING,"
op,getOrDefault,com.legend.resolver,com/legend/resolver/GraphEmission.java,3383,substVars,True,,,,,"sub.getOrDefault(v.name(), v);"
op,default_arrow,com.legend.resolver,com/legend/resolver/GraphEmission.java,3413,substVars,True,,,,,default -> n;
op,isEmpty_ternary,com.legend.resolver,com/legend/resolver/GraphEmission.java,3423,keyOf,True,,,,,return node.args().isEmpty() ? node.property() : callKey(node);
op,orElse,com.legend.resolver,com/legend/resolver/InnerDemand.java,82,manyPrimSlotLeaf,True,,,,,"var dp0 = ctx.findProperty(cs.classFqn(), prop).orElse(null);"
op,null_ternary,com.legend.resolver,com/legend/resolver/InnerDemand.java,230,demandStep,True,,,,,String al = hb == null ? null
catch,FALLBACK_RETURN,com.legend.resolver,com/legend/resolver/InnerDemand.java,512,inQueryReads,True,,,"com.legend.error.NotImplementedException
                    | com.legend.error.LegendCompileException e",,"{ // EXPECTED walls only: this chain is not resolvable as an // in-query read — keep its ordinary wall. A broad // RuntimeException catch here degraded genuine resolver // BUGS (NPE/ISE) into ""not an in-query read"" and a // DIFFERENT, possi"
op,isEmpty_ternary,com.legend.resolver,com/legend/resolver/InnerDemand.java,696,rootsAtGetAll,True,,,,,cur = ch.isEmpty() ? null : ch.get(0);
op,instanceof_else_default,com.legend.resolver,com/legend/resolver/JsonSourceFrame.java,62,substituteUrlParams,True,,,,,b instanceof TypedCString cs
throw,INTERNAL_CUSTOM:NotImplementedException,com.legend.resolver,com/legend/resolver/JsonSourceFrame.java,87,objectTexts,False,,,INTERNAL_CUSTOM,,"throw new NotImplementedException(""JSON source for '"""
throw,INTERNAL_CUSTOM:NotImplementedException,com.legend.resolver,com/legend/resolver/JsonSourceFrame.java,101,objectTexts,False,,,INTERNAL_CUSTOM,,"throw new NotImplementedException(""JSON source for '"""
throw,INTERNAL_CUSTOM:NotImplementedException,com.legend.resolver,com/legend/resolver/JsonSourceFrame.java,132,objectTexts,False,,,INTERNAL_CUSTOM,,"throw new NotImplementedException(""JSON source for '"""
throw,INTERNAL_CUSTOM:NotImplementedException,com.legend.resolver,com/legend/resolver/JsonSourceFrame.java,144,sourceUrlFrame,False,,,INTERNAL_CUSTOM,,"throw new NotImplementedException(""JsonModelConnection url for '"""
op,orElseThrow,com.legend.resolver,com/legend/resolver/JsonSourceFrame.java,150,sourceUrlFrame,True,,,,,var cls = ctx.findClass(classFqn).orElseThrow(() ->
standin,Type.Primitive.*,com.legend.resolver,com/legend/resolver/JsonSourceFrame.java,172,sourceUrlFrame,True,,,plain,,"new Type.Column(FRAME_ORDINAL, Type.Primitive.INTEGER, one)));"
standin,Type.Primitive.*,com.legend.resolver,com/legend/resolver/JsonSourceFrame.java,188,sourceUrlFrame,True,,,plain,,.Type.Primitive.STRING)
op,orElseThrow,com.legend.resolver,com/legend/resolver/JsonSourceFrame.java,189,sourceUrlFrame,True,,,,,.findFirst().orElseThrow(() -> new IllegalStateException(
standin,Type.Primitive.*,com.legend.resolver,com/legend/resolver/JsonSourceFrame.java,204,sourceUrlFrame,True,,,plain,,"new ExprType(Type.Primitive.STRING, one))),"
throw,INTERNAL_CUSTOM:NotImplementedException,com.legend.resolver,com/legend/resolver/JsonSourceFrame.java,220,sourceUrlFrame,True,,,INTERNAL_CUSTOM,,"throw new NotImplementedException(""JSON-sourced class '"" + classFqn"
throw,INTERNAL_JDK:IllegalStateException,com.legend.resolver,com/legend/resolver/JsonSourceFrame.java,231,fn,True,,,INTERNAL_JDK,,"throw new IllegalStateException(""resolver bug: expected exactly"""
op,orElse,com.legend.resolver,com/legend/resolver/JsonSourceFrame.java,253,fromContext,False,,,,,".orElse(outer.runtimeFqn()),"
op,null_ternary,com.legend.resolver,com/legend/resolver/LiteralFolds.java,35,LiteralFolds,True,,,,,"yield l == null || r == null ? null : (Boolean) literalEquals(l, r);"
op,default_arrow,com.legend.resolver,com/legend/resolver/LiteralFolds.java,37,LiteralFolds,True,,,,,default -> null;
op,default_arrow,com.legend.resolver,com/legend/resolver/LiteralFolds.java,47,LiteralFolds,True,,,,,default -> null;
op,null_ternary,com.legend.resolver,com/legend/resolver/NavMaterializer.java,155,,False,,,,,String subChain = chainPrefix == null ? tail.get(0)
op,null_ternary,com.legend.resolver,com/legend/resolver/NavMaterializer.java,204,,True,,,,,String a2 = b2 == null ? null
throw,INTERNAL_CUSTOM:NotImplementedException,com.legend.resolver,com/legend/resolver/NavMaterializer.java,213,,False,,,INTERNAL_CUSTOM,,throw new com.legend.error.NotImplementedException(
throw,INTERNAL_JDK:IllegalStateException,com.legend.resolver,com/legend/resolver/NavMaterializer.java,285,,True,,,INTERNAL_JDK,,"throw new IllegalStateException(""resolver bug: navigate"""
op,getOrDefault,com.legend.resolver,com/legend/resolver/NavMaterializer.java,363,stampSlotTargets,False,,,,,"subTails.getOrDefault(alias, List.of()),"
op,null_ternary,com.legend.resolver,com/legend/resolver/NavMaterializer.java,364,stampSlotTargets,True,,,,,chainPrefix == null ? null
op,null_ternary,com.legend.resolver,com/legend/resolver/NavMaterializer.java,367,stampSlotTargets,True,,,,,midProp == null ? List.of()
op,null_ternary,com.legend.resolver,com/legend/resolver/NavMaterializer.java,561,foldAssocSubs,True,,,,,String subChain = chainPrefix == null ? prop
op,notnull_ternary,com.legend.resolver,com/legend/resolver/NavMaterializer.java,576,foldAssocSubs,True,,,,,TypedSpec ajPipe = aj.onForm() != null
op,notnull_ternary,com.legend.resolver,com/legend/resolver/NavMaterializer.java,579,foldAssocSubs,True,,,,,aj.onForm() != null
op,null_ternary,com.legend.resolver,com/legend/resolver/NavMaterializer.java,616,foldExtraSubIdentities,True,,,,,String subChain = chainPrefix == null ? prop
op,getOrDefault,com.legend.resolver,com/legend/resolver/NavMaterializer.java,620,foldExtraSubIdentities,True,,,,,"extraSubTails.getOrDefault(prop, List.of()),"
op,orElse,com.legend.resolver,com/legend/resolver/NavMaterializer.java,767,foldProjectionCopies,True,,,,,&& j.prefix().map(prefix::equals).orElse(false)) {
op,orElse,com.legend.resolver,com/legend/resolver/Pipelines.java,85,sinkNavSteps,True,,,,,&& nv.alias().map(aliases::contains).orElse(false))
op,instanceof_else_default,com.legend.resolver,com/legend/resolver/Pipelines.java,97,sinkNavSteps,True,,,,,p = s instanceof com.legend.compiler.spec.typed.TypedNavigate nv
op,isEmpty_ternary,com.legend.resolver,com/legend/resolver/Pipelines.java,209,joinSlots,True,,,,,cur = cur.children().isEmpty() ? null : cur.children().get(0);
op,default_arrow,com.legend.resolver,com/legend/resolver/Pipelines.java,336,narrowViewFrame,True,,,,,default -> pipeline;
throw,INTERNAL_JDK:IllegalStateException,com.legend.resolver,com/legend/resolver/Pipelines.java,396,walkJoinSlot,True,,,INTERNAL_JDK,,"throw new IllegalStateException(""resolver bug: join"""
standin,Type.Primitive.*,com.legend.resolver,com/legend/resolver/Pipelines.java,458,onFormRelocate,True,,,plain,,"var boolT = new ExprType(Type.Primitive.BOOLEAN,"
throw,INTERNAL_JDK:IllegalStateException,com.legend.resolver,com/legend/resolver/Pipelines.java,514,walk,True,,,INTERNAL_JDK,,throw new IllegalStateException(
throw,INTERNAL_JDK:IllegalStateException,com.legend.resolver,com/legend/resolver/Pipelines.java,518,walk,True,,,INTERNAL_JDK,,"throw new IllegalStateException(""resolver bug: navigate step '"""
throw,INTERNAL_CUSTOM:NotImplementedException,com.legend.resolver,com/legend/resolver/Pipelines.java,587,walk,True,,,INTERNAL_CUSTOM,,"throw new NotImplementedException(""mapping ~filter for '"""
op,default_arrow,com.legend.resolver,com/legend/resolver/Pipelines.java,708,walk,True,,,,,default -> {
throw,INTERNAL_CUSTOM:NotImplementedException,com.legend.resolver,com/legend/resolver/Pipelines.java,710,walk,True,,,INTERNAL_CUSTOM,,"throw new NotImplementedException(""mapping pipeline for '"""
throw,INTERNAL_CUSTOM:NotImplementedException,com.legend.resolver,com/legend/resolver/Pipelines.java,825,renameTargetReads,True,,,INTERNAL_CUSTOM,,throw new com.legend.error.NotImplementedException(
op,isEmpty_ternary,com.legend.resolver,com/legend/resolver/Pipelines.java,931,widenDistinctForKeys,True,,,,,"ns, d.columns().isEmpty() ? d.columns() : newCols, row));"
throw,INTERNAL_CUSTOM:NotImplementedException,com.legend.resolver,com/legend/resolver/Pipelines.java,1011,widenUnionMember,True,,,INTERNAL_CUSTOM,,throw new NotImplementedException(
throw,INTERNAL_JDK:IllegalStateException,com.legend.resolver,com/legend/resolver/Pipelines.java,1034,widenUnionMember,True,,,INTERNAL_JDK,,"throw new IllegalStateException(""column '"" + c + ""' is"""
throw,INTERNAL_CUSTOM:NotImplementedException,com.legend.resolver,com/legend/resolver/Pipelines.java,1069,widenUnionMember,True,,,INTERNAL_CUSTOM,,throw new NotImplementedException(
comment,default,com.legend.resolver,com/legend/resolver/Pipelines.java,1167,,False,,,javadoc,,/** * THE single row-read rewriter — shared by slot conditions (via * {@link #materialize}) and binding expressions * ({@link Substitution#renameRowVar}); the two sites CANNOT drift. * Closed vocabulary (the normalizer's emission set) with 
throw,INTERNAL_JDK:IllegalStateException,com.legend.resolver,com/legend/resolver/Pipelines.java,1198,rewriteRowReads,True,,,INTERNAL_JDK,,"throw new IllegalStateException(""resolver bug: converted-slot read"""
throw,INTERNAL_JDK:IllegalStateException,com.legend.resolver,com/legend/resolver/Pipelines.java,1203,rewriteRowReads,True,,,INTERNAL_JDK,,"throw new IllegalStateException(""resolver bug: undemanded navigation —"""
op,default_arrow,com.legend.resolver,com/legend/resolver/Pipelines.java,1292,rewriteRowReads,True,,,,,default -> throw new IllegalStateException(
throw,INTERNAL_JDK:IllegalStateException,com.legend.resolver,com/legend/resolver/Pipelines.java,1292,rewriteRowReads,True,,,INTERNAL_JDK,,default -> throw new IllegalStateException(
comment,default,com.legend.resolver,com/legend/resolver/Pipelines.java,1299,,True,,,javadoc,,"/** * Rewrite a TARGET-class binding for use on the JOINED row: every * {@code $targetRow.COL} read becomes {@code varRewrite($targetRow)} * {@code .prefixCOL} (the prefixed flat column the association join * exposes). Closed vocabulary, lo"
throw,INTERNAL_JDK:IllegalStateException,com.legend.resolver,com/legend/resolver/Pipelines.java,1316,prefixColumns,True,,,INTERNAL_JDK,,"throw new IllegalStateException(""resolver bug: bare target row var"""
op,default_arrow,com.legend.resolver,com/legend/resolver/Pipelines.java,1355,prefixColumns,True,,,,,default -> throw new IllegalStateException(
throw,INTERNAL_JDK:IllegalStateException,com.legend.resolver,com/legend/resolver/Pipelines.java,1355,prefixColumns,True,,,INTERNAL_JDK,,default -> throw new IllegalStateException(
standin,Type.Primitive.*,com.legend.resolver,com/legend/resolver/Pipelines.java,1464,constantProjectOver,True,,,plain,,"ExprType intT = new ExprType(Type.Primitive.INTEGER, one);"
standin,Type.Primitive.*,com.legend.resolver,com/legend/resolver/Pipelines.java,1470,constantProjectOver,True,,,plain,,"new Type.Param(Type.Primitive.INTEGER, one)), one));"
standin,Type.Primitive.*,com.legend.resolver,com/legend/resolver/Pipelines.java,1475,constantProjectOver,True,,,plain,,"new Type.Column(""c"", Type.Primitive.INTEGER, one)))),"
comment,conservative,com.legend.resolver,com/legend/resolver/RawGridSchema.java,108,,True,,,javadoc,,/** Whether any node statically demands a late-bound grid's schema: * a {@code columnNames}/{@code values} property read anywhere in the * tree (lambda bodies included — children() recursion enters them). * Conservative on purpose: a values
standin,Type.Primitive.*,com.legend.resolver,com/legend/resolver/RawGridSchema.java,177,resolve,True,,,plain,,ExprType s1 = ExprType.one(Type.Primitive.STRING);
standin,Type.Primitive.*,com.legend.resolver,com/legend/resolver/RawGridSchema.java,182,resolve,True,,,plain,,"new ExprType(Type.Primitive.STRING,"
standin,PlatformTypes.ANY,com.legend.resolver,com/legend/resolver/RawGridSchema.java,202,resolve,True,,,plain,,"PlatformTypes.ANY),"
standin,PlatformTypes.ANY,com.legend.resolver,com/legend/resolver/RawGridSchema.java,205,resolve,True,,,plain,,"new ExprType(new Type.ClassType(PlatformTypes.ANY),"
standin,PlatformTypes.ANY,com.legend.resolver,com/legend/resolver/RawGridSchema.java,223,cells,True,,,plain,,"new ExprType(new Type.ClassType(PlatformTypes.ANY),"
comment,fallback,com.legend.resolver,com/legend/resolver/RelationalRootForm.java,27,,True,,,javadoc,,/** * The ENGINE's flat relational form of a BARE class root — the SELECT it * assembles objects from host-side: primary-key columns ({@code pk_0}..) * plus the property leaves. Consumed ONLY by the {@code toSQLString} * golden-text surface
op,orElse,com.legend.resolver,com/legend/resolver/RelationalRootForm.java,62,apply,True,,,,,mappingFqn = fr.mapping().map(m -> m.fullPath()).orElse(null);
op,orElse,com.legend.resolver,com/legend/resolver/RelationalRootForm.java,81,apply,True,,,,,.findFirst().orElse(null);
op,null_ternary,com.legend.resolver,com/legend/resolver/RelationalRootForm.java,100,apply,True,,,,,g.classFqn() == null ? null
op,orElse,com.legend.resolver,com/legend/resolver/RelationalRootForm.java,104,apply,True,,,,,TypedFuncCol c = enumRawColumn(leaf).orElse(leaf);
op,default_arrow,com.legend.resolver,com/legend/resolver/RelationalRootForm.java,153,apply,True,,,,,"default -> new TypedProject(g.source(), cols, outInfo, true);"
op,isEmpty_ternary,com.legend.resolver,com/legend/resolver/RelationalRootForm.java,169,enumRawColumn,True,,,,,String rowVar = leaf.fn().parameters().isEmpty() ? null
op,orElse,com.legend.resolver,com/legend/resolver/RelationalRootForm.java,217,primaryKeyColumns,True,,,,,var mapping = ctx.findMapping(mappingFqn).orElse(null);
op,orElse,com.legend.resolver,com/legend/resolver/RelationalRootForm.java,239,primaryKeyColumns,True,,,,,.orElse(null);
op,instanceof_else_default,com.legend.resolver,com/legend/resolver/ScalarValueReads.java,42,scalarMapAsProject,True,,,,,+ (body instanceof TypedPropertyAccess bpa
review,type-decision-site,com.legend.resolver,com/legend/resolver/ScalarValueReads.java,50,,True,LEGITIMATE,n/a,hand-reviewed,widening a many result to [0..1] for a cell slot - safe direction,
throw,INTERNAL_CUSTOM:NotImplementedException,com.legend.resolver,com/legend/resolver/StoreEscapees.java,23,check,True,,,INTERNAL_CUSTOM,,throw new com.legend.error.NotImplementedException(
throw,INTERNAL_CUSTOM:NotImplementedException,com.legend.resolver,com/legend/resolver/StoreEscapees.java,29,check,True,,,INTERNAL_CUSTOM,,throw new com.legend.error.NotImplementedException(
comment,fallback,com.legend.resolver,com/legend/resolver/StoreResolver.java,130,,True,,,javadoc,,/** * Resolve with a DRIVER-SUPPLIED execution context (the corpus shape: * queries carry no {@code ->from(...)}; the runtime arrives via the * service API). Precedence per the plan: an explicit {@code from()} in * the query always wins; th
op,notnull_ternary,com.legend.resolver,com/legend/resolver/StoreResolver.java,159,resolve,True,,,,,Context context = explicitMappingFqn != null
op,null_ternary,com.legend.resolver,com/legend/resolver/StoreResolver.java,162,resolve,True,,,,,: driverRuntimeFqn == null ? Context.NONE
throw,INTERNAL_JDK:IllegalStateException,com.legend.resolver,com/legend/resolver/StoreResolver.java,212,andCallee,True,,,INTERNAL_JDK,,throw new IllegalStateException(
throw,INTERNAL_CUSTOM:NotImplementedException,com.legend.resolver,com/legend/resolver/StoreResolver.java,253,ofRuntime,True,,,INTERNAL_CUSTOM,,"throw new NotImplementedException(""class query under if()"""
op,orElseThrow,com.legend.resolver,com/legend/resolver/StoreResolver.java,257,ofRuntime,True,,,,,: i.elseBranch().orElseThrow(() -> new NotImplementedException(
op,instanceof_else_default,com.legend.resolver,com/legend/resolver/StoreResolver.java,321,objectNode,True,,,,,return n instanceof TypedMap m
throw,INTERNAL_CUSTOM:NotImplementedException,com.legend.resolver,com/legend/resolver/StoreResolver.java,349,anchoredNode,True,,,INTERNAL_CUSTOM,,throw new com.legend.error.NotImplementedException(
throw,INTERNAL_CUSTOM:NotImplementedException,com.legend.resolver,com/legend/resolver/StoreResolver.java,478,anchoredNode,True,,,INTERNAL_CUSTOM,,"throw new NotImplementedException(""class query under"""
comment,default,com.legend.resolver,com/legend/resolver/StoreResolver.java,492,,False,,,line,,// never a silent pass-through (the old default's silent
op,default_arrow,com.legend.resolver,com/legend/resolver/StoreResolver.java,494,anchoredNode,True,,,,,"default -> throw new NotImplementedException(""class query under """
throw,INTERNAL_CUSTOM:NotImplementedException,com.legend.resolver,com/legend/resolver/StoreResolver.java,494,anchoredNode,True,,,INTERNAL_CUSTOM,,"default -> throw new NotImplementedException(""class query under """
op,getOrDefault,com.legend.resolver,com/legend/resolver/StoreResolver.java,527,augmentNavPredicates,True,,,,,"String head = navHeadByAlias.getOrDefault(nav.alias().get(),"
op,notnull_ternary,com.legend.resolver,com/legend/resolver/StoreResolver.java,536,augmentNavPredicates,True,,,,,"mat != null ? mat.slotPrefixes() : Map.of(),"
op,notnull_ternary,com.legend.resolver,com/legend/resolver/StoreResolver.java,538,augmentNavPredicates,True,,,,,mat != null ? mat.subNavs() : Map.of());
throw,INTERNAL_CUSTOM:NotImplementedException,com.legend.resolver,com/legend/resolver/StoreResolver.java,573,requireNoCorrelatedPred,False,,,INTERNAL_CUSTOM,,"throw new NotImplementedException(""correlated filtered navigation"""
throw,INTERNAL_CUSTOM:NotImplementedException,com.legend.resolver,com/legend/resolver/StoreResolver.java,629,flattenNavSlot,True,,,INTERNAL_CUSTOM,,"throw new NotImplementedException(""class flatten through a"""
throw,INTERNAL_JDK:IllegalStateException,com.legend.resolver,com/legend/resolver/StoreResolver.java,697,flattenNavSlot,False,,,INTERNAL_JDK,,"throw new IllegalStateException(""resolver bug: demanded navigate"""
op,null_ternary,com.legend.resolver,com/legend/resolver/StoreResolver.java,700,flattenNavSlot,False,,,,,"Map<String, String> innerPrefixes = innerM[0] == null"
op,null_ternary,com.legend.resolver,com/legend/resolver/StoreResolver.java,808,flattenSource,True,,,,,String alias = hopBinding == null ? null
throw,INTERNAL_JDK:IllegalStateException,com.legend.resolver,com/legend/resolver/StoreResolver.java,908,sourceClassType,True,,,INTERNAL_JDK,,"throw new IllegalStateException(""resolver bug: object-space chain typed """
standin,Type.Primitive.*,com.legend.resolver,com/legend/resolver/StoreResolver.java,938,classExtentCount,True,,,plain,,Type.Primitive.INTEGER;
op,orElseThrow,com.legend.resolver,com/legend/resolver/StoreResolver.java,967,classExtentCount,True,,,,,.stream().findFirst().orElseThrow(() -> new IllegalStateException(
throw,INTERNAL_CUSTOM:NotImplementedException,com.legend.resolver,com/legend/resolver/StoreResolver.java,980,foldScalarHopFilter,True,,,INTERNAL_CUSTOM,,"throw new NotImplementedException(""scalar filter over a"""
throw,INTERNAL_CUSTOM:NotImplementedException,com.legend.resolver,com/legend/resolver/StoreResolver.java,1010,substituteParam,True,,,INTERNAL_CUSTOM,,"throw new NotImplementedException(""class-result mapper reads"""
throw,INTERNAL_CUSTOM:NotImplementedException,com.legend.resolver,com/legend/resolver/StoreResolver.java,1021,substituteParam,True,,,INTERNAL_CUSTOM,,"throw new NotImplementedException(""class-result mapper"""
op,default_arrow,com.legend.resolver,com/legend/resolver/StoreResolver.java,1040,rowRootedRead,True,,,,,default -> false;
op,null_ternary,com.legend.resolver,com/legend/resolver/StoreResolver.java,1124,isFirstLike,True,,,,,return ascending == null ? null
throw,USER:MappingResolutionException,com.legend.resolver,com/legend/resolver/StoreResolver.java,1175,resolveChain,True,,,USER,,throw new MappingResolutionException(
comment,fallback,com.legend.resolver,com/legend/resolver/StoreResolver.java,1242,,True,,,javadoc,,/** OTHERWISE per-leaf dispatch (V1 §D.5): an embedded-partial leaf * reads the PARENT row — {@code null} means no join demand (the * caller skips the path). KIND-aware (ledger cluster 50): membership * in the partial proves same-row ONLY f
op,null_ternary,com.legend.resolver,com/legend/resolver/StoreResolver.java,1263,collectOpDemand,True,,,,,"return InnerDemand.navSlotAlias(pb, cs.rowVar(), navStepKeys) == null"
op,getOrDefault,com.legend.resolver,com/legend/resolver/StoreResolver.java,1437,registerNavigations,False,,,,,"String bareKey0 = navHeadByAlias.getOrDefault(alias, alias);"
op,getOrDefault,com.legend.resolver,com/legend/resolver/StoreResolver.java,1440,registerNavigations,False,,,,,"navTails.getOrDefault(alias, List.of()),"
op,getOrDefault,com.legend.resolver,com/legend/resolver/StoreResolver.java,1441,registerNavigations,False,,,,,"navHeadByAlias.getOrDefault(alias, alias),"
op,getOrDefault,com.legend.resolver,com/legend/resolver/StoreResolver.java,1448,registerNavigations,False,,,,,"String liftedHead = navHeadByAlias.getOrDefault(alias, alias);"
op,getOrDefault,com.legend.resolver,com/legend/resolver/StoreResolver.java,1457,registerNavigations,False,,,,,"targetClass, navHeadByAlias.getOrDefault(alias, alias));"
op,getOrDefault,com.legend.resolver,com/legend/resolver/StoreResolver.java,1474,registerNavigations,True,,,,,"targetClass, navHeadByAlias.getOrDefault(alias, alias));"
op,getOrDefault,com.legend.resolver,com/legend/resolver/StoreResolver.java,1487,registerNavigations,True,,,,,"String headKey9 = navHeadByAlias.getOrDefault(alias, alias);"
op,null_ternary,com.legend.resolver,com/legend/resolver/StoreResolver.java,1622,registerDottedExistsSubs,True,,,,,var nav = alias == null ? null : pNavSteps.get(alias);
comment,default,com.legend.resolver,com/legend/resolver/StoreResolver.java,1671,,False,,,line,,// audit 23 #75: a MISSING property must not silently default
throw,INTERNAL_JDK:IllegalStateException,com.legend.resolver,com/legend/resolver/StoreResolver.java,1674,registerDottedExistsSubs,False,,,INTERNAL_JDK,,"throw new IllegalStateException(""resolver bug: exists-leaf"""
throw,INTERNAL_JDK:IllegalStateException,com.legend.resolver,com/legend/resolver/StoreResolver.java,1686,registerDottedExistsSubs,True,,,INTERNAL_JDK,,"throw new IllegalStateException(""resolver bug: dotted-path"""
comment,assume,com.legend.resolver,com/legend/resolver/StoreResolver.java,1733,,False,,,line,,// correlated preds on the assumption they were composed here;
op,getOrDefault,com.legend.resolver,com/legend/resolver/StoreResolver.java,1736,materializeRoot,False,,,,,"String head = navHeadByAlias.getOrDefault(alias, alias);"
throw,INTERNAL_JDK:IllegalStateException,com.legend.resolver,com/legend/resolver/StoreResolver.java,1739,materializeRoot,False,,,INTERNAL_JDK,,"throw new IllegalStateException(""resolver bug: correlated"""
op,getOrDefault,com.legend.resolver,com/legend/resolver/StoreResolver.java,1762,materializeRoot,True,,,,,"String chain = navHeadByAlias.getOrDefault(navE.getKey(),"
throw,INTERNAL_CUSTOM:NotImplementedException,com.legend.resolver,com/legend/resolver/StoreResolver.java,1787,materializeRoot,False,,,INTERNAL_CUSTOM,,throw new NotImplementedException(
op,isEmpty_ternary,com.legend.resolver,com/legend/resolver/StoreResolver.java,1810,materializeRoot,True,,,,,materializedPipe = g.milestoning().isEmpty() ? basePipe
op,isEmpty_ternary,com.legend.resolver,com/legend/resolver/StoreResolver.java,1832,materializeRoot,False,,,,,materializedPipe = g.milestoning().isEmpty()
op,null_ternary,com.legend.resolver,com/legend/resolver/StoreResolver.java,1847,inQueryReadsFor,True,,,,,"tree == null ? terminalLambdas(top) : List.of(),"
op,null_ternary,com.legend.resolver,com/legend/resolver/StoreResolver.java,2043,foldAssociationJoins,True,,,,,TypedLambda backCond = cas.targetPrefix() == null ? aj.condition()
op,isEmpty_ternary,com.legend.resolver,com/legend/resolver/StoreResolver.java,2134,registerExistsSubs,False,,,,,Pipelines.Materialized tMat0 = tNavDemand.isEmpty()
op,orElse,com.legend.resolver,com/legend/resolver/StoreResolver.java,2225,registerExistsSubs,True,,,,,SyntheticHeads.realHead(head)).orElse(null);
throw,INTERNAL_CUSTOM:NotImplementedException,com.legend.resolver,com/legend/resolver/StoreResolver.java,2349,registerAssociationJoins,False,,,INTERNAL_CUSTOM,,throw new com.legend.error.NotImplementedException(
op,getOrDefault,com.legend.resolver,com/legend/resolver/StoreResolver.java,2356,registerAssociationJoins,False,,,,,"leavesByChain.getOrDefault(chainKey, Set.of()), chainKey,"
op,getOrDefault,com.legend.resolver,com/legend/resolver/StoreResolver.java,2357,registerAssociationJoins,False,,,,,"tailsByChain.getOrDefault(chainKey, Set.of()));"
op,getOrDefault,com.legend.resolver,com/legend/resolver/StoreResolver.java,2369,registerAssociationJoins,True,,,,,"leavesByChain.getOrDefault(chainKey, Set.of()),"
op,getOrDefault,com.legend.resolver,com/legend/resolver/StoreResolver.java,2434,registerAssociationJoins,True,,,,,"extraNavTails.getOrDefault(headKey, List.of()),"
op,notnull_ternary,com.legend.resolver,com/legend/resolver/StoreResolver.java,2454,registerAssociationJoins,True,,,,,AssociationJoins.AssocJoin aj = new AssociationJoins.AssocJoin(exFp != null
comment,fallback,com.legend.resolver,com/legend/resolver/StoreResolver.java,2463,,False,,,line,,"// it, never fall back to the first identity's (twoDatesOneChain)"
op,getOrDefault,com.legend.resolver,com/legend/resolver/StoreResolver.java,2487,registerAssociationJoins,True,,,,,"navTailsByAlias.getOrDefault(alias, List.of()),"
op,orElse,com.legend.resolver,com/legend/resolver/StoreResolver.java,2547,collectOpChain,True,,,,,.map(GraphEmission::serializeTypeConfig).orElse(null);
op,instanceof_else_default,com.legend.resolver,com/legend/resolver/StoreResolver.java,2550,collectOpChain,True,,,,,cur = sz.source() instanceof TypedGraphFetch gf ? gf.source() : sz.source();
comment,assume,com.legend.resolver,com/legend/resolver/StoreResolver.java,2573,,True,,,line,,// REAL (audit 19d B7 — the old drop-the-node assumption
standin,Type.Primitive.*,com.legend.resolver,com/legend/resolver/StoreResolver.java,2583,collectOpChain,True,,,plain,,".Type.Primitive.INTEGER)),"
standin,Type.Primitive.*,com.legend.resolver,com/legend/resolver/StoreResolver.java,2598,collectOpChain,True,,,plain,,".Type.Primitive.INTEGER)),"
standin,Type.Primitive.*,com.legend.resolver,com/legend/resolver/StoreResolver.java,2601,collectOpChain,True,,,plain,,".Type.Primitive.INTEGER)),"
op,isEmpty_ternary,com.legend.resolver,com/legend/resolver/StoreResolver.java,2638,collectOpChain,True,,,,,(flattenHops.isEmpty() ? ops
op,default_arrow,com.legend.resolver,com/legend/resolver/StoreResolver.java,2649,collectOpChain,True,,,,,"default -> throw new NotImplementedException(""object-space operation """
throw,INTERNAL_CUSTOM:NotImplementedException,com.legend.resolver,com/legend/resolver/StoreResolver.java,2649,collectOpChain,True,,,INTERNAL_CUSTOM,,"default -> throw new NotImplementedException(""object-space operation """
throw,USER:MappingResolutionException,com.legend.resolver,com/legend/resolver/StoreResolver.java,2661,collectOpChain,True,,,USER,,"throw new MappingResolutionException(""class fetch of '"""
throw,USER:MappingResolutionException,com.legend.resolver,com/legend/resolver/StoreResolver.java,2670,collectOpChain,False,,,USER,,"throw new MappingResolutionException(""fetch of temporal class '"""
comment,TODO,com.legend.resolver,com/legend/resolver/StoreResolver.java,2808,,True,,,line,,"// the engine's own emission, its ""could optimize to collapse"" TODO"
op,default_arrow,com.legend.resolver,com/legend/resolver/StoreResolver.java,2915,resolveObject,True,,,,,"default -> throw new IllegalStateException(""resolver bug: uncollected op"");"
throw,INTERNAL_JDK:IllegalStateException,com.legend.resolver,com/legend/resolver/StoreResolver.java,2915,resolveObject,True,,,INTERNAL_JDK,,"default -> throw new IllegalStateException(""resolver bug: uncollected op"");"
op,null_ternary,com.legend.resolver,com/legend/resolver/StoreResolver.java,2922,resolveObject,True,,,,,return serializeTypeCfg == null ? env : GraphEmission.withTypeKey(
op,null_ternary,com.legend.resolver,com/legend/resolver/StoreResolver.java,2945,resolveObject,True,,,,,"a.orderKey() == null ? null : sub.apply(a.orderKey()),"
op,orElseThrow,com.legend.resolver,com/legend/resolver/StoreResolver.java,2954,resolveObject,True,,,,,Optional.of(sub.apply(k.fn().orElseThrow(() ->
op,default_arrow,com.legend.resolver,com/legend/resolver/StoreResolver.java,2961,resolveObject,True,,,,,"default -> throw new IllegalStateException(""unreachable"");"
throw,INTERNAL_JDK:IllegalStateException,com.legend.resolver,com/legend/resolver/StoreResolver.java,2961,resolveObject,True,,,INTERNAL_JDK,,"default -> throw new IllegalStateException(""unreachable"");"
op,default_arrow,com.legend.resolver,com/legend/resolver/StoreResolver.java,2974,terminalLambdas,True,,,,,"default -> throw new IllegalStateException(""unreachable"");"
throw,INTERNAL_JDK:IllegalStateException,com.legend.resolver,com/legend/resolver/StoreResolver.java,2974,terminalLambdas,True,,,INTERNAL_JDK,,"default -> throw new IllegalStateException(""unreachable"");"
op,orElseGet,com.legend.resolver,com/legend/resolver/StoreResolver.java,3159,isToManyAssocHead,True,,,,,".orElseGet(() -> ctx.findAssociationOf(cs.classFqn(), real)"
op,orElse,com.legend.resolver,com/legend/resolver/StoreResolver.java,3162,isToManyAssocHead,True,,,,,.orElse(false));
op,orElseThrow,com.legend.resolver,com/legend/resolver/StoreResolver.java,3417,inCallee,True,,,,,.findFirst().orElseThrow(() -> new IllegalStateException(
op,isEmpty_ternary,com.legend.resolver,com/legend/resolver/StoreResolver.java,3426,inCallee,True,,,,,return fns.isEmpty() ? null : fns.get(0);
throw,INTERNAL_JDK:IllegalStateException,com.legend.resolver,com/legend/resolver/StoreResolver.java,3436,isNotEmptyCallee,True,,,INTERNAL_JDK,,"throw new IllegalStateException(""resolver bug: no isNotEmpty registration"");"
op,null_ternary,com.legend.resolver,com/legend/resolver/StoreResolver.java,3453,contextKey,False,,,,,"return (c.explicitMapping() == null ? """" : c.explicitMapping())"
op,null_ternary,com.legend.resolver,com/legend/resolver/StoreResolver.java,3455,contextKey,False,,,,,"+ (c.runtimeFqn() == null ? """" : c.runtimeFqn())"
op,isEmpty_ternary,com.legend.resolver,com/legend/resolver/StoreResolver.java,3456,contextKey,False,,,,,"+ (c.chainMappings().isEmpty() ? """""
throw,INTERNAL_CUSTOM:NotImplementedException,com.legend.resolver,com/legend/resolver/SubQueryLift.java,153,resolveDatesRelation,True,,,INTERNAL_CUSTOM,,throw new com.legend.error.NotImplementedException(
op,null_ternary,com.legend.resolver,com/legend/resolver/SubQueryLift.java,174,resolveDatesRelation,True,,,,,Optional<TypedPackageableRef> m = context.explicitMapping() == null
op,null_ternary,com.legend.resolver,com/legend/resolver/SubQueryLift.java,178,resolveDatesRelation,True,,,,,Optional<TypedPackageableRef> r = context.runtimeFqn() == null
op,null_ternary,com.legend.resolver,com/legend/resolver/SubQueryLift.java,218,resolveScalarRead,True,,,,,Optional<TypedPackageableRef> m = context.explicitMapping() == null
op,null_ternary,com.legend.resolver,com/legend/resolver/SubQueryLift.java,222,resolveScalarRead,True,,,,,Optional<TypedPackageableRef> r = context.runtimeFqn() == null
throw,INTERNAL_CUSTOM:NotImplementedException,com.legend.resolver,com/legend/resolver/Substitution.java,157,,True,,,INTERNAL_CUSTOM,,"throw new NotImplementedException(""generated '"" + prop"
throw,INTERNAL_CUSTOM:NotImplementedException,com.legend.resolver,com/legend/resolver/Substitution.java,431,,True,,,INTERNAL_CUSTOM,,"throw new NotImplementedException(""object-space lambda with """
throw,INTERNAL_CUSTOM:NotImplementedException,com.legend.resolver,com/legend/resolver/Substitution.java,492,rewriteTdsContains,False,,,INTERNAL_CUSTOM,,"throw new NotImplementedException(""tdsContains whose TDS"""
throw,INTERNAL_CUSTOM:NotImplementedException,com.legend.resolver,com/legend/resolver/Substitution.java,500,rewriteTdsContains,True,,,INTERNAL_CUSTOM,,"throw new NotImplementedException(""tdsContains with """
op,instanceof_else_default,com.legend.resolver,com/legend/resolver/Substitution.java,505,rewriteTdsContains,True,,,,,List<TypedSpec> fnList = fns instanceof TypedCollection tcol
throw,INTERNAL_CUSTOM:NotImplementedException,com.legend.resolver,com/legend/resolver/Substitution.java,510,rewriteTdsContains,True,,,INTERNAL_CUSTOM,,"throw new NotImplementedException(""tdsContains with """
throw,INTERNAL_CUSTOM:NotImplementedException,com.legend.resolver,com/legend/resolver/Substitution.java,523,rewriteTdsContains,True,,,INTERNAL_CUSTOM,,"throw new NotImplementedException(""tdsContains function"""
throw,INTERNAL_CUSTOM:NotImplementedException,com.legend.resolver,com/legend/resolver/Substitution.java,530,rewriteTdsContains,True,,,INTERNAL_CUSTOM,,"throw new NotImplementedException(""tdsContains function"""
standin,Type.Primitive.*,com.legend.resolver,com/legend/resolver/Substitution.java,548,rewriteTdsContains,True,,,plain,,"new ExprType(Type.Primitive.BOOLEAN,"
standin,Type.Primitive.*,com.legend.resolver,com/legend/resolver/Substitution.java,555,rewriteTdsContains,True,,,plain,,"new Type.Param(Type.Primitive.BOOLEAN,"
throw,INTERNAL_CUSTOM:NotImplementedException,com.legend.resolver,com/legend/resolver/Substitution.java,573,rewriteTdsContainsCross,True,,,INTERNAL_CUSTOM,,"throw new NotImplementedException(""tdsContains whose TDS"""
op,instanceof_else_default,com.legend.resolver,com/legend/resolver/Substitution.java,578,rewriteTdsContainsCross,True,,,,,List<TypedSpec> fnList = fns instanceof TypedCollection tcol
op,instanceof_else_default,com.legend.resolver,com/legend/resolver/Substitution.java,581,rewriteTdsContainsCross,True,,,,,List<TypedSpec> idList = idsA instanceof TypedCollection icol
throw,INTERNAL_CUSTOM:NotImplementedException,com.legend.resolver,com/legend/resolver/Substitution.java,584,rewriteTdsContainsCross,True,,,INTERNAL_CUSTOM,,"throw new NotImplementedException(""tdsContains cross form:"""
throw,INTERNAL_CUSTOM:NotImplementedException,com.legend.resolver,com/legend/resolver/Substitution.java,591,rewriteTdsContainsCross,True,,,INTERNAL_CUSTOM,,"throw new NotImplementedException(""tdsContains cross form:"""
throw,INTERNAL_CUSTOM:NotImplementedException,com.legend.resolver,com/legend/resolver/Substitution.java,600,rewriteTdsContainsCross,True,,,INTERNAL_CUSTOM,,"throw new NotImplementedException(""tdsContains cross form:"""
throw,INTERNAL_CUSTOM:NotImplementedException,com.legend.resolver,com/legend/resolver/Substitution.java,609,rewriteTdsContainsCross,True,,,INTERNAL_CUSTOM,,"throw new NotImplementedException(""tdsContains cross form:"""
standin,Type.Primitive.*,com.legend.resolver,com/legend/resolver/Substitution.java,623,rewriteTdsContainsCross,True,,,plain,,"new Type.Param(Type.Primitive.BOOLEAN,"
throw,INTERNAL_CUSTOM:NotImplementedException,com.legend.resolver,com/legend/resolver/Substitution.java,647,crossCellSubst,True,,,INTERNAL_CUSTOM,,"throw new NotImplementedException(""tdsContains cross"""
op,orElseThrow,com.legend.resolver,com/legend/resolver/Substitution.java,656,crossCellSubst,True,,,,,.findFirst().orElseThrow(() ->
throw,INTERNAL_CUSTOM:NotImplementedException,com.legend.resolver,com/legend/resolver/Substitution.java,677,crossCellSubst,True,,,INTERNAL_CUSTOM,,"throw new NotImplementedException(""tdsContains cross form:"""
comment,fallback,com.legend.resolver,com/legend/resolver/Substitution.java,813,,True,,,line,,// case). Wins over the otherwise-fallback ExistsSub: per-leaf
op,null_ternary,com.legend.resolver,com/legend/resolver/Substitution.java,857,piercesToOne,True,,,,,ExistsSub ax = ap == null ? null
op,null_ternary,com.legend.resolver,com/legend/resolver/Substitution.java,862,piercesToOne,True,,,,,ExistsSub rx = ap == null ? null
throw,INTERNAL_CUSTOM:NotImplementedException,com.legend.resolver,com/legend/resolver/Substitution.java,902,piercesToOne,False,,,INTERNAL_CUSTOM,,"throw new NotImplementedException(""emptiness check over"""
op,orElseThrow,com.legend.resolver,com/legend/resolver/Substitution.java,965,piercesToOne,True,,,,,.findFirst().orElseThrow(() ->
standin,Type.Primitive.*,com.legend.resolver,com/legend/resolver/Substitution.java,977,piercesToOne,True,,,plain,,"new ExprType(Type.Primitive.BOOLEAN,"
standin,Type.Primitive.*,com.legend.resolver,com/legend/resolver/Substitution.java,984,piercesToOne,True,,,plain,,"new Type.Param(Type.Primitive.BOOLEAN,"
throw,INTERNAL_CUSTOM:NotImplementedException,com.legend.resolver,com/legend/resolver/Substitution.java,1007,piercesToOne,False,,,INTERNAL_CUSTOM,,"throw new NotImplementedException(""set membership over"""
standin,Type.Primitive.*,com.legend.resolver,com/legend/resolver/Substitution.java,1041,piercesToOne,True,,,plain,,"ExprType boolOne = new ExprType(Type.Primitive.BOOLEAN,"
standin,Type.Primitive.*,com.legend.resolver,com/legend/resolver/Substitution.java,1057,piercesToOne,True,,,plain,,"new Type.Param(Type.Primitive.BOOLEAN,"
standin,Type.Primitive.*,com.legend.resolver,com/legend/resolver/Substitution.java,1074,piercesToOne,True,,,plain,,&& lc.info().type() == Type.Primitive.BOOLEAN
throw,INTERNAL_CUSTOM:NotImplementedException,com.legend.resolver,com/legend/resolver/Substitution.java,1112,piercesToOne,True,,,INTERNAL_CUSTOM,,"throw new NotImplementedException(""negated '"""
op,instanceof_else_default,com.legend.resolver,com/legend/resolver/Substitution.java,1113,piercesToOne,True,,,,,+ (lc.args().get(0) instanceof TypedNativeCall ic
standin,Type.Primitive.*,com.legend.resolver,com/legend/resolver/Substitution.java,1134,piercesToOne,True,,,plain,,"new ExprType(Type.Primitive.BOOLEAN,"
standin,Type.Primitive.*,com.legend.resolver,com/legend/resolver/Substitution.java,1138,piercesToOne,True,,,plain,,"new ExprType(Type.Primitive.BOOLEAN,"
standin,Type.Primitive.*,com.legend.resolver,com/legend/resolver/Substitution.java,1140,piercesToOne,True,,,plain,,"new ExprType(Type.Primitive.BOOLEAN,"
op,notnull_ternary,com.legend.resolver,com/legend/resolver/Substitution.java,1169,rewriteMultiHop,False,,,,,"a2.readVar() != null ? a2.readVar() : target.freshRowVar(),"
op,notnull_ternary,com.legend.resolver,com/legend/resolver/Substitution.java,1170,rewriteMultiHop,False,,,,,a2.readRowType() != null ? a2.readRowType()
op,notnull_ternary,com.legend.resolver,com/legend/resolver/Substitution.java,1172,rewriteMultiHop,True,,,,,"a2.readVar() != null ? """" : a2.prefix(), n);"
op,notnull_ternary,com.legend.resolver,com/legend/resolver/Substitution.java,1210,rewriteMultiHop,True,,,,,a3.readVar() != null ? a3.readVar()
op,notnull_ternary,com.legend.resolver,com/legend/resolver/Substitution.java,1212,rewriteMultiHop,False,,,,,a3.readRowType() != null ? a3.readRowType()
op,notnull_ternary,com.legend.resolver,com/legend/resolver/Substitution.java,1214,rewriteMultiHop,True,,,,,"a3.readVar() != null ? """" : a3.prefix(), n);"
throw,USER:MappingResolutionException,com.legend.resolver,com/legend/resolver/Substitution.java,1223,rewriteMultiHop,True,,,USER,,"throw new MappingResolutionException(""property '"""
op,notnull_ternary,com.legend.resolver,com/legend/resolver/Substitution.java,1240,rewriteMultiHop,True,,,,,a3.readVar() != null ? a3.readVar()
op,notnull_ternary,com.legend.resolver,com/legend/resolver/Substitution.java,1242,rewriteMultiHop,True,,,,,a3.readRowType() != null ? a3.readRowType()
op,notnull_ternary,com.legend.resolver,com/legend/resolver/Substitution.java,1244,rewriteMultiHop,True,,,,,"a3.readVar() != null ? """" : a3.prefix(), n);"
op,notnull_ternary,com.legend.resolver,com/legend/resolver/Substitution.java,1251,rewriteMultiHop,True,,,,,String rv3 = a3.readVar() != null ? a3.readVar()
op,notnull_ternary,com.legend.resolver,com/legend/resolver/Substitution.java,1253,rewriteMultiHop,True,,,,,Type.RelationType rr3 = a3.readRowType() != null
op,notnull_ternary,com.legend.resolver,com/legend/resolver/Substitution.java,1255,rewriteMultiHop,True,,,,,"String fp3 = (a3.readVar() != null ? """" : a3.prefix())"
op,null_ternary,com.legend.resolver,com/legend/resolver/Substitution.java,1345,rewriteMultiHop,False,,,,,"+ "" targetBindingKeys="" + (diag == null ? ""-"""
throw,INTERNAL_CUSTOM:NotImplementedException,com.legend.resolver,com/legend/resolver/Substitution.java,1349,rewriteMultiHop,False,,,INTERNAL_CUSTOM,,"throw new NotImplementedException(""multi-hop navigation """
op,null_ternary,com.legend.resolver,com/legend/resolver/Substitution.java,1353,rewriteMultiHop,False,,,,,"+ (diag == null ? ""-"" : diag.subNavs().keySet())"
op,null_ternary,com.legend.resolver,com/legend/resolver/Substitution.java,1355,rewriteMultiHop,False,,,,,"+ (target.bindings().get(path.get(0)) == null ? ""ABSENT"""
throw,INTERNAL_CUSTOM:NotImplementedException,com.legend.resolver,com/legend/resolver/Substitution.java,1378,rewriteMultiHop,True,,,INTERNAL_CUSTOM,,"throw new NotImplementedException(""class-typed property '$"""
comment,fallback,com.legend.resolver,com/legend/resolver/Substitution.java,1390,,True,,,line,,// fallback for legacy TemporalView constructions
op,notnull_ternary,com.legend.resolver,com/legend/resolver/Substitution.java,1392,rewriteMultiHop,True,,,,,return hd != null ? hd
throw,INTERNAL_CUSTOM:NotImplementedException,com.legend.resolver,com/legend/resolver/Substitution.java,1420,rewriteMultiHop,False,,,INTERNAL_CUSTOM,,"throw new NotImplementedException(""nested navigation '$"""
throw,INTERNAL_CUSTOM:NotImplementedException,com.legend.resolver,com/legend/resolver/Substitution.java,1425,rewriteMultiHop,False,,,INTERNAL_CUSTOM,,"throw new NotImplementedException(""association property '$"""
throw,USER:MappingResolutionException,com.legend.resolver,com/legend/resolver/Substitution.java,1430,rewriteMultiHop,False,,,USER,,"throw new MappingResolutionException(""property '"" + prop"
standin,Type.Primitive.*,com.legend.resolver,com/legend/resolver/Substitution.java,1492,objectReferenceInRewrite,True,,,plain,,"var strInfo = new ExprType(Type.Primitive.STRING,"
standin,Type.Primitive.*,com.legend.resolver,com/legend/resolver/Substitution.java,1508,objectReferenceInRewrite,True,,,plain,,"els, new ExprType(Type.Primitive.STRING,"
throw,INTERNAL_CUSTOM:NotImplementedException,com.legend.resolver,com/legend/resolver/Substitution.java,1514,objectReferenceInRewrite,True,,,INTERNAL_CUSTOM,,"throw new NotImplementedException(""objectReferenceIn needs"""
throw,INTERNAL_CUSTOM:NotImplementedException,com.legend.resolver,com/legend/resolver/Substitution.java,1522,objectReferenceInRewrite,True,,,INTERNAL_CUSTOM,,throw new NotImplementedException(
op,null_ternary,com.legend.resolver,com/legend/resolver/Substitution.java,1528,objectReferenceInRewrite,False,,,,,Object pkObj = ref == null ? null
throw,INTERNAL_CUSTOM:NotImplementedException,com.legend.resolver,com/legend/resolver/Substitution.java,1531,objectReferenceInRewrite,False,,,INTERNAL_CUSTOM,,"throw new NotImplementedException(""objectReferenceIn pk"""
standin,Type.Primitive.*,com.legend.resolver,com/legend/resolver/Substitution.java,1541,objectReferenceInRewrite,True,LEGITIMATE,n/a,plain,a false literal is Boolean[1] by its own nature,"new ExprType(Type.Primitive.BOOLEAN,"
throw,INTERNAL_CUSTOM:NotImplementedException,com.legend.resolver,com/legend/resolver/Substitution.java,1567,objectReferenceInRewrite,True,,,INTERNAL_CUSTOM,,"throw new NotImplementedException(""objectReferenceIn multi-"""
standin,Type.Primitive.*,com.legend.resolver,com/legend/resolver/Substitution.java,1570,objectReferenceInRewrite,True,,,plain,,"var bool1 = new ExprType(Type.Primitive.BOOLEAN,"
op,null_ternary,com.legend.resolver,com/legend/resolver/Substitution.java,1579,objectReferenceInRewrite,True,,,,,conj = conj == null ? eq
op,null_ternary,com.legend.resolver,com/legend/resolver/Substitution.java,1582,objectReferenceInRewrite,True,,,,,"orAll = orAll == null ? conj : new TypedNativeCall(or,"
standin,Type.Primitive.*,com.legend.resolver,com/legend/resolver/Substitution.java,1593,pkLiteral,True,,,plain,,"new ExprType(Type.Primitive.INTEGER,"
standin,Type.Primitive.*,com.legend.resolver,com/legend/resolver/Substitution.java,1598,pkLiteral,True,,,plain,,"new ExprType(Type.Primitive.STRING,"
throw,INTERNAL_CUSTOM:NotImplementedException,com.legend.resolver,com/legend/resolver/Substitution.java,1601,pkLiteral,True,,,INTERNAL_CUSTOM,,throw new NotImplementedException(
throw,INTERNAL_CUSTOM:NotImplementedException,com.legend.resolver,com/legend/resolver/Substitution.java,1612,pkColRead,True,,,INTERNAL_CUSTOM,,"throw new NotImplementedException(""objectReferenceIn needs"""
op,orElseThrow,com.legend.resolver,com/legend/resolver/Substitution.java,1625,pkColRead,True,,,,,.findFirst().orElseThrow(() -> new NotImplementedException(
op,notnull_ternary,com.legend.resolver,com/legend/resolver/Substitution.java,1639,withCallees,False,,,,,&& r.isNotEmptyCallee() != null && r.andCallee() != null ? r
op,notnull_ternary,com.legend.resolver,com/legend/resolver/Substitution.java,1642,withCallees,False,,,,,r.isNotEmptyCallee() != null ? r.isNotEmptyCallee()
op,notnull_ternary,com.legend.resolver,com/legend/resolver/Substitution.java,1644,withCallees,False,,,,,r.equalCallee() != null ? r.equalCallee()
op,notnull_ternary,com.legend.resolver,com/legend/resolver/Substitution.java,1647,withCallees,False,,,,,r.inCallee() != null ? r.inCallee()
op,notnull_ternary,com.legend.resolver,com/legend/resolver/Substitution.java,1649,withCallees,True,,,,,r.andCallee() != null ? r.andCallee()
op,notnull_ternary,com.legend.resolver,com/legend/resolver/Substitution.java,1651,withCallees,True,,,,,r.orCallee() != null ? r.orCallee()
standin,Type.Primitive.*,com.legend.resolver,com/legend/resolver/Substitution.java,1675,rewrite,True,,,plain,,"new ExprType(Type.Primitive.BOOLEAN,"
standin,Type.Primitive.*,com.legend.resolver,com/legend/resolver/Substitution.java,1679,rewrite,True,,,plain,,".TypedCInteger(0L, new ExprType(Type.Primitive.INTEGER,"
throw,INTERNAL_CUSTOM:NotImplementedException,com.legend.resolver,com/legend/resolver/Substitution.java,1757,rewrite,True,,,INTERNAL_CUSTOM,,throw new NotImplementedException(
throw,INTERNAL_CUSTOM:NotImplementedException,com.legend.resolver,com/legend/resolver/Substitution.java,1793,rewrite,True,,,INTERNAL_CUSTOM,,throw new NotImplementedException(
throw,INTERNAL_JDK:IllegalStateException,com.legend.resolver,com/legend/resolver/Substitution.java,1809,rewrite,True,,,INTERNAL_JDK,,"throw new IllegalStateException(""resolver bug: nested lambda"""
throw,INTERNAL_CUSTOM:NotImplementedException,com.legend.resolver,com/legend/resolver/Substitution.java,1888,rewrite,True,,,INTERNAL_CUSTOM,,throw new NotImplementedException(
op,default_arrow,com.legend.resolver,com/legend/resolver/Substitution.java,1899,rewrite,True,,,,,default -> {
throw,INTERNAL_CUSTOM:NotImplementedException,com.legend.resolver,com/legend/resolver/Substitution.java,1901,rewrite,True,,,INTERNAL_CUSTOM,,throw new NotImplementedException(
throw,USER:MappingResolutionException,com.legend.resolver,com/legend/resolver/Substitution.java,1993,rewritePath,False,,,USER,,"throw new MappingResolutionException(""property '"""
comment,fallback,com.legend.resolver,com/legend/resolver/Substitution.java,2004,,True,,,line,,// through the FALLBACK's demanded navigate slot. The same head
throw,INTERNAL_CUSTOM:NotImplementedException,com.legend.resolver,com/legend/resolver/Substitution.java,2022,rewritePath,True,,,INTERNAL_CUSTOM,,"throw new NotImplementedException(""navigation '$"" + target.userVar()"
throw,INTERNAL_CUSTOM:NotImplementedException,com.legend.resolver,com/legend/resolver/Substitution.java,2026,rewritePath,True,,,INTERNAL_CUSTOM,,"throw new NotImplementedException(""navigation through class-typed"""
throw,INTERNAL_CUSTOM:NotImplementedException,com.legend.resolver,com/legend/resolver/Substitution.java,2040,assocLeaf,True,,,INTERNAL_CUSTOM,,"throw new NotImplementedException(""nested navigation '"" + head"
throw,INTERNAL_CUSTOM:NotImplementedException,com.legend.resolver,com/legend/resolver/Substitution.java,2045,assocLeaf,False,,,INTERNAL_CUSTOM,,"throw new NotImplementedException(""to-many navigation '"" + head"
throw,INTERNAL_JDK:IllegalStateException,com.legend.resolver,com/legend/resolver/Substitution.java,2049,assocLeaf,False,,,INTERNAL_JDK,,"throw new IllegalStateException(""resolver bug: undemanded navigation"""
throw,INTERNAL_CUSTOM:NotImplementedException,com.legend.resolver,com/legend/resolver/Substitution.java,2065,assocLeaf,True,,,INTERNAL_CUSTOM,,"throw new NotImplementedException(""subType(@...) over a"""
throw,INTERNAL_CUSTOM:NotImplementedException,com.legend.resolver,com/legend/resolver/Substitution.java,2093,assocLeaf,False,,,INTERNAL_CUSTOM,,"throw new NotImplementedException(""nested navigation '"" + head"
throw,USER:MappingResolutionException,com.legend.resolver,com/legend/resolver/Substitution.java,2097,assocLeaf,False,,,USER,,"throw new MappingResolutionException(""property '"""
throw,INTERNAL_CUSTOM:NotImplementedException,com.legend.resolver,com/legend/resolver/Substitution.java,2114,assocBindingRead,True,,,INTERNAL_CUSTOM,,"throw new NotImplementedException(""class-typed property '"" + leaf"
throw,INTERNAL_CUSTOM:NotImplementedException,com.legend.resolver,com/legend/resolver/Substitution.java,2129,assocBindingRead,False,,,INTERNAL_CUSTOM,,"throw new NotImplementedException(""property '"" + leaf + ""' of class '"""
op,notnull_ternary,com.legend.resolver,com/legend/resolver/Substitution.java,2138,assocBindingRead,True,,,,,String readVar = a.readVar() != null ? a.readVar() : target.freshRowVar();
op,notnull_ternary,com.legend.resolver,com/legend/resolver/Substitution.java,2139,assocBindingRead,True,,,,,Type.RelationType readRow = a.readRowType() != null ? a.readRowType()
throw,INTERNAL_CUSTOM:NotImplementedException,com.legend.resolver,com/legend/resolver/Substitution.java,2207,milestoneColumnRead,True,,,INTERNAL_CUSTOM,,"throw new NotImplementedException(""milestone column '"" + name"
throw,INTERNAL_CUSTOM:NotImplementedException,com.legend.resolver,com/legend/resolver/Substitution.java,2213,milestoneColumnRead,True,,,INTERNAL_CUSTOM,,"throw new NotImplementedException(""milestone column '"" + name"
throw,INTERNAL_CUSTOM:NotImplementedException,com.legend.resolver,com/legend/resolver/Substitution.java,2263,inlineParam,True,,,INTERNAL_CUSTOM,,"throw new NotImplementedException(""auto-map mapper"""
op,default_arrow,com.legend.resolver,com/legend/resolver/Substitution.java,2272,inlineParam,True,,,,,default -> throw new NotImplementedException(
throw,INTERNAL_CUSTOM:NotImplementedException,com.legend.resolver,com/legend/resolver/Substitution.java,2272,inlineParam,True,,,INTERNAL_CUSTOM,,default -> throw new NotImplementedException(
standin,Type.Primitive.*,com.legend.resolver,com/legend/resolver/Substitution.java,2327,rewriteMembershipExists,True,,,plain,,"new Type.Param(Type.Primitive.BOOLEAN, Multiplicity.Bounded.ONE)),"
throw,USER:MappingResolutionException,com.legend.resolver,com/legend/resolver/Substitution.java,2332,rewriteMembershipExists,True,,,USER,,"throw new MappingResolutionException(""property '"" + leaf"
standin,Type.Primitive.*,com.legend.resolver,com/legend/resolver/Substitution.java,2339,rewriteMembershipExists,True,,,plain,,"new ExprType(Type.Primitive.BOOLEAN, Multiplicity.Bounded.ONE));"
standin,Type.Primitive.*,com.legend.resolver,com/legend/resolver/Substitution.java,2349,rewriteMembershipExists,True,,,plain,,"new ExprType(Type.Primitive.BOOLEAN, Multiplicity.Bounded.ONE));"
throw,INTERNAL_CUSTOM:NotImplementedException,com.legend.resolver,com/legend/resolver/Substitution.java,2369,rewriteMembershipExists,True,,,INTERNAL_CUSTOM,,"throw new NotImplementedException(""boolean leaf crosses """
op,instanceof_else_default,com.legend.resolver,com/legend/resolver/Substitution.java,2402,collectToManyCrossings,True,,,,,return inner instanceof TypedNewInstance ni
throw,INTERNAL_CUSTOM:NotImplementedException,com.legend.resolver,com/legend/resolver/Substitution.java,2449,collectParamPaths,True,,,INTERNAL_CUSTOM,,"throw new NotImplementedException(""embedded-exists predicate"""
throw,INTERNAL_CUSTOM:NotImplementedException,com.legend.resolver,com/legend/resolver/Substitution.java,2491,substEmbeddedReads,False,,,INTERNAL_CUSTOM,,"throw new NotImplementedException(""embedded-exists predicate"""
standin,Type.Primitive.*,com.legend.resolver,com/legend/resolver/Substitution.java,2697,foreignRootedNav,True,,,plain,,"new Type.Param(Type.Primitive.BOOLEAN, Multiplicity.Bounded.ONE)),"
throw,INTERNAL_CUSTOM:NotImplementedException,com.legend.resolver,com/legend/resolver/Substitution.java,2739,foreignRootedNav,True,,,INTERNAL_CUSTOM,,"throw new NotImplementedException(""filtered-navigation read '"""
op,notnull_ternary,com.legend.resolver,com/legend/resolver/Substitution.java,2746,foreignRootedNav,True,,,,,TypedSpec leafBinding = (hopNav != null ? hopNav.bindings()
throw,USER:MappingResolutionException,com.legend.resolver,com/legend/resolver/Substitution.java,2755,foreignRootedNav,False,,,USER,,"throw new MappingResolutionException(""property '"" + pa.property()"
op,isEmpty_ternary,com.legend.resolver,com/legend/resolver/Substitution.java,2757,foreignRootedNav,False,,,,,"+ (hops.isEmpty() ? """" : ""' via '"" + String.join(""."", hops))"
throw,INTERNAL_CUSTOM:NotImplementedException,com.legend.resolver,com/legend/resolver/Substitution.java,2769,foreignRootedNav,True,,,INTERNAL_CUSTOM,,"throw new NotImplementedException(""filtered-navigation leaf '"""
standin,Type.Primitive.*,com.legend.resolver,com/legend/resolver/Substitution.java,2804,foreignRootedNav,True,,,plain,,"ExprType.one(Type.Primitive.INTEGER)),"
throw,INTERNAL_CUSTOM:NotImplementedException,com.legend.resolver,com/legend/resolver/Substitution.java,2828,foreignRootedNav,True,,,INTERNAL_CUSTOM,,"throw new NotImplementedException(""subType(@"" + ct.fqn()"
standin,Type.Primitive.*,com.legend.resolver,com/legend/resolver/Substitution.java,2889,boolFold,True,,,plain,,"new ExprType(Type.Primitive.BOOLEAN,"
standin,Type.Primitive.*,com.legend.resolver,com/legend/resolver/Substitution.java,2956,correlateTarget,True,,,plain,,"new Type.Param(Type.Primitive.BOOLEAN, Multiplicity.Bounded.ONE)),"
standin,Type.Primitive.*,com.legend.resolver,com/legend/resolver/Substitution.java,2992,rewriteExists,True,,,plain,,"new Type.Param(Type.Primitive.BOOLEAN,"
throw,INTERNAL_CUSTOM:NotImplementedException,com.legend.resolver,com/legend/resolver/Substitution.java,3002,rewriteExists,True,,,INTERNAL_CUSTOM,,"throw new NotImplementedException(""non-lambda predicate in """
comment,fallback,com.legend.resolver,com/legend/resolver/Substitution.java,3058,,True,,,javadoc,,"/** * THE otherwise recognizer (one, shared with the demand scan): the * binding's {@code otherwise(^Inner(...), $row.<slot>)} call, looking * through a {@code toOne} wrap; {@code null} when the binding is not an * otherwise composition. Th"
comment,default,com.legend.resolver,com/legend/resolver/Substitution.java,3152,,False,,,javadoc,,"/** * Freshen a binding expression through THE unified row-read rewriter * ({@link Pipelines#rewriteRowReads}) — slot-condition rewriting and * binding rewriting share one implementation with a loud default, so * the demand scan and the sub"
throw,INTERNAL_JDK:IllegalStateException,com.legend.resolver,com/legend/resolver/SyntheticHeads.java,78,,False,,,INTERNAL_JDK,,throw new IllegalStateException(
op,default_arrow,com.legend.resolver,com/legend/resolver/SyntheticHeads.java,95,of,False,,,,,default -> throw new IllegalStateException(
throw,INTERNAL_JDK:IllegalStateException,com.legend.resolver,com/legend/resolver/SyntheticHeads.java,95,of,False,,,INTERNAL_JDK,,default -> throw new IllegalStateException(
catch,RETHROW,com.legend.resolver,com/legend/resolver/SyntheticHeads.java,101,of,False,,,NumberFormatException e,,"{ throw new IllegalStateException( ""malformed synthetic head (resolver bug): "" + head); }"
throw,INTERNAL_JDK:IllegalStateException,com.legend.resolver,com/legend/resolver/SyntheticHeads.java,102,of,False,,,INTERNAL_JDK,,throw new IllegalStateException(
op,null_ternary,com.legend.resolver,com/legend/resolver/SyntheticHeads.java,184,isFiltered,True,,,,,"TypedSpec out = b0 == null ? pipe : filter.apply(pipe, b0);"
op,null_ternary,com.legend.resolver,com/legend/resolver/SyntheticHeads.java,186,isFiltered,True,,,,,"TypedSpec member = b == null ? pipe : filter.apply(pipe, b);"
throw,INTERNAL_CUSTOM:NotImplementedException,com.legend.resolver,com/legend/resolver/SyntheticHeads.java,231,alphaCanonicalBody,True,,,INTERNAL_CUSTOM,,throw new com.legend.error.NotImplementedException(
throw,INTERNAL_JDK:IllegalStateException,com.legend.resolver,com/legend/resolver/SyntheticHeads.java,244,alphaCanonicalBody,True,,,INTERNAL_JDK,,"throw new IllegalStateException(""resolver bug: filtered-nav"""
comment,best effort,com.legend.resolver,com/legend/resolver/SyntheticHeads.java,267,,False,,,javadoc,,/** * PRE-REWRITE: a filtered navigation consumed as a BARE COLLECTION — * {@code $o.head(%d)->filter(f).leaf} with non-scalar multiplicity — * lifts into a SYNTHETIC head {@code head#fN}: a plain 2-hop chain * whose association-join TARGET
comment,default,com.legend.resolver,com/legend/resolver/SyntheticHeads.java,285,,True,,,javadoc,,/** Node-local canonicalizer applied before the lift arms (identity by * default) — the resolver wires the subType-cast rewrite here so a * witness-bearing cast becomes the filtered-nav shape THIS pass * already lifts (per-cast join identit
op,null_ternary,com.legend.resolver,com/legend/resolver/SyntheticHeads.java,525,liftFilteredHeads,True,,,,,a.orderKey() == null ? null
op,default_arrow,com.legend.resolver,com/legend/resolver/SyntheticHeads.java,531,liftFilteredHeads,True,,,,,default -> n;
standin,Type.Primitive.*,com.legend.resolver,com/legend/resolver/SyntheticHeads.java,642,liftFilteredHeads,True,,,plain,,".Type.Primitive.BOOLEAN,"
op,instanceof_else_default,com.legend.resolver,com/legend/resolver/SyntheticHeads.java,694,liftFilteredHeads,True,,,,,String p = nav instanceof TypedMilestonedAccess ma
op,null_ternary,com.legend.resolver,com/legend/resolver/SyntheticHeads.java,725,liftFilteredHeads,True,,,,,"branches.stream().map(b -> b == null ? """""
comment,conservative,com.legend.resolver,com/legend/resolver/SyntheticHeads.java,758,,False,,,javadoc,,/** The predicate reads no variables beyond its own parameter and the * parameters of lambdas that lexically ENCLOSE the read — SHADOW-AWARE * (audit 21b F4): a nested lambda's param binds only within that * lambda's subtree. An outer varia
throw,INTERNAL_JDK:IllegalStateException,com.legend.resolver,com/legend/resolver/SyntheticHeads.java,960,andMerge,True,,,INTERNAL_JDK,,"throw new IllegalStateException(""resolver bug: expected exactly"""
op,default_arrow,com.legend.resolver,com/legend/resolver/SyntheticHeads.java,983,directlyOnVar,True,,,,,default -> false;
op,default_arrow,com.legend.resolver,com/legend/resolver/SyntheticHeads.java,998,navBottomsAtVar,True,,,,,default -> false;
comment,best effort,com.legend.resolver,com/legend/resolver/SyntheticHeads.java,1049,,True,,,javadoc,,/** * ONE-LEVEL generic rebuild: {@code f} applies to every child * expression (lambda bodies included; lambda/column structure is * preserved). Unknown node kinds pass through UNCHANGED — walkers * built on this are best-effort by design (
op,null_ternary,com.legend.resolver,com/legend/resolver/SyntheticHeads.java,1075,rebuildChildren,True,,,,,a.orderKey() == null ? null
op,default_arrow,com.legend.resolver,com/legend/resolver/SyntheticHeads.java,1123,rebuildChildren,True,,,,,default -> n;
op,null_ternary,com.legend.resolver,com/legend/resolver/SyntheticHeads.java,1168,alphaNormalize,True,,,,,return canonical == null ? v
op,default_arrow,com.legend.resolver,com/legend/resolver/SyntheticHeads.java,1198,bottomVarOf,True,,,,,"case null, default -> throw new IllegalStateException("
throw,INTERNAL_JDK:IllegalStateException,com.legend.resolver,com/legend/resolver/SyntheticHeads.java,1198,bottomVarOf,True,,,INTERNAL_JDK,,"case null, default -> throw new IllegalStateException("
op,default_arrow,com.legend.resolver,com/legend/resolver/TemporalContext.java,64,single,True,,,,,"case null, default ->"
throw,INTERNAL_CUSTOM:NotImplementedException,com.legend.resolver,com/legend/resolver/TemporalContext.java,65,single,True,,,INTERNAL_CUSTOM,,throw new com.legend.error.NotImplementedException(
op,null_ternary,com.legend.resolver,com/legend/resolver/TemporalFrame.java,86,,True,,,,,MilestoningStrategy strat = targetClassFqn == null ? null
op,null_ternary,com.legend.resolver,com/legend/resolver/TemporalFrame.java,93,,True,,,,,"return d == null ? null : new TemporalSpec(List.of(d), false);"
throw,USER:MappingResolutionException,com.legend.resolver,com/legend/resolver/TemporalFrame.java,279,rootFrame,False,,,USER,,"throw new MappingResolutionException(""navigation to"""
op,null_ternary,com.legend.resolver,com/legend/resolver/TemporalFrame.java,292,rootFrame,True,,,,,return d == null ? pipe
comment,fallback,com.legend.resolver,com/legend/resolver/TemporalFrame.java,316,,False,,,javadoc,,/** * {@link #stampForClass} EXCEPT when the context's single-dimension * date is an OUTER-ROW read ({@code $o.orderDate} inherited through * the head's spec): stamping in-pipe would embed an out-of-scope * read — DEFER; the head's join-ON 
op,null_ternary,com.legend.resolver,com/legend/resolver/TemporalFrame.java,328,rootFrame,True,,,,,TypedSpec stratDate = strat == null ? null : c.dateFor(strat);
op,null_ternary,com.legend.resolver,com/legend/resolver/TemporalFrame.java,375,rootFrame,True,,,,,"return ch == null ? null : String.join(""_"", ch);"
op,null_ternary,com.legend.resolver,com/legend/resolver/TemporalFrame.java,432,collectVarChains,True,,,,,args.add(inner == null ? a : inner);
op,null_ternary,com.legend.resolver,com/legend/resolver/TemporalFrame.java,447,deferWindow,True,,,,,var ms0 = rt0 == null ? null
op,orElse,com.legend.resolver,com/legend/resolver/TemporalFrame.java,449,deferWindow,True,,,,,.orElse(null);
op,null_ternary,com.legend.resolver,com/legend/resolver/TemporalFrame.java,471,deferWindow,True,,,,,"outerRead(date) == null ? """" : outerRead(date)});"
op,orElse,com.legend.resolver,com/legend/resolver/TemporalFrame.java,537,deferWindow,True,,,,,"String headPfx = j.prefix().orElse("""");"
op,isEmpty_ternary,com.legend.resolver,com/legend/resolver/TemporalFrame.java,581,deferWindow,True,,,,,String entryOuter = w.length > 3 && !w[3].isEmpty()
op,orElse,com.legend.resolver,com/legend/resolver/TemporalFrame.java,594,deferWindow,True,,,,,.findFirst().orElse(null);
op,notnull_ternary,com.legend.resolver,com/legend/resolver/TemporalFrame.java,595,deferWindow,True,,,,,cols.add(oc != null ? oc
review,type-decision-site,com.legend.resolver,com/legend/resolver/TemporalFrame.java,596,,True,LEGITIMATE,n/a,hand-reviewed,new Type.Column copies sc.type()/sc.multiplicity() - derived,
comment,fallback,com.legend.resolver,com/legend/resolver/TemporalFrame.java,607,,True,,,javadoc,,"/** The composite minus the spine join carrying {@code pfx} (returned * through {@code found}); filters above it rebuild, a JOIN above it * returns null (that shape needs column subtraction — fallback). */"
op,orElseThrow,com.legend.resolver,com/legend/resolver/TemporalFrame.java,613,deferWindow,True,,,,,if (sj.prefix().isPresent() && sj.prefix().orElseThrow().equals(pfx)) {
op,null_ternary,com.legend.resolver,com/legend/resolver/TemporalFrame.java,621,deferWindow,True,,,,,return src == null ? null
op,isEmpty_ternary,com.legend.resolver,com/legend/resolver/TemporalFrame.java,643,deferWindow,True,,,,,String entryOuter = w.length > 3 && !w[3].isEmpty() ? w[3] : outerCol;
throw,INTERNAL_CUSTOM:NotImplementedException,com.legend.resolver,com/legend/resolver/TemporalFrame.java,655,deferWindow,True,,,INTERNAL_CUSTOM,,throw new com.legend.error.NotImplementedException(
throw,USER:MappingResolutionException,com.legend.resolver,com/legend/resolver/TemporalFrame.java,672,deferWindow,True,,,USER,,"throw new MappingResolutionException(""milestoned fetch of '"" + classFqn"
op,null_ternary,com.legend.resolver,com/legend/resolver/TemporalFrame.java,799,deferWindow,True,,,,,var ms = rt == null ? null
op,orElse,com.legend.resolver,com/legend/resolver/TemporalFrame.java,800,deferWindow,True,,,,,": ctx.findTableMilestoning(rt.store(), rt.table()).orElse(null);"
throw,INTERNAL_CUSTOM:NotImplementedException,com.legend.resolver,com/legend/resolver/TemporalFrame.java,804,deferWindow,False,,,INTERNAL_CUSTOM,,throw new com.legend.error.NotImplementedException(
op,null_ternary,com.legend.resolver,com/legend/resolver/TemporalFrame.java,806,deferWindow,True,,,,,"+ (rt == null ? ""?"" : ""'"" + rt.table() + ""'"")"
op,orElseThrow,com.legend.resolver,com/legend/resolver/TemporalFrame.java,818,deferWindow,True,,,,,.findFirst().orElseThrow(() ->
op,notnull_ternary,com.legend.resolver,com/legend/resolver/TemporalFrame.java,829,deferWindow,True,,,,,"(var outerCol, var literal) -> outerCol != null"
standin,Type.Primitive.*,com.legend.resolver,com/legend/resolver/TemporalFrame.java,831,deferWindow,True,,,plain,,"ExprType boolT = new ExprType(Type.Primitive.BOOLEAN,"
op,null_ternary,com.legend.resolver,com/legend/resolver/TemporalFrame.java,918,windowPair,True,,,,,b = b == null ? null : unwrapToOne(b);
op,null_ternary,com.legend.resolver,com/legend/resolver/TemporalFrame.java,944,windowPair,True,,,,,var ms = rt == null ? null
op,orElse,com.legend.resolver,com/legend/resolver/TemporalFrame.java,946,windowPair,True,,,,,.orElse(null);
op,null_ternary,com.legend.resolver,com/legend/resolver/TemporalFrame.java,1001,windowPair,True,,,,,lb = lb == null ? null : unwrapToOne(lb);
op,null_ternary,com.legend.resolver,com/legend/resolver/TemporalFrame.java,1019,unwrapToOne,True,,,,,String alias = b == null ? null
op,instanceof_else_default,com.legend.resolver,com/legend/resolver/TemporalFrame.java,1022,unwrapToOne,True,,,,,instanceof com.legend.compiler.spec.typed.TypedGetAll g
op,null_ternary,com.legend.resolver,com/legend/resolver/TemporalFrame.java,1030,unwrapToOne,True,,,,,String alias = b == null ? null
op,null_ternary,com.legend.resolver,com/legend/resolver/TemporalFrame.java,1033,unwrapToOne,True,,,,,return alias == null ? null : slotPrefixes.get(alias);
comment,fallback,com.legend.resolver,com/legend/resolver/TemporalFrame.java,1072,,False,,,line,,// property. NEVER fall back to another identity's join — the
op,notnull_ternary,com.legend.resolver,com/legend/resolver/TemporalFrame.java,1076,applyOuterNavDateFilters,False,,,,,String hopClass = aj != null ? aj.target().classFqn()
op,notnull_ternary,com.legend.resolver,com/legend/resolver/TemporalFrame.java,1078,applyOuterNavDateFilters,False,,,,,String hopPfx = aj != null ? aj.prefix()
throw,INTERNAL_CUSTOM:NotImplementedException,com.legend.resolver,com/legend/resolver/TemporalFrame.java,1081,applyOuterNavDateFilters,True,,,INTERNAL_CUSTOM,,throw new com.legend.error.NotImplementedException(
op,notnull_ternary,com.legend.resolver,com/legend/resolver/TemporalFrame.java,1085,applyOuterNavDateFilters,True,,,,,TypedTableReference rt = rootTable(aj != null
op,null_ternary,com.legend.resolver,com/legend/resolver/TemporalFrame.java,1088,applyOuterNavDateFilters,True,,,,,var ms = rt == null ? null
op,orElse,com.legend.resolver,com/legend/resolver/TemporalFrame.java,1090,applyOuterNavDateFilters,True,,,,,.orElse(null);
throw,INTERNAL_CUSTOM:NotImplementedException,com.legend.resolver,com/legend/resolver/TemporalFrame.java,1108,applyOuterNavDateFilters,False,,,INTERNAL_CUSTOM,,throw new com.legend.error.NotImplementedException(
op,null_ternary,com.legend.resolver,com/legend/resolver/TemporalFrame.java,1110,applyOuterNavDateFilters,False,,,,,"+ (strat == null ? ""non-temporal"" : strat)"
op,notnull_ternary,com.legend.resolver,com/legend/resolver/TemporalFrame.java,1118,applyOuterNavDateFilters,False,,,,,String navPfx = navAj != null ? navAj.prefix()
throw,INTERNAL_CUSTOM:NotImplementedException,com.legend.resolver,com/legend/resolver/TemporalFrame.java,1121,applyOuterNavDateFilters,True,,,INTERNAL_CUSTOM,,throw new com.legend.error.NotImplementedException(
op,orElseThrow,com.legend.resolver,com/legend/resolver/TemporalFrame.java,1130,applyOuterNavDateFilters,True,,,,,.findFirst().orElseThrow(() ->
standin,Type.Primitive.*,com.legend.resolver,com/legend/resolver/TemporalFrame.java,1140,applyOuterNavDateFilters,True,,,plain,,"ExprType boolT = new ExprType(Type.Primitive.BOOLEAN,"
standin,Type.Primitive.*,com.legend.resolver,com/legend/resolver/TemporalFrame.java,1164,applyOuterNavDateFilters,True,,,plain,,"new Type.Param(Type.Primitive.BOOLEAN,"
op,null_ternary,com.legend.resolver,com/legend/resolver/TemporalFrame.java,1192,outerDatedCond,True,,,,,var ms = rt == null ? null
op,orElse,com.legend.resolver,com/legend/resolver/TemporalFrame.java,1193,outerDatedCond,True,,,,,": ctx.findTableMilestoning(rt.store(), rt.table()).orElse(null);"
throw,INTERNAL_CUSTOM:NotImplementedException,com.legend.resolver,com/legend/resolver/TemporalFrame.java,1210,outerDatedCond,False,,,INTERNAL_CUSTOM,,throw new com.legend.error.NotImplementedException(
op,null_ternary,com.legend.resolver,com/legend/resolver/TemporalFrame.java,1212,outerDatedCond,False,,,,,"+ (strat == null ? ""non-temporal"" : strat)"
throw,INTERNAL_CUSTOM:NotImplementedException,com.legend.resolver,com/legend/resolver/TemporalFrame.java,1217,outerDatedCond,False,,,INTERNAL_CUSTOM,,throw new com.legend.error.NotImplementedException(
op,orElseThrow,com.legend.resolver,com/legend/resolver/TemporalFrame.java,1248,outerDatedWindowCond,True,,,,,.orElseThrow(() -> new MappingResolutionException(
op,orElseThrow,com.legend.resolver,com/legend/resolver/TemporalFrame.java,1257,outerDatedWindowCond,True,,,,,.orElseThrow(() -> new MappingResolutionException(
standin,Type.Primitive.*,com.legend.resolver,com/legend/resolver/TemporalFrame.java,1269,outerDatedWindowCond,True,,,plain,,"ExprType boolT = new ExprType(Type.Primitive.BOOLEAN,"
op,orElseThrow,com.legend.resolver,com/legend/resolver/TemporalFrame.java,1297,outerDatedWindowCond,True,,,,,.findFirst().orElseThrow(() -> new IllegalStateException(
op,orElseThrow,com.legend.resolver,com/legend/resolver/TemporalFrame.java,1316,outerDatedWindowCond,True,,,,,.findFirst().orElseThrow(() -> new IllegalStateException(
op,null_ternary,com.legend.resolver,com/legend/resolver/TemporalFrame.java,1368,outerDatedWindowCond,True,,,,,var ms = root == null ? null
op,orElse,com.legend.resolver,com/legend/resolver/TemporalFrame.java,1369,outerDatedWindowCond,True,,,,,": ctx.findTableMilestoning(root.store(), root.table()).orElse(null);"
op,null_ternary,com.legend.resolver,com/legend/resolver/TemporalFrame.java,1387,stampWithBlock,False,,,,,var b = ms == null ? null : ms.business();
op,null_ternary,com.legend.resolver,com/legend/resolver/TemporalFrame.java,1401,stampWithBlock,False,,,,,var p = ms == null ? null : ms.processing();
throw,USER:MappingResolutionException,com.legend.resolver,com/legend/resolver/TemporalFrame.java,1411,stampWithBlock,False,,,USER,,"throw new MappingResolutionException(""bi-temporal class fetch of '"""
throw,USER:MappingResolutionException,com.legend.resolver,com/legend/resolver/TemporalFrame.java,1422,stampWithBlock,False,,,USER,,"throw new MappingResolutionException(""milestoning block of '"""
op,orElseThrow,com.legend.resolver,com/legend/resolver/TemporalFrame.java,1455,stampWithBlock,True,,,,,.orElseThrow(() -> new MappingResolutionException(
standin,Type.Primitive.*,com.legend.resolver,com/legend/resolver/TemporalFrame.java,1467,stampWithBlock,True,,,plain,,"Type.Primitive.BOOLEAN,"
throw,USER:MappingResolutionException,com.legend.resolver,com/legend/resolver/TemporalFrame.java,1475,stampWithBlock,True,,,USER,,"throw new MappingResolutionException(""%latest over a SNAPSHOT-"""
standin,Type.Primitive.*,com.legend.resolver,com/legend/resolver/TemporalFrame.java,1481,stampWithBlock,True,,,plain,,.map(x -> x.type() == Type
op,orElse,com.legend.resolver,com/legend/resolver/TemporalFrame.java,1483,stampWithBlock,True,,,,,.orElse(true);
standin,Type.Primitive.*,com.legend.resolver,com/legend/resolver/TemporalFrame.java,1494,stampWithBlock,True,,,plain,,Type
throw,USER:MappingResolutionException,com.legend.resolver,com/legend/resolver/TemporalFrame.java,1502,stampWithBlock,True,,,USER,,"throw new MappingResolutionException(""snapshot fetch"""
throw,INTERNAL_JDK:IllegalStateException,com.legend.resolver,com/legend/resolver/TemporalFrame.java,1523,stampWithBlock,True,,,INTERNAL_JDK,,"throw new IllegalStateException(""resolver bug: datePart"""
standin,Type.Primitive.*,com.legend.resolver,com/legend/resolver/TemporalFrame.java,1532,stampWithBlock,True,,,plain,,Type
comment,default,com.legend.resolver,com/legend/resolver/TemporalFrame.java,1543,,True,,,line,,// defaulted constant would silently return zero rows for
throw,USER:MappingResolutionException,com.legend.resolver,com/legend/resolver/TemporalFrame.java,1545,stampWithBlock,True,,,USER,,"throw new MappingResolutionException(""%latest usage for"""
standin,Type.Primitive.*,com.legend.resolver,com/legend/resolver/TemporalFrame.java,1552,stampWithBlock,True,,,plain,,"Type.Primitive.DATE_TIME,"
standin,Type.Primitive.*,com.legend.resolver,com/legend/resolver/TemporalFrame.java,1593,stampWithBlock,True,,,plain,,"Type.Primitive.BOOLEAN,"
op,orElse,com.legend.resolver,com/legend/resolver/TemporalFrame.java,1638,stampWithBlock,True,,,,,.map(navPrefixToClass::get).orElse(null);
op,orElse,com.legend.resolver,com/legend/resolver/TemporalFrame.java,1640,stampWithBlock,True,,,,,.map(midPrefixToChain::get).orElse(null);
op,orElseThrow,com.legend.resolver,com/legend/resolver/TemporalFrame.java,1650,stampWithBlock,False,,,,,MilestoningStrategy specDim = midPrefixToDim.get(j.prefix().orElseThrow());
comment,fallback,com.legend.resolver,com/legend/resolver/TemporalFrame.java,1653,,False,,,line,,// not silently fall back to the ROOT context — the
throw,INTERNAL_CUSTOM:NotImplementedException,com.legend.resolver,com/legend/resolver/TemporalFrame.java,1658,stampWithBlock,False,,,INTERNAL_CUSTOM,,throw new com.legend.error.NotImplementedException(
op,notnull_ternary,com.legend.resolver,com/legend/resolver/TemporalFrame.java,1668,stampWithBlock,False,,,,,&& specDim != null
op,orElseThrow,com.legend.resolver,com/legend/resolver/TemporalFrame.java,1678,stampWithBlock,False,,,,,"String bare = j.prefix().orElseThrow().substring(0,"
op,orElseThrow,com.legend.resolver,com/legend/resolver/TemporalFrame.java,1679,stampWithBlock,False,,,,,j.prefix().orElseThrow().length() - 1);
comment,fallback,com.legend.resolver,com/legend/resolver/TemporalFrame.java,1681,,False,,,line,,// embedded heads) — the alias is the fallback (audit
op,getOrDefault,com.legend.resolver,com/legend/resolver/TemporalFrame.java,1685,stampWithBlock,False,,,,,".getOrDefault(j.prefix().orElseThrow(), bare);"
op,orElseThrow,com.legend.resolver,com/legend/resolver/TemporalFrame.java,1685,stampWithBlock,False,,,,,".getOrDefault(j.prefix().orElseThrow(), bare);"
op,default_arrow,com.legend.resolver,com/legend/resolver/TemporalFrame.java,1780,stampWithBlock,True,,,,,default -> {
throw,USER:MappingResolutionException,com.legend.resolver,com/legend/resolver/TemporalFrame.java,1784,stampWithBlock,False,,,USER,,"throw new MappingResolutionException(""temporal join-target"""
op,null_ternary,com.legend.resolver,com/legend/resolver/TemporalFrame.java,1797,stampWithBlock,True,,,,,var ms = root == null ? null
op,orElse,com.legend.resolver,com/legend/resolver/TemporalFrame.java,1798,stampWithBlock,True,,,,,": ctx.findTableMilestoning(root.store(), root.table()).orElse(null);"
op,notnull_ternary,com.legend.resolver,com/legend/resolver/TemporalFrame.java,1817,pipeRowHasMilestoneCols,True,,,,,return snapCol != null ? has.test(snapCol)
op,default_arrow,com.legend.resolver,com/legend/resolver/TemporalFrame.java,1854,replaceScan,True,,,,,default -> throw new MappingResolutionException(
throw,USER:MappingResolutionException,com.legend.resolver,com/legend/resolver/TemporalFrame.java,1854,replaceScan,True,,,USER,,default -> throw new MappingResolutionException(
throw,USER:MappingResolutionException,com.legend.resolver,com/legend/resolver/TemporalFrame.java,1873,replaceScan,True,,,USER,,"throw new MappingResolutionException(""allVersionsInRange of '"" + classFqn"
op,null_ternary,com.legend.resolver,com/legend/resolver/TemporalFrame.java,1889,replaceScan,True,,,,,var ms = root == null ? null
op,orElse,com.legend.resolver,com/legend/resolver/TemporalFrame.java,1890,replaceScan,True,,,,,": ctx.findTableMilestoning(root.store(), root.table()).orElse(null);"
op,null_ternary,com.legend.resolver,com/legend/resolver/TemporalFrame.java,1896,replaceScan,True,,,,,var b = ms == null ? null : ms.business();
op,null_ternary,com.legend.resolver,com/legend/resolver/TemporalFrame.java,1905,replaceScan,False,,,,,var pr = ms == null ? null : ms.processing();
throw,USER:MappingResolutionException,com.legend.resolver,com/legend/resolver/TemporalFrame.java,1914,replaceScan,True,,,USER,,"throw new MappingResolutionException(""bi-temporal allVersionsInRange"""
throw,USER:MappingResolutionException,com.legend.resolver,com/legend/resolver/TemporalFrame.java,1920,replaceScan,True,,,USER,,"throw new MappingResolutionException(""%latest is not a valid"""
op,orElseThrow,com.legend.resolver,com/legend/resolver/TemporalFrame.java,1943,replaceScan,True,,,,,.orElseThrow(() -> new MappingResolutionException(
standin,Type.Primitive.*,com.legend.resolver,com/legend/resolver/TemporalFrame.java,1955,replaceScan,True,,,plain,,"Type.Primitive.BOOLEAN,"
standin,Type.Primitive.*,com.legend.resolver,com/legend/resolver/TemporalFrame.java,1989,replaceScan,True,,,plain,,Type
throw,INTERNAL_CUSTOM:NotImplementedException,com.legend.resolver,com/legend/resolver/TemporalFrame.java,2049,collectTemporalNodes,False,,,INTERNAL_CUSTOM,,"throw new NotImplementedException(""milestoned property access '"""
throw,INTERNAL_CUSTOM:NotImplementedException,com.legend.resolver,com/legend/resolver/TemporalFrame.java,2058,collectTemporalNodes,False,,,INTERNAL_CUSTOM,,"throw new NotImplementedException(""navigation '"" + chainKey"
throw,USER:MappingResolutionException,com.legend.resolver,com/legend/resolver/TemporalFrame.java,2202,isDateTyped,True,,,USER,,"throw new MappingResolutionException(""navigation '"" + head"
throw,USER:MappingResolutionException,com.legend.resolver,com/legend/resolver/TemporalFrame.java,2276,isDateTyped,False,,,USER,,"throw new MappingResolutionException(""navigation '"" + head"
op,null_ternary,com.legend.resolver,com/legend/resolver/TemporalFrame.java,2298,isDateTyped,False,,,,,TemporalSpec spec = chainPrefix == null ? null
op,orElseThrow,com.legend.resolver,com/legend/resolver/TemporalFrame.java,2381,isDateTyped,True,,,,,j.prefix().orElseThrow());
op,orElse,com.legend.resolver,com/legend/resolver/TemporalFrame.java,2448,deferOuterSlotWindows,True,,,,,"var ms = ctx.findTableMilestoning(tr.store(), tr.table()).orElse(null);"
op,null_ternary,com.legend.resolver,com/legend/resolver/TemporalFrame.java,2516,collectMilestonedSlotAliases,True,,,,,var ms = root == null || strat == null ? null
op,orElse,com.legend.resolver,com/legend/resolver/TemporalFrame.java,2517,collectMilestonedSlotAliases,True,,,,,": ctx.findTableMilestoning(root.store(), root.table()).orElse(null);"
op,notnull_ternary,com.legend.resolver,com/legend/resolver/TemporalFrame.java,2547,collectMilestonedSlotAliases,False,,,,,String gen = b.snapshotDate() != null ? b.snapshotDate()
op,notnull_ternary,com.legend.resolver,com/legend/resolver/TemporalFrame.java,2566,collectMilestonedSlotAliases,False,,,,,String gen = pr.snapshotDate() != null ? pr.snapshotDate()
throw,USER:MappingResolutionException,com.legend.resolver,com/legend/resolver/TemporalFrame.java,2686,containsJoinToMilestoned,True,,,USER,,"throw new MappingResolutionException(""getAllForEachDate of '"""
throw,USER:MappingResolutionException,com.legend.resolver,com/legend/resolver/TemporalFrame.java,2691,containsJoinToMilestoned,True,,,USER,,"throw new MappingResolutionException(""getAllForEachDate of the"""
throw,USER:MappingResolutionException,com.legend.resolver,com/legend/resolver/TemporalFrame.java,2697,containsJoinToMilestoned,True,,,USER,,"throw new MappingResolutionException(""getAllForEachDate of '"""
standin,Type.Primitive.*,com.legend.resolver,com/legend/resolver/TemporalFrame.java,2708,containsJoinToMilestoned,True,,,plain,,"ExprType boolT = new ExprType(Type.Primitive.BOOLEAN, one);"
standin,Type.Primitive.*,com.legend.resolver,com/legend/resolver/TemporalFrame.java,2717,containsJoinToMilestoned,True,,,plain,,"new Type.Param(Type.Primitive.BOOLEAN, one)), one));"
op,null_ternary,com.legend.resolver,com/legend/resolver/TemporalFrame.java,2732,containsJoinToMilestoned,True,,,,,var baseMs = baseRoot == null ? null
op,orElse,com.legend.resolver,com/legend/resolver/TemporalFrame.java,2734,containsJoinToMilestoned,True,,,,,.orElse(null);
throw,USER:MappingResolutionException,com.legend.resolver,com/legend/resolver/TemporalFrame.java,2736,containsJoinToMilestoned,True,,,USER,,"throw new MappingResolutionException(""getAllForEachDate of '"""
throw,INTERNAL_JDK:IllegalStateException,com.legend.resolver,com/legend/resolver/TemporalFrame.java,2751,cmpCall,True,,,INTERNAL_JDK,,"throw new IllegalStateException(""resolver bug: expected exactly"""
standin,Type.Primitive.*,com.legend.resolver,com/legend/resolver/TemporalFrame.java,2771,dateCmpCall,True,,,plain,,Type.Primitive.DATE
op,orElseThrow,com.legend.resolver,com/legend/resolver/TemporalFrame.java,2773,dateCmpCall,True,,,,,.findFirst().orElseThrow(() -> new IllegalStateException(
op,orElse,com.legend.resolver,com/legend/resolver/ViewFrames.java,30,ViewFrames,False,,,,,var md = ctx.findLegacyMapping(cs.mappingFqn()).orElse(null);
op,orElse,com.legend.resolver,com/legend/resolver/ViewFrames.java,77,ViewFrames,True,,,,,ctx.findDatabase(database).orElse(null);
comment,fallback,com.legend.resolver,com/legend/resolver/package-info.java,1,,True,,,javadoc,,/** * Phase H &mdash; the StoreResolver: a pure {@code TypedSpec -> TypedSpec} * rewriter between G (type check) and I (SQL lowering) that replaces * object-space class queries with relation pipelines resolved against the * active mapping. 
catch,FALLBACK_RETURN,com.legend.server,com/legend/server/ConnectionResolver.java,40,dead,True,,,SQLException e,,{ return true; }
throw,INTERNAL_JDK:IllegalArgumentException,com.legend.server,com/legend/server/ConnectionResolver.java,57,resolve,False,,,INTERNAL_JDK,,"throw new IllegalArgumentException(""Runtime not found: "" + runtimeName);"
throw,INTERNAL_JDK:IllegalArgumentException,com.legend.server,com/legend/server/ConnectionResolver.java,61,resolve,False,,,INTERNAL_JDK,,throw new IllegalArgumentException(
throw,INTERNAL_JDK:IllegalArgumentException,com.legend.server,com/legend/server/ConnectionResolver.java,66,resolve,False,,,INTERNAL_JDK,,throw new IllegalArgumentException(
throw,INTERNAL_JDK:IllegalArgumentException,com.legend.server,com/legend/server/ConnectionResolver.java,79,resolve,True,,,INTERNAL_JDK,,"throw new IllegalArgumentException(""Connection not found: "" + connectionRef);"
op,default_arrow,com.legend.server,com/legend/server/ConnectionResolver.java,100,connect,False,,,,,"default -> STORE.getOrOpen(contentKey(def),"
op,default_arrow,com.legend.server,com/legend/server/ConnectionResolver.java,107,connect,False,,,,,"default -> STORE.getOrOpen(contentKey(def),"
comment,default,com.legend.server,com/legend/server/ConnectionResolver.java,122,,False,,,line,,// D5: the default arm shared ONE fixed testdb across
op,default_arrow,com.legend.server,com/legend/server/ConnectionResolver.java,126,connect,False,,,,,"default -> ""jdbc:h2:mem:c_"""
throw,INTERNAL_CUSTOM:NotImplementedException,com.legend.server,com/legend/server/ConnectionResolver.java,134,connect,False,,,INTERNAL_CUSTOM,,throw new com.legend.error.NotImplementedException(
op,default_arrow,com.legend.server,com/legend/server/ConnectionResolver.java,140,connect,False,,,,,default -> throw new com.legend.error.NotImplementedException(
throw,INTERNAL_CUSTOM:NotImplementedException,com.legend.server,com/legend/server/ConnectionResolver.java,140,connect,False,,,INTERNAL_CUSTOM,,default -> throw new com.legend.error.NotImplementedException(
throw,INTERNAL_CUSTOM:NotImplementedException,com.legend.server,com/legend/server/ConnectionResolver.java,148,auth,True,,,INTERNAL_CUSTOM,,throw new com.legend.error.NotImplementedException(
op,isEmpty_ternary,com.legend.server,com/legend/server/DiagramService.java,77,extract,False,,,,,"String stereotype = cd.stereotypes().isEmpty() ? """""
op,notnull_ternary,com.legend.server,com/legend/server/DiagramService.java,94,extract,True,,,,,"desc != null ? desc : """","
op,notnull_ternary,com.legend.server,com/legend/server/DiagramService.java,95,extract,True,,,,,"domain != null ? domain : """","
op,default_arrow,com.legend.server,com/legend/server/DiagramService.java,189,typeName,True,,,,,default -> t.toString();
op,isEmpty_ternary,com.legend.server,com/legend/server/DiagramService.java,219,resolve,True,,,,,String samePkg = packageOf(fromFqn).isEmpty() ? name
comment,default,com.legend.server,com/legend/server/Json.java,14,,False,,,javadoc,,"/** * Canonical zero-dependency JSON utility for legend-lite. * * <p><b>Two-parser adjudication (Pile-1 audit, 2026-08-18):</b> this is * the STRICT RFC 8259 boundary parser (Node AST, depth limits, the * rejection set its tests pin) — {@co"
comment,default,com.legend.server,com/legend/server/Json.java,87,,False,,,javadoc,,/** Default maximum nesting depth for parsing. */
comment,default,com.legend.server,com/legend/server/Json.java,92,,False,,,javadoc,,/** * Parser configuration. * * @param maxDepth Maximum nesting depth. Inputs exceeding this throw * {@link IllegalArgumentException}. Default: {@link #DEFAULT_MAX_DEPTH}. */
throw,INTERNAL_JDK:IllegalArgumentException,com.legend.server,com/legend/server/Json.java,102,Config,False,,,INTERNAL_JDK,,"if (maxDepth < 1) throw new IllegalArgumentException(""maxDepth must be >= 1"");"
throw,INTERNAL_JDK:IllegalArgumentException,com.legend.server,com/legend/server/Json.java,119,get,False,,,INTERNAL_JDK,,"if (n == null) throw new IllegalArgumentException(""Missing required field: "" + key);"
comment,default,com.legend.server,com/legend/server/Json.java,123,,False,,,javadoc,,"/** * Return the value for {@code key}, or {@code def} if the field is missing * <em>or</em> present with a JSON null value. Consistent with the typed * {@code *Or} variants (getStringOr, getIntOr, ...) which all treat * both cases as ""use "
throw,INTERNAL_JDK:IllegalArgumentException,com.legend.server,com/legend/server/Json.java,212,ofDouble,False,,,INTERNAL_JDK,,"throw new IllegalArgumentException(""JSON cannot represent NaN or Infinity"");"
throw,INTERNAL_JDK:IllegalArgumentException,com.legend.server,com/legend/server/Json.java,286,of,False,,,INTERNAL_JDK,,"throw new IllegalArgumentException(""JSON object keys must be strings, got """
op,null_ternary,com.legend.server,com/legend/server/Json.java,287,of,False,,,,,"+ (e.getKey() == null ? ""null"" : e.getKey().getClass().getSimpleName()));"
throw,INTERNAL_JDK:IllegalArgumentException,com.legend.server,com/legend/server/Json.java,304,of,True,,,INTERNAL_JDK,,"throw new IllegalArgumentException(""Cannot coerce to JSON node: "" + v.getClass().getName());"
throw,INTERNAL_JDK:IllegalArgumentException,com.legend.server,com/legend/server/Json.java,350,writeValue,False,,,INTERNAL_JDK,,"throw new IllegalArgumentException(""JSON object keys must be strings, got """
op,null_ternary,com.legend.server,com/legend/server/Json.java,351,writeValue,False,,,,,"+ (e.getKey() == null ? ""null"" : e.getKey().getClass().getSimpleName()));"
throw,INTERNAL_JDK:IllegalArgumentException,com.legend.server,com/legend/server/Json.java,372,writeValue,False,,,INTERNAL_JDK,,"throw new IllegalArgumentException(""Cannot serialize to JSON: "" + v.getClass().getName());"
throw,INTERNAL_JDK:IllegalStateException,com.legend.server,com/legend/server/Json.java,462,endObject,False,,,INTERNAL_JDK,,"if (f.kind != Kind.OBJECT) throw new IllegalStateException(""endObject without matching beginObject"");"
throw,INTERNAL_JDK:IllegalStateException,com.legend.server,com/legend/server/Json.java,480,endArray,False,,,INTERNAL_JDK,,"if (f.kind != Kind.ARRAY) throw new IllegalStateException(""endArray without matching beginArray"");"
throw,INTERNAL_JDK:IllegalStateException,com.legend.server,com/legend/server/Json.java,492,name,False,,,INTERNAL_JDK,,"if (f == null || f.kind != Kind.OBJECT) throw new IllegalStateException(""name() only valid inside an object"");"
throw,INTERNAL_JDK:IllegalArgumentException,com.legend.server,com/legend/server/Json.java,558,writeDouble,False,,,INTERNAL_JDK,,"throw new IllegalArgumentException(""JSON cannot represent NaN or Infinity"");"
throw,INTERNAL_JDK:IllegalStateException,com.legend.server,com/legend/server/Json.java,580,toString,False,,,INTERNAL_JDK,,"if (!stack.isEmpty()) throw new IllegalStateException(""JSON writer has unclosed containers: "" + stack.size());"
throw,INTERNAL_JDK:IllegalStateException,com.legend.server,com/legend/server/Json.java,582,toString,False,,,INTERNAL_JDK,,"throw new IllegalStateException(""toString() only supported for StringBuilder-backed Writers"");"
catch,RETHROW,com.legend.server,com/legend/server/Json.java,611,append,False,,,IOException e,,{ throw new UncheckedIOException(e); }
throw,INTERNAL_JDK:UncheckedIOException,com.legend.server,com/legend/server/Json.java,612,append,False,,,INTERNAL_JDK,,throw new UncheckedIOException(e);
catch,RETHROW,com.legend.server,com/legend/server/Json.java,619,append,False,,,IOException e,,{ throw new UncheckedIOException(e); }
throw,INTERNAL_JDK:UncheckedIOException,com.legend.server,com/legend/server/Json.java,620,append,False,,,INTERNAL_JDK,,throw new UncheckedIOException(e);
catch,RETHROW,com.legend.server,com/legend/server/Json.java,650,escapeTo,False,,,IOException e,,{ throw new UncheckedIOException(e); }
throw,INTERNAL_JDK:UncheckedIOException,com.legend.server,com/legend/server/Json.java,651,escapeTo,False,,,INTERNAL_JDK,,throw new UncheckedIOException(e);
throw,INTERNAL_JDK:IllegalArgumentException,com.legend.server,com/legend/server/Json.java,663,escapeTo,False,,,INTERNAL_JDK,,"if (i >= s.length()) throw new IllegalArgumentException(""Bad escape at end of string"");"
throw,INTERNAL_JDK:IllegalArgumentException,com.legend.server,com/legend/server/Json.java,675,escapeTo,False,,,INTERNAL_JDK,,"if (i + 4 > s.length()) throw new IllegalArgumentException(""Bad unicode escape"");"
op,default_arrow,com.legend.server,com/legend/server/Json.java,679,escapeTo,False,,,,,"default -> throw new IllegalArgumentException(""Invalid escape: \\"" + e);"
throw,INTERNAL_JDK:IllegalArgumentException,com.legend.server,com/legend/server/Json.java,679,escapeTo,False,,,INTERNAL_JDK,,"default -> throw new IllegalArgumentException(""Invalid escape: \\"" + e);"
comment,default,com.legend.server,com/legend/server/Json.java,687,,False,,,javadoc,,"/** Parse a JSON string. Equivalent to {@code parse(text, Config.DEFAULT)}. */"
throw,INTERNAL_JDK:IllegalArgumentException,com.legend.server,com/legend/server/Json.java,712,parseObject,False,,,INTERNAL_JDK,,"throw new IllegalArgumentException(""Expected top-level JSON object, got "" + n.getClass().getSimpleName());"
throw,INTERNAL_JDK:IllegalArgumentException,com.legend.server,com/legend/server/Json.java,721,parseObject,False,,,INTERNAL_JDK,,"throw new IllegalArgumentException(""Expected top-level JSON object, got "" + n.getClass().getSimpleName());"
catch,RETHROW,com.legend.server,com/legend/server/Json.java,732,slurp,False,,,IOException e,,{ throw new UncheckedIOException(e); }
throw,INTERNAL_JDK:UncheckedIOException,com.legend.server,com/legend/server/Json.java,733,slurp,False,,,INTERNAL_JDK,,throw new UncheckedIOException(e);
op,default_arrow,com.legend.server,com/legend/server/Json.java,760,slurp,False,,,,,default -> parseNumber();
op,default_arrow,com.legend.server,com/legend/server/Json.java,833,slurp,False,,,,,"default -> throw error(""Invalid escape: \\"" + e);"
catch,SWALLOWED,com.legend.server,com/legend/server/LegendHttpServer.java,95,handle,False,,,Exception e,,"{ sendResponse(exchange, 500, ""{\""error\"":\"""" + Json.escape(e.getMessage()) + ""\""}""); }"
op,instanceof_else_default,com.legend.server,com/legend/server/LegendHttpServer.java,168,handle,True,,,,,"response.put(""rowCount"", data instanceof Json.Arr a"
catch,LOG_CONTINUE,com.legend.server,com/legend/server/LegendHttpServer.java,173,handle,True,,,Exception e,,"{ e.printStackTrace(); Map<String, Object> response = new LinkedHashMap<>(); response.put(""success"", false); response.put(""error"", e.getMessage()); sendResponse(exchange, 200, Json.toCompact(response)); }"
catch,LOG_CONTINUE,com.legend.server,com/legend/server/LegendHttpServer.java,245,handle,False,,,Exception e,,"{ e.printStackTrace(); Map<String, Object> response = new LinkedHashMap<>(); response.put(""success"", false); response.put(""error"", e.getMessage()); sendResponse(exchange, 200, Json.toCompact(response)); }"
catch,LOG_CONTINUE,com.legend.server,com/legend/server/LegendHttpServer.java,382,handle,False,,,Throwable e,,"{ System.err.println(""DiagramHandler error: "" + e); e.printStackTrace(System.err); System.err.flush(); try { sendResponse(exchange, 500, ""{\""error\"":\"""" + Json.escape(e.getMessage()) + ""\""}""); } catch (Throwable ignore) { // response alread"
catch,SWALLOWED_EMPTY,com.legend.server,com/legend/server/LegendHttpServer.java,388,handle,False,,,Throwable ignore,,{ // response already committed }
catch,LOG_CONTINUE,com.legend.server,com/legend/server/LegendHttpServer.java,423,main,False,,,NumberFormatException e,,"{ System.err.println(""Invalid PORT env var: "" + envPort); }"
catch,LOG_CONTINUE,com.legend.server,com/legend/server/LegendHttpServer.java,430,main,False,,,NumberFormatException e,,"{ System.err.println(""Invalid port: "" + args[0]); }"
catch,FALLBACK_RETURN,com.legend.server,com/legend/server/PureLspServer.java,29,handleMessage,False,,,IllegalArgumentException e,,"{ return List.of(errorResponse(null, -32700, ""Parse error"")); }"
op,default_arrow,com.legend.server,com/legend/server/PureLspServer.java,50,handleMessage,False,,,,,default -> {
catch,FALLBACK_RETURN,com.legend.server,com/legend/server/PureLspServer.java,57,handleMessage,False,,,Exception e,,"{ return List.of(errorResponse(id, -32603, ""Internal error: "" + e.getMessage())); }"
catch,SWALLOWED,com.legend.server,com/legend/server/PureLspServer.java,147,rebuildAndPublishAll,False,,,Exception e,,"{ fileErrors.put(entry.getKey(), e); }"
catch,SWALLOWED_EMPTY,com.legend.server,com/legend/server/PureLspServer.java,191,createDiagnosticsForError,False,,,NumberFormatException ignored,,"{ // no parseable line/col in the message — the quoted-name // scan below still finds a position; 0,0 is the floor }"
op,notnull_ternary,com.legend.server,com/legend/server/PureLspServer.java,224,createDiagnosticsForError,False,,,,,"diagnostic.put(""message"", message != null ? message : ""Compilation error"");"
throw,INTERNAL_JDK:IllegalArgumentException,com.legend.server.serial,com/legend/server/serial/SerializerRegistry.java,48,get,False,,,INTERNAL_JDK,,"throw new IllegalArgumentException(""Unknown serialization format: "" + formatId +"
op,isEmpty_ternary,com.legend.sql,com/legend/sql/DecodeShapes.java,37,flattenDecode,False,,,,,return out.isEmpty() ? Optional.empty() : Optional.of(out);
op,isEmpty_ternary,com.legend.sql,com/legend/sql/DecodeShapes.java,41,flattenDecode,False,,,,,return cur instanceof SqlExpr.NullLit && !out.isEmpty()
op,ofNullable,com.legend.sql,com/legend/sql/DecodeShapes.java,66,sourceExpr,False,,,,,return Optional.ofNullable(src);
op,null_ternary,com.legend.sql,com/legend/sql/DecodeShapes.java,124,stripDecodes,True,,,,,SqlExpr ow = cs.otherwise() == null ? null
op,default_arrow,com.legend.sql,com/legend/sql/DecodeShapes.java,138,stripDecodes,True,,,,,default -> {
throw,INTERNAL_JDK:IllegalStateException,com.legend.sql,com/legend/sql/Json.java,44,Json,False,,,INTERNAL_JDK,,"throw new IllegalStateException(""trailing JSON at "" + p.i);"
op,default_arrow,com.legend.sql,com/legend/sql/Json.java,68,Json,False,,,,,default -> num();
op,default_arrow,com.legend.sql,com/legend/sql/Json.java,164,unescapeString,False,,,,,default -> b.append(e);   // drop-backslash
comment,default,com.legend.sql,com/legend/sql/SqlAgg.java,48,,False,,,line,,// NO short overload of the SEMANTIC fields: a defaulted orderBy
op,isEmpty_ternary,com.legend.sql,com/legend/sql/SqlAgg.java,54,marker,False,,,,,"type = SqlTyping.reducerType(fn, args.isEmpty()"
comment,fallback,com.legend.sql,com/legend/sql/SqlExpr.java,6,,False,,,javadoc,,"/** * Scalar SQL expressions &mdash; sealed, immutable, data-only. Function calls * ({@link Call}) carry SEMANTIC names; the dialect owns the SQL spelling * (an unknown semantic name is a loud rendering error, never a fallback). */"
comment,default,com.legend.sql,com/legend/sql/SqlExpr.java,26,,False,,,javadoc,,"/** * The DIRECT {@link SqlExpr} children, in rebuild order — the ONE * structural-recursion contract every expression walker shares. The * switch is EXHAUSTIVE with no default arm: a new variant fails * compilation HERE (and in {@link #wit"
op,null_ternary,com.legend.sql,com/legend/sql/SqlExpr.java,169,,False,,,,,"yield new Case(ws, old.otherwise() == null ? null : cs.get(i));"
comment,default,com.legend.sql,com/legend/sql/SqlExpr.java,213,,False,,,javadoc,,"/** * Identity-preserving one-level rewrite: {@code f} over each direct * child, reassembled through {@link #withChildren} only when a child * actually changed. Walkers recurse by calling this from their own * default arm — a variant they d"
comment,default,com.legend.sql,com/legend/sql/SqlExpr.java,235,,False,,,javadoc,,"/** * The expression's TYPE FACT (TYPED_SQL_IR.md §2) — {@code Typed}, * {@code Bottom} (the NULL value) or {@code Unknown} — STORED as a * record component on every node, immutable with the tree. * Compositions compute it ONCE in the canon"
comment,default,com.legend.sql,com/legend/sql/SqlExpr.java,312,,True,,,javadoc,,/** M1 leaf default — the builder supplies the type in M2. */
op,orElseGet,com.legend.sql,com/legend/sql/SqlExpr.java,344,of,True,,,,,".orElseGet(() -> new Column(table, name));"
op,instanceof_else_default,com.legend.sql,com/legend/sql/SqlExpr.java,356,param,True,,,,,&& t.type() instanceof SqlType.Array at
op,null_ternary,com.legend.sql,com/legend/sql/SqlExpr.java,778,JsonObject,False,,,,,orderKeys = orderKeys == null ? List.of() : List.copyOf(orderKeys);
comment,default,com.legend.sql,com/legend/sql/SqlExpr.java,802,,False,,,javadoc,,/** {@code frame} null = no explicit frame clause (dialect default). */
comment,default,com.legend.sql,com/legend/sql/SqlExpr.java,849,,False,,,javadoc,,/** M1 leaf default — parameter typing is M2 (a lambda is not a * value; consumers read its BODY through the per-function * rules). */
op,default_arrow,com.legend.sql,com/legend/sql/SqlFn.java,107,producesList,False,,,,,default -> false;
comment,default,com.legend.sql,com/legend/sql/SqlRewriter.java,6,,True,,,javadoc,,"/** * Structural MIR&rarr;MIR rewriter (remediation T3.2 step 3) &mdash; the SQL * layer's analog of {@code TypedSpec.mapChildren}: a bottom-up deep map with * identity preservation, so a pass overrides only the node hooks it cares * about "
comment,default,com.legend.sql,com/legend/sql/SqlRewriter.java,20,,False,,,line,,// ---- hooks (post-children; default identity) ----
op,null_ternary,com.legend.sql,com/legend/sql/SqlRewriter.java,48,rewrite,False,,,,,SqlExpr w = s.where() == null ? null : rewriteExpr(s.where());
op,null_ternary,com.legend.sql,com/legend/sql/SqlRewriter.java,50,rewrite,False,,,,,SqlExpr h = s.having() == null ? null : rewriteExpr(s.having());
op,null_ternary,com.legend.sql,com/legend/sql/SqlRewriter.java,51,rewrite,False,,,,,SqlExpr ql = s.qualify() == null ? null : rewriteExpr(s.qualify());
op,null_ternary,com.legend.sql,com/legend/sql/SqlRewriter.java,95,rewriteSource,True,,,,,SqlExpr on = j.on() == null ? null : rewriteExpr(j.on());
op,null_ternary,com.legend.sql,com/legend/sql/SqlRewriter.java,185,rewriteExpr,False,,,,,SqlExpr ot = cs.otherwise() == null ? null
op,null_ternary,com.legend.sql,com/legend/sql/SqlRewriter.java,304,mapList,False,,,,,return out == null ? xs : out;
op,notnull_ternary,com.legend.sql,com/legend/sql/SqlSelect.java,56,Projection,True,,,,,return alias != null ? alias
op,instanceof_else_default,com.legend.sql,com/legend/sql/SqlSelect.java,57,Projection,True,,,,,: expr instanceof SqlExpr.Column c ? c.name() : null;
comment,default,com.legend.sql,com/legend/sql/SqlSelect.java,62,,True,,,javadoc,,"/** One ORDER BY key; {@code nullOrder} null = dialect default. * {@code outputName} — the projected TDS column a COLUMN-NAME-keyed * sort addresses; engine text spells it ({@code order by ""name"" * asc}), execution dialects render {@code ex"
comment,default,com.legend.sql,com/legend/sql/SqlSelect.java,70,,True,,,line,,// NO short overload: a defaulted outputName silently de-addressed a
throw,INTERNAL_JDK:IllegalStateException,com.legend.sql,com/legend/sql/SqlSource.java,76,alias,False,,,INTERNAL_JDK,,throw new IllegalStateException(
comment,default,com.legend.sql,com/legend/sql/SqlSource.java,98,,False,,,line,,// NO short overload: a defaulted frameName silently anonymized a
throw,INTERNAL_JDK:IllegalArgumentException,com.legend.sql,com/legend/sql/SqlSource.java,133,outputs,False,,,INTERNAL_JDK,,throw new IllegalArgumentException(
throw,INTERNAL_JDK:IllegalArgumentException,com.legend.sql,com/legend/sql/SqlSource.java,137,outputs,False,,,INTERNAL_JDK,,throw new IllegalArgumentException(
throw,INTERNAL_JDK:IllegalStateException,com.legend.sql,com/legend/sql/SqlSource.java,143,alias,False,,,INTERNAL_JDK,,throw new IllegalStateException(
op,null_ternary,com.legend.sql,com/legend/sql/SqlTyping.java,165,typed,False,,,,,return os == null ? outputs : List.copyOf(os);
op,null_ternary,com.legend.sql,com/legend/sql/SqlTyping.java,225,typed,True,,,,,return os == null ? outputs : List.copyOf(os);
op,isEmpty_ternary,com.legend.sql,com/legend/sql/SqlTyping.java,348,callType,False,,,,,case LIST_SUM -> a.isEmpty() ? UNKNOWN
op,isEmpty_ternary,com.legend.sql,com/legend/sql/SqlTyping.java,350,callType,False,,,,,case LIST_AVG -> a.isEmpty() ? UNKNOWN
op,isEmpty_ternary,com.legend.sql,com/legend/sql/SqlTyping.java,352,callType,False,,,,,case LIST_MEDIAN -> a.isEmpty() ? UNKNOWN
op,isEmpty_ternary,com.legend.sql,com/legend/sql/SqlTyping.java,354,callType,False,,,,,case LIST_MODE -> a.isEmpty() ? UNKNOWN
op,instanceof_else_default,com.legend.sql,com/legend/sql/SqlTyping.java,367,callType,False,,,,,&& lam.body().type() instanceof TypeFact.Typed bt
op,isEmpty_ternary,com.legend.sql,com/legend/sql/SqlTyping.java,374,callType,True,,,,,"case MAP_EXTRACT, MAP_VALUES -> a.isEmpty() ? UNKNOWN"
op,instanceof_else_default,com.legend.sql,com/legend/sql/SqlTyping.java,376,callType,True,,,,,&& t.type() instanceof SqlType.Map m
op,isEmpty_ternary,com.legend.sql,com/legend/sql/SqlTyping.java,378,callType,True,,,,,case MAP_KEYS -> a.isEmpty() ? UNKNOWN
op,instanceof_else_default,com.legend.sql,com/legend/sql/SqlTyping.java,380,callType,True,,,,,&& t.type() instanceof SqlType.Map m
op,isEmpty_ternary,com.legend.sql,com/legend/sql/SqlTyping.java,408,callType,True,,,,,a.isEmpty() ? UNKNOWN : arrayPass(a.get(0).type());
op,isEmpty_ternary,com.legend.sql,com/legend/sql/SqlTyping.java,411,callType,False,,,,,a.isEmpty() ? UNKNOWN : element(a.get(0).type());
op,isEmpty_ternary,com.legend.sql,com/legend/sql/SqlTyping.java,416,callType,False,,,,,a.isEmpty() ? UNKNOWN : element(a.get(0).type());
op,instanceof_else_default,com.legend.sql,com/legend/sql/SqlTyping.java,442,callType,True,,,,,&& outer.element() instanceof SqlType.Array inner
op,instanceof_else_default,com.legend.sql,com/legend/sql/SqlTyping.java,457,callType,True,,,,,yield lam.body().type() instanceof TypeFact.Typed bt
op,default_arrow,com.legend.sql,com/legend/sql/SqlTyping.java,470,callType,False,SUSPICIOUS,UNPROVEN,,"callType default -> UNKNOWN TypeFact (self-describes as ""counted, never guessed"")",default -> UNKNOWN;
op,notnull_ternary,com.legend.sql,com/legend/sql/SqlTyping.java,505,arithType,False,,,,,yield dec != null ? dec : numericPromotion(a);
op,notnull_ternary,com.legend.sql,com/legend/sql/SqlTyping.java,509,arithType,False,,,,,yield dec != null ? dec : numericPromotion(a);
op,notnull_ternary,com.legend.sql,com/legend/sql/SqlTyping.java,520,arithType,False,,,,,yield dec != null ? dec : numericPromotion(a);
op,instanceof_else_default,com.legend.sql,com/legend/sql/SqlTyping.java,556,arithType,True,,,,,yield f instanceof TypeFact.Typed t
op,default_arrow,com.legend.sql,com/legend/sql/SqlTyping.java,584,arithType,True,,,,,default -> throw new IllegalStateException(
throw,INTERNAL_JDK:IllegalStateException,com.legend.sql,com/legend/sql/SqlTyping.java,584,arithType,True,,,INTERNAL_JDK,,default -> throw new IllegalStateException(
op,default_arrow,com.legend.sql,com/legend/sql/SqlTyping.java,615,bitOpType,False,,,,,default -> UNKNOWN;
op,instanceof_else_default,com.legend.sql,com/legend/sql/SqlTyping.java,682,arrayLitType,True,,,,,"return uniform(elements, UNKNOWN) instanceof TypeFact.Typed t"
op,instanceof_else_default,com.legend.sql,com/legend/sql/SqlTyping.java,754,checkedOneType,True,,,,,&& t.type() instanceof SqlType.Array at
comment,default,com.legend.sql,com/legend/sql/SqlTyping.java,779,,False,,,javadoc,,"/** {@link SqlExpr.WindowCall} — a windowed {@link SqlAgg.Reducer} * keeps its own promotion (probed: sum/avg/count/min OVER () match * the grouped results). Ranking kinds PROBED on the reference jar * (DuckDB 1.5.0, 2026-08-25): row_number"
op,default_arrow,com.legend.sql,com/legend/sql/SqlTyping.java,793,windowType,False,,,,,default -> UNKNOWN;
op,isEmpty_ternary,com.legend.sql,com/legend/sql/SqlTyping.java,795,windowType,False,,,,,case SqlAgg.ValueFn vf -> vf.args().isEmpty()
op,default_arrow,com.legend.sql,com/legend/sql/SqlTyping.java,845,reducerType,True,,,,,default -> {
op,instanceof_else_default,com.legend.sql,com/legend/sql/SqlTyping.java,871,reducerType,True,,,,,yield t instanceof SqlType.Decimal d
op,default_arrow,com.legend.sql,com/legend/sql/SqlTyping.java,905,reducerType,True,SUSPICIOUS,UNPROVEN,,reducerType default -> UNKNOWN TypeFact,default -> UNKNOWN;
op,instanceof_else_default,com.legend.sql,com/legend/sql/SqlTyping.java,915,reduceCollectionType,True,,,,,&& t.type() instanceof SqlType.Array at
op,instanceof_else_default,com.legend.sql,com/legend/sql/SqlTyping.java,941,element,True,,,,,&& t.type() instanceof SqlType.Array at
op,default_arrow,com.legend.sql,com/legend/sql/SqlTyping.java,1074,numericPromotion,False,,,,,default -> UNKNOWN;
review,type-decision-site,com.legend.sql,com/legend/sql/SqlTyping.java,1201,,True,VIOLATION,PROVEN-REACHED,hand-reviewed,"decimalLitType RE-INFERS a >38-digit Decimal literal to T_DOUBLE, contradicting the frontend Decimal(38,s) stamp",
throw,INTERNAL_JDK:IllegalArgumentException,com.legend.sql,com/legend/sql/SqlUnion.java,18,,True,,,INTERNAL_JDK,,"throw new IllegalArgumentException(""a union needs at least two branches"");"
comment,TODO,com.legend.sql.dialect,com/legend/sql/dialect/AnsiSqlRenderer.java,17,,False,,,javadoc,,"/** * The ANSI-standard renderer — the base every dialect extends * (PHASE_HIJ_LOWERING.md ""Dialect architecture""). The IR carries MEANING with * Pure conventions; this class renders everything standard SQL can express * and exposes GROUPED"
throw,INTERNAL_JDK:IllegalStateException,com.legend.sql.dialect,com/legend/sql/dialect/AnsiSqlRenderer.java,132,select,False,,,INTERNAL_JDK,,"throw new IllegalStateException(""QUALIFY reached a writer without"""
op,isEmpty_ternary,com.legend.sql.dialect,com/legend/sql/dialect/AnsiSqlRenderer.java,139,select,False,,,,,sb.append(s.projections().isEmpty()
throw,INTERNAL_CUSTOM:DialectCapability,com.legend.sql.dialect,com/legend/sql/dialect/AnsiSqlRenderer.java,176,sourceUrl,False,,,INTERNAL_CUSTOM,,"throw new DialectCapability(""sourceUrl reached a dialect without"""
throw,INTERNAL_CUSTOM:DialectCapability,com.legend.sql.dialect,com/legend/sql/dialect/AnsiSqlRenderer.java,187,appendQualify,False,,,INTERNAL_CUSTOM,,"throw new DialectCapability(""QUALIFY reached a dialect without native support"");"
op,null_ternary,com.legend.sql.dialect,com/legend/sql/dialect/AnsiSqlRenderer.java,195,projection,False,,,,,"return p.alias() == null ? e : e + "" AS "" + ident(p.alias());"
throw,INTERNAL_JDK:IllegalStateException,com.legend.sql.dialect,com/legend/sql/dialect/AnsiSqlRenderer.java,213,source,False,,,INTERNAL_JDK,,case SqlSource.Dual d -> throw new IllegalStateException(
throw,INTERNAL_CUSTOM:DialectCapability,com.legend.sql.dialect,com/legend/sql/dialect/AnsiSqlRenderer.java,279,pivotSource,True,,,INTERNAL_CUSTOM,,"throw new DialectCapability(""pivot reached a dialect without a PIVOT strategy"");"
throw,INTERNAL_CUSTOM:DialectCapability,com.legend.sql.dialect,com/legend/sql/dialect/AnsiSqlRenderer.java,284,asOfJoinClause,False,,,INTERNAL_CUSTOM,,"throw new DialectCapability(""asOfJoin reached a dialect without an AS-OF strategy"");"
throw,INTERNAL_JDK:IllegalStateException,com.legend.sql.dialect,com/legend/sql/dialect/AnsiSqlRenderer.java,368,expr,True,,,INTERNAL_JDK,,case SqlExpr.TempTableInSplice t -> throw new IllegalStateException(
throw,INTERNAL_JDK:IllegalStateException,com.legend.sql.dialect,com/legend/sql/dialect/AnsiSqlRenderer.java,372,expr,False,,,INTERNAL_JDK,,case SqlExpr.PlanParam p -> throw new IllegalStateException(
op,null_ternary,com.legend.sql.dialect,com/legend/sql/dialect/AnsiSqlRenderer.java,376,expr,True,,,,,"case SqlExpr.RowOrder r -> (r.table() == null ? """""
op,null_ternary,com.legend.sql.dialect,com/legend/sql/dialect/AnsiSqlRenderer.java,378,expr,True,,,,,case SqlExpr.Column c -> c.table() == null
op,null_ternary,com.legend.sql.dialect,com/legend/sql/dialect/AnsiSqlRenderer.java,380,expr,True,,,,,"case SqlExpr.Star s -> s.table() == null ? ""*"" : ident(s.table()) + "".*"";"
op,null_ternary,com.legend.sql.dialect,com/legend/sql/dialect/AnsiSqlRenderer.java,383,expr,False,,,,,"case SqlExpr.StarExcept se -> (se.table() == null ? ""*"" : ident(se.table()) + "".*"")"
throw,INTERNAL_JDK:IllegalStateException,com.legend.sql.dialect,com/legend/sql/dialect/AnsiSqlRenderer.java,426,expr,True,,,INTERNAL_JDK,,case SqlExpr.DeferredTdsString d -> throw new IllegalStateException(
throw,INTERNAL_CUSTOM:DialectCapability,com.legend.sql.dialect,com/legend/sql/dialect/AnsiSqlRenderer.java,461,membership,False,,,INTERNAL_CUSTOM,,"throw new DialectCapability(""collection membership reached a"""
throw,INTERNAL_CUSTOM:DialectCapability,com.legend.sql.dialect,com/legend/sql/dialect/AnsiSqlRenderer.java,466,reduceCollection,False,,,INTERNAL_CUSTOM,,"throw new DialectCapability(""collection reduction '"" + rc.reducer()"
op,isEmpty_ternary,com.legend.sql.dialect,com/legend/sql/dialect/AnsiSqlRenderer.java,486,jsonArrayAgg,False,,,,,return j.orderKeys().isEmpty()
throw,INTERNAL_JDK:IllegalStateException,com.legend.sql.dialect,com/legend/sql/dialect/AnsiSqlRenderer.java,536,call,False,,,INTERNAL_JDK,,"throw new IllegalStateException(""infix operator fell through: "" + c.fn());"
op,default_arrow,com.legend.sql.dialect,com/legend/sql/dialect/AnsiSqlRenderer.java,676,call,False,,,,,default -> throw new IllegalStateException(
throw,INTERNAL_JDK:IllegalStateException,com.legend.sql.dialect,com/legend/sql/dialect/AnsiSqlRenderer.java,676,call,False,,,INTERNAL_JDK,,default -> throw new IllegalStateException(
throw,INTERNAL_CUSTOM:DialectCapability,com.legend.sql.dialect,com/legend/sql/dialect/AnsiSqlRenderer.java,687,hashSigned,True,,,INTERNAL_CUSTOM,,"throw new DialectCapability(""signed 64-bit hashCode reached a dialect without a spelling"");"
throw,INTERNAL_CUSTOM:DialectCapability,com.legend.sql.dialect,com/legend/sql/dialect/AnsiSqlRenderer.java,692,roundHalfEven,True,,,INTERNAL_CUSTOM,,"throw new DialectCapability(""banker's ROUND reached a dialect without a spelling"");"
throw,INTERNAL_CUSTOM:DialectCapability,com.legend.sql.dialect,com/legend/sql/dialect/AnsiSqlRenderer.java,696,bitOp,False,,,INTERNAL_CUSTOM,,"throw new DialectCapability(fnName + "" reached a dialect without bit-op support"");"
throw,INTERNAL_CUSTOM:DialectCapability,com.legend.sql.dialect,com/legend/sql/dialect/AnsiSqlRenderer.java,701,variantConstruct,False,,,INTERNAL_CUSTOM,,"throw new DialectCapability(""toVariant reached a dialect without JSON support"");"
throw,INTERNAL_CUSTOM:DialectCapability,com.legend.sql.dialect,com/legend/sql/dialect/AnsiSqlRenderer.java,706,foldCall,False,,,INTERNAL_CUSTOM,,"throw new DialectCapability(""fold reached a dialect without a fold encoding"");"
throw,INTERNAL_CUSTOM:DialectCapability,com.legend.sql.dialect,com/legend/sql/dialect/AnsiSqlRenderer.java,715,listExists,False,,,INTERNAL_CUSTOM,,"throw new DialectCapability(""collection exists reached a dialect"""
throw,INTERNAL_CUSTOM:DialectCapability,com.legend.sql.dialect,com/legend/sql/dialect/AnsiSqlRenderer.java,722,allDistinct,False,,,INTERNAL_CUSTOM,,"throw new DialectCapability(""collection isDistinct reached a"""
throw,INTERNAL_CUSTOM:DialectCapability,com.legend.sql.dialect,com/legend/sql/dialect/AnsiSqlRenderer.java,728,listForAll,False,,,INTERNAL_CUSTOM,,"throw new DialectCapability(""collection forAll reached a dialect"""
throw,INTERNAL_CUSTOM:DialectCapability,com.legend.sql.dialect,com/legend/sql/dialect/AnsiSqlRenderer.java,734,listCall,False,,,INTERNAL_CUSTOM,,"throw new DialectCapability(fn + "" reached a dialect without a list encoding"");"
throw,INTERNAL_CUSTOM:DialectCapability,com.legend.sql.dialect,com/legend/sql/dialect/AnsiSqlRenderer.java,739,unnestProjection,False,,,INTERNAL_CUSTOM,,"throw new DialectCapability(""UNNEST reached a dialect without an unnest placement"");"
throw,INTERNAL_CUSTOM:DialectCapability,com.legend.sql.dialect,com/legend/sql/dialect/AnsiSqlRenderer.java,744,variantElements,False,,,INTERNAL_CUSTOM,,"throw new DialectCapability(""variant navigation reached a dialect without JSON support"");"
throw,INTERNAL_CUSTOM:DialectCapability,com.legend.sql.dialect,com/legend/sql/dialect/AnsiSqlRenderer.java,749,variantGet,False,,,INTERNAL_CUSTOM,,"throw new DialectCapability(""variant navigation reached a dialect without JSON support"");"
throw,INTERNAL_CUSTOM:DialectCapability,com.legend.sql.dialect,com/legend/sql/dialect/AnsiSqlRenderer.java,754,lambda,True,,,INTERNAL_CUSTOM,,"throw new DialectCapability(""a lambda reached a dialect without lambda support"");"
op,isEmpty_ternary,com.legend.sql.dialect,com/legend/sql/dialect/AnsiSqlRenderer.java,827,reducer,False,,,,,"String args = r.args().isEmpty() ? ""*"" : list(r.args());"
op,isEmpty_ternary,com.legend.sql.dialect,com/legend/sql/dialect/AnsiSqlRenderer.java,830,reducer,False,,,,,"String order = r.orderBy().isEmpty() ? """" : "" ORDER BY """
comment,default,com.legend.sql.dialect,com/legend/sql/dialect/AnsiSqlRenderer.java,840,,False,,,javadoc,,/** A key with DECLARED null placement keeps it inside the aggregate * (pure null-largest sorts hoisted into toString — witness PCT * testRange_..._WithOrderByDESC: DESC NULLS FIRST died here and * nulls sank to the backend default); legacy
op,null_ternary,com.legend.sql.dialect,com/legend/sql/dialect/AnsiSqlRenderer.java,848,aggOrderNullPlacement,False,,,,,"return k.nullOrder() == null ? """""
throw,INTERNAL_CUSTOM:DialectCapability,com.legend.sql.dialect,com/legend/sql/dialect/AnsiSqlRenderer.java,901,arrayLit,False,,,INTERNAL_CUSTOM,,"throw new DialectCapability(""an array literal reached a dialect without array support"");"
throw,INTERNAL_CUSTOM:DialectCapability,com.legend.sql.dialect,com/legend/sql/dialect/AnsiSqlRenderer.java,905,structLit,False,,,INTERNAL_CUSTOM,,"throw new DialectCapability(""a struct literal reached a dialect without struct support"");"
throw,INTERNAL_CUSTOM:DialectCapability,com.legend.sql.dialect,com/legend/sql/dialect/AnsiSqlRenderer.java,909,structGet,True,,,INTERNAL_CUSTOM,,"throw new DialectCapability(""a struct extraction reached a dialect without struct support"");"
throw,INTERNAL_JDK:IllegalStateException,com.legend.sql.dialect,com/legend/sql/dialect/AnsiSqlRenderer.java,919,castTypeName,True,,,INTERNAL_JDK,,"throw new IllegalStateException(s + "" cast reached a"""
throw,INTERNAL_CUSTOM:DialectCapability,com.legend.sql.dialect,com/legend/sql/dialect/AnsiSqlRenderer.java,931,castTypeName,True,,,INTERNAL_CUSTOM,,throw new DialectCapability(
op,null_ternary,com.legend.sql.dialect,com/legend/sql/dialect/CarrierStrategies.java,81,select,False,,,,,.withWhere(s.where() == null ? anti
op,default_arrow,com.legend.sql.dialect,com/legend/sql/dialect/CarrierStrategies.java,198,source,False,,,,,default -> {
op,null_ternary,com.legend.sql.dialect,com/legend/sql/dialect/CarrierStrategies.java,217,source,False,,,,,where = where == null ? c
op,default_arrow,com.legend.sql.dialect,com/legend/sql/dialect/CarrierStrategies.java,252,source,True,,,,,default -> null;
op,default_arrow,com.legend.sql.dialect,com/legend/sql/dialect/CarrierStrategies.java,306,litText,False,,,,,default -> v.toString();
op,null_ternary,com.legend.sql.dialect,com/legend/sql/dialect/CarrierStrategies.java,661,expr,False,,,,,sel.where() == null ? pred
op,default_arrow,com.legend.sql.dialect,com/legend/sql/dialect/CarrierStrategies.java,687,expr,False,,,,,default -> null;
op,null_ternary,com.legend.sql.dialect,com/legend/sql/dialect/CarrierStrategies.java,830,expr,True,,,,,SqlExpr tv = transform == null ? vRead
op,null_ternary,com.legend.sql.dialect,com/legend/sql/dialect/CarrierStrategies.java,909,expr,True,,,,,SqlExpr tv = transform == null ? vRead
op,null_ternary,com.legend.sql.dialect,com/legend/sql/dialect/CarrierStrategies.java,955,concatJoin,False,,,,,SqlExpr v = transform == null ? e
op,null_ternary,com.legend.sql.dialect,com/legend/sql/dialect/CarrierStrategies.java,958,concatJoin,False,,,,,out = out == null ? v
op,null_ternary,com.legend.sql.dialect,com/legend/sql/dialect/CarrierStrategies.java,1138,litFold,False,,,,,allNull = allNull == null ? isNull
op,null_ternary,com.legend.sql.dialect,com/legend/sql/dialect/CarrierStrategies.java,1143,litFold,False,,,,,"chain = chain == null ? v : SqlExpr.Call.of(op, chain, v);"
op,null_ternary,com.legend.sql.dialect,com/legend/sql/dialect/CarrierStrategies.java,1153,litFold,False,,,,,return n == null ? null
op,null_ternary,com.legend.sql.dialect,com/legend/sql/dialect/CarrierStrategies.java,1177,litFold,False,,,,,chain = chain == null ? eq
op,null_ternary,com.legend.sql.dialect,com/legend/sql/dialect/CarrierStrategies.java,1180,litFold,False,,,,,return chain == null ? new SqlExpr.BoolLit(false) : chain;
op,null_ternary,com.legend.sql.dialect,com/legend/sql/dialect/CarrierStrategies.java,1197,litFold,False,,,,,chain = chain == null ? member
op,null_ternary,com.legend.sql.dialect,com/legend/sql/dialect/CarrierStrategies.java,1236,litFold,False,,,,,SqlSelect withEq = inner.withWhere(inner.where() == null ? eq
op,instanceof_else_default,com.legend.sql.dialect,com/legend/sql/dialect/DuckDb.java,137,pivotSource,True,,,,,.map(e -> e instanceof SqlExpr.Column c
throw,INTERNAL_JDK:IllegalStateException,com.legend.sql.dialect,com/legend/sql/dialect/DuckDb.java,177,sourceUrl,True,,,INTERNAL_JDK,,"throw new IllegalStateException(""invalid data: URI (no comma): "" + url);"
throw,INTERNAL_JDK:IllegalStateException,com.legend.sql.dialect,com/legend/sql/dialect/DuckDb.java,186,sourceUrl,False,,,INTERNAL_JDK,,"throw new IllegalStateException(""unsupported sourceUrl scheme: "" + url);"
op,default_arrow,com.legend.sql.dialect,com/legend/sql/dialect/DuckDb.java,245,listCall,False,,,,,"default -> throw new IllegalStateException(""not a list call: "" + fnName);"
throw,INTERNAL_JDK:IllegalStateException,com.legend.sql.dialect,com/legend/sql/dialect/DuckDb.java,245,listCall,False,,,INTERNAL_JDK,,"default -> throw new IllegalStateException(""not a list call: "" + fnName);"
op,default_arrow,com.legend.sql.dialect,com/legend/sql/dialect/DuckDb.java,278,bitOp,False,,,,,"default -> throw new IllegalStateException(""not a bit op: "" + fnName);"
throw,INTERNAL_JDK:IllegalStateException,com.legend.sql.dialect,com/legend/sql/dialect/DuckDb.java,278,bitOp,False,,,INTERNAL_JDK,,"default -> throw new IllegalStateException(""not a bit op: "" + fnName);"
comment,default,com.legend.sql.dialect,com/legend/sql/dialect/EngineStyleComposite.java,9,,False,,,javadoc,,"/** * The engine's COMPOSITE dialect text: the DEFAULT spellings — native * trim/pad/cbrt like DB2's 'common' goldens, but WITHOUT DB2's own * quirks ({@code CHARACTER_LENGTH(x,CODEUNITS32)} stays plain * {@code char_length}). Divergent gol"
op,default_arrow,com.legend.sql.dialect,com/legend/sql/dialect/EngineStyleDB2.java,194,call,False,,,,,default -> null;
throw,INTERNAL_JDK:IllegalStateException,com.legend.sql.dialect,com/legend/sql/dialect/EngineStyleDB2.java,200,call,False,,,INTERNAL_JDK,,"throw new IllegalStateException(""date_trunc unit has no"""
op,default_arrow,com.legend.sql.dialect,com/legend/sql/dialect/EngineStyleDB2.java,216,call,False,,,,,default -> null;
throw,INTERNAL_JDK:IllegalStateException,com.legend.sql.dialect,com/legend/sql/dialect/EngineStyleDB2.java,231,call,False,,,INTERNAL_JDK,,"throw new IllegalStateException(""interval shape has no"""
throw,INTERNAL_JDK:IllegalStateException,com.legend.sql.dialect,com/legend/sql/dialect/EngineStyleDB2.java,247,call,False,,,INTERNAL_JDK,,"throw new IllegalStateException(""strptime format has no"""
op,default_arrow,com.legend.sql.dialect,com/legend/sql/dialect/EngineStyleDB2.java,250,call,False,,,,,"default -> super.call(c, parentPrec);"
comment,fallback,com.legend.sql.dialect,com/legend/sql/dialect/EngineStyleDB2.java,254,,False,,,javadoc,,/** TYPED format parts → DB2's pattern spelling; null when a part has * no mapping (the caller throws — never a silent fallback). */
op,default_arrow,com.legend.sql.dialect,com/legend/sql/dialect/EngineStyleDB2.java,270,call,True,,,,,default -> null;
op,isEmpty_ternary,com.legend.sql.dialect,com/legend/sql/dialect/EngineStyleH2.java,119,compactList,False,,,,,&& s.value().isEmpty()
op,instanceof_else_default,com.legend.sql.dialect,com/legend/sql/dialect/EngineStyleH2.java,183,unwrapElementText,True,,,,,return inner instanceof SqlExpr.Cast cast ? cast.value() : inner;
op,isEmpty_ternary,com.legend.sql.dialect,com/legend/sql/dialect/EngineStyleH2.java,189,variadicExtreme,True,,,,,"return elems.isEmpty() ? name + ""(null)"""
comment,default,com.legend.sql.dialect,com/legend/sql/dialect/EngineStyleH2.java,208,,False,,,javadoc,,/** The connection's timeZone — a non-default zone wraps DATETIME * placeholders in the engine's {@code GMTtoTZ} template * (relationalPlanSupportFunctions gate). Null = default. */
op,default_arrow,com.legend.sql.dialect,com/legend/sql/dialect/EngineStyleH2.java,406,planSource,False,,,,,default -> { }
op,instanceof_else_default,com.legend.sql.dialect,com/legend/sql/dialect/EngineStyleH2.java,433,firstInnerTable,False,,,,,SqlSource src = q instanceof SqlSelect s ? s.from()
op,isEmpty_ternary,com.legend.sql.dialect,com/legend/sql/dialect/EngineStyleH2.java,434,firstInnerTable,False,,,,,: q instanceof SqlUnion u && !u.branches().isEmpty()
op,instanceof_else_default,com.legend.sql.dialect,com/legend/sql/dialect/EngineStyleH2.java,435,firstInnerTable,False,,,,,? (u.branches().get(0) instanceof SqlSelect bs
op,default_arrow,com.legend.sql.dialect,com/legend/sql/dialect/EngineStyleH2.java,448,firstInnerTable,False,,,,,"case null, default -> ""subselect"";"
comment,default,com.legend.sql.dialect,com/legend/sql/dialect/EngineStyleH2.java,454,,False,,,javadoc,,/** The {@code varPlaceHolderToString} spelling of an optional * parameter; a non-default connection timeZone wraps DATETIME * placeholders in {@code GMTtoTZ}. */
op,notnull_ternary,com.legend.sql.dialect,com/legend/sql/dialect/EngineStyleH2.java,470,firstInnerTable,False,,,,,&& p1.enumMapFn() != null ? p1
op,notnull_ternary,com.legend.sql.dialect,com/legend/sql/dialect/EngineStyleH2.java,472,firstInnerTable,True,,,,,&& p0.enumMapFn() != null ? p0 : null;
op,notnull_ternary,com.legend.sql.dialect,com/legend/sql/dialect/EngineStyleH2.java,490,firstInnerTable,True,,,,,"String col = expr(colExpr != null ? colExpr : other, 4)"
op,orElse,com.legend.sql.dialect,com/legend/sql/dialect/EngineStyleH2.java,503,firstInnerTable,False,,,,,return com.legend.sql.DecodeShapes.sourceExpr(e).orElse(null);
throw,INTERNAL_JDK:IllegalStateException,com.legend.sql.dialect,com/legend/sql/dialect/EngineStyleH2.java,604,holderArgs,False,,,INTERNAL_JDK,,case RAW -> throw new IllegalStateException(
op,getOrDefault,com.legend.sql.dialect,com/legend/sql/dialect/EngineStyleH2.java,615,rename,True,,,,,"return renames.getOrDefault(alias, alias);"
comment,default,com.legend.sql.dialect,com/legend/sql/dialect/EngineStyleH2.java,669,,False,,,line,,// a NON-default connection timeZone CONVERTS datetime constants
catch,SWALLOWED_EMPTY,com.legend.sql.dialect,com/legend/sql/dialect/EngineStyleH2.java,687,timestampLit,False,,,java.time.DateTimeException ignored,,"{ // unknown zone: spell unshifted (loudness lives in the // engine parity diff, not a crash) }"
throw,INTERNAL_JDK:IllegalStateException,com.legend.sql.dialect,com/legend/sql/dialect/EngineStyleH2.java,731,select,False,,,INTERNAL_JDK,,throw new IllegalStateException(
op,isEmpty_ternary,com.legend.sql.dialect,com/legend/sql/dialect/EngineStyleH2.java,746,select,True,,,,,"sb.append(s.projections().isEmpty() ? ""*"""
op,default_arrow,com.legend.sql.dialect,com/legend/sql/dialect/EngineStyleH2.java,884,source,True,,,,,"default -> super.source(sb, src, depth);"
op,instanceof_else_default,com.legend.sql.dialect,com/legend/sql/dialect/EngineStyleH2.java,919,mixedOperandArithmetic,False,,,,,SqlExpr u = x instanceof SqlExpr.Group g ? g.inner() : x;
op,instanceof_else_default,com.legend.sql.dialect,com/legend/sql/dialect/EngineStyleH2.java,935,projection,True,,,,,String e = p.expr() instanceof SqlExpr.DateLit dl
op,null_ternary,com.legend.sql.dialect,com/legend/sql/dialect/EngineStyleH2.java,966,rowOrder,True,,,,,"return ro.table() == null ? ""rowid"""
comment,default,com.legend.sql.dialect,com/legend/sql/dialect/EngineStyleH2.java,1020,,False,,,line,,// keyword (TIMESTAMP'${reportEndDate.date}'); a non-default
op,notnull_ternary,com.legend.sql.dialect,com/legend/sql/dialect/EngineStyleH2.java,1033,expr,False,,,,,case DATETIME -> timeZone != null
throw,INTERNAL_JDK:UnsupportedOperationException,com.legend.sql.dialect,com/legend/sql/dialect/EngineStyleH2.java,1081,expr,True,,,INTERNAL_JDK,,throw new UnsupportedOperationException(
op,null_ternary,com.legend.sql.dialect,com/legend/sql/dialect/EngineStyleH2.java,1094,expr,False,,,,,return c.table() == null ? phys(c.name())
comment,default,com.legend.sql.dialect,com/legend/sql/dialect/EngineStyleH2.java,1186,,False,,,line,,// a non-default connection timeZone spells the
op,default_arrow,com.legend.sql.dialect,com/legend/sql/dialect/EngineStyleH2.java,1224,expr,False,,,,,default -> { }
op,notnull_ternary,com.legend.sql.dialect,com/legend/sql/dialect/EngineStyleH2.java,1270,sortKey,True,,,,,String e = k.outputName() != null
op,null_ternary,com.legend.sql.dialect,com/legend/sql/dialect/EngineStyleH2.java,1272,sortKey,True,,,,,: k.expr() instanceof SqlExpr.Column c && c.table() == null
comment,default,com.legend.sql.dialect,com/legend/sql/dialect/EngineStyleH2.java,1279,,False,,,line,,"// the old restates-the-default filter printed here, dropping 5"
comment,default,com.legend.sql.dialect,com/legend/sql/dialect/EngineStyleH2.java,1282,,False,,,line,,// so H2 exec and DuckDB agree). Engine-on-H2 rides H2's default
op,default_arrow,com.legend.sql.dialect,com/legend/sql/dialect/EngineStyleH2.java,1335,windowCall,False,,,,,default -> null;
op,default_arrow,com.legend.sql.dialect,com/legend/sql/dialect/EngineStyleH2.java,1422,dbUnitOf,False,,,,,default -> throw new IllegalStateException(
throw,INTERNAL_JDK:IllegalStateException,com.legend.sql.dialect,com/legend/sql/dialect/EngineStyleH2.java,1422,dbUnitOf,False,,,INTERNAL_JDK,,default -> throw new IllegalStateException(
op,instanceof_else_default,com.legend.sql.dialect,com/legend/sql/dialect/EngineStyleH2.java,1475,call,False,,,,,case DATE_DIFF -> a.get(0) instanceof SqlExpr.StringLit u
op,default_arrow,com.legend.sql.dialect,com/legend/sql/dialect/EngineStyleH2.java,1515,call,False,,,,,default -> null;
throw,INTERNAL_JDK:IllegalStateException,com.legend.sql.dialect,com/legend/sql/dialect/EngineStyleH2.java,1522,call,True,,,INTERNAL_JDK,,"throw new IllegalStateException(""strftime format has no"""
throw,INTERNAL_JDK:IllegalStateException,com.legend.sql.dialect,com/legend/sql/dialect/EngineStyleH2.java,1582,call,False,,,INTERNAL_JDK,,"throw new IllegalStateException(""strptime format has no"""
op,default_arrow,com.legend.sql.dialect,com/legend/sql/dialect/EngineStyleH2.java,1585,call,False,,,,,"default -> super.call(c, parentPrec);"
comment,fallback,com.legend.sql.dialect,com/legend/sql/dialect/EngineStyleH2.java,1589,,False,,,javadoc,,/** TYPED format parts → the Java pattern the engine's parsedatetime * takes; null when a part has no mapping (the caller throws — never a * silent DuckDB fallback). No format string is ever re-parsed here. */
op,default_arrow,com.legend.sql.dialect,com/legend/sql/dialect/EngineStyleH2.java,1605,call,True,,,,,default -> null;
throw,INTERNAL_JDK:IllegalStateException,com.legend.sql.dialect,com/legend/sql/dialect/FoldToListReduce.java,32,expr,False,,,INTERNAL_JDK,,"throw new IllegalStateException(""fold body is not decomposable and the"""
op,null_ternary,com.legend.sql.dialect,com/legend/sql/dialect/FoldToListReduce.java,81,unwrapElemRefs,False,,,,,"cs.otherwise() == null ? null : unwrapElemRefs(cs.otherwise(), elem));"
comment,default,com.legend.sql.dialect,com/legend/sql/dialect/H2.java,45,,False,,,javadoc,,"/** Native QUALIFY (probed capability note above) — the clause * renders like DuckDB's; the base default walls, which stranded * the one PCT qualify test despite supportsQualify(). */"
op,default_arrow,com.legend.sql.dialect,com/legend/sql/dialect/H2.java,120,call,False,,,,,default -> null;
op,instanceof_else_default,com.legend.sql.dialect,com/legend/sql/dialect/H2.java,148,call,False,,,,,String pat = a.get(1) instanceof SqlExpr.StringLit pl
op,default_arrow,com.legend.sql.dialect,com/legend/sql/dialect/H2.java,195,bound,False,,,,,default -> super.bound(b);
op,default_arrow,com.legend.sql.dialect,com/legend/sql/dialect/H2.java,223,dateUnit,False,,,,,default -> throw new DialectCapability(
throw,INTERNAL_CUSTOM:DialectCapability,com.legend.sql.dialect,com/legend/sql/dialect/H2.java,223,dateUnit,False,,,INTERNAL_CUSTOM,,default -> throw new DialectCapability(
comment,default,com.legend.sql.dialect,com/legend/sql/dialect/H2.java,229,,False,,,javadoc,,"/** Collection VALUES ride the JSON carrier (§2b, probed 2.1.214): * {@code JSON_ARRAY(e1, ..., eN NULL ON NULL)} — NULL ON NULL keeps * DuckDB's [null] element semantics (default ABSENT drops them); * dates serialize as ISO strings. The ex"
comment,default,com.legend.sql.dialect,com/legend/sql/dialect/H2.java,267,,False,,,javadoc,,"/** DEFAULT NULL placement diverges: H2 sorts null SMALLEST (NULLS * FIRST ascending), the reference target NULLS LAST in BOTH * directions (DuckDB default_null_order — witnessed: sorted chains * led with TDSNull on H2, and DESC-sorted tds/"
throw,INTERNAL_CUSTOM:DialectCapability,com.legend.sql.dialect,com/legend/sql/dialect/H2.java,305,formatText,False,,,INTERNAL_CUSTOM,,case SUBSEC_MIN -> throw new DialectCapability(
comment,default,com.legend.sql.dialect,com/legend/sql/dialect/H2.java,361,,False,,,line,,// joinStrings led with TDSNull under H2's NULLS-FIRST default)
op,isEmpty_ternary,com.legend.sql.dialect,com/legend/sql/dialect/H2.java,363,reducer,False,,,,,"String args = r.args().isEmpty() ? ""*"" : list(r.args());"
op,null_ternary,com.legend.sql.dialect,com/legend/sql/dialect/H2.java,367,reducer,False,,,,,+ (k.nullOrder() == null
op,default_arrow,com.legend.sql.dialect,com/legend/sql/dialect/H2.java,465,booleanShaped,False,,,,,default -> false;
op,default_arrow,com.legend.sql.dialect,com/legend/sql/dialect/H2.java,467,booleanShaped,False,,,,,default -> false;
comment,default,com.legend.sql.dialect,com/legend/sql/dialect/Lexicon.java,31,,False,,,javadoc,,"/** * SQLite (<a href=""https://sqlite.org/lang_keywords.html"">lang_keywords</a>) * &mdash; the ANSI baseline rendering with SQLite's reserved-word list. * SQLite accepts the relational core the base renderer emits (SELECT/ * JOIN/WHERE/GROU"
comment,default,com.legend.sql.dialect,com/legend/sql/dialect/SqlDialect.java,16,,True,,,javadoc,,/** JDBC cell value → canonical Java value for {@code type}. Default: identity. */
op,instanceof_else_default,com.legend.sql.dialect,com/legend/sql/dialect/SubstringClamp.java,29,expr,False,,,,,SqlExpr clamped = st instanceof SqlExpr.IntLit il
comment,fallback,com.legend.sql.dialect,com/legend/sql/dialect/TypeNames.java,8,,True,,,javadoc,,"/** * Dialect TYPE SPELLINGS &mdash; pure DATA (remediation T3.2, extraction 2): * the scalar CAST names a backend uses, plus its composite-type * capabilities. Absence is LOUD at the read site &mdash; a scalar with no * spelling here is ""t"
comment,default,com.legend.sql.dialect,com/legend/sql/dialect/UnqualifyPivotArgs.java,9,,True,,,javadoc,,"/** * DuckDB PIVOT forbids qualified column refs inside ON/USING (remediation * T3.2 step 3): the stripping is MIR&rarr;MIR here, not a render-time * rewrite inside {@code pivotSource}. The unqualify walk is the one moved * VERBATIM from th"
op,null_ternary,com.legend.sql.dialect,com/legend/sql/dialect/UnqualifyPivotArgs.java,47,unqualify,True,,,,,c.otherwise() == null ? null : unqualify(c.otherwise()));
comment,default,com.legend.sql.dialect,com/legend/sql/dialect/UnqualifyPivotArgs.java,79,,False,,,line,,"// leaves carry no qualifier (audit 15: exhaustive, no default)"
op,orElse,com.legend.testdatagen,com/legend/testdatagen/TestDataGenerator.java,129,censusCols,True,,,,,.findFirst().orElse(c));
op,getOrDefault,com.legend.testdatagen,com/legend/testdatagen/TestDataGenerator.java,214,collectColMap,True,,,,,"merged.addAll(colMap.getOrDefault(key, List.of()));"
op,orElse,com.legend.testdatagen,com/legend/testdatagen/TestDataGenerator.java,221,collectColMap,True,,,,,.findFirst().orElse(c));
throw,INTERNAL_CUSTOM:NotImplementedException,com.legend.testdatagen,com/legend/testdatagen/TestDataGenerator.java,266,fetchRoot,True,,,INTERNAL_CUSTOM,,"throw new NotImplementedException(""testDataGen: no row"""
op,null_ternary,com.legend.testdatagen,com/legend/testdatagen/TestDataGenerator.java,275,fetchRoot,True,,,,,"+ "" as \""root\"" where "" + (mf == null ? where"
op,null_ternary,com.legend.testdatagen,com/legend/testdatagen/TestDataGenerator.java,335,fetchChild,True,,,,,for (TableRowIds t : viewName == null ? List.<TableRowIds>of()
op,null_ternary,com.legend.testdatagen,com/legend/testdatagen/TestDataGenerator.java,343,fetchChild,True,,,,,"+ "" as \""root\"" where "" + (mfr == null ? w"
op,notnull_ternary,com.legend.testdatagen,com/legend/testdatagen/TestDataGenerator.java,358,fetchChild,False,,,,,RelationalOperation op = child.cond() != null ? child.cond()
op,null_ternary,com.legend.testdatagen,com/legend/testdatagen/TestDataGenerator.java,370,fetchChild,True,,,,,"+ (mf == null ? """" : "" where "" + mf) + "" limit 20"";"
throw,INTERNAL_CUSTOM:NotImplementedException,com.legend.testdatagen,com/legend/testdatagen/TestDataGenerator.java,422,viewFetchSql,True,,,INTERNAL_CUSTOM,,"throw new NotImplementedException(""testDataGen: view '"""
op,notnull_ternary,com.legend.testdatagen,com/legend/testdatagen/TestDataGenerator.java,440,viewFetchSql,True,,,,,String hopDb = hop.databaseName() != null
throw,INTERNAL_CUSTOM:NotImplementedException,com.legend.testdatagen,com/legend/testdatagen/TestDataGenerator.java,462,viewFetchSql,True,,,INTERNAL_CUSTOM,,"throw new NotImplementedException(""testDataGen: view '"""
op,default_arrow,com.legend.testdatagen,com/legend/testdatagen/TestDataGenerator.java,470,viewFetchSql,True,,,,,"default -> throw new NotImplementedException(""testDataGen:"""
throw,INTERNAL_CUSTOM:NotImplementedException,com.legend.testdatagen,com/legend/testdatagen/TestDataGenerator.java,470,viewFetchSql,True,,,INTERNAL_CUSTOM,,"default -> throw new NotImplementedException(""testDataGen:"""
op,instanceof_else_default,com.legend.testdatagen,com/legend/testdatagen/TestDataGenerator.java,481,viewFetchSql,False,,,,,instanceof com.legend.model.FilterPointer.Cross c
op,orElseThrow,com.legend.testdatagen,com/legend/testdatagen/TestDataGenerator.java,486,viewFetchSql,False,,,,,.findFirst().orElseThrow(() ->
throw,INTERNAL_CUSTOM:NotImplementedException,com.legend.testdatagen,com/legend/testdatagen/TestDataGenerator.java,493,viewFetchSql,False,,,INTERNAL_CUSTOM,,"throw new NotImplementedException(""testDataGen: view '"""
op,null_ternary,com.legend.testdatagen,com/legend/testdatagen/TestDataGenerator.java,511,viewFetchSql,False,,,,,"+ (where == null ? """" : "" where "" + where)"
op,null_ternary,com.legend.testdatagen,com/legend/testdatagen/TestDataGenerator.java,512,viewFetchSql,False,,,,,"+ (groupBy == null ? """" : "" group by "" + groupBy);"
throw,INTERNAL_CUSTOM:NotImplementedException,com.legend.testdatagen,com/legend/testdatagen/TestDataGenerator.java,523,joinTarget,False,,,INTERNAL_CUSTOM,,"throw new NotImplementedException(""testDataGen: join '"""
op,isEmpty_ternary,com.legend.testdatagen,com/legend/testdatagen/TestDataGenerator.java,546,tempOrReal,True,,,,,return f == null || f.temps().isEmpty()
throw,INTERNAL_CUSTOM:NotImplementedException,com.legend.testdatagen,com/legend/testdatagen/TestDataGenerator.java,559,renderOverAliases,True,,,INTERNAL_CUSTOM,,"throw new NotImplementedException(""testDataGen: '"""
op,default_arrow,com.legend.testdatagen,com/legend/testdatagen/TestDataGenerator.java,584,renderOverAliases,False,,,,,"default -> throw new NotImplementedException(""testDataGen: '"""
throw,INTERNAL_CUSTOM:NotImplementedException,com.legend.testdatagen,com/legend/testdatagen/TestDataGenerator.java,584,renderOverAliases,False,,,INTERNAL_CUSTOM,,"default -> throw new NotImplementedException(""testDataGen: '"""
op,isEmpty_ternary,com.legend.testdatagen,com/legend/testdatagen/TestDataGenerator.java,641,renderOverAliases,False,,,,,"return parts.isEmpty() ? null : String.join("" and "", parts);"
throw,INTERNAL_CUSTOM:NotImplementedException,com.legend.testdatagen,com/legend/testdatagen/TestDataGenerator.java,647,requireDate,False,,,INTERNAL_CUSTOM,,"throw new NotImplementedException(""testDataGen: table '"""
throw,INTERNAL_JDK:IllegalStateException,com.legend.testdatagen,com/legend/testdatagen/TestDataGenerator.java,668,record,True,,,INTERNAL_JDK,,"throw new IllegalStateException(""testDataGen: table '"" + table"
op,notnull_ternary,com.legend.testdatagen,com/legend/testdatagen/TestDataGenerator.java,711,fetchCols,True,,,,,RelationalOperation op = child.cond() != null ? child.cond()
op,notnull_ternary,com.legend.testdatagen,com/legend/testdatagen/TestDataGenerator.java,718,fetchCols,True,,,,,RelationalOperation op = rel.cond() != null ? rel.cond()
op,default_arrow,com.legend.testdatagen,com/legend/testdatagen/TestDataGenerator.java,765,collectTableCols,False,,,,,default -> {
throw,INTERNAL_CUSTOM:NotImplementedException,com.legend.testdatagen,com/legend/testdatagen/TestDataGenerator.java,786,renderCondition,True,,,INTERNAL_CUSTOM,,"throw new NotImplementedException(""testDataGen: join '"""
op,default_arrow,com.legend.testdatagen,com/legend/testdatagen/TestDataGenerator.java,817,renderCondition,False,,,,,"default -> throw new NotImplementedException(""testDataGen: join '"""
throw,INTERNAL_CUSTOM:NotImplementedException,com.legend.testdatagen,com/legend/testdatagen/TestDataGenerator.java,817,renderCondition,False,,,INTERNAL_CUSTOM,,"default -> throw new NotImplementedException(""testDataGen: join '"""
op,notnull_ternary,com.legend.testdatagen,com/legend/testdatagen/TestDataGenerator.java,840,expandIfView,False,,,,,RelationalOperation op = r.cond() != null ? r.cond()
op,notnull_ternary,com.legend.testdatagen,com/legend/testdatagen/TestDataGenerator.java,848,expandIfView,False,,,,,RelationalOperation op = c.cond() != null ? c.cond()
throw,INTERNAL_CUSTOM:NotImplementedException,com.legend.testdatagen,com/legend/testdatagen/TestDataGenerator.java,873,substituteViewRefs,True,,,INTERNAL_CUSTOM,,"throw new NotImplementedException(""testDataGen: view"""
op,default_arrow,com.legend.testdatagen,com/legend/testdatagen/TestDataGenerator.java,904,substituteViewRefs,False,,,,,"default -> op.mapChildren(x -> substituteViewRefs(x, viewName,"
throw,INTERNAL_CUSTOM:NotImplementedException,com.legend.testdatagen,com/legend/testdatagen/TestDataGenerator.java,939,locate,False,,,INTERNAL_CUSTOM,,"throw new NotImplementedException(""testDataGen:"""
throw,INTERNAL_CUSTOM:NotImplementedException,com.legend.testdatagen,com/legend/testdatagen/TestDataGenerator.java,952,locate,False,,,INTERNAL_CUSTOM,,"throw new NotImplementedException(""testDataGen:"""
throw,INTERNAL_CUSTOM:NotImplementedException,com.legend.testdatagen,com/legend/testdatagen/TestDataGenerator.java,959,locate,False,,,INTERNAL_CUSTOM,,"throw new NotImplementedException(""testDataGen: table '"" + table"
throw,INTERNAL_CUSTOM:NotImplementedException,com.legend.testdatagen,com/legend/testdatagen/TestDataGenerator.java,991,findJoin,True,,,INTERNAL_CUSTOM,,"throw new NotImplementedException(""testDataGen: join '"" + name"
throw,INTERNAL_CUSTOM:NotImplementedException,com.legend.testdatagen,com/legend/testdatagen/TestDataGenerator.java,1014,column,True,,,INTERNAL_CUSTOM,,"throw new NotImplementedException(""testDataGen: column '"" + name"
throw,INTERNAL_CUSTOM:NotImplementedException,com.legend.testdatagen,com/legend/testdatagen/TestDataGenerator.java,1262,flushBlock,False,,,INTERNAL_CUSTOM,,throw new NotImplementedException(
throw,INTERNAL_CUSTOM:NotImplementedException,com.legend.testdatagen,com/legend/testdatagen/TestDataGenerator.java,1334,lit,False,,,INTERNAL_CUSTOM,,throw new NotImplementedException(
comment,default,com.legend.testdatagen,com/legend/testdatagen/TestDataGenerator.java,1338,,False,,,javadoc,,"/** The engine's {@code toRepresentation()} (platform * toRepresentation.pure): row-identifier cells are PURE SOURCE, so * strings take BACKSLASH escapes, dates the {@code %} form, * decimals the {@code D} suffix. (Audit 2026-08-18 finding "
throw,INTERNAL_CUSTOM:NotImplementedException,com.legend.testdatagen,com/legend/testdatagen/TestDataGenerator.java,1351,pureRepr,False,,,INTERNAL_CUSTOM,,throw new NotImplementedException(
op,default_arrow,com.legend.testdatagen,com/legend/testdatagen/TestDataGenerator.java,1367,pureRepr,True,,,,,default -> v;
op,null_ternary,com.legend.testdatagen,com/legend/testdatagen/TestDataGenerator.java,1480,planNode,True,,,,,String sql = parent == null
throw,INTERNAL_CUSTOM:NotImplementedException,com.legend.testdatagen,com/legend/testdatagen/TestDataGenerator.java,1528,planRootSql,True,,,INTERNAL_CUSTOM,,"throw new NotImplementedException(""testDataGen plan: no row"""
op,null_ternary,com.legend.testdatagen,com/legend/testdatagen/TestDataGenerator.java,1551,planRootSql,True,,,,,"String where = mf == null ? pk : mf + "" and "" + pk;"
op,notnull_ternary,com.legend.testdatagen,com/legend/testdatagen/TestDataGenerator.java,1570,planChildSql,False,,,,,RelationalOperation op = child.cond() != null ? child.cond()
op,null_ternary,com.legend.testdatagen,com/legend/testdatagen/TestDataGenerator.java,1582,planChildSql,True,,,,,"+ (mf == null ? """" : "" where "" + mf);"
op,default_arrow,com.legend.testdatagen,com/legend/testdatagen/TestDataGenerator.java,1613,planCond,False,,,,,default -> throw new NotImplementedException(
throw,INTERNAL_CUSTOM:NotImplementedException,com.legend.testdatagen,com/legend/testdatagen/TestDataGenerator.java,1613,planCond,False,,,INTERNAL_CUSTOM,,default -> throw new NotImplementedException(
op,isEmpty_ternary,com.legend.testdatagen,com/legend/testdatagen/TestDataGenerator.java,1663,bareTable,True,,,,,"return parts.isEmpty() ? null : String.join("" and "", parts);"
op,instanceof_else_default,com.legend.testdatagen,com/legend/testdatagen/TestDataGenerator.java,1667,planLit,True,,,,,"return v instanceof String str ? ""'"" + str + ""'"" : String.valueOf(v);"
catch,SWALLOWED_EMPTY,com.legend.testdatagen,com/legend/testdatagen/TestDataGenerator.java,1689,dropTemps,True,,,SQLException ignored,,{ // cleanup only — temp tables die with the connection anyway }
op,default_arrow,com.legend.validation,com/legend/validation/ValidateDesugar.java,87,rewrite,False,,,,,default -> stmt;
op,instanceof_else_default,com.legend.validation,com/legend/validation/ValidateDesugar.java,153,desugar,False,,,,,String probe = a instanceof AppliedFunction pf
throw,INTERNAL_CUSTOM:NotImplementedException,com.legend.validation,com/legend/validation/ValidateDesugar.java,155,desugar,False,,,INTERNAL_CUSTOM,,"throw new NotImplementedException(""validate(...) argument #"""
throw,INTERNAL_CUSTOM:NotImplementedException,com.legend.validation,com/legend/validation/ValidateDesugar.java,161,desugar,False,,,INTERNAL_CUSTOM,,throw new NotImplementedException(
op,orElseThrow,com.legend.validation,com/legend/validation/ValidateDesugar.java,165,desugar,False,,,,,ClassDefinition cd = ctx.findClassDefinition(classFqn).orElseThrow(
throw,INTERNAL_CUSTOM:NotImplementedException,com.legend.validation,com/legend/validation/ValidateDesugar.java,176,desugar,False,,,INTERNAL_CUSTOM,,throw new NotImplementedException(
throw,INTERNAL_CUSTOM:NotImplementedException,com.legend.validation,com/legend/validation/ValidateDesugar.java,185,desugar,False,,,INTERNAL_CUSTOM,,"throw new NotImplementedException(""validate: class '"" + classFqn"
op,null_ternary,com.legend.validation,com/legend/validation/ValidateDesugar.java,194,desugar,False,,,,,tds = tds == null ? one
op,instanceof_else_default,com.legend.validation,com/legend/validation/ValidateDesugar.java,258,contextInfo,False,,,,,instanceof com.legend.protocol.spec.EnumValue ev
comment,default,com.legend.validation,com/legend/validation/ValidateDesugar.java,348,,False,,,line,,// ~enforcementLevel defaults Error (the engine's own default).
op,null_ternary,com.legend.validation,com/legend/validation/ValidateDesugar.java,349,constraintProject,False,,,,,LambdaFunction messageCol = c.message() == null
op,instanceof_else_default,com.legend.validation,com/legend/validation/ValidateDesugar.java,351,constraintProject,False,,,,,: c.message() instanceof CString cs
op,null_ternary,com.legend.validation,com/legend/validation/ValidateDesugar.java,356,constraintProject,False,,,,,String level = c.enforcementLevel() == null
throw,INTERNAL_CUSTOM:NotImplementedException,com.legend.validation,com/legend/validation/ValidateDesugar.java,428,rootClassFqn,False,,,INTERNAL_CUSTOM,,"throw new NotImplementedException(""validate: cannot qualify"""
catch,RETHROW,com.legend.validation,com/legend/validation/ValidateDesugar.java,434,rootClassFqn,False,,,NotImplementedException e,,{ throw e; }
catch,SWALLOWED_EMPTY,com.legend.validation,com/legend/validation/ValidateDesugar.java,436,rootClassFqn,False,,,RuntimeException ignore,,{ // keep scanning siblings }
catch,SWALLOWED_EMPTY,com.legend.validation,com/legend/validation/ValidateDesugar.java,445,rootClassFqn,False,,,RuntimeException ignore,,{ // keep scanning }
throw,INTERNAL_JDK:IllegalStateException,com.legend.validation,com/legend/validation/ValidateDesugar.java,450,rootClassFqn,False,,,INTERNAL_JDK,,"throw new IllegalStateException(""no getAll root in validate query"");"
comment,default,com.legend.values,com/legend/values/PureDateLiteral.java,107,,False,,,javadoc,,"/** * COMPONENT-RANGE validation, explicit — the records are dumb carriers * like the engine's ({@code DateFormat} stores digit runs; range * checking is the compiler's). {@link #parse(String)} validates by * default (the platform dialect's"
throw,INTERNAL_JDK:IllegalArgumentException,com.legend.values,com/legend/values/PureDateLiteral.java,369,parseRaw,False,,,INTERNAL_JDK,,"throw new IllegalArgumentException(""empty date literal"");"
throw,INTERNAL_JDK:IllegalArgumentException,com.legend.values,com/legend/values/PureDateLiteral.java,442,parseRaw,False,,,INTERNAL_JDK,,throw new IllegalArgumentException(
op,null_ternary,com.legend.values,com/legend/values/PureDateLiteral.java,448,parseRaw,False,,,,,return subsecond == null
op,null_ternary,com.legend.values,com/legend/values/PureDateLiteral.java,453,parseRaw,False,,,,,PureDateLiteral base = subsecond == null
throw,INTERNAL_JDK:IllegalArgumentException,com.legend.values,com/legend/values/PureDateLiteral.java,463,expect,False,,,INTERNAL_JDK,,throw new IllegalArgumentException(
throw,INTERNAL_JDK:IllegalArgumentException,com.legend.values,com/legend/values/PureDateLiteral.java,478,readDigits,False,,,INTERNAL_JDK,,throw new IllegalArgumentException(
catch,RETHROW,com.legend.values,com/legend/values/PureDateLiteral.java,484,readDigits,False,,,NumberFormatException e,,"{ throw new IllegalArgumentException( component + "" value out of int range: '"" + src.substring(start, pos) + ""'"", e); }"
throw,INTERNAL_JDK:IllegalArgumentException,com.legend.values,com/legend/values/PureDateLiteral.java,485,readDigits,False,,,INTERNAL_JDK,,throw new IllegalArgumentException(
throw,INTERNAL_JDK:IllegalArgumentException,com.legend.values,com/legend/values/PureDateLiteral.java,498,readTimeZone,False,,,INTERNAL_JDK,,"throw new IllegalArgumentException(""expected timezone, got end of input"");"
throw,INTERNAL_JDK:IllegalArgumentException,com.legend.values,com/legend/values/PureDateLiteral.java,504,readTimeZone,False,,,INTERNAL_JDK,,throw new IllegalArgumentException(
throw,INTERNAL_JDK:IllegalArgumentException,com.legend.values,com/legend/values/PureDateLiteral.java,511,readTimeZone,False,,,INTERNAL_JDK,,throw new IllegalArgumentException(
throw,INTERNAL_JDK:IllegalArgumentException,com.legend.values,com/legend/values/PureDateLiteral.java,518,readTimeZone,False,,,INTERNAL_JDK,,throw new IllegalArgumentException(
throw,INTERNAL_JDK:IllegalArgumentException,com.legend.values,com/legend/values/PureDateLiteral.java,524,readTimeZone,False,,,INTERNAL_JDK,,throw new IllegalArgumentException(
throw,INTERNAL_JDK:IllegalArgumentException,com.legend.values,com/legend/values/PureDateLiteral.java,532,readTimeZone,False,,,INTERNAL_JDK,,throw new IllegalArgumentException(
throw,INTERNAL_JDK:IllegalStateException,com.legend.values,com/legend/values/PureDateLiteral.java,578,shift,False,,,INTERNAL_JDK,,"throw new IllegalStateException(""timezone on Year is unreachable (grammar forbids)"");"
throw,INTERNAL_JDK:IllegalStateException,com.legend.values,com/legend/values/PureDateLiteral.java,580,shift,False,,,INTERNAL_JDK,,"throw new IllegalStateException(""timezone on YearMonth is unreachable (grammar forbids)"");"
throw,INTERNAL_JDK:IllegalStateException,com.legend.values,com/legend/values/PureDateLiteral.java,582,shift,False,,,INTERNAL_JDK,,"throw new IllegalStateException(""timezone on StrictDate is unreachable (grammar forbids)"");"
throw,INTERNAL_JDK:IllegalStateException,com.legend.values,com/legend/values/PureDateLiteral.java,584,shift,False,,,INTERNAL_JDK,,"throw new IllegalStateException(""timezone on DateWithHour is unreachable (grammar forbids)"");"
throw,INTERNAL_JDK:IllegalArgumentException,com.legend.values,com/legend/values/PureDateLiteral.java,600,validateYear,False,,,INTERNAL_JDK,,"throw new IllegalArgumentException(""invalid year: "" + year);"
throw,INTERNAL_JDK:IllegalArgumentException,com.legend.values,com/legend/values/PureDateLiteral.java,606,validateMonth,False,,,INTERNAL_JDK,,"throw new IllegalArgumentException(""Invalid month: "" + month);"
throw,INTERNAL_JDK:IllegalArgumentException,com.legend.values,com/legend/values/PureDateLiteral.java,612,validateDay,False,,,INTERNAL_JDK,,throw new IllegalArgumentException(
throw,INTERNAL_JDK:IllegalArgumentException,com.legend.values,com/legend/values/PureDateLiteral.java,619,validateHour,False,,,INTERNAL_JDK,,"throw new IllegalArgumentException(""invalid hour: "" + hour);"
throw,INTERNAL_JDK:IllegalArgumentException,com.legend.values,com/legend/values/PureDateLiteral.java,625,validateMinute,False,,,INTERNAL_JDK,,"throw new IllegalArgumentException(""invalid minute: "" + minute);"
throw,INTERNAL_JDK:IllegalArgumentException,com.legend.values,com/legend/values/PureDateLiteral.java,631,validateSecond,False,,,INTERNAL_JDK,,"throw new IllegalArgumentException(""invalid second: "" + second);"
throw,INTERNAL_JDK:IllegalArgumentException,com.legend.values,com/legend/values/PureDateLiteral.java,637,validateSubsecond,False,,,INTERNAL_JDK,,"throw new IllegalArgumentException(""subsecond cannot be null or empty"");"
throw,INTERNAL_JDK:IllegalArgumentException,com.legend.values,com/legend/values/PureDateLiteral.java,642,validateSubsecond,False,,,INTERNAL_JDK,,throw new IllegalArgumentException(
op,default_arrow,com.legend.values,com/legend/values/PureDateLiteral.java,654,daysInMonth,False,,,,,"default -> throw new IllegalArgumentException(""invalid month: "" + month);"
throw,INTERNAL_JDK:IllegalArgumentException,com.legend.values,com/legend/values/PureDateLiteral.java,654,daysInMonth,False,,,INTERNAL_JDK,,"default -> throw new IllegalArgumentException(""invalid month: "" + month);"
throw,INTERNAL_JDK:IllegalArgumentException,com.legend.values,com/legend/values/PureTimeLiteral.java,89,parse,False,,,INTERNAL_JDK,,"throw new IllegalArgumentException(""empty time literal"");"
throw,INTERNAL_JDK:IllegalArgumentException,com.legend.values,com/legend/values/PureTimeLiteral.java,95,parse,False,,,INTERNAL_JDK,,throw new IllegalArgumentException(
throw,INTERNAL_JDK:IllegalArgumentException,com.legend.values,com/legend/values/PureTimeLiteral.java,105,parse,False,,,INTERNAL_JDK,,throw new IllegalArgumentException(
throw,INTERNAL_JDK:IllegalArgumentException,com.legend.values,com/legend/values/PureTimeLiteral.java,116,parse,False,,,INTERNAL_JDK,,throw new IllegalArgumentException(
throw,INTERNAL_JDK:IllegalArgumentException,com.legend.values,com/legend/values/PureTimeLiteral.java,124,parse,False,,,INTERNAL_JDK,,throw new IllegalArgumentException(
throw,INTERNAL_JDK:IllegalArgumentException,com.legend.values,com/legend/values/PureTimeLiteral.java,128,parse,False,,,INTERNAL_JDK,,throw new IllegalArgumentException(
throw,INTERNAL_JDK:IllegalArgumentException,com.legend.values,com/legend/values/PureTimeLiteral.java,138,readDigits,False,,,INTERNAL_JDK,,throw new IllegalArgumentException(
catch,RETHROW,com.legend.values,com/legend/values/PureTimeLiteral.java,144,readDigits,False,,,NumberFormatException e,,"{ throw new IllegalArgumentException( component + "" value out of int range: '"" + src.substring(from, end) + ""'"", e); }"
throw,INTERNAL_JDK:IllegalArgumentException,com.legend.values,com/legend/values/PureTimeLiteral.java,145,readDigits,False,,,INTERNAL_JDK,,throw new IllegalArgumentException(
throw,INTERNAL_JDK:IllegalArgumentException,com.legend.values,com/legend/values/PureTimeLiteral.java,160,validateHour,False,,,INTERNAL_JDK,,"throw new IllegalArgumentException(""invalid hour: "" + hour);"
throw,INTERNAL_JDK:IllegalArgumentException,com.legend.values,com/legend/values/PureTimeLiteral.java,166,validateMinute,False,,,INTERNAL_JDK,,"throw new IllegalArgumentException(""invalid minute: "" + minute);"
throw,INTERNAL_JDK:IllegalArgumentException,com.legend.values,com/legend/values/PureTimeLiteral.java,172,validateSecond,False,,,INTERNAL_JDK,,"throw new IllegalArgumentException(""invalid second: "" + second);"
throw,INTERNAL_JDK:IllegalArgumentException,com.legend.values,com/legend/values/PureTimeLiteral.java,178,validateSubsecond,False,,,INTERNAL_JDK,,"throw new IllegalArgumentException(""subsecond cannot be null or empty"");"
throw,INTERNAL_JDK:IllegalArgumentException,com.legend.values,com/legend/values/PureTimeLiteral.java,183,validateSubsecond,False,,,INTERNAL_JDK,,throw new IllegalArgumentException(
