id	family	query	decl_type	decl_mult	sql	java_class	value	status	verdict
ar.plus.ii	arith	|7 + 2	Integer	[1]	SELECT 7 + 2 AS value	Integer	9	OK	OK
ar.plus.if	arith	|7 + 2.5	Number	[1]	SELECT 7 + CAST(2.5 AS DOUBLE) AS value	Double	9.5	OK	OK
ar.plus.fi	arith	|7.5 + 2	Number	[1]	SELECT CAST(7.5 AS DOUBLE) + 2 AS value	Double	9.5	OK	OK
ar.plus.ff	arith	|7.5 + 2.5	Float	[1]	SELECT CAST(7.5 AS DOUBLE) + CAST(2.5 AS DOUBLE) AS value	Double	10.0	OK	OK
ar.minus.ii	arith	|7 - 2	Integer	[1]	SELECT 7 - 2 AS value	Integer	5	OK	OK
ar.minus.if	arith	|7 - 2.5	Number	[1]	SELECT 7 - CAST(2.5 AS DOUBLE) AS value	Double	4.5	OK	OK
ar.minus.fi	arith	|7.5 - 2	Number	[1]	SELECT CAST(7.5 AS DOUBLE) - 2 AS value	Double	5.5	OK	OK
ar.minus.ff	arith	|7.5 - 2.5	Float	[1]	SELECT CAST(7.5 AS DOUBLE) - CAST(2.5 AS DOUBLE) AS value	Double	5.0	OK	OK
ar.times.ii	arith	|7 * 2	Integer	[1]	SELECT 7 * 2 AS value	Integer	14	OK	OK
ar.times.if	arith	|7 * 2.5	Number	[1]	SELECT 7 * CAST(2.5 AS DOUBLE) AS value	Double	17.5	OK	OK
ar.times.fi	arith	|7.5 * 2	Number	[1]	SELECT CAST(7.5 AS DOUBLE) * 2 AS value	Double	15.0	OK	OK
ar.times.ff	arith	|7.5 * 2.5	Float	[1]	SELECT CAST(7.5 AS DOUBLE) * CAST(2.5 AS DOUBLE) AS value	Double	18.75	OK	OK
ar.div.ii	arith	|7 / 2	Float	[1]	SELECT ((1.0 * 7) / 2) AS value	Double	3.5	OK	OK
ar.div.if	arith	|7 / 2.5	Float	[1]	SELECT ((1.0 * 7) / CAST(2.5 AS DOUBLE)) AS value	Double	2.8	OK	OK
ar.div.fi	arith	|7.5 / 2	Float	[1]	SELECT ((1.0 * CAST(7.5 AS DOUBLE)) / 2) AS value	Double	3.75	OK	OK
ar.div.ff	arith	|7.5 / 2.5	Float	[1]	SELECT ((1.0 * CAST(7.5 AS DOUBLE)) / CAST(2.5 AS DOUBLE)) AS value	Double	3.0	OK	OK
ar.plus.fn	arith	|plus(1,2)	Integer	[1]	SELECT 1 + 2 AS value	Integer	3	OK	OK
ar.minus.fn	arith	|minus(5,2)	Integer	[1]	SELECT 5 - 2 AS value	Integer	3	OK	OK
ar.times.fn	arith	|times(5,2)	Integer	[1]	SELECT 5 * 2 AS value	Integer	10	OK	OK
ar.divide.fn	arith	|divide(7,2)	Float	[1]	SELECT ((1.0 * 7) / 2) AS value	Double	3.5	OK	OK
ar.divide.scale	arith	|divide(7,2,3)	Decimal	[1]	SELECT CAST(ROUND(((1.0 * 7) / 2), 3) AS DECIMAL(38, 3)) AS value	BigDecimal	3.500	OK	OK
ar.divideRound	arith	|meta::legend::lite::divideRound(7,2,2)	Float	[1]	SELECT ROUND_EVEN(((1.0 * 7) / 2), 2) AS value	Double	3.5	OK	OK
ar.plus.list	arith	|plus([1,2,3])	Integer	[1]	SELECT list_sum([1, 2, 3]) AS value	BigInteger	6	OK	OK
ar.minus.list	arith	|minus([10,2,3])	Integer	[1]	SELECT CASE WHEN len([10, 2, 3]) = 1 THEN 0 - list_extract([10, 2, 3], 1) ELSE list_reduce([10, 2, 3], (_ma, _mb) -> _ma - _mb) END AS value	Integer	5	OK	OK
ar.times.list	arith	|times([2,3,4])	Integer	[1]	SELECT list_aggregate([2, 3, 4], 'product') AS value	Double	24.0	OK	DIVERGENCE:class
ar.plus.string	arith	|'a' + 'b'	String	[1]	SELECT concat('a', 'b') AS value	String	ab	OK	OK
ar.sub.i	arith	|meta::legend::lite::sub(5,2)	Integer	[1]	SELECT 5 - 2 AS value	Integer	3	OK	OK
ar.sub.f	arith	|meta::legend::lite::sub(5.5,2.5)	Float	[1]	SELECT CAST(5.5 AS DOUBLE) - CAST(2.5 AS DOUBLE) AS value	Double	3.0	OK	OK
ar.sub.d	arith	|meta::legend::lite::sub(5.5d,2.5d)	Decimal	[1]	SELECT 5.5 - 2.5 AS value	BigDecimal	3.0	OK	OK
ar.sub.n	arith	|meta::legend::lite::sub(5,2.5)	Number	[1]	SELECT 5 - CAST(2.5 AS DOUBLE) AS value	Double	2.5	OK	OK
ar.mod.7_3	arith	|mod(7,3)	Integer	[1]	SELECT MOD(MOD(7, 3) + 3, 3) AS value	Integer	1	OK	OK
ar.rem.7_3	arith	|rem(7,3)	Number	[1]	SELECT CASE WHEN 3 = 0 THEN error(concat('Cannot divide ', CAST(7 AS VARCHAR), ' by zero')) ELSE MOD(7, 3) END AS value	Integer	1	OK	OK
ar.mod.-7_3	arith	|mod(-7,3)	Integer	[1]	SELECT MOD(MOD(-7, 3) + 3, 3) AS value	Integer	2	OK	OK
ar.rem.-7_3	arith	|rem(-7,3)	Number	[1]	SELECT CASE WHEN 3 = 0 THEN error(concat('Cannot divide ', CAST(-7 AS VARCHAR), ' by zero')) ELSE MOD(-7, 3) END AS value	Integer	-1	OK	OK
ar.mod.7_-3	arith	|mod(7,-3)	Integer	[1]	SELECT MOD(MOD(7, -3) + -3, -3) AS value	Integer	-2	OK	OK
ar.rem.7_-3	arith	|rem(7,-3)	Number	[1]	SELECT CASE WHEN -3 = 0 THEN error(concat('Cannot divide ', CAST(7 AS VARCHAR), ' by zero')) ELSE MOD(7, -3) END AS value	Integer	1	OK	OK
ar.mod.-7_-3	arith	|mod(-7,-3)	Integer	[1]	SELECT MOD(MOD(-7, -3) + -3, -3) AS value	Integer	-1	OK	OK
ar.rem.-7_-3	arith	|rem(-7,-3)	Number	[1]	SELECT CASE WHEN -3 = 0 THEN error(concat('Cannot divide ', CAST(-7 AS VARCHAR), ' by zero')) ELSE MOD(-7, -3) END AS value	Integer	-1	OK	OK
ar.mod.0_3	arith	|mod(0,3)	Integer	[1]	SELECT MOD(MOD(0, 3) + 3, 3) AS value	Integer	0	OK	OK
ar.rem.0_3	arith	|rem(0,3)	Number	[1]	SELECT CASE WHEN 3 = 0 THEN error(concat('Cannot divide ', CAST(0 AS VARCHAR), ' by zero')) ELSE MOD(0, 3) END AS value	Integer	0	OK	OK
ar.rem.float	arith	|rem(7.5,2.0)	Number	[1]	SELECT CASE WHEN CAST(2.0 AS DOUBLE) = 0 THEN error(concat('Cannot divide ', CAST(CAST(7.5 AS DOUBLE) AS VARCHAR), ' by zero')) ELSE MOD(CAST(7.5 AS DOUBLE), CAST(2.0 AS DOUBLE)) END AS value	Double	1.5	OK	OK
ar.mod.zero	arith	|mod(7,0)	Integer	[1]	SELECT MOD(MOD(7, 0) + 0, 0) AS value	null	null	OK	OK(empty)
ar.rem.zero	arith	|rem(7,0)	Number	[1]	SELECT CASE WHEN 0 = 0 THEN error(concat('Cannot divide ', CAST(7 AS VARCHAR), ' by zero')) ELSE MOD(7, 0) END AS value			EXEC-ERR:SQLException: Invalid Input Error: Cannot divide 7 by zero	DB-ERROR
ar.div.zero.i	arith	|7 / 0	Float	[1]	SELECT ((1.0 * 7) / 0) AS value	Double	Infinity	OK	OK
ar.div.zero.f	arith	|7.0 / 0.0	Float	[1]	SELECT ((1.0 * CAST(7.0 AS DOUBLE)) / CAST(0.0 AS DOUBLE)) AS value	Double	Infinity	OK	OK
ar.divide.zero	arith	|divide(7,0)	Float	[1]	SELECT ((1.0 * 7) / 0) AS value	Double	Infinity	OK	OK
ar.abs.-3	arith	|abs(-3)	Integer	[1]	SELECT abs(-3) AS value	Integer	3	OK	OK
ar.sign.-3	arith	|sign(-3)	Integer	[1]	SELECT CAST(sign(-3) AS BIGINT) AS value	Long	-1	OK	OK
ar.abs.3	arith	|abs(3)	Integer	[1]	SELECT abs(3) AS value	Integer	3	OK	OK
ar.sign.3	arith	|sign(3)	Integer	[1]	SELECT CAST(sign(3) AS BIGINT) AS value	Long	1	OK	OK
ar.abs.-3.5	arith	|abs(-3.5)	Float	[1]	SELECT abs(CAST(-3.5 AS DOUBLE)) AS value	Double	3.5	OK	OK
ar.sign.-3.5	arith	|sign(-3.5)	Integer	[1]	SELECT CAST(sign(CAST(-3.5 AS DOUBLE)) AS BIGINT) AS value	Long	-1	OK	OK
ar.abs.3.5	arith	|abs(3.5)	Float	[1]	SELECT abs(CAST(3.5 AS DOUBLE)) AS value	Double	3.5	OK	OK
ar.sign.3.5	arith	|sign(3.5)	Integer	[1]	SELECT CAST(sign(CAST(3.5 AS DOUBLE)) AS BIGINT) AS value	Long	1	OK	OK
ar.abs.0	arith	|abs(0)	Integer	[1]	SELECT abs(0) AS value	Integer	0	OK	OK
ar.sign.0	arith	|sign(0)	Integer	[1]	SELECT CAST(sign(0) AS BIGINT) AS value	Long	0	OK	OK
ar.abs.dec	arith	|abs(-3.5d)	Decimal(38,1)	[1]	SELECT abs(-3.5) AS value	BigDecimal	3.5	OK	OK
ar.pow.ii	arith	|pow(2,10)	Number	[1]	SELECT power(2, 10) AS value	Double	1024.0	OK	OK
ar.pow.frac	arith	|pow(2,0.5)	Number	[1]	SELECT power(2, CAST(0.5 AS DOUBLE)) AS value	Double	1.4142135623730951	OK	OK
ar.pow.neg	arith	|pow(2,-2)	Number	[1]	SELECT power(2, -2) AS value	Double	0.25	OK	OK
ar.pow.negbase	arith	|pow(-2,3)	Number	[1]	SELECT power(-2, 3) AS value	Double	-8.0	OK	OK
ar.pow.negbase.frac	arith	|pow(-2,0.5)	Number	[1]	SELECT power(-2, CAST(0.5 AS DOUBLE)) AS value	Double	NaN	OK	OK
ar.pow.zero	arith	|pow(0,0)	Number	[1]	SELECT power(0, 0) AS value	Double	1.0	OK	OK
ar.exp	arith	|exp(1)	Float	[1]	SELECT exp(1) AS value	Double	2.718281828459045	OK	OK
ar.log	arith	|log(1)	Float	[1]	SELECT ln(1) AS value	Double	0.0	OK	OK
ar.log.zero	arith	|log(0)	Float	[1]	SELECT ln(0) AS value			EXEC-ERR:SQLException: Out of Range Error: cannot take logarithm of zero	DB-ERROR
ar.log.neg	arith	|log(-1)	Float	[1]	SELECT ln(-1) AS value			EXEC-ERR:SQLException: Out of Range Error: cannot take logarithm of a negative number	DB-ERROR
ar.log10	arith	|log10(100)	Float	[1]	SELECT log10(100) AS value	Double	2.0	OK	OK
ar.sqrt	arith	|sqrt(16)	Float	[1]	SELECT CASE WHEN CAST(16 AS DOUBLE) < 0 THEN error(concat('Unable to compute sqrt of ', CASE WHEN strpos(CAST(CAST(16 AS DOUBLE) AS VARCHAR), 'e') > 0 AND CAST(16 AS DOUBLE) = floor(CAST(16 AS DOUBLE)) AND abs(CAST(16 AS DOUBLE)) < CAST(1.0E38 AS DOUBLE) THEN concat(CAST(CAST(CAST(16 AS DOUBLE) AS HUGEINT) AS VARCHAR), '.0') WHEN strpos(CAST(CAST(16 AS DOUBLE) AS VARCHAR), 'e') > 0 AND abs(CAST(16 AS DOUBLE)) >= CAST(1.0E-17 AS DOUBLE) AND abs(CAST(16 AS DOUBLE)) < CAST(9.007199254740992E15 AS DOUBLE) THEN CASE WHEN ends_with(rtrim(CAST(CAST(CAST(16 AS DOUBLE) AS DECIMAL(38, 18)) AS VARCHAR), '0'), '.') THEN concat(rtrim(CAST(CAST(CAST(16 AS DOUBLE) AS DECIMAL(38, 18)) AS VARCHAR), '0'), '0') ELSE rtrim(CAST(CAST(CAST(16 AS DOUBLE) AS DECIMAL(38, 18)) AS VARCHAR), '0') END ELSE CAST(CAST(16 AS DOUBLE) AS VARCHAR) END)) ELSE sqrt(16) END AS value	Double	4.0	OK	OK
ar.sqrt.neg	arith	|sqrt(-1)	Float	[1]	SELECT CASE WHEN CAST(-1 AS DOUBLE) < 0 THEN error(concat('Unable to compute sqrt of ', CASE WHEN strpos(CAST(CAST(-1 AS DOUBLE) AS VARCHAR), 'e') > 0 AND CAST(-1 AS DOUBLE) = floor(CAST(-1 AS DOUBLE)) AND abs(CAST(-1 AS DOUBLE)) < CAST(1.0E38 AS DOUBLE) THEN concat(CAST(CAST(CAST(-1 AS DOUBLE) AS HUGEINT) AS VARCHAR), '.0') WHEN strpos(CAST(CAST(-1 AS DOUBLE) AS VARCHAR), 'e') > 0 AND abs(CAST(-1 AS DOUBLE)) >= CAST(1.0E-17 AS DOUBLE) AND abs(CAST(-1 AS DOUBLE)) < CAST(9.007199254740992E15 AS DOUBLE) THEN CASE WHEN ends_with(rtrim(CAST(CAST(CAST(-1 AS DOUBLE) AS DECIMAL(38, 18)) AS VARCHAR), '0'), '.') THEN concat(rtrim(CAST(CAST(CAST(-1 AS DOUBLE) AS DECIMAL(38, 18)) AS VARCHAR), '0'), '0') ELSE rtrim(CAST(CAST(CAST(-1 AS DOUBLE) AS DECIMAL(38, 18)) AS VARCHAR), '0') END ELSE CAST(CAST(-1 AS DOUBLE) AS VARCHAR) END)) ELSE sqrt(-1) END AS value			EXEC-ERR:SQLException: Invalid Input Error: Unable to compute sqrt of -1.0	DB-ERROR
ar.cbrt	arith	|cbrt(27)	Float	[1]	SELECT cbrt(27) AS value	Double	3.0000000000000004	OK	OK
ar.round.0.5	arith	|round(0.5)	Integer	[1]	SELECT CAST(ROUND_EVEN(CAST(0.5 AS DOUBLE), 0) AS BIGINT) AS value	Long	0	OK	OK
ar.floor.0.5	arith	|floor(0.5)	Integer	[1]	SELECT CAST(floor(CAST(0.5 AS DOUBLE)) AS BIGINT) AS value	Long	0	OK	OK
ar.ceiling.0.5	arith	|ceiling(0.5)	Integer	[1]	SELECT CAST(ceil(CAST(0.5 AS DOUBLE)) AS BIGINT) AS value	Long	1	OK	OK
ar.round.1.5	arith	|round(1.5)	Integer	[1]	SELECT CAST(ROUND_EVEN(CAST(1.5 AS DOUBLE), 0) AS BIGINT) AS value	Long	2	OK	OK
ar.floor.1.5	arith	|floor(1.5)	Integer	[1]	SELECT CAST(floor(CAST(1.5 AS DOUBLE)) AS BIGINT) AS value	Long	1	OK	OK
ar.ceiling.1.5	arith	|ceiling(1.5)	Integer	[1]	SELECT CAST(ceil(CAST(1.5 AS DOUBLE)) AS BIGINT) AS value	Long	2	OK	OK
ar.round.2.5	arith	|round(2.5)	Integer	[1]	SELECT CAST(ROUND_EVEN(CAST(2.5 AS DOUBLE), 0) AS BIGINT) AS value	Long	2	OK	OK
ar.floor.2.5	arith	|floor(2.5)	Integer	[1]	SELECT CAST(floor(CAST(2.5 AS DOUBLE)) AS BIGINT) AS value	Long	2	OK	OK
ar.ceiling.2.5	arith	|ceiling(2.5)	Integer	[1]	SELECT CAST(ceil(CAST(2.5 AS DOUBLE)) AS BIGINT) AS value	Long	3	OK	OK
ar.round.-0.5	arith	|round(-0.5)	Integer	[1]	SELECT CAST(ROUND_EVEN(CAST(-0.5 AS DOUBLE), 0) AS BIGINT) AS value	Long	0	OK	OK
ar.floor.-0.5	arith	|floor(-0.5)	Integer	[1]	SELECT CAST(floor(CAST(-0.5 AS DOUBLE)) AS BIGINT) AS value	Long	-1	OK	OK
ar.ceiling.-0.5	arith	|ceiling(-0.5)	Integer	[1]	SELECT CAST(ceil(CAST(-0.5 AS DOUBLE)) AS BIGINT) AS value	Long	0	OK	OK
ar.round.-1.5	arith	|round(-1.5)	Integer	[1]	SELECT CAST(ROUND_EVEN(CAST(-1.5 AS DOUBLE), 0) AS BIGINT) AS value	Long	-2	OK	OK
ar.floor.-1.5	arith	|floor(-1.5)	Integer	[1]	SELECT CAST(floor(CAST(-1.5 AS DOUBLE)) AS BIGINT) AS value	Long	-2	OK	OK
ar.ceiling.-1.5	arith	|ceiling(-1.5)	Integer	[1]	SELECT CAST(ceil(CAST(-1.5 AS DOUBLE)) AS BIGINT) AS value	Long	-1	OK	OK
ar.round.-2.5	arith	|round(-2.5)	Integer	[1]	SELECT CAST(ROUND_EVEN(CAST(-2.5 AS DOUBLE), 0) AS BIGINT) AS value	Long	-2	OK	OK
ar.floor.-2.5	arith	|floor(-2.5)	Integer	[1]	SELECT CAST(floor(CAST(-2.5 AS DOUBLE)) AS BIGINT) AS value	Long	-3	OK	OK
ar.ceiling.-2.5	arith	|ceiling(-2.5)	Integer	[1]	SELECT CAST(ceil(CAST(-2.5 AS DOUBLE)) AS BIGINT) AS value	Long	-2	OK	OK
ar.round.2.4	arith	|round(2.4)	Integer	[1]	SELECT CAST(ROUND_EVEN(CAST(2.4 AS DOUBLE), 0) AS BIGINT) AS value	Long	2	OK	OK
ar.floor.2.4	arith	|floor(2.4)	Integer	[1]	SELECT CAST(floor(CAST(2.4 AS DOUBLE)) AS BIGINT) AS value	Long	2	OK	OK
ar.ceiling.2.4	arith	|ceiling(2.4)	Integer	[1]	SELECT CAST(ceil(CAST(2.4 AS DOUBLE)) AS BIGINT) AS value	Long	3	OK	OK
ar.round.2.6	arith	|round(2.6)	Integer	[1]	SELECT CAST(ROUND_EVEN(CAST(2.6 AS DOUBLE), 0) AS BIGINT) AS value	Long	3	OK	OK
ar.floor.2.6	arith	|floor(2.6)	Integer	[1]	SELECT CAST(floor(CAST(2.6 AS DOUBLE)) AS BIGINT) AS value	Long	2	OK	OK
ar.ceiling.2.6	arith	|ceiling(2.6)	Integer	[1]	SELECT CAST(ceil(CAST(2.6 AS DOUBLE)) AS BIGINT) AS value	Long	3	OK	OK
ar.round.-2.4	arith	|round(-2.4)	Integer	[1]	SELECT CAST(ROUND_EVEN(CAST(-2.4 AS DOUBLE), 0) AS BIGINT) AS value	Long	-2	OK	OK
ar.floor.-2.4	arith	|floor(-2.4)	Integer	[1]	SELECT CAST(floor(CAST(-2.4 AS DOUBLE)) AS BIGINT) AS value	Long	-3	OK	OK
ar.ceiling.-2.4	arith	|ceiling(-2.4)	Integer	[1]	SELECT CAST(ceil(CAST(-2.4 AS DOUBLE)) AS BIGINT) AS value	Long	-2	OK	OK
ar.round.-2.6	arith	|round(-2.6)	Integer	[1]	SELECT CAST(ROUND_EVEN(CAST(-2.6 AS DOUBLE), 0) AS BIGINT) AS value	Long	-3	OK	OK
ar.floor.-2.6	arith	|floor(-2.6)	Integer	[1]	SELECT CAST(floor(CAST(-2.6 AS DOUBLE)) AS BIGINT) AS value	Long	-3	OK	OK
ar.ceiling.-2.6	arith	|ceiling(-2.6)	Integer	[1]	SELECT CAST(ceil(CAST(-2.6 AS DOUBLE)) AS BIGINT) AS value	Long	-2	OK	OK
ar.round.scale.f	arith	|round(2.345,2)	Float	[1]	SELECT ROUND_EVEN(CAST(2.345 AS DOUBLE), 2) AS value	Double	2.34	OK	OK
ar.round.scale.f5	arith	|round(2.5,0)	Float	[1]	SELECT ROUND_EVEN(CAST(2.5 AS DOUBLE), 0) AS value	Double	2.0	OK	OK
ar.round.scale.dec	arith	|round(2.345d,2)	Decimal	[1]	SELECT CAST(ROUND_EVEN(2.345, 2) AS DECIMAL(38, 2)) AS value	BigDecimal	2.34	OK	OK
ar.round.scale.dec5	arith	|round(0.125d,2)	Decimal	[1]	SELECT CAST(ROUND_EVEN(0.125, 2) AS DECIMAL(38, 2)) AS value	BigDecimal	0.12	OK	OK
ar.round.int	arith	|round(3)	Integer	[1]	SELECT CAST(ROUND_EVEN(3, 0) AS BIGINT) AS value	Long	3	OK	OK
ar.max.ii	arith	|max(3,7)	Integer	[1]	SELECT greatest(3, 7) AS value	Integer	7	OK	OK
ar.max.ff	arith	|max(3.5,7.5)	Float	[1]	SELECT greatest(CAST(3.5 AS DOUBLE), CAST(7.5 AS DOUBLE)) AS value	Double	7.5	OK	OK
ar.max.nn	arith	|max(3,7.5)	Number	[1]	SELECT CAST(list_extract([CAST(3 AS VARCHAR), CASE WHEN regexp_full_match(CAST(CAST(7.5 AS DOUBLE) AS VARCHAR), '-?0+(\.0+)?') THEN '0.0' WHEN strpos(CAST(CAST(7.5 AS DOUBLE) AS VARCHAR), 'e') > 0 THEN concat(CASE WHEN starts_with(CAST(CAST(7.5 AS DOUBLE) AS VARCHAR), '-') THEN '-' ELSE '' END, CASE WHEN CASE WHEN strpos(regexp_extract(CAST(CAST(7.5 AS DOUBLE) AS VARCHAR), '-?([0-9]+(?:\.[0-9]+)?)e', 1), '.') = 0 THEN length(CAST(regexp_extract(CAST(CAST(7.5 AS DOUBLE) AS VARCHAR), '-?([0-9]+(?:\.[0-9]+)?)e', 1) AS VARCHAR)) ELSE strpos(regexp_extract(CAST(CAST(7.5 AS DOUBLE) AS VARCHAR), '-?([0-9]+(?:\.[0-9]+)?)e', 1), '.') - 1 END + CAST(regexp_extract(CAST(CAST(7.5 AS DOUBLE) AS VARCHAR), 'e([+-]?[0-9]+)$', 1) AS INTEGER) <= 0 THEN concat('0.', rpad('', CAST(greatest(0 - (CASE WHEN strpos(regexp_extract(CAST(CAST(7.5 AS DOUBLE) AS VARCHAR), '-?([0-9]+(?:\.[0-9]+)?)e', 1), '.') = 0 THEN length(CAST(regexp_extract(CAST(CAST(7.5 AS DOUBLE) AS VARCHAR), '-?([0-9]+(?:\.[0-9]+)?)e', 1) AS VARCHAR)) ELSE strpos(regexp_extract(CAST(CAST(7.5 AS DOUBLE) AS VARCHAR), '-?([0-9]+(?:\.[0-9]+)?)e', 1), '.') - 1 END + CAST(regexp_extract(CAST(CAST(7.5 AS DOUBLE) AS VARCHAR), 'e([+-]?[0-9]+)$', 1) AS INTEGER)), 0) AS INTEGER), '0'), replace(regexp_extract(CAST(CAST(7.5 AS DOUBLE) AS VARCHAR), '-?([0-9]+(?:\.[0-9]+)?)e', 1), '.', '')) WHEN CASE WHEN strpos(regexp_extract(CAST(CAST(7.5 AS DOUBLE) AS VARCHAR), '-?([0-9]+(?:\.[0-9]+)?)e', 1), '.') = 0 THEN length(CAST(regexp_extract(CAST(CAST(7.5 AS DOUBLE) AS VARCHAR), '-?([0-9]+(?:\.[0-9]+)?)e', 1) AS VARCHAR)) ELSE strpos(regexp_extract(CAST(CAST(7.5 AS DOUBLE) AS VARCHAR), '-?([0-9]+(?:\.[0-9]+)?)e', 1), '.') - 1 END + CAST(regexp_extract(CAST(CAST(7.5 AS DOUBLE) AS VARCHAR), 'e([+-]?[0-9]+)$', 1) AS INTEGER) >= length(CAST(replace(regexp_extract(CAST(CAST(7.5 AS DOUBLE) AS VARCHAR), '-?([0-9]+(?:\.[0-9]+)?)e', 1), '.', '') AS VARCHAR)) THEN concat(replace(regexp_extract(CAST(CAST(7.5 AS DOUBLE) AS VARCHAR), '-?([0-9]+(?:\.[0-9]+)?)e', 1), '.', ''), rpad('', CAST(greatest(CASE WHEN strpos(regexp_extract(CAST(CAST(7.5 AS DOUBLE) AS VARCHAR), '-?([0-9]+(?:\.[0-9]+)?)e', 1), '.') = 0 THEN length(CAST(regexp_extract(CAST(CAST(7.5 AS DOUBLE) AS VARCHAR), '-?([0-9]+(?:\.[0-9]+)?)e', 1) AS VARCHAR)) ELSE strpos(regexp_extract(CAST(CAST(7.5 AS DOUBLE) AS VARCHAR), '-?([0-9]+(?:\.[0-9]+)?)e', 1), '.') - 1 END + CAST(regexp_extract(CAST(CAST(7.5 AS DOUBLE) AS VARCHAR), 'e([+-]?[0-9]+)$', 1) AS INTEGER) - length(CAST(replace(regexp_extract(CAST(CAST(7.5 AS DOUBLE) AS VARCHAR), '-?([0-9]+(?:\.[0-9]+)?)e', 1), '.', '') AS VARCHAR)), 0) AS INTEGER), '0'), '.0') ELSE concat(substr(replace(regexp_extract(CAST(CAST(7.5 AS DOUBLE) AS VARCHAR), '-?([0-9]+(?:\.[0-9]+)?)e', 1), '.', ''), 1, CASE WHEN strpos(regexp_extract(CAST(CAST(7.5 AS DOUBLE) AS VARCHAR), '-?([0-9]+(?:\.[0-9]+)?)e', 1), '.') = 0 THEN length(CAST(regexp_extract(CAST(CAST(7.5 AS DOUBLE) AS VARCHAR), '-?([0-9]+(?:\.[0-9]+)?)e', 1) AS VARCHAR)) ELSE strpos(regexp_extract(CAST(CAST(7.5 AS DOUBLE) AS VARCHAR), '-?([0-9]+(?:\.[0-9]+)?)e', 1), '.') - 1 END + CAST(regexp_extract(CAST(CAST(7.5 AS DOUBLE) AS VARCHAR), 'e([+-]?[0-9]+)$', 1) AS INTEGER)), '.', substr(replace(regexp_extract(CAST(CAST(7.5 AS DOUBLE) AS VARCHAR), '-?([0-9]+(?:\.[0-9]+)?)e', 1), '.', ''), greatest(CASE WHEN strpos(regexp_extract(CAST(CAST(7.5 AS DOUBLE) AS VARCHAR), '-?([0-9]+(?:\.[0-9]+)?)e', 1), '.') = 0 THEN length(CAST(regexp_extract(CAST(CAST(7.5 AS DOUBLE) AS VARCHAR), '-?([0-9]+(?:\.[0-9]+)?)e', 1) AS VARCHAR)) ELSE strpos(regexp_extract(CAST(CAST(7.5 AS DOUBLE) AS VARCHAR), '-?([0-9]+(?:\.[0-9]+)?)e', 1), '.') - 1 END + CAST(regexp_extract(CAST(CAST(7.5 AS DOUBLE) AS VARCHAR), 'e([+-]?[0-9]+)$', 1) AS INTEGER) + 1, 1))) END) WHEN NOT strpos(CAST(CAST(7.5 AS DOUBLE) AS VARCHAR), '.') > 0 THEN concat(CAST(CAST(7.5 AS DOUBLE) AS VARCHAR), '.0') ELSE CAST(CAST(7.5 AS DOUBLE) AS VARCHAR) END], list_position([CAST(3 AS DOUBLE), CAST(7.5 AS DOUBLE)], list_max([CAST(3 AS DOUBLE), CAST(7.5 AS DOUBLE)]))) AS VARCHAR) AS value	Double	7.5	OK	OK
ar.min.ii	arith	|min(3,7)	Integer	[1]	SELECT least(3, 7) AS value	Integer	3	OK	OK
ar.min.ff	arith	|min(3.5,7.5)	Float	[1]	SELECT least(CAST(3.5 AS DOUBLE), CAST(7.5 AS DOUBLE)) AS value	Double	3.5	OK	OK
ar.min.nn	arith	|min(3,7.5)	Number	[1]	SELECT CAST(list_extract([CAST(3 AS VARCHAR), CASE WHEN regexp_full_match(CAST(CAST(7.5 AS DOUBLE) AS VARCHAR), '-?0+(\.0+)?') THEN '0.0' WHEN strpos(CAST(CAST(7.5 AS DOUBLE) AS VARCHAR), 'e') > 0 THEN concat(CASE WHEN starts_with(CAST(CAST(7.5 AS DOUBLE) AS VARCHAR), '-') THEN '-' ELSE '' END, CASE WHEN CASE WHEN strpos(regexp_extract(CAST(CAST(7.5 AS DOUBLE) AS VARCHAR), '-?([0-9]+(?:\.[0-9]+)?)e', 1), '.') = 0 THEN length(CAST(regexp_extract(CAST(CAST(7.5 AS DOUBLE) AS VARCHAR), '-?([0-9]+(?:\.[0-9]+)?)e', 1) AS VARCHAR)) ELSE strpos(regexp_extract(CAST(CAST(7.5 AS DOUBLE) AS VARCHAR), '-?([0-9]+(?:\.[0-9]+)?)e', 1), '.') - 1 END + CAST(regexp_extract(CAST(CAST(7.5 AS DOUBLE) AS VARCHAR), 'e([+-]?[0-9]+)$', 1) AS INTEGER) <= 0 THEN concat('0.', rpad('', CAST(greatest(0 - (CASE WHEN strpos(regexp_extract(CAST(CAST(7.5 AS DOUBLE) AS VARCHAR), '-?([0-9]+(?:\.[0-9]+)?)e', 1), '.') = 0 THEN length(CAST(regexp_extract(CAST(CAST(7.5 AS DOUBLE) AS VARCHAR), '-?([0-9]+(?:\.[0-9]+)?)e', 1) AS VARCHAR)) ELSE strpos(regexp_extract(CAST(CAST(7.5 AS DOUBLE) AS VARCHAR), '-?([0-9]+(?:\.[0-9]+)?)e', 1), '.') - 1 END + CAST(regexp_extract(CAST(CAST(7.5 AS DOUBLE) AS VARCHAR), 'e([+-]?[0-9]+)$', 1) AS INTEGER)), 0) AS INTEGER), '0'), replace(regexp_extract(CAST(CAST(7.5 AS DOUBLE) AS VARCHAR), '-?([0-9]+(?:\.[0-9]+)?)e', 1), '.', '')) WHEN CASE WHEN strpos(regexp_extract(CAST(CAST(7.5 AS DOUBLE) AS VARCHAR), '-?([0-9]+(?:\.[0-9]+)?)e', 1), '.') = 0 THEN length(CAST(regexp_extract(CAST(CAST(7.5 AS DOUBLE) AS VARCHAR), '-?([0-9]+(?:\.[0-9]+)?)e', 1) AS VARCHAR)) ELSE strpos(regexp_extract(CAST(CAST(7.5 AS DOUBLE) AS VARCHAR), '-?([0-9]+(?:\.[0-9]+)?)e', 1), '.') - 1 END + CAST(regexp_extract(CAST(CAST(7.5 AS DOUBLE) AS VARCHAR), 'e([+-]?[0-9]+)$', 1) AS INTEGER) >= length(CAST(replace(regexp_extract(CAST(CAST(7.5 AS DOUBLE) AS VARCHAR), '-?([0-9]+(?:\.[0-9]+)?)e', 1), '.', '') AS VARCHAR)) THEN concat(replace(regexp_extract(CAST(CAST(7.5 AS DOUBLE) AS VARCHAR), '-?([0-9]+(?:\.[0-9]+)?)e', 1), '.', ''), rpad('', CAST(greatest(CASE WHEN strpos(regexp_extract(CAST(CAST(7.5 AS DOUBLE) AS VARCHAR), '-?([0-9]+(?:\.[0-9]+)?)e', 1), '.') = 0 THEN length(CAST(regexp_extract(CAST(CAST(7.5 AS DOUBLE) AS VARCHAR), '-?([0-9]+(?:\.[0-9]+)?)e', 1) AS VARCHAR)) ELSE strpos(regexp_extract(CAST(CAST(7.5 AS DOUBLE) AS VARCHAR), '-?([0-9]+(?:\.[0-9]+)?)e', 1), '.') - 1 END + CAST(regexp_extract(CAST(CAST(7.5 AS DOUBLE) AS VARCHAR), 'e([+-]?[0-9]+)$', 1) AS INTEGER) - length(CAST(replace(regexp_extract(CAST(CAST(7.5 AS DOUBLE) AS VARCHAR), '-?([0-9]+(?:\.[0-9]+)?)e', 1), '.', '') AS VARCHAR)), 0) AS INTEGER), '0'), '.0') ELSE concat(substr(replace(regexp_extract(CAST(CAST(7.5 AS DOUBLE) AS VARCHAR), '-?([0-9]+(?:\.[0-9]+)?)e', 1), '.', ''), 1, CASE WHEN strpos(regexp_extract(CAST(CAST(7.5 AS DOUBLE) AS VARCHAR), '-?([0-9]+(?:\.[0-9]+)?)e', 1), '.') = 0 THEN length(CAST(regexp_extract(CAST(CAST(7.5 AS DOUBLE) AS VARCHAR), '-?([0-9]+(?:\.[0-9]+)?)e', 1) AS VARCHAR)) ELSE strpos(regexp_extract(CAST(CAST(7.5 AS DOUBLE) AS VARCHAR), '-?([0-9]+(?:\.[0-9]+)?)e', 1), '.') - 1 END + CAST(regexp_extract(CAST(CAST(7.5 AS DOUBLE) AS VARCHAR), 'e([+-]?[0-9]+)$', 1) AS INTEGER)), '.', substr(replace(regexp_extract(CAST(CAST(7.5 AS DOUBLE) AS VARCHAR), '-?([0-9]+(?:\.[0-9]+)?)e', 1), '.', ''), greatest(CASE WHEN strpos(regexp_extract(CAST(CAST(7.5 AS DOUBLE) AS VARCHAR), '-?([0-9]+(?:\.[0-9]+)?)e', 1), '.') = 0 THEN length(CAST(regexp_extract(CAST(CAST(7.5 AS DOUBLE) AS VARCHAR), '-?([0-9]+(?:\.[0-9]+)?)e', 1) AS VARCHAR)) ELSE strpos(regexp_extract(CAST(CAST(7.5 AS DOUBLE) AS VARCHAR), '-?([0-9]+(?:\.[0-9]+)?)e', 1), '.') - 1 END + CAST(regexp_extract(CAST(CAST(7.5 AS DOUBLE) AS VARCHAR), 'e([+-]?[0-9]+)$', 1) AS INTEGER) + 1, 1))) END) WHEN NOT strpos(CAST(CAST(7.5 AS DOUBLE) AS VARCHAR), '.') > 0 THEN concat(CAST(CAST(7.5 AS DOUBLE) AS VARCHAR), '.0') ELSE CAST(CAST(7.5 AS DOUBLE) AS VARCHAR) END], list_position([CAST(3 AS DOUBLE), CAST(7.5 AS DOUBLE)], list_min([CAST(3 AS DOUBLE), CAST(7.5 AS DOUBLE)]))) AS VARCHAR) AS value	Long	3	OK	OK
ar.max.list.i	arith	|max([3,7,1])	Integer	[0..1]	SELECT list_max([3, 7, 1]) AS value	Integer	7	OK	OK
ar.max.list.f	arith	|max([3.5,7.5])	Float	[0..1]	SELECT list_max([CAST(3.5 AS DOUBLE), CAST(7.5 AS DOUBLE)]) AS value	Double	7.5	OK	OK
ar.min.list.i	arith	|min([3,7,1])	Integer	[0..1]	SELECT list_min([3, 7, 1]) AS value	Integer	1	OK	OK
ar.min.list.n	arith	|[3,7.5]->min()	Number	[0..1]	SELECT CAST(list_extract([CAST(3 AS VARCHAR), CASE WHEN regexp_full_match(CAST(CAST(7.5 AS DOUBLE) AS VARCHAR), '-?0+(\.0+)?') THEN '0.0' WHEN strpos(CAST(CAST(7.5 AS DOUBLE) AS VARCHAR), 'e') > 0 THEN concat(CASE WHEN starts_with(CAST(CAST(7.5 AS DOUBLE) AS VARCHAR), '-') THEN '-' ELSE '' END, CASE WHEN CASE WHEN strpos(regexp_extract(CAST(CAST(7.5 AS DOUBLE) AS VARCHAR), '-?([0-9]+(?:\.[0-9]+)?)e', 1), '.') = 0 THEN length(CAST(regexp_extract(CAST(CAST(7.5 AS DOUBLE) AS VARCHAR), '-?([0-9]+(?:\.[0-9]+)?)e', 1) AS VARCHAR)) ELSE strpos(regexp_extract(CAST(CAST(7.5 AS DOUBLE) AS VARCHAR), '-?([0-9]+(?:\.[0-9]+)?)e', 1), '.') - 1 END + CAST(regexp_extract(CAST(CAST(7.5 AS DOUBLE) AS VARCHAR), 'e([+-]?[0-9]+)$', 1) AS INTEGER) <= 0 THEN concat('0.', rpad('', CAST(greatest(0 - (CASE WHEN strpos(regexp_extract(CAST(CAST(7.5 AS DOUBLE) AS VARCHAR), '-?([0-9]+(?:\.[0-9]+)?)e', 1), '.') = 0 THEN length(CAST(regexp_extract(CAST(CAST(7.5 AS DOUBLE) AS VARCHAR), '-?([0-9]+(?:\.[0-9]+)?)e', 1) AS VARCHAR)) ELSE strpos(regexp_extract(CAST(CAST(7.5 AS DOUBLE) AS VARCHAR), '-?([0-9]+(?:\.[0-9]+)?)e', 1), '.') - 1 END + CAST(regexp_extract(CAST(CAST(7.5 AS DOUBLE) AS VARCHAR), 'e([+-]?[0-9]+)$', 1) AS INTEGER)), 0) AS INTEGER), '0'), replace(regexp_extract(CAST(CAST(7.5 AS DOUBLE) AS VARCHAR), '-?([0-9]+(?:\.[0-9]+)?)e', 1), '.', '')) WHEN CASE WHEN strpos(regexp_extract(CAST(CAST(7.5 AS DOUBLE) AS VARCHAR), '-?([0-9]+(?:\.[0-9]+)?)e', 1), '.') = 0 THEN length(CAST(regexp_extract(CAST(CAST(7.5 AS DOUBLE) AS VARCHAR), '-?([0-9]+(?:\.[0-9]+)?)e', 1) AS VARCHAR)) ELSE strpos(regexp_extract(CAST(CAST(7.5 AS DOUBLE) AS VARCHAR), '-?([0-9]+(?:\.[0-9]+)?)e', 1), '.') - 1 END + CAST(regexp_extract(CAST(CAST(7.5 AS DOUBLE) AS VARCHAR), 'e([+-]?[0-9]+)$', 1) AS INTEGER) >= length(CAST(replace(regexp_extract(CAST(CAST(7.5 AS DOUBLE) AS VARCHAR), '-?([0-9]+(?:\.[0-9]+)?)e', 1), '.', '') AS VARCHAR)) THEN concat(replace(regexp_extract(CAST(CAST(7.5 AS DOUBLE) AS VARCHAR), '-?([0-9]+(?:\.[0-9]+)?)e', 1), '.', ''), rpad('', CAST(greatest(CASE WHEN strpos(regexp_extract(CAST(CAST(7.5 AS DOUBLE) AS VARCHAR), '-?([0-9]+(?:\.[0-9]+)?)e', 1), '.') = 0 THEN length(CAST(regexp_extract(CAST(CAST(7.5 AS DOUBLE) AS VARCHAR), '-?([0-9]+(?:\.[0-9]+)?)e', 1) AS VARCHAR)) ELSE strpos(regexp_extract(CAST(CAST(7.5 AS DOUBLE) AS VARCHAR), '-?([0-9]+(?:\.[0-9]+)?)e', 1), '.') - 1 END + CAST(regexp_extract(CAST(CAST(7.5 AS DOUBLE) AS VARCHAR), 'e([+-]?[0-9]+)$', 1) AS INTEGER) - length(CAST(replace(regexp_extract(CAST(CAST(7.5 AS DOUBLE) AS VARCHAR), '-?([0-9]+(?:\.[0-9]+)?)e', 1), '.', '') AS VARCHAR)), 0) AS INTEGER), '0'), '.0') ELSE concat(substr(replace(regexp_extract(CAST(CAST(7.5 AS DOUBLE) AS VARCHAR), '-?([0-9]+(?:\.[0-9]+)?)e', 1), '.', ''), 1, CASE WHEN strpos(regexp_extract(CAST(CAST(7.5 AS DOUBLE) AS VARCHAR), '-?([0-9]+(?:\.[0-9]+)?)e', 1), '.') = 0 THEN length(CAST(regexp_extract(CAST(CAST(7.5 AS DOUBLE) AS VARCHAR), '-?([0-9]+(?:\.[0-9]+)?)e', 1) AS VARCHAR)) ELSE strpos(regexp_extract(CAST(CAST(7.5 AS DOUBLE) AS VARCHAR), '-?([0-9]+(?:\.[0-9]+)?)e', 1), '.') - 1 END + CAST(regexp_extract(CAST(CAST(7.5 AS DOUBLE) AS VARCHAR), 'e([+-]?[0-9]+)$', 1) AS INTEGER)), '.', substr(replace(regexp_extract(CAST(CAST(7.5 AS DOUBLE) AS VARCHAR), '-?([0-9]+(?:\.[0-9]+)?)e', 1), '.', ''), greatest(CASE WHEN strpos(regexp_extract(CAST(CAST(7.5 AS DOUBLE) AS VARCHAR), '-?([0-9]+(?:\.[0-9]+)?)e', 1), '.') = 0 THEN length(CAST(regexp_extract(CAST(CAST(7.5 AS DOUBLE) AS VARCHAR), '-?([0-9]+(?:\.[0-9]+)?)e', 1) AS VARCHAR)) ELSE strpos(regexp_extract(CAST(CAST(7.5 AS DOUBLE) AS VARCHAR), '-?([0-9]+(?:\.[0-9]+)?)e', 1), '.') - 1 END + CAST(regexp_extract(CAST(CAST(7.5 AS DOUBLE) AS VARCHAR), 'e([+-]?[0-9]+)$', 1) AS INTEGER) + 1, 1))) END) WHEN NOT strpos(CAST(CAST(7.5 AS DOUBLE) AS VARCHAR), '.') > 0 THEN concat(CAST(CAST(7.5 AS DOUBLE) AS VARCHAR), '.0') ELSE CAST(CAST(7.5 AS DOUBLE) AS VARCHAR) END], list_position([CAST(3 AS DOUBLE), CAST(7.5 AS DOUBLE)], list_min([CAST(3 AS DOUBLE), CAST(7.5 AS DOUBLE)]))) AS VARCHAR) AS value	Long	3	OK	OK
ar.greatest	arith	|greatest([3,7,1])	Integer	[1]	SELECT list_max([3, 7, 1]) AS value	Integer	7	OK	OK
ar.least	arith	|least([3,7,1])	Integer	[1]	SELECT list_min([3, 7, 1]) AS value	Integer	1	OK	OK
ar.overflow.max	arith	|9223372036854775807 + 1	Integer	[1]	SELECT CAST(9223372036854775807 AS HUGEINT) + 1 AS value	BigInteger	9223372036854775808	OK	OK
ar.overflow.max2	arith	|9223372036854775807 * 2	Integer	[1]	SELECT CAST(9223372036854775807 AS HUGEINT) * 2 AS value	BigInteger	18446744073709551614	OK	OK
ar.overflow.min	arith	|-9223372036854775807 - 2	Integer	[1]	SELECT CAST(-9223372036854775807 AS HUGEINT) - 2 AS value	BigInteger	-9223372036854775809	OK	OK
ar.bigliteral	arith	|9223372036854775807	Integer	[1]	SELECT 9223372036854775807 AS value	Long	9223372036854775807	OK	OK
ar.toFloat	arith	|toFloat(3)	Float	[1]	SELECT CAST(3 AS DOUBLE) AS value	Double	3.0	OK	OK
ar.toDecimal	arith	|toDecimal(3)	Decimal(38,18)	[1]	SELECT CAST(3 AS DECIMAL(38, 0)) AS value	BigDecimal	3	OK	OK
ar.toDecimal.f	arith	|toDecimal(3.5)	Decimal(38,18)	[1]	SELECT 3.5 AS value	BigDecimal	3.5	OK	OK
ar.toDegrees	arith	|toDegrees(3.14159)	Float	[1]	SELECT degrees(CAST(3.14159 AS DOUBLE)) AS value	Double	179.9998479605043	OK	OK
ar.toRadians	arith	|toRadians(180)	Float	[1]	SELECT radians(180) AS value	Double	3.141592653589793	OK	OK
ar.pi	arith	|pi()	Float	[1]	SELECT pi() AS value	Double	3.141592653589793	OK	OK
ar.sin	arith	|sin(0.5)	Float	[1]	SELECT sin(CAST(0.5 AS DOUBLE)) AS value	Double	0.479425538604203	OK	OK
ar.cos	arith	|cos(0.5)	Float	[1]	SELECT cos(CAST(0.5 AS DOUBLE)) AS value	Double	0.8775825618903728	OK	OK
ar.tan	arith	|tan(0.5)	Float	[1]	SELECT tan(CAST(0.5 AS DOUBLE)) AS value	Double	0.5463024898437905	OK	OK
ar.asin	arith	|asin(0.5)	Float	[1]	SELECT CASE WHEN abs(CAST(CAST(0.5 AS DOUBLE) AS DOUBLE)) > 1 THEN error(concat('Unable to compute asin of ', CASE WHEN strpos(CAST(CAST(CAST(0.5 AS DOUBLE) AS DOUBLE) AS VARCHAR), 'e') > 0 AND CAST(CAST(0.5 AS DOUBLE) AS DOUBLE) = floor(CAST(CAST(0.5 AS DOUBLE) AS DOUBLE)) AND abs(CAST(CAST(0.5 AS DOUBLE) AS DOUBLE)) < CAST(1.0E38 AS DOUBLE) THEN concat(CAST(CAST(CAST(CAST(0.5 AS DOUBLE) AS DOUBLE) AS HUGEINT) AS VARCHAR), '.0') WHEN strpos(CAST(CAST(CAST(0.5 AS DOUBLE) AS DOUBLE) AS VARCHAR), 'e') > 0 AND abs(CAST(CAST(0.5 AS DOUBLE) AS DOUBLE)) >= CAST(1.0E-17 AS DOUBLE) AND abs(CAST(CAST(0.5 AS DOUBLE) AS DOUBLE)) < CAST(9.007199254740992E15 AS DOUBLE) THEN CASE WHEN ends_with(rtrim(CAST(CAST(CAST(CAST(0.5 AS DOUBLE) AS DOUBLE) AS DECIMAL(38, 18)) AS VARCHAR), '0'), '.') THEN concat(rtrim(CAST(CAST(CAST(CAST(0.5 AS DOUBLE) AS DOUBLE) AS DECIMAL(38, 18)) AS VARCHAR), '0'), '0') ELSE rtrim(CAST(CAST(CAST(CAST(0.5 AS DOUBLE) AS DOUBLE) AS DECIMAL(38, 18)) AS VARCHAR), '0') END ELSE CAST(CAST(CAST(0.5 AS DOUBLE) AS DOUBLE) AS VARCHAR) END)) ELSE (CASE WHEN (CAST(0.5 AS DOUBLE)) BETWEEN -1 AND 1 THEN asin(CAST(0.5 AS DOUBLE)) ELSE 'NaN'::DOUBLE END) END AS value	Double	0.5235987755982989	OK	OK
ar.acos	arith	|acos(0.5)	Float	[1]	SELECT CASE WHEN abs(CAST(CAST(0.5 AS DOUBLE) AS DOUBLE)) > 1 THEN error(concat('Unable to compute acos of ', CASE WHEN strpos(CAST(CAST(CAST(0.5 AS DOUBLE) AS DOUBLE) AS VARCHAR), 'e') > 0 AND CAST(CAST(0.5 AS DOUBLE) AS DOUBLE) = floor(CAST(CAST(0.5 AS DOUBLE) AS DOUBLE)) AND abs(CAST(CAST(0.5 AS DOUBLE) AS DOUBLE)) < CAST(1.0E38 AS DOUBLE) THEN concat(CAST(CAST(CAST(CAST(0.5 AS DOUBLE) AS DOUBLE) AS HUGEINT) AS VARCHAR), '.0') WHEN strpos(CAST(CAST(CAST(0.5 AS DOUBLE) AS DOUBLE) AS VARCHAR), 'e') > 0 AND abs(CAST(CAST(0.5 AS DOUBLE) AS DOUBLE)) >= CAST(1.0E-17 AS DOUBLE) AND abs(CAST(CAST(0.5 AS DOUBLE) AS DOUBLE)) < CAST(9.007199254740992E15 AS DOUBLE) THEN CASE WHEN ends_with(rtrim(CAST(CAST(CAST(CAST(0.5 AS DOUBLE) AS DOUBLE) AS DECIMAL(38, 18)) AS VARCHAR), '0'), '.') THEN concat(rtrim(CAST(CAST(CAST(CAST(0.5 AS DOUBLE) AS DOUBLE) AS DECIMAL(38, 18)) AS VARCHAR), '0'), '0') ELSE rtrim(CAST(CAST(CAST(CAST(0.5 AS DOUBLE) AS DOUBLE) AS DECIMAL(38, 18)) AS VARCHAR), '0') END ELSE CAST(CAST(CAST(0.5 AS DOUBLE) AS DOUBLE) AS VARCHAR) END)) ELSE (CASE WHEN (CAST(0.5 AS DOUBLE)) BETWEEN -1 AND 1 THEN acos(CAST(0.5 AS DOUBLE)) ELSE 'NaN'::DOUBLE END) END AS value	Double	1.0471975511965979	OK	OK
ar.atan	arith	|atan(0.5)	Float	[1]	SELECT atan(CAST(0.5 AS DOUBLE)) AS value	Double	0.4636476090008061	OK	OK
ar.sinh	arith	|sinh(0.5)	Float	[1]	SELECT sinh(CAST(0.5 AS DOUBLE)) AS value	Double	0.5210953054937474	OK	OK
ar.cosh	arith	|cosh(0.5)	Float	[1]	SELECT cosh(CAST(0.5 AS DOUBLE)) AS value	Double	1.1276259652063807	OK	OK
ar.tanh	arith	|tanh(0.5)	Float	[1]	SELECT tanh(CAST(0.5 AS DOUBLE)) AS value	Double	0.46211715726000974	OK	OK
ar.cot	arith	|cot(0.5)	Float	[1]	SELECT cot(CAST(0.5 AS DOUBLE)) AS value	Double	1.830487721712452	OK	OK
ar.atan2	arith	|atan2(1,1)	Float	[1]	SELECT atan2(1, 1) AS value	Double	0.7853981633974483	OK	OK
ar.bitAnd	arith	|bitAnd(12,10)	Integer	[1]	SELECT (12 & 10) AS value	Integer	8	OK	OK
ar.bitOr	arith	|bitOr(12,10)	Integer	[1]	SELECT (12 | 10) AS value	Integer	14	OK	OK
ar.bitXor	arith	|bitXor(12,10)	Integer	[1]	SELECT xor(12, 10) AS value	Integer	6	OK	OK
ar.bitNot	arith	|bitNot(12)	Integer	[1]	SELECT xor(12, -1) AS value	Integer	-13	OK	OK
ar.bitShiftLeft	arith	|bitShiftLeft(1,4)	Integer	[1]	SELECT (CAST(1 AS BIGINT) << 4) AS value	Long	16	OK	OK
ar.bitShiftRight	arith	|bitShiftRight(16,4)	Integer	[1]	SELECT (CAST(16 AS BIGINT) >> 4) AS value	Long	1	OK	OK
ar.sum.i	arith	|sum([1,2,3])	Integer	[1]	SELECT list_sum([1, 2, 3]) AS value	BigInteger	6	OK	OK
ar.sum.f	arith	|sum([1.5,2.5])	Float	[1]	SELECT list_sum([CAST(1.5 AS DOUBLE), CAST(2.5 AS DOUBLE)]) AS value	Double	4.0	OK	OK
ar.sum.n	arith	|[1,2.5]->sum()	Number	[1]	SELECT list_sum([1, CAST(2.5 AS DOUBLE)]) AS value	Double	3.5	OK	OK
ar.average	arith	|average([1,2,3])	Float	[1]	SELECT list_avg([1, 2, 3]) AS value	Double	2.0	OK	OK
ar.mean	arith	|mean([1,2,3])	Float	[1]	SELECT list_avg([1, 2, 3]) AS value	Double	2.0	OK	OK
ar.median	arith	|median([1,2,3,4])	Float	[1]	SELECT list_median([1, 2, 3, 4]) AS value	Double	2.5	OK	OK
ar.mode.i	arith	|mode([1,1,2])	Integer	[1]	SELECT list_aggregate([1, 1, 2], 'mode') AS value	Integer	1	OK	OK
ar.mode.f	arith	|mode([1.5,1.5,2.5])	Float	[1]	SELECT list_aggregate([CAST(1.5 AS DOUBLE), CAST(1.5 AS DOUBLE), CAST(2.5 AS DOUBLE)], 'mode') AS value	Double	1.5	OK	OK
ar.stdDev	arith	|stdDev([1,2,3,4])	Number	[1]	SELECT list_aggregate([1, 2, 3, 4], 'stddev_samp') AS value	Double	1.2909944487358056	OK	OK
ar.stdDevPopulation	arith	|stdDevPopulation([1,2,3,4])	Number	[1]	SELECT list_aggregate([1, 2, 3, 4], 'stddev_pop') AS value	Double	1.118033988749895	OK	OK
ar.stdDevSample	arith	|stdDevSample([1,2,3,4])	Number	[1]	SELECT list_aggregate([1, 2, 3, 4], 'stddev_samp') AS value	Double	1.2909944487358056	OK	OK
ar.variance	arith	|variance([1,2,3,4])	Number	[1]	SELECT list_aggregate([1, 2, 3, 4], 'var_samp') AS value	Double	1.6666666666666667	OK	OK
ar.variance.b	arith	|variance([1,2,3,4], true)	Number	[1]	SELECT list_aggregate([1, 2, 3, 4], 'var_samp') AS value	Double	1.6666666666666667	OK	OK
ar.variancePopulation	arith	|variancePopulation([1,2,3,4])	Number	[1]	SELECT list_aggregate([1, 2, 3, 4], 'var_pop') AS value	Double	1.25	OK	OK
ar.varianceSample	arith	|varianceSample([1,2,3,4])	Number	[1]	SELECT list_aggregate([1, 2, 3, 4], 'var_samp') AS value	Double	1.6666666666666667	OK	OK
ar.percentile	arith	|percentile([1,2,3,4], 0.5)	Number	[1]	SELECT list_aggregate([1, 2, 3, 4], 'quantile_cont', CAST(0.5 AS DOUBLE)) AS value	Double	2.5	OK	OK
ar.percentile4	arith	|percentile([1,2,3,4], 0.5, true, true)	Number	[0..1]	SELECT list_aggregate([1, 2, 3, 4], 'quantile_cont', CAST(0.5 AS DOUBLE)) AS value	Double	2.5	OK	OK
ar.corr	arith	|corr([1,2,3],[2,4,6])	Number	[1]	SELECT CASE WHEN len([1, 2, 3]) <> len([2, 4, 6]) THEN error('corr: the two value lists differ in length') ELSE (SELECT CORR(a, b) FROM ( SELECT UNNEST([1, 2, 3]) AS a, UNNEST([2, 4, 6]) AS b ) AS _uz) END AS value	Double	1.0	OK	OK
ar.covarPop	arith	|covarPopulation([1,2,3],[2,4,6])	Number	[1]	SELECT CASE WHEN len([1, 2, 3]) <> len([2, 4, 6]) THEN error('covarPopulation: the two value lists differ in length') ELSE (SELECT COVAR_POP(a, b) FROM ( SELECT UNNEST([1, 2, 3]) AS a, UNNEST([2, 4, 6]) AS b ) AS _uz) END AS value	Double	1.3333333333333333	OK	OK
ar.covarSample	arith	|covarSample([1,2,3],[2,4,6])	Number	[1]	SELECT CASE WHEN len([1, 2, 3]) <> len([2, 4, 6]) THEN error('covarSample: the two value lists differ in length') ELSE (SELECT COVAR_SAMP(a, b) FROM ( SELECT UNNEST([1, 2, 3]) AS a, UNNEST([2, 4, 6]) AS b ) AS _uz) END AS value	Double	2.0	OK	OK
dec.plus	dec	|1.10d + 2.20d	Decimal	[1]	SELECT 1.10 + 2.20 AS value	BigDecimal	3.30	OK	OK
dec.minus	dec	|5.55d - 2.20d	Decimal	[1]	SELECT 5.55 - 2.20 AS value	BigDecimal	3.35	OK	OK
dec.times	dec	|1.10d * 2.20d	Decimal	[1]	SELECT 1.10 * 2.20 AS value	BigDecimal	2.4200	OK	OK
dec.div	dec	|1.10d / 2.20d	Float	[1]	SELECT ((1.0 * 1.10) / 2.20) AS value	Double	0.5	OK	OK
dec.plus.fn	dec	|plus(1.10d, 2.20d)	Decimal	[1]	SELECT 1.10 + 2.20 AS value	BigDecimal	3.30	OK	OK
dec.mixed.plus	dec	|1.10d + 2	Number	[1]	SELECT 1.10 + 2 AS value	BigDecimal	3.10	OK	OK
dec.mixed.plus2	dec	|1.10d + 2.5	Number	[1]	SELECT 1.10 + 2.5 AS value	BigDecimal	3.60	OK	OK
dec.lit	dec	|1.10d	Decimal(38,2)	[1]	SELECT 1.10 AS value	BigDecimal	1.10	OK	OK
dec.big	dec	|99999999.99d * 99999999.99d	Decimal	[1]	SELECT 99999999.99 * 99999999.99 AS value			EXEC-ERR:SQLException: Out of Range Error: Overflow in multiplication of DECIMAL(18) (9999999999 * 9999999999). You might want to add an explicit cast to a bigger decimal.	DB-ERROR
dec.toString	dec	|1.10d->toString()	String	[1]	SELECT CAST(1.10 AS VARCHAR) AS value	String	1.10	OK	OK
dec.col.plus	dec	t::D.all()->project(~[x:p|$p.dec + $p.dec])	Decimal	1	SELECT t0.DEC_V + t0.DEC_V AS x FROM T_D AS t0	BigDecimal	246.90	OK	OK
dec.col.times	dec	t::D.all()->project(~[x:p|$p.dec * $p.dec])	Decimal	1	SELECT t0.DEC_V * t0.DEC_V AS x FROM T_D AS t0	BigDecimal	15239.9025	OK	OK
dec.col.div	dec	t::D.all()->project(~[x:p|$p.dec / $p.dec])	Float	1	SELECT ((1.0 * t0.DEC_V) / t0.DEC_V) AS x FROM T_D AS t0	Double	1.0	OK	OK
dec.col.sum	dec	t::D.all()->groupBy(~[],~[s:x|$x.dec:y|$y->sum()])	Number	1	SELECT SUM(t0.DEC_V) AS s FROM T_D AS t0	BigDecimal	123.45	OK	OK
dec.col.raw	dec	t::D.all()->project(~[x:p|$p.dec])	Decimal	1	SELECT t0.DEC_V AS x FROM T_D AS t0	BigDecimal	123.45	OK	OK
st.len.ascii	str	|'abc'->length()	Integer	[1]	SELECT length('abc') AS value	Long	3	OK	OK
st.len.empty	str	|''->length()	Integer	[1]	SELECT length('') AS value	Long	0	OK	OK
st.len.emoji	str	|'a\U0001F600b'->length()	Integer	[1]	SELECT length('aU0001F600b') AS value	Long	11	OK	OK
st.len.emoji2	str	|'\U0001F600'->length()	Integer	[1]	SELECT length('U0001F600') AS value	Long	9	OK	OK
st.len.combining	str	|'e\u0301'->length()	Integer	[1]	SELECT length('e?') AS value	Long	2	OK	OK
st.len.accent	str	|'\u00e9'->length()	Integer	[1]	SELECT length('?') AS value	Long	1	OK	OK
st.len.cjk	str	|'\u4e2d\u6587'->length()	Integer	[1]	SELECT length('??') AS value	Long	2	OK	OK
st.len.raw.emoji	str	|'?'->length()	Integer	[1]	SELECT length('?') AS value	Long	1	OK	OK
st.len.raw.combining	str	|'?'->length()	Integer	[1]	SELECT length('?') AS value	Long	1	OK	OK
st.len.raw.combining2	str	|'?'->length()	Integer	[1]	SELECT length('?') AS value	Long	1	OK	OK
st.sub.2	str	|'abcdef'->substring(2)	String	[1]	SELECT substr('abcdef', 2) AS value	String	bcdef	OK	OK
st.sub.0	str	|'abcdef'->substring(0)	String	[1]	SELECT substr('abcdef', 1) AS value	String	abcdef	OK	OK
st.sub.neg	str	|'abcdef'->substring(-1)	String	[1]	SELECT substr('abcdef', 1) AS value	String	abcdef	OK	OK
st.sub.big	str	|'abcdef'->substring(99)	String	[1]	SELECT substr('abcdef', 99) AS value	String		OK	OK
st.sub.2_4	str	|'abcdef'->substring(2,4)	String	[1]	SELECT substr('abcdef', 2, 4) AS value	String	bcde	OK	OK
st.sub.0_2	str	|'abcdef'->substring(0,2)	String	[1]	SELECT substr('abcdef', 1, 2) AS value	String	ab	OK	OK
st.sub.neg2	str	|'abcdef'->substring(-2,2)	String	[1]	SELECT substr('abcdef', 1, 2) AS value	String	ab	OK	OK
st.sub.rev	str	|'abcdef'->substring(4,2)	String	[1]	SELECT substr('abcdef', 4, 2) AS value	String	de	OK	OK
st.sub.oob	str	|'abcdef'->substring(2,99)	String	[1]	SELECT substr('abcdef', 2, 99) AS value	String	bcdef	OK	OK
st.sub.emoji	str	|'?ab'->substring(0,1)	String	[1]	SELECT substr('?ab', 1, 1) AS value	String	?	OK	OK
st.idx	str	|'abcabc'->indexOf('b')	Integer	[1]	SELECT strpos('abcabc', 'b') AS value	Long	2	OK	OK
st.idx.miss	str	|'abcabc'->indexOf('z')	Integer	[1]	SELECT strpos('abcabc', 'z') AS value	Long	0	OK	OK
st.idx.empty	str	|'abcabc'->indexOf('')	Integer	[1]	SELECT strpos('abcabc', '') AS value	Long	1	OK	OK
st.idx.from	str	|'abcabc'->indexOf('b',2)	Integer	[1]	SELECT CASE WHEN strpos(substr('abcabc', 2), 'b') > 0 THEN strpos(substr('abcabc', 2), 'b') + 2 - 1 ELSE 0 END AS value	Long	2	OK	OK
st.idx.emoji	str	|'?ab'->indexOf('a')	Integer	[1]	SELECT strpos('?ab', 'a') AS value	Long	2	OK	OK
st.replace	str	|'aXbXc'->replace('X','-')	String	[1]	SELECT replace('aXbXc', 'X', '-') AS value	String	a-b-c	OK	OK
st.replace.empty	str	|'abc'->replace('','-')	String	[1]	SELECT replace('abc', '', '-') AS value	String	abc	OK	OK
st.split	str	|'a,b,c'->split(',')	String	[*]	SELECT UNNEST(list_filter(string_split('a,b,c', ','), x -> x IS NOT NULL)) AS value	String;String;String	a;b;c	OK	OK
st.split.empty	str	|'abc'->split('')	String	[*]	SELECT UNNEST(list_filter(string_split('abc', ''), x -> x IS NOT NULL)) AS value	String;String;String	a;b;c	OK	OK
st.split.nomatch	str	|'abc'->split(',')	String	[*]	SELECT UNNEST(list_filter(string_split('abc', ','), x -> x IS NOT NULL)) AS value	String	abc	OK	OK
st.splitPart	str	|'a,b,c'->splitPart(',',2)	String	[0..1]	SELECT split_part('a,b,c', ',', 3) AS value	String	c	OK	OK
st.splitPart.oob	str	|'a,b,c'->splitPart(',',9)	String	[0..1]	SELECT split_part('a,b,c', ',', 10) AS value	String		OK	OK
st.trim	str	|'  ab  '->trim()	String	[1]	SELECT trim('  ab  ') AS value	String	ab	OK	OK
st.ltrim	str	|'  ab  '->ltrim()	String	[1]	SELECT ltrim('  ab  ') AS value	String	ab  	OK	OK
st.rtrim	str	|'  ab  '->rtrim()	String	[1]	SELECT rtrim('  ab  ') AS value	String	  ab	OK	OK
st.upper	str	|'aBc'->toUpper()	String	[1]	SELECT upper('aBc') AS value	String	ABC	OK	OK
st.lower	str	|'aBc'->toLower()	String	[1]	SELECT lower('aBc') AS value	String	abc	OK	OK
st.upper.tr	str	|'i'->toUpper()	String	[1]	SELECT upper('i') AS value	String	I	OK	OK
st.lower.tr	str	|'I'->toLower()	String	[1]	SELECT lower('I') AS value	String	i	OK	OK
st.upper.de	str	|'?'->toUpper()	String	[1]	SELECT upper('?') AS value	String	?	OK	OK
st.upper.accent	str	|'?'->toUpper()	String	[1]	SELECT upper('?') AS value	String	?	OK	OK
st.ucfirst	str	|'abc'->toUpperFirstCharacter()	String	[1]	SELECT upper(substr('abc', 1, 1)) || substr('abc', 2) AS value	String	Abc	OK	OK
st.lcfirst	str	|'ABC'->toLowerFirstCharacter()	String	[1]	SELECT lower(substr('ABC', 1, 1)) || substr('ABC', 2) AS value	String	aBC	OK	OK
st.starts	str	|'abcdef'->startsWith('abc')	Boolean	[1]	SELECT starts_with('abcdef', 'abc') AS value	Boolean	true	OK	OK
st.starts.f	str	|'abcdef'->startsWith('xyz')	Boolean	[1]	SELECT starts_with('abcdef', 'xyz') AS value	Boolean	false	OK	OK
st.ends	str	|'abcdef'->endsWith('def')	Boolean	[1]	SELECT ends_with('abcdef', 'def') AS value	Boolean	true	OK	OK
st.contains	str	|'abcdef'->contains('cd')	Boolean	[1]	SELECT strpos('abcdef', 'cd') > 0 AS value	Boolean	true	OK	OK
st.contains.f	str	|'abcdef'->contains('zz')	Boolean	[1]	SELECT strpos('abcdef', 'zz') > 0 AS value	Boolean	false	OK	OK
st.matches	str	|'abc123'->matches('[a-z]+[0-9]+')	Boolean	[1]	SELECT regexp_full_match('abc123', '[a-z]+[0-9]+') AS value	Boolean	true	OK	OK
st.parseInt	str	|'42'->parseInteger()	Integer	[1]	SELECT CAST('42' AS BIGINT) AS value	Long	42	OK	OK
st.parseInt.bad	str	|'abc'->parseInteger()	Integer	[1]	SELECT CAST('abc' AS BIGINT) AS value			EXEC-ERR:SQLException: Conversion Error: Could not convert string 'abc' to INT64  LINE 1: SELECT CAST('abc' AS BIGINT) AS value                ^	DB-ERROR
st.parseInt.float	str	|'4.2'->parseInteger()	Integer	[1]	SELECT CAST('4.2' AS BIGINT) AS value	Long	4	OK	OK
st.parseInt.empty	str	|''->parseInteger()	Integer	[1]	SELECT CAST('' AS BIGINT) AS value			EXEC-ERR:SQLException: Conversion Error: Could not convert string '' to INT64  LINE 1: SELECT CAST('' AS BIGINT) AS value                ^	DB-ERROR
st.parseInt.big	str	|'9223372036854775807'->parseInteger()	Integer	[1]	SELECT CAST('9223372036854775807' AS BIGINT) AS value	Long	9223372036854775807	OK	OK
st.parseInt.over	str	|'99223372036854775807'->parseInteger()	Integer	[1]	SELECT CAST('99223372036854775807' AS BIGINT) AS value			EXEC-ERR:SQLException: Conversion Error: Could not convert string '99223372036854775807' to INT64  LINE 1: SELECT CAST('99223372036854775807' AS BIGINT) AS value                ^	DB-ERROR
st.parseInt.space	str	|' 42 '->parseInteger()	Integer	[1]	SELECT CAST(' 42 ' AS BIGINT) AS value	Long	42	OK	OK
st.parseFloat	str	|'4.25'->parseFloat()	Float	[1]	SELECT CAST('4.25' AS DOUBLE) AS value	Double	4.25	OK	OK
st.parseFloat.bad	str	|'abc'->parseFloat()	Float	[1]	SELECT CAST('abc' AS DOUBLE) AS value			EXEC-ERR:SQLException: Conversion Error: Could not convert string 'abc' to DOUBLE  LINE 1: SELECT CAST('abc' AS DOUBLE) AS value                ^	DB-ERROR
st.parseFloat.inf	str	|'Infinity'->parseFloat()	Float	[1]	SELECT CAST('Infinity' AS DOUBLE) AS value	Double	Infinity	OK	OK
st.parseDecimal	str	|'4.25'->parseDecimal()	Decimal(38,18)	[1]	SELECT CAST('4.25' AS DECIMAL(38, 2)) AS value	BigDecimal	4.25	OK	OK
st.parseDecimal.bad	str	|'abc'->parseDecimal()	Decimal(38,18)	[1]	SELECT CAST('abc' AS DECIMAL(38, 0)) AS value			EXEC-ERR:SQLException: Conversion Error: Could not convert string "abc" to DECIMAL(38,0)  LINE 1: SELECT CAST('abc' AS DECIMAL(38, 0)) AS value                ^	DB-ERROR
st.parseDecimal.ps	str	|'4.25'->parseDecimal(10,2)	Decimal(38,18)	[1]	SELECT CAST('4.25' AS DECIMAL(10, 2)) AS value	BigDecimal	4.25	OK	OK
st.parseBoolean	str	|'true'->parseBoolean()	Boolean	[1]	SELECT CAST('true' AS BOOLEAN) AS value	Boolean	true	OK	OK
st.parseBoolean.bad	str	|'yes'->parseBoolean()	Boolean	[1]	SELECT CAST('yes' AS BOOLEAN) AS value	Boolean	true	OK	OK
st.parseDate	str	|'2024-03-15'->parseDate()	StrictDate	[1]	SELECT CAST('2024-03-15' AS TIMESTAMP) AS value	DateWithSecond	2024-03-15T00:00:00+0000	OK	OK
st.parseDate.bad	str	|'not-a-date'->parseDate()	Date	[1]	SELECT CAST('not-a-date' AS TIMESTAMP) AS value			EXEC-ERR:SQLException: Conversion Error: invalid timestamp field format: "not-a-date", expected format is (YYYY-MM-DD HH:MM:SS[.US][?HH[:MM[:SS]]| ZONE])  LINE 1: SELECT CAST('not-a-date' AS TIMESTAMP) AS value                ^	DB-ERROR
st.isNumeric	str	|meta::legend::lite::isNumeric('42')	Boolean	[0..1]	SELECT lower('42') = upper('42') AS value	Boolean	true	OK	OK
st.isNumeric.f	str	|meta::legend::lite::isNumeric('abc')	Boolean	[0..1]	SELECT lower('abc') = upper('abc') AS value	Boolean	false	OK	OK
ts.int	str	|1->toString()	String	[1]	SELECT CAST(1 AS VARCHAR) AS value	String	1	OK	OK
ts.negint	str	|-1->toString()	String	[1]	SELECT 0 - CAST(1 AS VARCHAR) AS value			EXEC-ERR:SQLException: Binder Error: No function matches the given name and argument types '-(INTEGER_LITERAL, VARCHAR)'. You might need to add explicit type casts.  Candidate functions:  -(TINYINT) -> TINYINT  -(TINYINT, TINYINT) -> TINYINT  -(SMALLINT) -> SMALLINT  -(SMALLINT, SMALLINT) -> SMALLINT  -(INTEGER) -> INTEGER  -(INTEGER, INTEGER) -> INTEGER  -(BIGINT) -> BIGINT  -(BIGINT, BIGINT) -> BIGINT  -(HUGEINT) -> HUGEINT  -(HUGEINT, HUGEINT) -> HUGEINT  -(FLOAT) -> FLOAT  -(FLOAT, FLOAT) -> FLOAT  -(DOUBLE) -> DOUBLE  -(DOUBLE, DOUBLE) -> DOUBLE  -(DECIMAL) -> DECIMAL  -(DECIMAL, DECIMAL) -> DECIMAL  -(UTINYINT) -> UTINYINT  -(UTINYINT, UTINYINT) -> UTINYINT  -(USMALLINT) -> USMALLINT  -(USMALLINT, USMALLINT) -> USMALLINT  -(UINTEGER) -> UINTEGER  -(UINTEGER, UINTEGER) -> UINTEGER  -(UBIGINT) -> UBIGINT  -(UBIGINT, UBIGINT) -> UBIGINT  -(UHUGEINT) -> UHUGEINT  -(UHUGEINT, UHUGEINT) -> UHUGEINT  -(BIGNUM) -> BIGNUM  -(BIGNUM, BIGNUM) -> BIGNUM  -(DATE, DATE) -> BIGINT  -(DATE, INTEGER) -> DATE  -(TIMESTAMP, TIMESTAMP) -> INTERVAL  -(INTERVAL, INTERVAL) -> INTERVAL  -(DATE, INTERVAL) -> TIMESTAMP  -(TIME, INTERVAL) -> TIME  -(TIMESTAMP, INTERVAL) -> TIMESTAMP  -(TIME WITH TIME ZONE, INTERVAL) -> TIME WITH TIME ZONE  -(INTERVAL) -> INTERVAL  -(TIMESTAMP WITH TIME ZONE, INTERVAL) -> TIMESTAMP WITH TIME ZONE  -(TIMESTAMP WITH TIME ZONE, TIMESTAMP WITH TIME ZONE) -> INTERVAL   LINE 1: SELECT 0 - CAST(1 AS VARCHAR) AS value                  ^	DB-ERROR
ts.float	str	|1.5->toString()	String	[1]	SELECT CASE WHEN strpos(CAST(CAST(1.5 AS DOUBLE) AS VARCHAR), 'e') > 0 AND CAST(1.5 AS DOUBLE) = floor(CAST(1.5 AS DOUBLE)) AND abs(CAST(1.5 AS DOUBLE)) < CAST(1.0E38 AS DOUBLE) THEN concat(CAST(CAST(CAST(1.5 AS DOUBLE) AS HUGEINT) AS VARCHAR), '.0') WHEN strpos(CAST(CAST(1.5 AS DOUBLE) AS VARCHAR), 'e') > 0 AND abs(CAST(1.5 AS DOUBLE)) >= CAST(1.0E-17 AS DOUBLE) AND abs(CAST(1.5 AS DOUBLE)) < CAST(9.007199254740992E15 AS DOUBLE) THEN CASE WHEN ends_with(rtrim(CAST(CAST(CAST(1.5 AS DOUBLE) AS DECIMAL(38, 18)) AS VARCHAR), '0'), '.') THEN concat(rtrim(CAST(CAST(CAST(1.5 AS DOUBLE) AS DECIMAL(38, 18)) AS VARCHAR), '0'), '0') ELSE rtrim(CAST(CAST(CAST(1.5 AS DOUBLE) AS DECIMAL(38, 18)) AS VARCHAR), '0') END ELSE CAST(CAST(1.5 AS DOUBLE) AS VARCHAR) END AS value	String	1.5	OK	OK
ts.float.int	str	|1.0->toString()	String	[1]	SELECT CASE WHEN strpos(CAST(CAST(1.0 AS DOUBLE) AS VARCHAR), 'e') > 0 AND CAST(1.0 AS DOUBLE) = floor(CAST(1.0 AS DOUBLE)) AND abs(CAST(1.0 AS DOUBLE)) < CAST(1.0E38 AS DOUBLE) THEN concat(CAST(CAST(CAST(1.0 AS DOUBLE) AS HUGEINT) AS VARCHAR), '.0') WHEN strpos(CAST(CAST(1.0 AS DOUBLE) AS VARCHAR), 'e') > 0 AND abs(CAST(1.0 AS DOUBLE)) >= CAST(1.0E-17 AS DOUBLE) AND abs(CAST(1.0 AS DOUBLE)) < CAST(9.007199254740992E15 AS DOUBLE) THEN CASE WHEN ends_with(rtrim(CAST(CAST(CAST(1.0 AS DOUBLE) AS DECIMAL(38, 18)) AS VARCHAR), '0'), '.') THEN concat(rtrim(CAST(CAST(CAST(1.0 AS DOUBLE) AS DECIMAL(38, 18)) AS VARCHAR), '0'), '0') ELSE rtrim(CAST(CAST(CAST(1.0 AS DOUBLE) AS DECIMAL(38, 18)) AS VARCHAR), '0') END ELSE CAST(CAST(1.0 AS DOUBLE) AS VARCHAR) END AS value	String	1.0	OK	OK
ts.dec	str	|1.50d->toString()	String	[1]	SELECT CAST(1.50 AS VARCHAR) AS value	String	1.50	OK	OK
ts.str	str	|'abc'->toString()	String	[1]	SELECT CAST('abc' AS VARCHAR) AS value	String	abc	OK	OK
ts.bool	str	|true->toString()	String	[1]	SELECT CAST(TRUE AS VARCHAR) AS value	String	true	OK	OK
ts.boolf	str	|false->toString()	String	[1]	SELECT CAST(FALSE AS VARCHAR) AS value	String	false	OK	OK
ts.date	str	|%2024-03-15->toString()	String	[1]	SELECT '2024-03-15' AS value	String	2024-03-15	OK	OK
ts.datetime	str	|%2024-03-15T10:30:45->toString()	String	[1]	SELECT '2024-03-15T10:30:45+0000' AS value	String	2024-03-15T10:30:45+0000	OK	OK
ts.datetime.ms	str	|%2024-03-15T10:30:45.123->toString()	String	[1]	SELECT '2024-03-15T10:30:45.123+0000' AS value	String	2024-03-15T10:30:45.123+0000	OK	OK
ts.dateY	str	|%2024->toString()	String	[1]	SELECT '2024' AS value	String	2024	OK	OK
ts.dateYM	str	|%2024-03->toString()	String	[1]	SELECT '2024-03' AS value	String	2024-03	OK	OK
ts.enum	str	|meta::pure::functions::date::DurationUnit.DAYS->toString()	String	[1]	SELECT CAST('DAYS' AS VARCHAR) AS value	String	DAYS	OK	OK
ts.col.enum	str	t::D.all()->project(~[x:p|$p.c->toString()])	String	1	SELECT CAST(CASE WHEN t0.C_V = 'RED' THEN 'RED' ELSE CASE WHEN t0.C_V = 'GREEN' THEN 'GREEN' ELSE CASE WHEN t0.C_V = 'BLUE' THEN 'BLUE' ELSE NULL END END END AS VARCHAR) AS x FROM T_D AS t0	String	RED	OK	OK
ts.col.date	str	t::D.all()->project(~[x:p|$p.d->toString()])	String	1	SELECT CAST(t0.D_V AS VARCHAR) AS x FROM T_D AS t0	String	2024-03-15	OK	OK
ts.col.dt	str	t::D.all()->project(~[x:p|$p.dt->toString()])	String	1	SELECT strftime(t0.DT_V, '%Y-%m-%dT%H:%M:%S.%g+0000') AS x FROM T_D AS t0	String	2024-03-15T10:30:45.000+0000	OK	OK
ts.col.dec	str	t::D.all()->project(~[x:p|$p.dec->toString()])	String	1	SELECT CAST(t0.DEC_V AS VARCHAR) AS x FROM T_D AS t0	String	123.45	OK	OK
ts.col.f	str	t::D.all()->project(~[x:p|$p.f->toString()])	String	1	SELECT CASE WHEN strpos(CAST(t0.F_V AS VARCHAR), 'e') > 0 AND t0.F_V = floor(t0.F_V) AND abs(t0.F_V) < CAST(1.0E38 AS DOUBLE) THEN concat(CAST(CAST(t0.F_V AS HUGEINT) AS VARCHAR), '.0') WHEN strpos(CAST(t0.F_V AS VARCHAR), 'e') > 0 AND abs(t0.F_V) >= CAST(1.0E-17 AS DOUBLE) AND abs(t0.F_V) < CAST(9.007199254740992E15 AS DOUBLE) THEN CASE WHEN ends_with(rtrim(CAST(CAST(t0.F_V AS DECIMAL(38, 18)) AS VARCHAR), '0'), '.') THEN concat(rtrim(CAST(CAST(t0.F_V AS DECIMAL(38, 18)) AS VARCHAR), '0'), '0') ELSE rtrim(CAST(CAST(t0.F_V AS DECIMAL(38, 18)) AS VARCHAR), '0') END ELSE CAST(t0.F_V AS VARCHAR) END AS x FROM T_D AS t0	String	2.5	OK	OK
ts.col.b	str	t::D.all()->project(~[x:p|$p.b->toString()])	String	1	SELECT CAST(t0.B_V AS VARCHAR) AS x FROM T_D AS t0	String	true	OK	OK
ts.repr.int	str	|1->toRepresentation()	String	[1]	SELECT CAST(1 AS VARCHAR) AS value	String	1	OK	OK
ts.repr.str	str	|'a'->toRepresentation()	String	[1]	SELECT concat('''', replace(replace(replace(CAST('a' AS VARCHAR), '\', '\\'), '''', '\'''), ' ', '\n'), '''') AS value	String	'a'	OK	OK
ts.repr.date	str	|%2024-03-15->toRepresentation()	String	[1]	SELECT concat('%', CAST(DATE '2024-03-15' AS VARCHAR)) AS value	String	%2024-03-15	OK	OK
st.join	str	|['a','b','c']->joinStrings()	String	[1]	SELECT coalesce(list_aggregate(['a', 'b', 'c'], 'string_agg', ''), '') AS value	String	abc	OK	OK
st.join.sep	str	|['a','b','c']->joinStrings('-')	String	[1]	SELECT coalesce(list_aggregate(['a', 'b', 'c'], 'string_agg', '-'), '') AS value	String	a-b-c	OK	OK
st.join.4	str	|['a','b','c']->joinStrings('[','-',']')	String	[1]	SELECT concat('[', coalesce(list_aggregate(['a', 'b', 'c'], 'string_agg', '-'), ''), ']') AS value	String	[a-b-c]	OK	OK
st.join.empty	str	|[]->joinStrings('-')	String	[1]	SELECT coalesce(list_aggregate(CAST(NULL AS VARCHAR[]), 'string_agg', '-'), '') AS value	String		OK	OK
st.makeString	str	|[1,2,3]->makeString()	String	[1]	SELECT coalesce(list_aggregate(list_transform([1, 2, 3], x -> coalesce(CAST(x AS VARCHAR), 'TDSNull')), 'string_agg', ''), '') AS value	String	123	OK	OK
st.makeString.sep	str	|[1,2,3]->makeString('-')	String	[1]	SELECT coalesce(list_aggregate(list_transform([1, 2, 3], x -> coalesce(CAST(x AS VARCHAR), 'TDSNull')), 'string_agg', '-'), '') AS value	String	1-2-3	OK	OK
st.makeString.4	str	|[1,2,3]->makeString('[','-',']')	String	[1]	SELECT concat('[', coalesce(list_aggregate(list_transform([1, 2, 3], x -> coalesce(CAST(x AS VARCHAR), 'TDSNull')), 'string_agg', '-'), ''), ']') AS value	String	[1-2-3]	OK	OK
st.format.s	str	|format('%s', 'x')	String	[1]	SELECT printf('%s', 'x') AS value	String	x	OK	OK
st.format.d	str	|format('%d', 5)	String	[1]	SELECT printf('%d', 5) AS value	String	5	OK	OK
st.format.f	str	|format('%.2f', 1.5)	String	[1]	SELECT printf('%.2f', CAST(1.5 AS DOUBLE)) AS value	String	1.50	OK	OK
st.format.multi	str	|format('%s-%d', ['x', 5])	String	[1]	SELECT printf('%s-%d', CASE WHEN starts_with(CAST(concat('''', replace(replace('x', '\', '\\'), '''', '\'''), '''') AS VARCHAR), '''') THEN replace(replace(substr(CAST(concat('''', replace(replace('x', '\', '\\'), '''', '\'''), '''') AS VARCHAR), 2, length(CAST(CAST(concat('''', replace(replace('x', '\', '\\'), '''', '\'''), '''') AS VARCHAR) AS VARCHAR)) - 2), '\''', ''''), '\\', '\') WHEN starts_with(CAST(concat('''', replace(replace('x', '\', '\\'), '''', '\'''), '''') AS VARCHAR), '%') THEN substr(CAST(concat('''', replace(replace('x', '\', '\\'), '''', '\'''), '''') AS VARCHAR), 2) ELSE CAST(concat('''', replace(replace('x', '\', '\\'), '''', '\'''), '''') AS VARCHAR) END, CAST(CASE WHEN starts_with(CAST(CAST(5 AS VARCHAR) AS VARCHAR), '''') THEN replace(replace(substr(CAST(CAST(5 AS VARCHAR) AS VARCHAR), 2, length(CAST(CAST(CAST(5 AS VARCHAR) AS VARCHAR) AS VARCHAR)) - 2), '\''', ''''), '\\', '\') WHEN starts_with(CAST(CAST(5 AS VARCHAR) AS VARCHAR), '%') THEN substr(CAST(CAST(5 AS VARCHAR) AS VARCHAR), 2) ELSE CAST(CAST(5 AS VARCHAR) AS VARCHAR) END AS BIGINT)) AS value	String	x-5	OK	OK
st.format.pct	str	|format('100%%', [])	String	[1]	SELECT printf('100%%', NULL) AS value	null	null	OK	OK(empty)
st.lpad	str	|'ab'->lpad(5)	String	[1]	SELECT lpad('ab', 5, ' ') AS value	String	   ab	OK	OK
st.lpad.p	str	|'ab'->lpad(5,'*')	String	[1]	SELECT lpad('ab', 5, '*') AS value	String	***ab	OK	OK
st.lpad.short	str	|'abcdef'->lpad(3)	String	[1]	SELECT lpad('abcdef', 3, ' ') AS value	String	abc	OK	OK
st.rpad	str	|'ab'->rpad(5,'*')	String	[1]	SELECT rpad('ab', 5, '*') AS value	String	ab***	OK	OK
st.repeat	str	|'ab'->repeatString(3)	String	[0..1]	SELECT repeat('ab', 3) AS value	String	ababab	OK	OK
st.repeat.0	str	|'ab'->repeatString(0)	String	[0..1]	SELECT repeat('ab', 0) AS value	String		OK	OK
st.repeat.neg	str	|'ab'->repeatString(-1)	String	[0..1]	SELECT repeat('ab', -1) AS value	String		OK	OK
st.left	str	|'abcdef'->left(3)	String	[1]	SELECT left('abcdef', 3) AS value	String	abc	OK	OK
st.right	str	|'abcdef'->right(3)	String	[1]	SELECT right('abcdef', 3) AS value	String	def	OK	OK
st.left.oob	str	|'abc'->left(99)	String	[1]	SELECT left('abc', 99) AS value	String	abc	OK	OK
st.chunk	str	|'abcdef'->chunk(2)	String	[*]	SELECT UNNEST(list_filter(regexp_extract_all('abcdef', concat('.{1,', CAST(2 AS VARCHAR), '}')), x -> x IS NOT NULL)) AS value	String;String;String	ab;cd;ef	OK	OK
st.chunk.uneven	str	|'abcde'->chunk(2)	String	[*]	SELECT UNNEST(list_filter(regexp_extract_all('abcde', concat('.{1,', CAST(2 AS VARCHAR), '}')), x -> x IS NOT NULL)) AS value	String;String;String	ab;cd;e	OK	OK
st.reverse	str	|'abc'->reverseString()	String	[1]	SELECT reverse('abc') AS value	String	cba	OK	OK
st.reverse.emoji	str	|'?ab'->reverseString()	String	[1]	SELECT reverse('?ab') AS value	String	ba?	OK	OK
st.ascii	str	|'A'->ascii()	Integer	[1]	SELECT ascii('A') AS value	Integer	65	OK	OK
st.ascii.emoji	str	|'?'->ascii()	Integer	[1]	SELECT ascii('?') AS value	Integer	128512	OK	OK
st.char	str	|65->char()	String	[1]	SELECT chr(65) AS value	String	A	OK	OK
st.b64.enc	str	|'abc'->encodeBase64()	String	[1]	SELECT to_base64(CAST('abc' AS BLOB)) AS value	String	YWJj	OK	OK
st.b64.dec	str	|'YWJj'->decodeBase64()	String	[1]	SELECT CAST(from_base64('YWJj') AS VARCHAR) AS value	String	abc	OK	OK
st.b64.round	str	|'abc'->encodeBase64()->decodeBase64()	String	[1]	SELECT CAST(from_base64(concat(to_base64(CAST('abc' AS BLOB)), repeat('=', MOD(MOD(4 - MOD(MOD(length(CAST(to_base64(CAST('abc' AS BLOB)) AS VARCHAR)), 4) + 4, 4), 4) + 4, 4)))) AS VARCHAR) AS value	String	abc	OK	OK
st.hash1	str	|hash('abc')						G-ERR:TypeInferenceException: no overload of 'meta::pure::functions::hash::hash' accepts 1 argument(s)	G-REJECT
st.hash.md5	str	|'abc'->hash(meta::pure::functions::hash::HashType.MD5)	String	[1]	SELECT md5('abc') AS value	String	900150983cd24fb0d6963f7d28e17f72	OK	OK
st.hash.sha1	str	|'abc'->hash(meta::pure::functions::hash::HashType.SHA1)	String	[1]	SELECT sha1('abc') AS value	String	a9993e364706816aba3e25717850c26c9cd0d89d	OK	OK
st.hash.sha256	str	|'abc'->hash(meta::pure::functions::hash::HashType.SHA256)	String	[1]	SELECT sha256('abc') AS value	String	ba7816bf8f01cfea414140de5dae2223b00361a396177a9cb410ff61f20015ad	OK	OK
st.hashCode	str	|hashCode('abc')	Integer	[1]	SELECT CAST(CAST(xor(hash('abc'), CAST(9223372036854775808 AS UBIGINT)) AS HUGEINT) - 9223372036854775808 AS BIGINT) AS value	Long	1924864467101078684	OK	OK
st.leven	str	|levenshteinDistance('kitten','sitting')	Integer	[1]	SELECT levenshtein('kitten', 'sitting') AS value	Long	3	OK	OK
st.jaro	str	|jaroWinklerSimilarity('kitten','sitting')	Float	[1]	SELECT jaro_winkler_similarity('kitten', 'sitting') AS value	Double	0.746031746031746	OK	OK
st.guid	str	|generateGuid()->length()	Integer	[1]	SELECT length(CAST(CAST(uuid() AS VARCHAR) AS VARCHAR)) AS value	Long	36	OK	OK
st.currentUser	str	|currentUserId()	String	[1]	SELECT current_user AS value	String	duckdb	OK	OK
st.re.count	str	|regexpCount('aXbXc','X')	Integer	[1]	SELECT len(regexp_extract_all('aXbXc', 'X', 0)) AS value	Long	2	OK	OK
st.re.count.p	str	|regexpCount('aXbXc','x',meta::pure::functions::string::RegexpParameter.CASE_INSENSITIVE)	Integer	[1]	SELECT len(regexp_extract_all('aXbXc', '(?i)x', 0)) AS value	Long	2	OK	OK
st.re.extract	str	|regexpExtract('a1b2','[0-9]',true)	String	[*]	SELECT UNNEST(list_filter(regexp_extract_all('a1b2', '[0-9]', 0), x -> x IS NOT NULL)) AS value	String;String	1;2	OK	OK
st.re.extract.f	str	|regexpExtract('a1b2','[0-9]',false)	String	[*]	SELECT UNNEST(list_filter(array_slice(regexp_extract_all('a1b2', '[0-9]', 0), 1, 1), x -> x IS NOT NULL)) AS value	String	1	OK	OK
st.re.extract.g	str	|regexpExtract('a1b2','([a-z])([0-9])',false,2)	String	[*]	SELECT UNNEST(list_filter(array_slice(regexp_extract_all('a1b2', '([a-z])([0-9])', 2), 1, 1), x -> x IS NOT NULL)) AS value	String	1	OK	OK
st.re.indexOf	str	|regexpIndexOf('a1b2','[0-9]')	Integer	[1]	SELECT CASE WHEN list_extract(regexp_extract_all('a1b2', '[0-9]', 0), 1) IS NULL OR regexp_extract('a1b2', '(?s)^((?:.*?))(?:[0-9])', 1) IS NULL THEN -1 ELSE length(CAST(regexp_extract('a1b2', '(?s)^((?:.*?))(?:[0-9])', 1) AS VARCHAR)) END AS value	Long	1	OK	OK
st.re.like	str	|regexpLike('a1b2','[0-9]')	Boolean	[1]	SELECT regexp_matches('a1b2', '[0-9]') AS value	Boolean	true	OK	OK
st.re.replace	str	|regexpReplace('a1b2','[0-9]','#',true)	String	[1]	SELECT regexp_replace('a1b2', '[0-9]', '#', 'g') AS value	String	a#b#	OK	OK
st.re.replace.one	str	|regexpReplace('a1b2','[0-9]','#',false)	String	[1]	SELECT regexp_replace('a1b2', '[0-9]', '#', '') AS value	String	a#b2	OK	OK
st.eqNull	str	|'a'->toString()->length()	Integer	[1]	SELECT length(CAST(CAST('a' AS VARCHAR) AS VARCHAR)) AS value	Long	1	OK	OK
dt.ctor1	date	|date(2024)	Date	[1]	SELECT lpad(CAST(2024 AS VARCHAR), 4, '0') AS value	Year	2024	OK	OK
dt.ctor2	date	|date(2024,3)	Date	[1]	SELECT concat(lpad(CAST(2024 AS VARCHAR), 4, '0'), '-', lpad(CAST(3 AS VARCHAR), 2, '0')) AS value	YearMonth	2024-03	OK	OK
dt.ctor3	date	|date(2024,3,15)	StrictDate	[1]	SELECT make_date(2024, 3, 15) AS value	StrictDate	2024-03-15	OK	OK
dt.ctor4	date	|date(2024,3,15,10)	DateTime	[1]	SELECT concat(lpad(CAST(2024 AS VARCHAR), 4, '0'), '-', lpad(CAST(3 AS VARCHAR), 2, '0'), '-', lpad(CAST(15 AS VARCHAR), 2, '0'), 'T', lpad(CAST(10 AS VARCHAR), 2, '0')) AS value	DateWithHour	2024-03-15T10+0000	OK	OK
dt.ctor5	date	|date(2024,3,15,10,30)	DateTime	[1]	SELECT concat(lpad(CAST(2024 AS VARCHAR), 4, '0'), '-', lpad(CAST(3 AS VARCHAR), 2, '0'), '-', lpad(CAST(15 AS VARCHAR), 2, '0'), 'T', lpad(CAST(10 AS VARCHAR), 2, '0'), ':', lpad(CAST(30 AS VARCHAR), 2, '0')) AS value	DateWithMinute	2024-03-15T10:30+0000	OK	OK
dt.ctor6	date	|date(2024,3,15,10,30,45)	DateTime	[1]	SELECT make_timestamp(2024, 3, 15, 10, 30, CAST(45 AS DOUBLE)) AS value	DateWithSecond	2024-03-15T10:30:45+0000	OK	OK
dt.ctor6f	date	|date(2024,3,15,10,30,45.5)	DateTime	[1]	SELECT CASE WHEN ends_with(rtrim(strftime(make_timestamp(2024, 3, 15, 10, 30, CAST(CAST(45.5 AS DOUBLE) AS DOUBLE)), '%Y-%m-%dT%H:%M:%S.%f'), '0'), '.') THEN concat(rtrim(strftime(make_timestamp(2024, 3, 15, 10, 30, CAST(CAST(45.5 AS DOUBLE) AS DOUBLE)), '%Y-%m-%dT%H:%M:%S.%f'), '0'), '0') ELSE rtrim(strftime(make_timestamp(2024, 3, 15, 10, 30, CAST(CAST(45.5 AS DOUBLE) AS DOUBLE)), '%Y-%m-%dT%H:%M:%S.%f'), '0') END AS value	DateWithSubsecond	2024-03-15T10:30:45.5+0000	OK	OK
dt.ctor.bad.month	date	|date(2024,13,1)	StrictDate	[1]	SELECT error('Invalid month: 13') AS value			EXEC-ERR:SQLException: Invalid Input Error: Invalid month: 13	DB-ERROR
dt.ctor.bad.day	date	|date(2024,2,30)	StrictDate	[1]	SELECT error('Invalid day: 2024-2-30') AS value			EXEC-ERR:SQLException: Invalid Input Error: Invalid day: 2024-2-30	DB-ERROR
dt.ctor.leap	date	|date(2024,2,29)	StrictDate	[1]	SELECT make_date(2024, 2, 29) AS value	StrictDate	2024-02-29	OK	OK
dt.ctor.noleap	date	|date(2023,2,29)	StrictDate	[1]	SELECT error('Invalid day: 2023-2-29') AS value			EXEC-ERR:SQLException: Invalid Input Error: Invalid day: 2023-2-29	DB-ERROR
dt.ctor.y0	date	|date(0,1,1)	StrictDate	[1]	SELECT make_date(0, 1, 1) AS value	StrictDate	0-01-01	OK	OK
dt.ctor.y1	date	|date(1,1,1)	StrictDate	[1]	SELECT make_date(1, 1, 1) AS value	StrictDate	1-01-01	OK	OK
dt.ctor.y9999	date	|date(9999,12,31)	StrictDate	[1]	SELECT make_date(9999, 12, 31) AS value	StrictDate	9999-12-31	OK	OK
dt.ctor.yneg	date	|date(-1,1,1)	StrictDate	[1]	SELECT make_date(-1, 1, 1) AS value	StrictDate	-1-01-01	OK	OK
dt.lit.y	date	|%2024	Date	[1]	SELECT '2024' AS value	Year	2024	OK	OK
dt.lit.ym	date	|%2024-03	Date	[1]	SELECT '2024-03' AS value	YearMonth	2024-03	OK	OK
dt.lit.ymd	date	|%2024-03-15	StrictDate	[1]	SELECT DATE '2024-03-15' AS value	StrictDate	2024-03-15	OK	OK
dt.lit.dt	date	|%2024-03-15T10:30:45	DateTime	[1]	SELECT TIMESTAMP '2024-03-15T10:30:45' AS value	DateWithSecond	2024-03-15T10:30:45+0000	OK	OK
dt.lit.dt.ms	date	|%2024-03-15T10:30:45.123	DateTime	[1]	SELECT '2024-03-15T10:30:45.123' AS value	DateWithSubsecond	2024-03-15T10:30:45.123+0000	OK	OK
dt.lit.dt.tz	date	|%2024-03-15T10:30:45+0500	DateTime	[1]	SELECT TIMESTAMP '2024-03-15T05:30:45' AS value	DateWithSecond	2024-03-15T05:30:45+0000	OK	OK
dt.lit.latest	date	|%latest	LatestDate	[1]	SELECT TIMESTAMP '9999-12-31 00:00:00.0000' AS value	DateWithSecond	9999-12-31T00:00:00+0000	OK	OK
dt.lit.leap	date	|%2024-02-29	StrictDate	[1]	SELECT DATE '2024-02-29' AS value	StrictDate	2024-02-29	OK	OK
dt.lit.y0	date	|%0000-01-01	StrictDate	[1]	SELECT DATE '0-01-01' AS value	StrictDate	0-01-01	OK	OK
dt.lit.y9999	date	|%9999-12-31	StrictDate	[1]	SELECT DATE '9999-12-31' AS value	StrictDate	9999-12-31	OK	OK
dt.now	date	|now()	DateTime	[1]	SELECT CAST(now() AS TIMESTAMP) AS value	DateWithSubsecond	2026-08-26T16:58:34.277391+0000	OK	OK
dt.today	date	|today()	StrictDate	[1]	SELECT current_date AS value	StrictDate	2026-08-26	OK	OK
dt.year.d	date	|%2024-03-15->year()	Integer	[1]	SELECT date_part('year', DATE '2024-03-15') AS value	Long	2024	OK	OK
dt.year.dt	date	|%2024-03-15T10:30:45->year()	Integer	[1]	SELECT date_part('year', TIMESTAMP '2024-03-15T10:30:45') AS value	Long	2024	OK	OK
dt.monthNumber.d	date	|%2024-03-15->monthNumber()	Integer	[1]	SELECT date_part('month', DATE '2024-03-15') AS value	Long	3	OK	OK
dt.monthNumber.dt	date	|%2024-03-15T10:30:45->monthNumber()	Integer	[1]	SELECT date_part('month', TIMESTAMP '2024-03-15T10:30:45') AS value	Long	3	OK	OK
dt.dayOfMonth.d	date	|%2024-03-15->dayOfMonth()	Integer	[1]	SELECT date_part('day', DATE '2024-03-15') AS value	Long	15	OK	OK
dt.dayOfMonth.dt	date	|%2024-03-15T10:30:45->dayOfMonth()	Integer	[1]	SELECT date_part('day', TIMESTAMP '2024-03-15T10:30:45') AS value	Long	15	OK	OK
dt.dayOfYear.d	date	|%2024-03-15->dayOfYear()	Integer	[1]	SELECT date_part('doy', DATE '2024-03-15') AS value	Long	75	OK	OK
dt.dayOfYear.dt	date	|%2024-03-15T10:30:45->dayOfYear()	Integer	[1]	SELECT date_part('doy', TIMESTAMP '2024-03-15T10:30:45') AS value	Long	75	OK	OK
dt.hour.d	date	|%2024-03-15->hour()	Integer	[1]	SELECT error(concat('Cannot get hour for ', CAST(DATE '2024-03-15' AS VARCHAR))) AS value			EXEC-ERR:SQLException: Invalid Input Error: Cannot get hour for 2024-03-15	DB-ERROR
dt.hour.dt	date	|%2024-03-15T10:30:45->hour()	Integer	[1]	SELECT date_part('hour', TIMESTAMP '2024-03-15T10:30:45') AS value	Long	10	OK	OK
dt.minute.d	date	|%2024-03-15->minute()	Integer	[1]	SELECT error(concat('Cannot get minute for ', CAST(DATE '2024-03-15' AS VARCHAR))) AS value			EXEC-ERR:SQLException: Invalid Input Error: Cannot get minute for 2024-03-15	DB-ERROR
dt.minute.dt	date	|%2024-03-15T10:30:45->minute()	Integer	[1]	SELECT date_part('minute', TIMESTAMP '2024-03-15T10:30:45') AS value	Long	30	OK	OK
dt.second.d	date	|%2024-03-15->second()	Integer	[1]	SELECT error(concat('Cannot get second for ', CAST(DATE '2024-03-15' AS VARCHAR))) AS value			EXEC-ERR:SQLException: Invalid Input Error: Cannot get second for 2024-03-15	DB-ERROR
dt.second.dt	date	|%2024-03-15T10:30:45->second()	Integer	[1]	SELECT date_part('second', TIMESTAMP '2024-03-15T10:30:45') AS value	Long	45	OK	OK
dt.weekOfYear.d	date	|%2024-03-15->weekOfYear()	Integer	[1]	SELECT date_part('week', DATE '2024-03-15') AS value	Long	11	OK	OK
dt.weekOfYear.dt	date	|%2024-03-15T10:30:45->weekOfYear()	Integer	[1]	SELECT date_part('week', TIMESTAMP '2024-03-15T10:30:45') AS value	Long	11	OK	OK
dt.quarterNumber.d	date	|%2024-03-15->quarterNumber()	Integer	[1]	SELECT date_part('quarter', DATE '2024-03-15') AS value	Long	1	OK	OK
dt.quarterNumber.dt	date	|%2024-03-15T10:30:45->quarterNumber()	Integer	[1]	SELECT date_part('quarter', TIMESTAMP '2024-03-15T10:30:45') AS value	Long	1	OK	OK
dt.dayOfWeekNumber.d	date	|%2024-03-15->dayOfWeekNumber()	Integer	[1]	SELECT date_part('isodow', DATE '2024-03-15') AS value	Long	5	OK	OK
dt.dayOfWeekNumber.dt	date	|%2024-03-15T10:30:45->dayOfWeekNumber()	Integer	[1]	SELECT date_part('isodow', TIMESTAMP '2024-03-15T10:30:45') AS value	Long	5	OK	OK
dt.toEpochValue.d	date	|%2024-03-15->toEpochValue()	Integer	[1]	SELECT ((epoch_ms(DATE '2024-03-15') - epoch_ms(TIMESTAMP '1970-01-01 00:00:00')) // 1000) AS value	Long	1710460800	OK	OK
dt.toEpochValue.dt	date	|%2024-03-15T10:30:45->toEpochValue()	Integer	[1]	SELECT ((epoch_ms(TIMESTAMP '2024-03-15T10:30:45') - epoch_ms(TIMESTAMP '1970-01-01 00:00:00')) // 1000) AS value	Long	1710498645	OK	OK
dt.month	date	|%2024-03-15->month()	meta::pure::functions::date::Month	[1]	SELECT strftime(DATE '2024-03-15', '%B') AS value	String	March	OK	OK
dt.quarter	date	|%2024-03-15->quarter()	meta::pure::functions::date::Quarter	[1]	SELECT date_part('quarter', DATE '2024-03-15') AS value	Long	1	OK	OK
dt.dayOfWeek	date	|%2024-03-15->dayOfWeek()	meta::pure::functions::date::DayOfWeek	[1]	SELECT strftime(DATE '2024-03-15', '%A') AS value	String	Friday	OK	OK
dt.dayOfWeekNumber.fd	date	|%2024-03-15->dayOfWeekNumber(meta::pure::functions::date::DayOfWeek.Sunday)	Integer	[1]	SELECT MOD(MOD(date_part('isodow', DATE '2024-03-15'), 7) + 7, 7) + 1 AS value	Long	6	OK	OK
dt.datePart.d	date	|%2024-03-15T10:30:45->datePart()	StrictDate	[1]	SELECT CAST(TIMESTAMP '2024-03-15T10:30:45' AS DATE) AS value	StrictDate	2024-03-15	OK	OK
dt.toEpochValue.u	date	|%2024-03-15T10:30:45->toEpochValue(meta::pure::functions::date::DurationUnit.SECONDS)	Integer	[1]	SELECT ((epoch_ms(TIMESTAMP '2024-03-15T10:30:45') - epoch_ms(TIMESTAMP '1970-01-01 00:00:00')) // 1000) AS value	Long	1710498645	OK	OK
dt.fromEpochValue	date	|fromEpochValue(0)	Date	[1]	SELECT TIMESTAMP '1970-01-01 00:00:00' + to_seconds(0) AS value	DateWithSecond	1970-01-01T00:00:00+0000	OK	OK
dt.fromEpochValue.u	date	|fromEpochValue(1000, meta::pure::functions::date::DurationUnit.MILLISECONDS)	Date	[1]	SELECT TIMESTAMP '1970-01-01 00:00:00' + to_milliseconds(1000) AS value	DateWithSecond	1970-01-01T00:00:01+0000	OK	OK
dt.hasDay.ymd	date	|%2024-03-15->hasDay()	Boolean	[1]	SELECT TRUE AS value	Boolean	true	OK	OK
dt.hasDay.y	date	|%2024->hasDay()	Boolean	[1]	SELECT FALSE AS value	Boolean	false	OK	OK
dt.hasDay.dt	date	|%2024-03-15T10:30:45.123456->hasDay()	Boolean	[1]	SELECT TRUE AS value	Boolean	true	OK	OK
dt.hasHour.ymd	date	|%2024-03-15->hasHour()	Boolean	[1]	SELECT FALSE AS value	Boolean	false	OK	OK
dt.hasHour.y	date	|%2024->hasHour()	Boolean	[1]	SELECT FALSE AS value	Boolean	false	OK	OK
dt.hasHour.dt	date	|%2024-03-15T10:30:45.123456->hasHour()	Boolean	[1]	SELECT TRUE AS value	Boolean	true	OK	OK
dt.hasMinute.ymd	date	|%2024-03-15->hasMinute()	Boolean	[1]	SELECT FALSE AS value	Boolean	false	OK	OK
dt.hasMinute.y	date	|%2024->hasMinute()	Boolean	[1]	SELECT FALSE AS value	Boolean	false	OK	OK
dt.hasMinute.dt	date	|%2024-03-15T10:30:45.123456->hasMinute()	Boolean	[1]	SELECT TRUE AS value	Boolean	true	OK	OK
dt.hasMonth.ymd	date	|%2024-03-15->hasMonth()	Boolean	[1]	SELECT TRUE AS value	Boolean	true	OK	OK
dt.hasMonth.y	date	|%2024->hasMonth()	Boolean	[1]	SELECT FALSE AS value	Boolean	false	OK	OK
dt.hasMonth.dt	date	|%2024-03-15T10:30:45.123456->hasMonth()	Boolean	[1]	SELECT TRUE AS value	Boolean	true	OK	OK
dt.hasSecond.ymd	date	|%2024-03-15->hasSecond()	Boolean	[1]	SELECT FALSE AS value	Boolean	false	OK	OK
dt.hasSecond.y	date	|%2024->hasSecond()	Boolean	[1]	SELECT FALSE AS value	Boolean	false	OK	OK
dt.hasSecond.dt	date	|%2024-03-15T10:30:45.123456->hasSecond()	Boolean	[1]	SELECT TRUE AS value	Boolean	true	OK	OK
dt.hasSubsecond.ymd	date	|%2024-03-15->hasSubsecond()	Boolean	[1]	SELECT FALSE AS value	Boolean	false	OK	OK
dt.hasSubsecond.y	date	|%2024->hasSubsecond()	Boolean	[1]	SELECT FALSE AS value	Boolean	false	OK	OK
dt.hasSubsecond.dt	date	|%2024-03-15T10:30:45.123456->hasSubsecond()	Boolean	[1]	SELECT TRUE AS value	Boolean	true	OK	OK
dt.hasSubsecPrec	date	|%2024-03-15T10:30:45.123456->hasSubsecondWithAtLeastPrecision(3)	Boolean	[1]	SELECT TRUE AS value	Boolean	true	OK	OK
dt.adjust.YEARS	date	|%2024-03-15T10:30:45->adjust(1, meta::pure::functions::date::DurationUnit.YEARS)	Date	[1]	SELECT TIMESTAMP '2024-03-15T10:30:45' + to_years(1) AS value	DateWithSecond	2025-03-15T10:30:45+0000	OK	OK
dt.adjust.neg.YEARS	date	|%2024-03-15T10:30:45->adjust(-1, meta::pure::functions::date::DurationUnit.YEARS)	Date	[1]	SELECT TIMESTAMP '2024-03-15T10:30:45' + to_years(-1) AS value	DateWithSecond	2023-03-15T10:30:45+0000	OK	OK
dt.adjustTemporal.YEARS	date	|meta::legend::lite::adjustTemporal(%2024-03-15T10:30:45, 1, meta::pure::functions::date::DurationUnit.YEARS)	Date	[1]	SELECT TIMESTAMP '2024-03-15T10:30:45' + to_years(1) AS value	DateWithSecond	2025-03-15T10:30:45+0000	OK	OK
dt.adjust.MONTHS	date	|%2024-03-15T10:30:45->adjust(1, meta::pure::functions::date::DurationUnit.MONTHS)	Date	[1]	SELECT TIMESTAMP '2024-03-15T10:30:45' + to_months(1) AS value	DateWithSecond	2024-04-15T10:30:45+0000	OK	OK
dt.adjust.neg.MONTHS	date	|%2024-03-15T10:30:45->adjust(-1, meta::pure::functions::date::DurationUnit.MONTHS)	Date	[1]	SELECT TIMESTAMP '2024-03-15T10:30:45' + to_months(-1) AS value	DateWithSecond	2024-02-15T10:30:45+0000	OK	OK
dt.adjustTemporal.MONTHS	date	|meta::legend::lite::adjustTemporal(%2024-03-15T10:30:45, 1, meta::pure::functions::date::DurationUnit.MONTHS)	Date	[1]	SELECT TIMESTAMP '2024-03-15T10:30:45' + to_months(1) AS value	DateWithSecond	2024-04-15T10:30:45+0000	OK	OK
dt.adjust.WEEKS	date	|%2024-03-15T10:30:45->adjust(1, meta::pure::functions::date::DurationUnit.WEEKS)	Date	[1]	SELECT TIMESTAMP '2024-03-15T10:30:45' + to_weeks(1) AS value	DateWithSecond	2024-03-22T10:30:45+0000	OK	OK
dt.adjust.neg.WEEKS	date	|%2024-03-15T10:30:45->adjust(-1, meta::pure::functions::date::DurationUnit.WEEKS)	Date	[1]	SELECT TIMESTAMP '2024-03-15T10:30:45' + to_weeks(-1) AS value	DateWithSecond	2024-03-08T10:30:45+0000	OK	OK
dt.adjustTemporal.WEEKS	date	|meta::legend::lite::adjustTemporal(%2024-03-15T10:30:45, 1, meta::pure::functions::date::DurationUnit.WEEKS)	Date	[1]	SELECT TIMESTAMP '2024-03-15T10:30:45' + to_weeks(1) AS value	DateWithSecond	2024-03-22T10:30:45+0000	OK	OK
dt.adjust.DAYS	date	|%2024-03-15T10:30:45->adjust(1, meta::pure::functions::date::DurationUnit.DAYS)	Date	[1]	SELECT TIMESTAMP '2024-03-15T10:30:45' + to_days(1) AS value	DateWithSecond	2024-03-16T10:30:45+0000	OK	OK
dt.adjust.neg.DAYS	date	|%2024-03-15T10:30:45->adjust(-1, meta::pure::functions::date::DurationUnit.DAYS)	Date	[1]	SELECT TIMESTAMP '2024-03-15T10:30:45' + to_days(-1) AS value	DateWithSecond	2024-03-14T10:30:45+0000	OK	OK
dt.adjustTemporal.DAYS	date	|meta::legend::lite::adjustTemporal(%2024-03-15T10:30:45, 1, meta::pure::functions::date::DurationUnit.DAYS)	Date	[1]	SELECT TIMESTAMP '2024-03-15T10:30:45' + to_days(1) AS value	DateWithSecond	2024-03-16T10:30:45+0000	OK	OK
dt.adjust.HOURS	date	|%2024-03-15T10:30:45->adjust(1, meta::pure::functions::date::DurationUnit.HOURS)	Date	[1]	SELECT TIMESTAMP '2024-03-15T10:30:45' + to_hours(1) AS value	DateWithSecond	2024-03-15T11:30:45+0000	OK	OK
dt.adjust.neg.HOURS	date	|%2024-03-15T10:30:45->adjust(-1, meta::pure::functions::date::DurationUnit.HOURS)	Date	[1]	SELECT TIMESTAMP '2024-03-15T10:30:45' + to_hours(-1) AS value	DateWithSecond	2024-03-15T09:30:45+0000	OK	OK
dt.adjustTemporal.HOURS	date	|meta::legend::lite::adjustTemporal(%2024-03-15T10:30:45, 1, meta::pure::functions::date::DurationUnit.HOURS)	Date	[1]	SELECT TIMESTAMP '2024-03-15T10:30:45' + to_hours(1) AS value	DateWithSecond	2024-03-15T11:30:45+0000	OK	OK
dt.adjust.MINUTES	date	|%2024-03-15T10:30:45->adjust(1, meta::pure::functions::date::DurationUnit.MINUTES)	Date	[1]	SELECT TIMESTAMP '2024-03-15T10:30:45' + to_minutes(1) AS value	DateWithSecond	2024-03-15T10:31:45+0000	OK	OK
dt.adjust.neg.MINUTES	date	|%2024-03-15T10:30:45->adjust(-1, meta::pure::functions::date::DurationUnit.MINUTES)	Date	[1]	SELECT TIMESTAMP '2024-03-15T10:30:45' + to_minutes(-1) AS value	DateWithSecond	2024-03-15T10:29:45+0000	OK	OK
dt.adjustTemporal.MINUTES	date	|meta::legend::lite::adjustTemporal(%2024-03-15T10:30:45, 1, meta::pure::functions::date::DurationUnit.MINUTES)	Date	[1]	SELECT TIMESTAMP '2024-03-15T10:30:45' + to_minutes(1) AS value	DateWithSecond	2024-03-15T10:31:45+0000	OK	OK
dt.adjust.SECONDS	date	|%2024-03-15T10:30:45->adjust(1, meta::pure::functions::date::DurationUnit.SECONDS)	Date	[1]	SELECT TIMESTAMP '2024-03-15T10:30:45' + to_seconds(1) AS value	DateWithSecond	2024-03-15T10:30:46+0000	OK	OK
dt.adjust.neg.SECONDS	date	|%2024-03-15T10:30:45->adjust(-1, meta::pure::functions::date::DurationUnit.SECONDS)	Date	[1]	SELECT TIMESTAMP '2024-03-15T10:30:45' + to_seconds(-1) AS value	DateWithSecond	2024-03-15T10:30:44+0000	OK	OK
dt.adjustTemporal.SECONDS	date	|meta::legend::lite::adjustTemporal(%2024-03-15T10:30:45, 1, meta::pure::functions::date::DurationUnit.SECONDS)	Date	[1]	SELECT TIMESTAMP '2024-03-15T10:30:45' + to_seconds(1) AS value	DateWithSecond	2024-03-15T10:30:46+0000	OK	OK
dt.adjust.MILLISECONDS	date	|%2024-03-15T10:30:45->adjust(1, meta::pure::functions::date::DurationUnit.MILLISECONDS)	Date	[1]	SELECT TIMESTAMP '2024-03-15T10:30:45' + to_milliseconds(1) AS value	DateWithSubsecond	2024-03-15T10:30:45.001+0000	OK	OK
dt.adjust.neg.MILLISECONDS	date	|%2024-03-15T10:30:45->adjust(-1, meta::pure::functions::date::DurationUnit.MILLISECONDS)	Date	[1]	SELECT TIMESTAMP '2024-03-15T10:30:45' + to_milliseconds(-1) AS value	DateWithSubsecond	2024-03-15T10:30:44.999+0000	OK	OK
dt.adjustTemporal.MILLISECONDS	date	|meta::legend::lite::adjustTemporal(%2024-03-15T10:30:45, 1, meta::pure::functions::date::DurationUnit.MILLISECONDS)	Date	[1]	SELECT TIMESTAMP '2024-03-15T10:30:45' + to_milliseconds(1) AS value	DateWithSubsecond	2024-03-15T10:30:45.001+0000	OK	OK
dt.adjust.MICROSECONDS	date	|%2024-03-15T10:30:45->adjust(1, meta::pure::functions::date::DurationUnit.MICROSECONDS)	Date	[1]	SELECT TIMESTAMP '2024-03-15T10:30:45' + to_microseconds(1) AS value	DateWithSubsecond	2024-03-15T10:30:45.000001+0000	OK	OK
dt.adjust.neg.MICROSECONDS	date	|%2024-03-15T10:30:45->adjust(-1, meta::pure::functions::date::DurationUnit.MICROSECONDS)	Date	[1]	SELECT TIMESTAMP '2024-03-15T10:30:45' + to_microseconds(-1) AS value	DateWithSubsecond	2024-03-15T10:30:44.999999+0000	OK	OK
dt.adjustTemporal.MICROSECONDS	date	|meta::legend::lite::adjustTemporal(%2024-03-15T10:30:45, 1, meta::pure::functions::date::DurationUnit.MICROSECONDS)	Date	[1]	SELECT TIMESTAMP '2024-03-15T10:30:45' + to_microseconds(1) AS value	DateWithSubsecond	2024-03-15T10:30:45.000001+0000	OK	OK
dt.adjust.NANOSECONDS	date	|%2024-03-15T10:30:45->adjust(1, meta::pure::functions::date::DurationUnit.NANOSECONDS)	Date	[1]				PLAN-ERR:IllegalStateException: unknown DurationUnit for interval arithmetic: NANOSECONDS	ICE
dt.adjust.neg.NANOSECONDS	date	|%2024-03-15T10:30:45->adjust(-1, meta::pure::functions::date::DurationUnit.NANOSECONDS)	Date	[1]				PLAN-ERR:IllegalStateException: unknown DurationUnit for interval arithmetic: NANOSECONDS	ICE
dt.adjustTemporal.NANOSECONDS	date	|meta::legend::lite::adjustTemporal(%2024-03-15T10:30:45, 1, meta::pure::functions::date::DurationUnit.NANOSECONDS)	Date	[1]				PLAN-ERR:IllegalStateException: unknown DurationUnit for interval arithmetic: NANOSECONDS	ICE
dt.adjust.leap	date	|%2024-02-29->adjust(1, meta::pure::functions::date::DurationUnit.YEARS)	Date	[1]	SELECT CAST(DATE '2024-02-29' + to_years(1) AS DATE) AS value	StrictDate	2025-02-28	OK	OK
dt.adjust.monthEnd	date	|%2024-01-31->adjust(1, meta::pure::functions::date::DurationUnit.MONTHS)	Date	[1]	SELECT CAST(DATE '2024-01-31' + to_months(1) AS DATE) AS value	StrictDate	2024-02-29	OK	OK
dt.adjust.dst	date	|%2024-03-10T01:30:00->adjust(1, meta::pure::functions::date::DurationUnit.HOURS)	Date	[1]	SELECT TIMESTAMP '2024-03-10T01:30:00' + to_hours(1) AS value	DateWithSecond	2024-03-10T02:30:00+0000	OK	OK
dt.adjust.strictdate	date	|%2024-03-15->adjust(1, meta::pure::functions::date::DurationUnit.HOURS)	Date	[1]	SELECT DATE '2024-03-15' + to_hours(1) AS value	DateWithSecond	2024-03-15T01:00:00+0000	OK	OK
dt.diff.YEARS	date	|dateDiff(%2024-01-01T00:00:00, %2025-03-15T10:30:45, meta::pure::functions::date::DurationUnit.YEARS)	Integer	[1]	SELECT date_diff('year', TIMESTAMP '2024-01-01T00:00:00', TIMESTAMP '2025-03-15T10:30:45') AS value	Long	1	OK	OK
dt.diff.MONTHS	date	|dateDiff(%2024-01-01T00:00:00, %2025-03-15T10:30:45, meta::pure::functions::date::DurationUnit.MONTHS)	Integer	[1]	SELECT date_diff('month', TIMESTAMP '2024-01-01T00:00:00', TIMESTAMP '2025-03-15T10:30:45') AS value	Long	14	OK	OK
dt.diff.WEEKS	date	|dateDiff(%2024-01-01T00:00:00, %2025-03-15T10:30:45, meta::pure::functions::date::DurationUnit.WEEKS)	Integer	[1]	SELECT CASE WHEN date_diff('day', TIMESTAMP '2025-03-15T10:30:45', TIMESTAMP '2024-01-01T00:00:00') <= 0 THEN (date_diff('day', DATE '0001-01-07', TIMESTAMP '2025-03-15T10:30:45') // 7) - (date_diff('day', DATE '0001-01-07', TIMESTAMP '2024-01-01T00:00:00') // 7) ELSE (date_diff('day', DATE '0001-01-07', TIMESTAMP '2025-03-15T10:30:45' + to_days(-1)) // 7) - (date_diff('day', DATE '0001-01-07', TIMESTAMP '2024-01-01T00:00:00' + to_days(-1)) // 7) END AS value	Long	62	OK	OK
dt.diff.DAYS	date	|dateDiff(%2024-01-01T00:00:00, %2025-03-15T10:30:45, meta::pure::functions::date::DurationUnit.DAYS)	Integer	[1]	SELECT date_diff('day', TIMESTAMP '2024-01-01T00:00:00', TIMESTAMP '2025-03-15T10:30:45') AS value	Long	439	OK	OK
dt.diff.HOURS	date	|dateDiff(%2024-01-01T00:00:00, %2025-03-15T10:30:45, meta::pure::functions::date::DurationUnit.HOURS)	Integer	[1]	SELECT ((epoch_ms(TIMESTAMP '2025-03-15T10:30:45') - epoch_ms(TIMESTAMP '2024-01-01T00:00:00')) // 3600000) AS value	Long	10546	OK	OK
dt.diff.MINUTES	date	|dateDiff(%2024-01-01T00:00:00, %2025-03-15T10:30:45, meta::pure::functions::date::DurationUnit.MINUTES)	Integer	[1]	SELECT ((epoch_ms(TIMESTAMP '2025-03-15T10:30:45') - epoch_ms(TIMESTAMP '2024-01-01T00:00:00')) // 60000) AS value	Long	632790	OK	OK
dt.diff.SECONDS	date	|dateDiff(%2024-01-01T00:00:00, %2025-03-15T10:30:45, meta::pure::functions::date::DurationUnit.SECONDS)	Integer	[1]	SELECT ((epoch_ms(TIMESTAMP '2025-03-15T10:30:45') - epoch_ms(TIMESTAMP '2024-01-01T00:00:00')) // 1000) AS value	Long	37967445	OK	OK
dt.diff.MILLISECONDS	date	|dateDiff(%2024-01-01T00:00:00, %2025-03-15T10:30:45, meta::pure::functions::date::DurationUnit.MILLISECONDS)	Integer	[1]	SELECT date_diff('millisecond', TIMESTAMP '2024-01-01T00:00:00', TIMESTAMP '2025-03-15T10:30:45') AS value	Long	37967445000	OK	OK
dt.diff.MICROSECONDS	date	|dateDiff(%2024-01-01T00:00:00, %2025-03-15T10:30:45, meta::pure::functions::date::DurationUnit.MICROSECONDS)	Integer	[1]	SELECT date_diff('microsecond', TIMESTAMP '2024-01-01T00:00:00', TIMESTAMP '2025-03-15T10:30:45') AS value	Long	37967445000000	OK	OK
dt.diff.NANOSECONDS	date	|dateDiff(%2024-01-01T00:00:00, %2025-03-15T10:30:45, meta::pure::functions::date::DurationUnit.NANOSECONDS)	Integer	[1]				PLAN-ERR:IllegalStateException: unknown DurationUnit for dateDiff: NANOSECONDS	ICE
dt.diff.rev	date	|dateDiff(%2025-01-01, %2024-01-01, meta::pure::functions::date::DurationUnit.DAYS)	Integer	[1]	SELECT date_diff('day', DATE '2025-01-01', DATE '2024-01-01') AS value	Long	-366	OK	OK
dt.diff.same	date	|dateDiff(%2024-01-01, %2024-01-01, meta::pure::functions::date::DurationUnit.DAYS)	Integer	[1]	SELECT date_diff('day', DATE '2024-01-01', DATE '2024-01-01') AS value	Long	0	OK	OK
dt.firstDayOfMonth	date	|%2024-03-15T10:30:45->firstDayOfMonth()	Date	[1]	SELECT date_trunc('month', TIMESTAMP '2024-03-15T10:30:45') AS value	DateWithSecond	2024-03-01T00:00:00+0000	OK	OK
dt.firstDayOfQuarter	date	|%2024-03-15T10:30:45->firstDayOfQuarter()	StrictDate	[1]	SELECT date_trunc('quarter', TIMESTAMP '2024-03-15T10:30:45') AS value	DateWithSecond	2024-01-01T00:00:00+0000	OK	OK
dt.firstDayOfWeek	date	|%2024-03-15T10:30:45->firstDayOfWeek()	Date	[1]	SELECT date_trunc('week', TIMESTAMP '2024-03-15T10:30:45') AS value	DateWithSecond	2024-03-11T00:00:00+0000	OK	OK
dt.firstDayOfYear	date	|%2024-03-15T10:30:45->firstDayOfYear()	Date	[1]	SELECT date_trunc('year', TIMESTAMP '2024-03-15T10:30:45') AS value	DateWithSecond	2024-01-01T00:00:00+0000	OK	OK
dt.firstHourOfDay	date	|%2024-03-15T10:30:45->firstHourOfDay()	DateTime	[1]	SELECT date_trunc('day', TIMESTAMP '2024-03-15T10:30:45') AS value	DateWithSecond	2024-03-15T00:00:00+0000	OK	OK
dt.firstMinuteOfHour	date	|%2024-03-15T10:30:45->firstMinuteOfHour()	DateTime	[1]	SELECT date_trunc('hour', TIMESTAMP '2024-03-15T10:30:45') AS value	DateWithSecond	2024-03-15T10:00:00+0000	OK	OK
dt.firstSecondOfMinute	date	|%2024-03-15T10:30:45->firstSecondOfMinute()	DateTime	[1]	SELECT date_trunc('minute', TIMESTAMP '2024-03-15T10:30:45') AS value	DateWithSecond	2024-03-15T10:30:00+0000	OK	OK
dt.firstMillisecondOfSecond	date	|%2024-03-15T10:30:45->firstMillisecondOfSecond()	DateTime	[1]	SELECT date_trunc('second', TIMESTAMP '2024-03-15T10:30:45') AS value	DateWithSecond	2024-03-15T10:30:45+0000	OK	OK
dt.firstDayOfThisMonth	date	|firstDayOfThisMonth()	Date	[1]	SELECT date_trunc('month', current_date) AS value	DateWithSecond	2026-08-01T00:00:00+0000	OK	OK
dt.firstDayOfThisQuarter	date	|firstDayOfThisQuarter()	StrictDate	[1]	SELECT date_trunc('quarter', current_date) AS value	DateWithSecond	2026-07-01T00:00:00+0000	OK	OK
dt.firstDayOfThisYear	date	|firstDayOfThisYear()	Date	[1]	SELECT date_trunc('year', current_date) AS value	DateWithSecond	2026-01-01T00:00:00+0000	OK	OK
dt.mostRecent.Monday	date	|%2024-03-15->mostRecentDayOfWeek(meta::pure::functions::date::DayOfWeek.Monday)	Date	[1]	SELECT DATE '2024-03-15' + to_days(CASE WHEN 1 - date_part('isodow', DATE '2024-03-15') > 0 THEN 1 - date_part('isodow', DATE '2024-03-15') - 7 ELSE 1 - date_part('isodow', DATE '2024-03-15') END) AS value	DateWithSecond	2024-03-11T00:00:00+0000	OK	OK
dt.previous.Monday	date	|%2024-03-15->previousDayOfWeek(meta::pure::functions::date::DayOfWeek.Monday)	Date	[1]	SELECT DATE '2024-03-15' + to_days(CASE WHEN 1 - date_part('isodow', DATE '2024-03-15') >= 0 THEN 1 - date_part('isodow', DATE '2024-03-15') - 7 ELSE 1 - date_part('isodow', DATE '2024-03-15') END) AS value	DateWithSecond	2024-03-11T00:00:00+0000	OK	OK
dt.mostRecent.Friday	date	|%2024-03-15->mostRecentDayOfWeek(meta::pure::functions::date::DayOfWeek.Friday)	Date	[1]	SELECT DATE '2024-03-15' + to_days(CASE WHEN 5 - date_part('isodow', DATE '2024-03-15') > 0 THEN 5 - date_part('isodow', DATE '2024-03-15') - 7 ELSE 5 - date_part('isodow', DATE '2024-03-15') END) AS value	DateWithSecond	2024-03-15T00:00:00+0000	OK	OK
dt.previous.Friday	date	|%2024-03-15->previousDayOfWeek(meta::pure::functions::date::DayOfWeek.Friday)	Date	[1]	SELECT DATE '2024-03-15' + to_days(CASE WHEN 5 - date_part('isodow', DATE '2024-03-15') >= 0 THEN 5 - date_part('isodow', DATE '2024-03-15') - 7 ELSE 5 - date_part('isodow', DATE '2024-03-15') END) AS value	DateWithSecond	2024-03-08T00:00:00+0000	OK	OK
dt.mostRecent.Sunday	date	|%2024-03-15->mostRecentDayOfWeek(meta::pure::functions::date::DayOfWeek.Sunday)	Date	[1]	SELECT DATE '2024-03-15' + to_days(CASE WHEN 7 - date_part('isodow', DATE '2024-03-15') > 0 THEN 7 - date_part('isodow', DATE '2024-03-15') - 7 ELSE 7 - date_part('isodow', DATE '2024-03-15') END) AS value	DateWithSecond	2024-03-10T00:00:00+0000	OK	OK
dt.previous.Sunday	date	|%2024-03-15->previousDayOfWeek(meta::pure::functions::date::DayOfWeek.Sunday)	Date	[1]	SELECT DATE '2024-03-15' + to_days(CASE WHEN 7 - date_part('isodow', DATE '2024-03-15') >= 0 THEN 7 - date_part('isodow', DATE '2024-03-15') - 7 ELSE 7 - date_part('isodow', DATE '2024-03-15') END) AS value	DateWithSecond	2024-03-10T00:00:00+0000	OK	OK
dt.mostRecent.noD	date	|mostRecentDayOfWeek(meta::pure::functions::date::DayOfWeek.Monday)	Date	[1]	SELECT current_date + to_days(CASE WHEN 1 - date_part('isodow', current_date) > 0 THEN 1 - date_part('isodow', current_date) - 7 ELSE 1 - date_part('isodow', current_date) END) AS value	DateWithSecond	2026-08-24T00:00:00+0000	OK	OK
dt.previous.noD	date	|previousDayOfWeek(meta::pure::functions::date::DayOfWeek.Monday)	Date	[1]	SELECT current_date + to_days(CASE WHEN 1 - date_part('isodow', current_date) >= 0 THEN 1 - date_part('isodow', current_date) - 7 ELSE 1 - date_part('isodow', current_date) END) AS value	DateWithSecond	2026-08-24T00:00:00+0000	OK	OK
dt.isAfterDay	date	|isAfterDay(%2024-03-15T10:30:45, %2024-03-15)	Boolean	[1]	SELECT CAST(TIMESTAMP '2024-03-15T10:30:45' AS DATE) > CAST(DATE '2024-03-15' AS DATE) AS value	Boolean	false	OK	OK
dt.isBeforeDay	date	|isBeforeDay(%2024-03-15T10:30:45, %2024-03-15)	Boolean	[1]	SELECT CAST(TIMESTAMP '2024-03-15T10:30:45' AS DATE) < CAST(DATE '2024-03-15' AS DATE) AS value	Boolean	false	OK	OK
dt.isOnDay	date	|isOnDay(%2024-03-15T10:30:45, %2024-03-15)	Boolean	[1]	SELECT CAST(TIMESTAMP '2024-03-15T10:30:45' AS DATE) = CAST(DATE '2024-03-15' AS DATE) AS value	Boolean	true	OK	OK
dt.isOnOrAfterDay	date	|isOnOrAfterDay(%2024-03-15T10:30:45, %2024-03-15)	Boolean	[1]	SELECT CAST(TIMESTAMP '2024-03-15T10:30:45' AS DATE) >= CAST(DATE '2024-03-15' AS DATE) AS value	Boolean	true	OK	OK
dt.isOnOrBeforeDay	date	|isOnOrBeforeDay(%2024-03-15T10:30:45, %2024-03-15)	Boolean	[1]	SELECT CAST(TIMESTAMP '2024-03-15T10:30:45' AS DATE) <= CAST(DATE '2024-03-15' AS DATE) AS value	Boolean	true	OK	OK
dt.max.2	date	|max(%2024-03-15, %2024-04-01)	StrictDate	[1]	SELECT greatest(DATE '2024-03-15', DATE '2024-04-01') AS value	StrictDate	2024-04-01	OK	OK
dt.min.2	date	|min(%2024-03-15, %2024-04-01)	StrictDate	[1]	SELECT least(DATE '2024-03-15', DATE '2024-04-01') AS value	StrictDate	2024-03-15	OK	OK
dt.max.list	date	|max([%2024-03-15, %2024-04-01])	StrictDate	[0..1]	SELECT list_max([DATE '2024-03-15', DATE '2024-04-01']) AS value	StrictDate	2024-04-01	OK	OK
dt.min.list	date	|min([%2024-03-15, %2024-04-01])	StrictDate	[0..1]	SELECT list_min([DATE '2024-03-15', DATE '2024-04-01']) AS value	StrictDate	2024-03-15	OK	OK
dt.max.dt	date	|max(%2024-03-15T10:30:45, %2024-04-01T00:00:00)	DateTime	[1]	SELECT greatest(TIMESTAMP '2024-03-15T10:30:45', TIMESTAMP '2024-04-01T00:00:00') AS value	DateWithSecond	2024-04-01T00:00:00+0000	OK	OK
dt.timeBucket.d	date	|timeBucket(%2024-03-15, 2, meta::pure::functions::date::DurationUnit.DAYS)	StrictDate	[1]	SELECT CAST(time_bucket(to_days(2), DATE '2024-03-15', TIMESTAMP '1970-01-01 00:00:00') AS DATE) AS value	StrictDate	2024-03-14	OK	OK
dt.timeBucket.dt	date	|timeBucket(%2024-03-15T10:30:45, 2, meta::pure::functions::date::DurationUnit.HOURS)	DateTime	[1]	SELECT time_bucket(to_hours(2), TIMESTAMP '2024-03-15T10:30:45', TIMESTAMP '1970-01-01 00:00:00') AS value	DateWithSecond	2024-03-15T10:00:00+0000	OK	OK
dt.formatDate.d	date	|formatDate(%2024-03-15, meta::pure::functions::date::StrictDateFormat.ISO8601)	String	[1]	SELECT strftime(DATE '2024-03-15', '%Y-%m-%d') AS value	String	2024-03-15	OK	OK
dt.formatDate.dt	date	|formatDate(%2024-03-15T10:30:45, meta::pure::functions::date::DateTimeFormat.ISO8601_NanoSecondPrecision)	String	[1]	SELECT concat(strftime(TIMESTAMP '2024-03-15T10:30:45', '%Y-%m-%dT%H:%M:%S.%f'), '000') AS value	String	2024-03-15T10:30:45.000000000	OK	OK
dt.convertDateFormat	date	|meta::legend::lite::convertDateFormat('2024-03-15','yyyy-MM-dd')	StrictDate	[0..1]	SELECT CAST(strptime('2024-03-15', '%Y-%m-%d') AS DATE) AS value	StrictDate	2024-03-15	OK	OK
dt.convertDateTimeFormat	date	|meta::legend::lite::convertDateTimeFormat('2024-03-15 10:30:45','yyyy-MM-dd HH:mm:ss')	DateTime	[0..1]	SELECT strptime('2024-03-15 10:30:45', '%Y-%m-%d %H:%M:%S') AS value	DateWithSecond	2024-03-15T10:30:45+0000	OK	OK
dt.parseDateFormat	date	|meta::legend::lite::parseDateFormat('2024-03-15','yyyy-MM-dd')	DateTime	[0..1]	SELECT strptime('2024-03-15', '%Y-%m-%d') AS value	DateWithSecond	2024-03-15T00:00:00+0000	OK	OK
dt.convertTZ	date	|meta::legend::lite::convertTimeZoneFormat(%2024-03-15T10:30:45,'America/New_York','yyyy-MM-dd HH:mm:ss')	String	[0..1]	SELECT strftime(timezone('America/New_York', timezone('UTC', TIMESTAMP '2024-03-15T10:30:45')), '%Y-%m-%d %H:%M:%S') AS value	String	2024-03-15 06:30:45	OK	OK
dt.kind.strict	date	t::D.all()->project(~[x:p|$p.d])	StrictDate	1	SELECT t0.D_V AS x FROM T_D AS t0	StrictDate	2024-03-15	OK	OK
dt.kind.dt	date	t::D.all()->project(~[x:p|$p.dt])	DateTime	1	SELECT t0.DT_V AS x FROM T_D AS t0	DateWithSecond	2024-03-15T10:30:45+0000	OK	OK
dt.kind.year.col	date	t::D.all()->project(~[x:p|$p.d->year()])	Integer	1	SELECT date_part('year', t0.D_V) AS x FROM T_D AS t0	Long	2024	OK	OK
dt.kind.eq	date	t::D.all()->project(~[x:p|$p.d == %2024-03-15])	Boolean	1	SELECT t0.D_V = DATE '2024-03-15' AS x FROM T_D AS t0	Boolean	true	OK	OK
dt.kind.eq.dt	date	t::D.all()->project(~[x:p|$p.dt == %2024-03-15T10:30:45])	Boolean	1	SELECT t0.DT_V = TIMESTAMP '2024-03-15T10:30:45' AS x FROM T_D AS t0	Boolean	true	OK	OK
dt.kind.mix	date	t::D.all()->project(~[x:p|$p.d == $p.dt])	Boolean	1	SELECT t0.D_V = t0.DT_V AS x FROM T_D AS t0	Boolean	false	OK	OK
dt.kind.mixlt	date	t::D.all()->project(~[x:p|$p.d < $p.dt])	Boolean	1	SELECT t0.D_V < t0.DT_V AS x FROM T_D AS t0	Boolean	true	OK	OK
dt.partial.eq	date	|%2024 == %2024	Boolean	[1]	SELECT '2024' = '2024' AS value	Boolean	true	OK	OK
dt.partial.eq2	date	|%2024 == %2024-03-15	Boolean	[1]	SELECT FALSE AS value	Boolean	false	OK	OK
dt.partial.lt	date	|%2024 < %2024-03-15	Boolean	[1]	SELECT DATE '2024-01-01' < DATE '2024-03-15' AS value	Boolean	true	OK	OK
dt.strictTime	date	|%10:30:45	StrictTime	[1]				PLAN-ERR:NotImplementedException: scalar lowering not yet implemented for TypedCTime	PLAN-NOTIMPL
dt.strictTime2	date	|%10:30:45->toString()	String	[1]				PLAN-ERR:NotImplementedException: scalar lowering not yet implemented for TypedCTime	PLAN-NOTIMPL
cx.eq.Int.Int	cross	|1 == 1	Boolean	[1]	SELECT 1 = 1 AS value	Boolean	true	OK	OK
cx.ne.Int.Int	cross	|1 != 1	Boolean	[1]	SELECT 1 <> 1 AS value	Boolean	false	OK	OK
cx.lt.Int.Int	cross	|1 < 1	Boolean	[1]	SELECT 1 < 1 AS value	Boolean	false	OK	OK
cx.gt.Int.Int	cross	|1 > 1	Boolean	[1]	SELECT 1 > 1 AS value	Boolean	false	OK	OK
cx.le.Int.Int	cross	|1 <= 1	Boolean	[1]	SELECT 1 <= 1 AS value	Boolean	true	OK	OK
cx.ge.Int.Int	cross	|1 >= 1	Boolean	[1]	SELECT 1 >= 1 AS value	Boolean	true	OK	OK
cx.eq.Int.Float	cross	|1 == 1.0	Boolean	[1]	SELECT 1 = CAST(1.0 AS DOUBLE) AS value	Boolean	true	OK	OK
cx.ne.Int.Float	cross	|1 != 1.0	Boolean	[1]	SELECT 1 <> CAST(1.0 AS DOUBLE) AS value	Boolean	false	OK	OK
cx.lt.Int.Float	cross	|1 < 1.0	Boolean	[1]	SELECT 1 < CAST(1.0 AS DOUBLE) AS value	Boolean	false	OK	OK
cx.gt.Int.Float	cross	|1 > 1.0	Boolean	[1]	SELECT 1 > CAST(1.0 AS DOUBLE) AS value	Boolean	false	OK	OK
cx.le.Int.Float	cross	|1 <= 1.0	Boolean	[1]	SELECT 1 <= CAST(1.0 AS DOUBLE) AS value	Boolean	true	OK	OK
cx.ge.Int.Float	cross	|1 >= 1.0	Boolean	[1]	SELECT 1 >= CAST(1.0 AS DOUBLE) AS value	Boolean	true	OK	OK
cx.eq.Int.Dec	cross	|1 == 1.0d	Boolean	[1]	SELECT 1 = 1.0 AS value	Boolean	true	OK	OK
cx.ne.Int.Dec	cross	|1 != 1.0d	Boolean	[1]	SELECT 1 <> 1.0 AS value	Boolean	false	OK	OK
cx.lt.Int.Dec	cross	|1 < 1.0d	Boolean	[1]	SELECT 1 < 1.0 AS value	Boolean	false	OK	OK
cx.gt.Int.Dec	cross	|1 > 1.0d	Boolean	[1]	SELECT 1 > 1.0 AS value	Boolean	false	OK	OK
cx.le.Int.Dec	cross	|1 <= 1.0d	Boolean	[1]	SELECT 1 <= 1.0 AS value	Boolean	true	OK	OK
cx.ge.Int.Dec	cross	|1 >= 1.0d	Boolean	[1]	SELECT 1 >= 1.0 AS value	Boolean	true	OK	OK
cx.eq.Int.Str	cross	|1 == '1'	Boolean	[1]	SELECT 1 = '1' AS value	Boolean	true	OK	OK
cx.ne.Int.Str	cross	|1 != '1'	Boolean	[1]	SELECT 1 <> '1' AS value	Boolean	false	OK	OK
cx.lt.Int.Str	cross	|1 < '1'						G-ERR:TypeInferenceException: no overload of 'meta::pure::functions::boolean::lessThan' structurally matches the argument types (ExprType[type=INTEGER, multiplicity=Bounded[lower=1, upper=1]], ExprType[type=STRING, multiplicity=Bounded[lower=1, upper=1]]); [TypedParameter[name=left, type=DATE, multiplicity=Bounded[lower=0, upper=1]], TypedParameter[name=right, type=DATE, multiplicity=Bounded[lower=0, upper=1]]]; [TypedParameter[name=left, type=BOOLEAN, multiplicity=Bounded[lower=0, upper=1]], TypedParameter[name=right, type=BOOLEAN, multiplicity=Bounded[lower=0, upper=1]]]; [TypedParameter[name=left, type=DATE, multiplicity=Bounded[lower=0, upper=1]], TypedParameter[name=right, type=DATE, multiplicity=Bounded[lower=1, upper=1]]]; [TypedParameter[name=left, type=DATE, multiplicity=Bounded[lower=1, upper=1]], TypedParameter[name=right, type=DATE, multiplicity=Bounded[lower=0, upper=1]]]; [TypedParameter[name=left, type=DATE, multiplicity=Bounded[lower=1, upper=1]], TypedParameter[name=right, type=DATE, multiplicity=Bounded[lower=1, upper=1]]]; [TypedParameter[name=left, type=NUMBER, multiplicity=Bounded[lower=0, upper=1]], TypedParameter[name=right, type=NUMBER, multiplicity=Bounded[lower=0, upper=1]]]; [TypedParameter[name=left, type=NUMBER, multiplicity=Bounded[lower=0, upper=1]], TypedParameter[name=right, type=NUMBER, multiplicity=Bounded[lower=1, upper=1]]]; [TypedParameter[name=left, type=NUMBER, multiplicity=Bounded[lower=1, upper=1]], TypedParameter[name=right, type=NUMBER, multiplicity=Bounded[lower=0, upper=1]]]; [TypedParameter[name=left, type=NUMBER, multiplicity=Bounded[lower=1, upper=1]], TypedParameter[name=right, type=NUMBER, multiplicity=Bounded[lower=1, upper=1]]]; [TypedParameter[name=left, type=STRING, multiplicity=Bounded[lower=0, upper=1]], TypedParameter[name=right, type=STRING, multiplicity=Bounded[lower=0, upper=1]]]; [TypedParameter[name=left, type=STRING, multiplicity=Bounded[lower=0, upper=1]], TypedParameter[name=right, type=STRING, multiplicity=Bounded[lower=1, upper=1]]]; [TypedParameter[name=left, type=STRING, multiplicity=Bounded[lower=1, upper=1]], TypedParameter[name=right, type=STRING, multiplicity=Bounded[lower=0, upper=1]]]; [TypedParameter[name=left, type=STRING, multiplicity=Bounded[lower=1, upper=1]], TypedParameter[name=right, type=STRING, multiplicity=Bounded[lower=1, upper=1]]]	G-REJECT
cx.gt.Int.Str	cross	|1 > '1'						G-ERR:TypeInferenceException: no overload of 'meta::pure::functions::boolean::greaterThan' structurally matches the argument types (ExprType[type=INTEGER, multiplicity=Bounded[lower=1, upper=1]], ExprType[type=STRING, multiplicity=Bounded[lower=1, upper=1]]); [TypedParameter[name=left, type=DATE, multiplicity=Bounded[lower=0, upper=1]], TypedParameter[name=right, type=DATE, multiplicity=Bounded[lower=0, upper=1]]]; [TypedParameter[name=left, type=DATE, multiplicity=Bounded[lower=0, upper=1]], TypedParameter[name=right, type=DATE, multiplicity=Bounded[lower=1, upper=1]]]; [TypedParameter[name=left, type=DATE, multiplicity=Bounded[lower=1, upper=1]], TypedParameter[name=right, type=DATE, multiplicity=Bounded[lower=0, upper=1]]]; [TypedParameter[name=left, type=DATE, multiplicity=Bounded[lower=1, upper=1]], TypedParameter[name=right, type=DATE, multiplicity=Bounded[lower=1, upper=1]]]; [TypedParameter[name=left, type=NUMBER, multiplicity=Bounded[lower=0, upper=1]], TypedParameter[name=right, type=NUMBER, multiplicity=Bounded[lower=0, upper=1]]]; [TypedParameter[name=left, type=NUMBER, multiplicity=Bounded[lower=0, upper=1]], TypedParameter[name=right, type=NUMBER, multiplicity=Bounded[lower=1, upper=1]]]; [TypedParameter[name=left, type=NUMBER, multiplicity=Bounded[lower=1, upper=1]], TypedParameter[name=right, type=NUMBER, multiplicity=Bounded[lower=0, upper=1]]]; [TypedParameter[name=left, type=NUMBER, multiplicity=Bounded[lower=1, upper=1]], TypedParameter[name=right, type=NUMBER, multiplicity=Bounded[lower=1, upper=1]]]; [TypedParameter[name=left, type=STRING, multiplicity=Bounded[lower=0, upper=1]], TypedParameter[name=right, type=STRING, multiplicity=Bounded[lower=0, upper=1]]]; [TypedParameter[name=left, type=STRING, multiplicity=Bounded[lower=0, upper=1]], TypedParameter[name=right, type=STRING, multiplicity=Bounded[lower=1, upper=1]]]; [TypedParameter[name=left, type=STRING, multiplicity=Bounded[lower=1, upper=1]], TypedParameter[name=right, type=STRING, multiplicity=Bounded[lower=0, upper=1]]]; [TypedParameter[name=left, type=STRING, multiplicity=Bounded[lower=1, upper=1]], TypedParameter[name=right, type=STRING, multiplicity=Bounded[lower=1, upper=1]]]; [TypedParameter[name=left, type=BOOLEAN, multiplicity=Bounded[lower=0, upper=1]], TypedParameter[name=right, type=BOOLEAN, multiplicity=Bounded[lower=0, upper=1]]]	G-REJECT
cx.le.Int.Str	cross	|1 <= '1'						G-ERR:TypeInferenceException: no overload of 'meta::pure::functions::boolean::lessThanEqual' structurally matches the argument types (ExprType[type=INTEGER, multiplicity=Bounded[lower=1, upper=1]], ExprType[type=STRING, multiplicity=Bounded[lower=1, upper=1]]); [TypedParameter[name=left, type=DATE, multiplicity=Bounded[lower=0, upper=1]], TypedParameter[name=right, type=DATE, multiplicity=Bounded[lower=0, upper=1]]]; [TypedParameter[name=left, type=DATE, multiplicity=Bounded[lower=0, upper=1]], TypedParameter[name=right, type=DATE, multiplicity=Bounded[lower=1, upper=1]]]; [TypedParameter[name=left, type=DATE, multiplicity=Bounded[lower=1, upper=1]], TypedParameter[name=right, type=DATE, multiplicity=Bounded[lower=0, upper=1]]]; [TypedParameter[name=left, type=DATE, multiplicity=Bounded[lower=1, upper=1]], TypedParameter[name=right, type=DATE, multiplicity=Bounded[lower=1, upper=1]]]; [TypedParameter[name=left, type=NUMBER, multiplicity=Bounded[lower=0, upper=1]], TypedParameter[name=right, type=NUMBER, multiplicity=Bounded[lower=0, upper=1]]]; [TypedParameter[name=left, type=NUMBER, multiplicity=Bounded[lower=0, upper=1]], TypedParameter[name=right, type=NUMBER, multiplicity=Bounded[lower=1, upper=1]]]; [TypedParameter[name=left, type=NUMBER, multiplicity=Bounded[lower=1, upper=1]], TypedParameter[name=right, type=NUMBER, multiplicity=Bounded[lower=0, upper=1]]]; [TypedParameter[name=left, type=NUMBER, multiplicity=Bounded[lower=1, upper=1]], TypedParameter[name=right, type=NUMBER, multiplicity=Bounded[lower=1, upper=1]]]; [TypedParameter[name=left, type=STRING, multiplicity=Bounded[lower=0, upper=1]], TypedParameter[name=right, type=STRING, multiplicity=Bounded[lower=0, upper=1]]]; [TypedParameter[name=left, type=STRING, multiplicity=Bounded[lower=0, upper=1]], TypedParameter[name=right, type=STRING, multiplicity=Bounded[lower=1, upper=1]]]; [TypedParameter[name=left, type=STRING, multiplicity=Bounded[lower=1, upper=1]], TypedParameter[name=right, type=STRING, multiplicity=Bounded[lower=0, upper=1]]]; [TypedParameter[name=left, type=STRING, multiplicity=Bounded[lower=1, upper=1]], TypedParameter[name=right, type=STRING, multiplicity=Bounded[lower=1, upper=1]]]; [TypedParameter[name=left, type=BOOLEAN, multiplicity=Bounded[lower=0, upper=1]], TypedParameter[name=right, type=BOOLEAN, multiplicity=Bounded[lower=0, upper=1]]]	G-REJECT
cx.ge.Int.Str	cross	|1 >= '1'						G-ERR:TypeInferenceException: no overload of 'meta::pure::functions::boolean::greaterThanEqual' structurally matches the argument types (ExprType[type=INTEGER, multiplicity=Bounded[lower=1, upper=1]], ExprType[type=STRING, multiplicity=Bounded[lower=1, upper=1]]); [TypedParameter[name=left, type=DATE, multiplicity=Bounded[lower=0, upper=1]], TypedParameter[name=right, type=DATE, multiplicity=Bounded[lower=0, upper=1]]]; [TypedParameter[name=left, type=DATE, multiplicity=Bounded[lower=0, upper=1]], TypedParameter[name=right, type=DATE, multiplicity=Bounded[lower=1, upper=1]]]; [TypedParameter[name=left, type=DATE, multiplicity=Bounded[lower=1, upper=1]], TypedParameter[name=right, type=DATE, multiplicity=Bounded[lower=0, upper=1]]]; [TypedParameter[name=left, type=DATE, multiplicity=Bounded[lower=1, upper=1]], TypedParameter[name=right, type=DATE, multiplicity=Bounded[lower=1, upper=1]]]; [TypedParameter[name=left, type=NUMBER, multiplicity=Bounded[lower=0, upper=1]], TypedParameter[name=right, type=NUMBER, multiplicity=Bounded[lower=0, upper=1]]]; [TypedParameter[name=left, type=NUMBER, multiplicity=Bounded[lower=0, upper=1]], TypedParameter[name=right, type=NUMBER, multiplicity=Bounded[lower=1, upper=1]]]; [TypedParameter[name=left, type=NUMBER, multiplicity=Bounded[lower=1, upper=1]], TypedParameter[name=right, type=NUMBER, multiplicity=Bounded[lower=0, upper=1]]]; [TypedParameter[name=left, type=NUMBER, multiplicity=Bounded[lower=1, upper=1]], TypedParameter[name=right, type=NUMBER, multiplicity=Bounded[lower=1, upper=1]]]; [TypedParameter[name=left, type=STRING, multiplicity=Bounded[lower=0, upper=1]], TypedParameter[name=right, type=STRING, multiplicity=Bounded[lower=0, upper=1]]]; [TypedParameter[name=left, type=STRING, multiplicity=Bounded[lower=0, upper=1]], TypedParameter[name=right, type=STRING, multiplicity=Bounded[lower=1, upper=1]]]; [TypedParameter[name=left, type=STRING, multiplicity=Bounded[lower=1, upper=1]], TypedParameter[name=right, type=STRING, multiplicity=Bounded[lower=0, upper=1]]]; [TypedParameter[name=left, type=STRING, multiplicity=Bounded[lower=1, upper=1]], TypedParameter[name=right, type=STRING, multiplicity=Bounded[lower=1, upper=1]]]; [TypedParameter[name=left, type=BOOLEAN, multiplicity=Bounded[lower=0, upper=1]], TypedParameter[name=right, type=BOOLEAN, multiplicity=Bounded[lower=0, upper=1]]]	G-REJECT
cx.eq.Int.SDate	cross	|1 == %2024-03-15	Boolean	[1]	SELECT 1 = DATE '2024-03-15' AS value			EXEC-ERR:SQLException: Conversion Error: Unimplemented type for cast (INTEGER -> DATE)  LINE 1: SELECT 1 = DATE '2024-03-15' AS value                ^	DB-ERROR
cx.ne.Int.SDate	cross	|1 != %2024-03-15	Boolean	[1]	SELECT 1 <> DATE '2024-03-15' AS value			EXEC-ERR:SQLException: Conversion Error: Unimplemented type for cast (INTEGER -> DATE)  LINE 1: SELECT 1 <> DATE '2024-03-15' AS value                ^	DB-ERROR
cx.lt.Int.SDate	cross	|1 < %2024-03-15						G-ERR:TypeInferenceException: no overload of 'meta::pure::functions::boolean::lessThan' structurally matches the argument types (ExprType[type=INTEGER, multiplicity=Bounded[lower=1, upper=1]], ExprType[type=STRICT_DATE, multiplicity=Bounded[lower=1, upper=1]]); [TypedParameter[name=left, type=DATE, multiplicity=Bounded[lower=0, upper=1]], TypedParameter[name=right, type=DATE, multiplicity=Bounded[lower=0, upper=1]]]; [TypedParameter[name=left, type=BOOLEAN, multiplicity=Bounded[lower=0, upper=1]], TypedParameter[name=right, type=BOOLEAN, multiplicity=Bounded[lower=0, upper=1]]]; [TypedParameter[name=left, type=DATE, multiplicity=Bounded[lower=0, upper=1]], TypedParameter[name=right, type=DATE, multiplicity=Bounded[lower=1, upper=1]]]; [TypedParameter[name=left, type=DATE, multiplicity=Bounded[lower=1, upper=1]], TypedParameter[name=right, type=DATE, multiplicity=Bounded[lower=0, upper=1]]]; [TypedParameter[name=left, type=DATE, multiplicity=Bounded[lower=1, upper=1]], TypedParameter[name=right, type=DATE, multiplicity=Bounded[lower=1, upper=1]]]; [TypedParameter[name=left, type=NUMBER, multiplicity=Bounded[lower=0, upper=1]], TypedParameter[name=right, type=NUMBER, multiplicity=Bounded[lower=0, upper=1]]]; [TypedParameter[name=left, type=NUMBER, multiplicity=Bounded[lower=0, upper=1]], TypedParameter[name=right, type=NUMBER, multiplicity=Bounded[lower=1, upper=1]]]; [TypedParameter[name=left, type=NUMBER, multiplicity=Bounded[lower=1, upper=1]], TypedParameter[name=right, type=NUMBER, multiplicity=Bounded[lower=0, upper=1]]]; [TypedParameter[name=left, type=NUMBER, multiplicity=Bounded[lower=1, upper=1]], TypedParameter[name=right, type=NUMBER, multiplicity=Bounded[lower=1, upper=1]]]; [TypedParameter[name=left, type=STRING, multiplicity=Bounded[lower=0, upper=1]], TypedParameter[name=right, type=STRING, multiplicity=Bounded[lower=0, upper=1]]]; [TypedParameter[name=left, type=STRING, multiplicity=Bounded[lower=0, upper=1]], TypedParameter[name=right, type=STRING, multiplicity=Bounded[lower=1, upper=1]]]; [TypedParameter[name=left, type=STRING, multiplicity=Bounded[lower=1, upper=1]], TypedParameter[name=right, type=STRING, multiplicity=Bounded[lower=0, upper=1]]]; [TypedParameter[name=left, type=STRING, multiplicity=Bounded[lower=1, upper=1]], TypedParameter[name=right, type=STRING, multiplicity=Bounded[lower=1, upper=1]]]	G-REJECT
cx.gt.Int.SDate	cross	|1 > %2024-03-15						G-ERR:TypeInferenceException: no overload of 'meta::pure::functions::boolean::greaterThan' structurally matches the argument types (ExprType[type=INTEGER, multiplicity=Bounded[lower=1, upper=1]], ExprType[type=STRICT_DATE, multiplicity=Bounded[lower=1, upper=1]]); [TypedParameter[name=left, type=DATE, multiplicity=Bounded[lower=0, upper=1]], TypedParameter[name=right, type=DATE, multiplicity=Bounded[lower=0, upper=1]]]; [TypedParameter[name=left, type=DATE, multiplicity=Bounded[lower=0, upper=1]], TypedParameter[name=right, type=DATE, multiplicity=Bounded[lower=1, upper=1]]]; [TypedParameter[name=left, type=DATE, multiplicity=Bounded[lower=1, upper=1]], TypedParameter[name=right, type=DATE, multiplicity=Bounded[lower=0, upper=1]]]; [TypedParameter[name=left, type=DATE, multiplicity=Bounded[lower=1, upper=1]], TypedParameter[name=right, type=DATE, multiplicity=Bounded[lower=1, upper=1]]]; [TypedParameter[name=left, type=NUMBER, multiplicity=Bounded[lower=0, upper=1]], TypedParameter[name=right, type=NUMBER, multiplicity=Bounded[lower=0, upper=1]]]; [TypedParameter[name=left, type=NUMBER, multiplicity=Bounded[lower=0, upper=1]], TypedParameter[name=right, type=NUMBER, multiplicity=Bounded[lower=1, upper=1]]]; [TypedParameter[name=left, type=NUMBER, multiplicity=Bounded[lower=1, upper=1]], TypedParameter[name=right, type=NUMBER, multiplicity=Bounded[lower=0, upper=1]]]; [TypedParameter[name=left, type=NUMBER, multiplicity=Bounded[lower=1, upper=1]], TypedParameter[name=right, type=NUMBER, multiplicity=Bounded[lower=1, upper=1]]]; [TypedParameter[name=left, type=STRING, multiplicity=Bounded[lower=0, upper=1]], TypedParameter[name=right, type=STRING, multiplicity=Bounded[lower=0, upper=1]]]; [TypedParameter[name=left, type=STRING, multiplicity=Bounded[lower=0, upper=1]], TypedParameter[name=right, type=STRING, multiplicity=Bounded[lower=1, upper=1]]]; [TypedParameter[name=left, type=STRING, multiplicity=Bounded[lower=1, upper=1]], TypedParameter[name=right, type=STRING, multiplicity=Bounded[lower=0, upper=1]]]; [TypedParameter[name=left, type=STRING, multiplicity=Bounded[lower=1, upper=1]], TypedParameter[name=right, type=STRING, multiplicity=Bounded[lower=1, upper=1]]]; [TypedParameter[name=left, type=BOOLEAN, multiplicity=Bounded[lower=0, upper=1]], TypedParameter[name=right, type=BOOLEAN, multiplicity=Bounded[lower=0, upper=1]]]	G-REJECT
cx.le.Int.SDate	cross	|1 <= %2024-03-15						G-ERR:TypeInferenceException: no overload of 'meta::pure::functions::boolean::lessThanEqual' structurally matches the argument types (ExprType[type=INTEGER, multiplicity=Bounded[lower=1, upper=1]], ExprType[type=STRICT_DATE, multiplicity=Bounded[lower=1, upper=1]]); [TypedParameter[name=left, type=DATE, multiplicity=Bounded[lower=0, upper=1]], TypedParameter[name=right, type=DATE, multiplicity=Bounded[lower=0, upper=1]]]; [TypedParameter[name=left, type=DATE, multiplicity=Bounded[lower=0, upper=1]], TypedParameter[name=right, type=DATE, multiplicity=Bounded[lower=1, upper=1]]]; [TypedParameter[name=left, type=DATE, multiplicity=Bounded[lower=1, upper=1]], TypedParameter[name=right, type=DATE, multiplicity=Bounded[lower=0, upper=1]]]; [TypedParameter[name=left, type=DATE, multiplicity=Bounded[lower=1, upper=1]], TypedParameter[name=right, type=DATE, multiplicity=Bounded[lower=1, upper=1]]]; [TypedParameter[name=left, type=NUMBER, multiplicity=Bounded[lower=0, upper=1]], TypedParameter[name=right, type=NUMBER, multiplicity=Bounded[lower=0, upper=1]]]; [TypedParameter[name=left, type=NUMBER, multiplicity=Bounded[lower=0, upper=1]], TypedParameter[name=right, type=NUMBER, multiplicity=Bounded[lower=1, upper=1]]]; [TypedParameter[name=left, type=NUMBER, multiplicity=Bounded[lower=1, upper=1]], TypedParameter[name=right, type=NUMBER, multiplicity=Bounded[lower=0, upper=1]]]; [TypedParameter[name=left, type=NUMBER, multiplicity=Bounded[lower=1, upper=1]], TypedParameter[name=right, type=NUMBER, multiplicity=Bounded[lower=1, upper=1]]]; [TypedParameter[name=left, type=STRING, multiplicity=Bounded[lower=0, upper=1]], TypedParameter[name=right, type=STRING, multiplicity=Bounded[lower=0, upper=1]]]; [TypedParameter[name=left, type=STRING, multiplicity=Bounded[lower=0, upper=1]], TypedParameter[name=right, type=STRING, multiplicity=Bounded[lower=1, upper=1]]]; [TypedParameter[name=left, type=STRING, multiplicity=Bounded[lower=1, upper=1]], TypedParameter[name=right, type=STRING, multiplicity=Bounded[lower=0, upper=1]]]; [TypedParameter[name=left, type=STRING, multiplicity=Bounded[lower=1, upper=1]], TypedParameter[name=right, type=STRING, multiplicity=Bounded[lower=1, upper=1]]]; [TypedParameter[name=left, type=BOOLEAN, multiplicity=Bounded[lower=0, upper=1]], TypedParameter[name=right, type=BOOLEAN, multiplicity=Bounded[lower=0, upper=1]]]	G-REJECT
cx.ge.Int.SDate	cross	|1 >= %2024-03-15						G-ERR:TypeInferenceException: no overload of 'meta::pure::functions::boolean::greaterThanEqual' structurally matches the argument types (ExprType[type=INTEGER, multiplicity=Bounded[lower=1, upper=1]], ExprType[type=STRICT_DATE, multiplicity=Bounded[lower=1, upper=1]]); [TypedParameter[name=left, type=DATE, multiplicity=Bounded[lower=0, upper=1]], TypedParameter[name=right, type=DATE, multiplicity=Bounded[lower=0, upper=1]]]; [TypedParameter[name=left, type=DATE, multiplicity=Bounded[lower=0, upper=1]], TypedParameter[name=right, type=DATE, multiplicity=Bounded[lower=1, upper=1]]]; [TypedParameter[name=left, type=DATE, multiplicity=Bounded[lower=1, upper=1]], TypedParameter[name=right, type=DATE, multiplicity=Bounded[lower=0, upper=1]]]; [TypedParameter[name=left, type=DATE, multiplicity=Bounded[lower=1, upper=1]], TypedParameter[name=right, type=DATE, multiplicity=Bounded[lower=1, upper=1]]]; [TypedParameter[name=left, type=NUMBER, multiplicity=Bounded[lower=0, upper=1]], TypedParameter[name=right, type=NUMBER, multiplicity=Bounded[lower=0, upper=1]]]; [TypedParameter[name=left, type=NUMBER, multiplicity=Bounded[lower=0, upper=1]], TypedParameter[name=right, type=NUMBER, multiplicity=Bounded[lower=1, upper=1]]]; [TypedParameter[name=left, type=NUMBER, multiplicity=Bounded[lower=1, upper=1]], TypedParameter[name=right, type=NUMBER, multiplicity=Bounded[lower=0, upper=1]]]; [TypedParameter[name=left, type=NUMBER, multiplicity=Bounded[lower=1, upper=1]], TypedParameter[name=right, type=NUMBER, multiplicity=Bounded[lower=1, upper=1]]]; [TypedParameter[name=left, type=STRING, multiplicity=Bounded[lower=0, upper=1]], TypedParameter[name=right, type=STRING, multiplicity=Bounded[lower=0, upper=1]]]; [TypedParameter[name=left, type=STRING, multiplicity=Bounded[lower=0, upper=1]], TypedParameter[name=right, type=STRING, multiplicity=Bounded[lower=1, upper=1]]]; [TypedParameter[name=left, type=STRING, multiplicity=Bounded[lower=1, upper=1]], TypedParameter[name=right, type=STRING, multiplicity=Bounded[lower=0, upper=1]]]; [TypedParameter[name=left, type=STRING, multiplicity=Bounded[lower=1, upper=1]], TypedParameter[name=right, type=STRING, multiplicity=Bounded[lower=1, upper=1]]]; [TypedParameter[name=left, type=BOOLEAN, multiplicity=Bounded[lower=0, upper=1]], TypedParameter[name=right, type=BOOLEAN, multiplicity=Bounded[lower=0, upper=1]]]	G-REJECT
cx.eq.Int.DTime	cross	|1 == %2024-03-15T10:30:45	Boolean	[1]	SELECT 1 = TIMESTAMP '2024-03-15T10:30:45' AS value			EXEC-ERR:SQLException: Conversion Error: Unimplemented type for cast (INTEGER -> TIMESTAMP)  LINE 1: SELECT 1 = TIMESTAMP '2024-03-15T10:30:45' AS value                ^	DB-ERROR
cx.ne.Int.DTime	cross	|1 != %2024-03-15T10:30:45	Boolean	[1]	SELECT 1 <> TIMESTAMP '2024-03-15T10:30:45' AS value			EXEC-ERR:SQLException: Conversion Error: Unimplemented type for cast (INTEGER -> TIMESTAMP)  LINE 1: SELECT 1 <> TIMESTAMP '2024-03-15T10:30:45' AS value                ^	DB-ERROR
cx.lt.Int.DTime	cross	|1 < %2024-03-15T10:30:45						G-ERR:TypeInferenceException: no overload of 'meta::pure::functions::boolean::lessThan' structurally matches the argument types (ExprType[type=INTEGER, multiplicity=Bounded[lower=1, upper=1]], ExprType[type=DATE_TIME, multiplicity=Bounded[lower=1, upper=1]]); [TypedParameter[name=left, type=DATE, multiplicity=Bounded[lower=0, upper=1]], TypedParameter[name=right, type=DATE, multiplicity=Bounded[lower=0, upper=1]]]; [TypedParameter[name=left, type=BOOLEAN, multiplicity=Bounded[lower=0, upper=1]], TypedParameter[name=right, type=BOOLEAN, multiplicity=Bounded[lower=0, upper=1]]]; [TypedParameter[name=left, type=DATE, multiplicity=Bounded[lower=0, upper=1]], TypedParameter[name=right, type=DATE, multiplicity=Bounded[lower=1, upper=1]]]; [TypedParameter[name=left, type=DATE, multiplicity=Bounded[lower=1, upper=1]], TypedParameter[name=right, type=DATE, multiplicity=Bounded[lower=0, upper=1]]]; [TypedParameter[name=left, type=DATE, multiplicity=Bounded[lower=1, upper=1]], TypedParameter[name=right, type=DATE, multiplicity=Bounded[lower=1, upper=1]]]; [TypedParameter[name=left, type=NUMBER, multiplicity=Bounded[lower=0, upper=1]], TypedParameter[name=right, type=NUMBER, multiplicity=Bounded[lower=0, upper=1]]]; [TypedParameter[name=left, type=NUMBER, multiplicity=Bounded[lower=0, upper=1]], TypedParameter[name=right, type=NUMBER, multiplicity=Bounded[lower=1, upper=1]]]; [TypedParameter[name=left, type=NUMBER, multiplicity=Bounded[lower=1, upper=1]], TypedParameter[name=right, type=NUMBER, multiplicity=Bounded[lower=0, upper=1]]]; [TypedParameter[name=left, type=NUMBER, multiplicity=Bounded[lower=1, upper=1]], TypedParameter[name=right, type=NUMBER, multiplicity=Bounded[lower=1, upper=1]]]; [TypedParameter[name=left, type=STRING, multiplicity=Bounded[lower=0, upper=1]], TypedParameter[name=right, type=STRING, multiplicity=Bounded[lower=0, upper=1]]]; [TypedParameter[name=left, type=STRING, multiplicity=Bounded[lower=0, upper=1]], TypedParameter[name=right, type=STRING, multiplicity=Bounded[lower=1, upper=1]]]; [TypedParameter[name=left, type=STRING, multiplicity=Bounded[lower=1, upper=1]], TypedParameter[name=right, type=STRING, multiplicity=Bounded[lower=0, upper=1]]]; [TypedParameter[name=left, type=STRING, multiplicity=Bounded[lower=1, upper=1]], TypedParameter[name=right, type=STRING, multiplicity=Bounded[lower=1, upper=1]]]	G-REJECT
cx.gt.Int.DTime	cross	|1 > %2024-03-15T10:30:45						G-ERR:TypeInferenceException: no overload of 'meta::pure::functions::boolean::greaterThan' structurally matches the argument types (ExprType[type=INTEGER, multiplicity=Bounded[lower=1, upper=1]], ExprType[type=DATE_TIME, multiplicity=Bounded[lower=1, upper=1]]); [TypedParameter[name=left, type=DATE, multiplicity=Bounded[lower=0, upper=1]], TypedParameter[name=right, type=DATE, multiplicity=Bounded[lower=0, upper=1]]]; [TypedParameter[name=left, type=DATE, multiplicity=Bounded[lower=0, upper=1]], TypedParameter[name=right, type=DATE, multiplicity=Bounded[lower=1, upper=1]]]; [TypedParameter[name=left, type=DATE, multiplicity=Bounded[lower=1, upper=1]], TypedParameter[name=right, type=DATE, multiplicity=Bounded[lower=0, upper=1]]]; [TypedParameter[name=left, type=DATE, multiplicity=Bounded[lower=1, upper=1]], TypedParameter[name=right, type=DATE, multiplicity=Bounded[lower=1, upper=1]]]; [TypedParameter[name=left, type=NUMBER, multiplicity=Bounded[lower=0, upper=1]], TypedParameter[name=right, type=NUMBER, multiplicity=Bounded[lower=0, upper=1]]]; [TypedParameter[name=left, type=NUMBER, multiplicity=Bounded[lower=0, upper=1]], TypedParameter[name=right, type=NUMBER, multiplicity=Bounded[lower=1, upper=1]]]; [TypedParameter[name=left, type=NUMBER, multiplicity=Bounded[lower=1, upper=1]], TypedParameter[name=right, type=NUMBER, multiplicity=Bounded[lower=0, upper=1]]]; [TypedParameter[name=left, type=NUMBER, multiplicity=Bounded[lower=1, upper=1]], TypedParameter[name=right, type=NUMBER, multiplicity=Bounded[lower=1, upper=1]]]; [TypedParameter[name=left, type=STRING, multiplicity=Bounded[lower=0, upper=1]], TypedParameter[name=right, type=STRING, multiplicity=Bounded[lower=0, upper=1]]]; [TypedParameter[name=left, type=STRING, multiplicity=Bounded[lower=0, upper=1]], TypedParameter[name=right, type=STRING, multiplicity=Bounded[lower=1, upper=1]]]; [TypedParameter[name=left, type=STRING, multiplicity=Bounded[lower=1, upper=1]], TypedParameter[name=right, type=STRING, multiplicity=Bounded[lower=0, upper=1]]]; [TypedParameter[name=left, type=STRING, multiplicity=Bounded[lower=1, upper=1]], TypedParameter[name=right, type=STRING, multiplicity=Bounded[lower=1, upper=1]]]; [TypedParameter[name=left, type=BOOLEAN, multiplicity=Bounded[lower=0, upper=1]], TypedParameter[name=right, type=BOOLEAN, multiplicity=Bounded[lower=0, upper=1]]]	G-REJECT
cx.le.Int.DTime	cross	|1 <= %2024-03-15T10:30:45						G-ERR:TypeInferenceException: no overload of 'meta::pure::functions::boolean::lessThanEqual' structurally matches the argument types (ExprType[type=INTEGER, multiplicity=Bounded[lower=1, upper=1]], ExprType[type=DATE_TIME, multiplicity=Bounded[lower=1, upper=1]]); [TypedParameter[name=left, type=DATE, multiplicity=Bounded[lower=0, upper=1]], TypedParameter[name=right, type=DATE, multiplicity=Bounded[lower=0, upper=1]]]; [TypedParameter[name=left, type=DATE, multiplicity=Bounded[lower=0, upper=1]], TypedParameter[name=right, type=DATE, multiplicity=Bounded[lower=1, upper=1]]]; [TypedParameter[name=left, type=DATE, multiplicity=Bounded[lower=1, upper=1]], TypedParameter[name=right, type=DATE, multiplicity=Bounded[lower=0, upper=1]]]; [TypedParameter[name=left, type=DATE, multiplicity=Bounded[lower=1, upper=1]], TypedParameter[name=right, type=DATE, multiplicity=Bounded[lower=1, upper=1]]]; [TypedParameter[name=left, type=NUMBER, multiplicity=Bounded[lower=0, upper=1]], TypedParameter[name=right, type=NUMBER, multiplicity=Bounded[lower=0, upper=1]]]; [TypedParameter[name=left, type=NUMBER, multiplicity=Bounded[lower=0, upper=1]], TypedParameter[name=right, type=NUMBER, multiplicity=Bounded[lower=1, upper=1]]]; [TypedParameter[name=left, type=NUMBER, multiplicity=Bounded[lower=1, upper=1]], TypedParameter[name=right, type=NUMBER, multiplicity=Bounded[lower=0, upper=1]]]; [TypedParameter[name=left, type=NUMBER, multiplicity=Bounded[lower=1, upper=1]], TypedParameter[name=right, type=NUMBER, multiplicity=Bounded[lower=1, upper=1]]]; [TypedParameter[name=left, type=STRING, multiplicity=Bounded[lower=0, upper=1]], TypedParameter[name=right, type=STRING, multiplicity=Bounded[lower=0, upper=1]]]; [TypedParameter[name=left, type=STRING, multiplicity=Bounded[lower=0, upper=1]], TypedParameter[name=right, type=STRING, multiplicity=Bounded[lower=1, upper=1]]]; [TypedParameter[name=left, type=STRING, multiplicity=Bounded[lower=1, upper=1]], TypedParameter[name=right, type=STRING, multiplicity=Bounded[lower=0, upper=1]]]; [TypedParameter[name=left, type=STRING, multiplicity=Bounded[lower=1, upper=1]], TypedParameter[name=right, type=STRING, multiplicity=Bounded[lower=1, upper=1]]]; [TypedParameter[name=left, type=BOOLEAN, multiplicity=Bounded[lower=0, upper=1]], TypedParameter[name=right, type=BOOLEAN, multiplicity=Bounded[lower=0, upper=1]]]	G-REJECT
cx.ge.Int.DTime	cross	|1 >= %2024-03-15T10:30:45						G-ERR:TypeInferenceException: no overload of 'meta::pure::functions::boolean::greaterThanEqual' structurally matches the argument types (ExprType[type=INTEGER, multiplicity=Bounded[lower=1, upper=1]], ExprType[type=DATE_TIME, multiplicity=Bounded[lower=1, upper=1]]); [TypedParameter[name=left, type=DATE, multiplicity=Bounded[lower=0, upper=1]], TypedParameter[name=right, type=DATE, multiplicity=Bounded[lower=0, upper=1]]]; [TypedParameter[name=left, type=DATE, multiplicity=Bounded[lower=0, upper=1]], TypedParameter[name=right, type=DATE, multiplicity=Bounded[lower=1, upper=1]]]; [TypedParameter[name=left, type=DATE, multiplicity=Bounded[lower=1, upper=1]], TypedParameter[name=right, type=DATE, multiplicity=Bounded[lower=0, upper=1]]]; [TypedParameter[name=left, type=DATE, multiplicity=Bounded[lower=1, upper=1]], TypedParameter[name=right, type=DATE, multiplicity=Bounded[lower=1, upper=1]]]; [TypedParameter[name=left, type=NUMBER, multiplicity=Bounded[lower=0, upper=1]], TypedParameter[name=right, type=NUMBER, multiplicity=Bounded[lower=0, upper=1]]]; [TypedParameter[name=left, type=NUMBER, multiplicity=Bounded[lower=0, upper=1]], TypedParameter[name=right, type=NUMBER, multiplicity=Bounded[lower=1, upper=1]]]; [TypedParameter[name=left, type=NUMBER, multiplicity=Bounded[lower=1, upper=1]], TypedParameter[name=right, type=NUMBER, multiplicity=Bounded[lower=0, upper=1]]]; [TypedParameter[name=left, type=NUMBER, multiplicity=Bounded[lower=1, upper=1]], TypedParameter[name=right, type=NUMBER, multiplicity=Bounded[lower=1, upper=1]]]; [TypedParameter[name=left, type=STRING, multiplicity=Bounded[lower=0, upper=1]], TypedParameter[name=right, type=STRING, multiplicity=Bounded[lower=0, upper=1]]]; [TypedParameter[name=left, type=STRING, multiplicity=Bounded[lower=0, upper=1]], TypedParameter[name=right, type=STRING, multiplicity=Bounded[lower=1, upper=1]]]; [TypedParameter[name=left, type=STRING, multiplicity=Bounded[lower=1, upper=1]], TypedParameter[name=right, type=STRING, multiplicity=Bounded[lower=0, upper=1]]]; [TypedParameter[name=left, type=STRING, multiplicity=Bounded[lower=1, upper=1]], TypedParameter[name=right, type=STRING, multiplicity=Bounded[lower=1, upper=1]]]; [TypedParameter[name=left, type=BOOLEAN, multiplicity=Bounded[lower=0, upper=1]], TypedParameter[name=right, type=BOOLEAN, multiplicity=Bounded[lower=0, upper=1]]]	G-REJECT
cx.eq.Int.Bool	cross	|1 == true	Boolean	[1]	SELECT 1 = TRUE AS value	Boolean	true	OK	OK
cx.ne.Int.Bool	cross	|1 != true	Boolean	[1]	SELECT 1 <> TRUE AS value	Boolean	false	OK	OK
cx.lt.Int.Bool	cross	|1 < true						G-ERR:TypeInferenceException: no overload of 'meta::pure::functions::boolean::lessThan' structurally matches the argument types (ExprType[type=INTEGER, multiplicity=Bounded[lower=1, upper=1]], ExprType[type=BOOLEAN, multiplicity=Bounded[lower=1, upper=1]]); [TypedParameter[name=left, type=DATE, multiplicity=Bounded[lower=0, upper=1]], TypedParameter[name=right, type=DATE, multiplicity=Bounded[lower=0, upper=1]]]; [TypedParameter[name=left, type=BOOLEAN, multiplicity=Bounded[lower=0, upper=1]], TypedParameter[name=right, type=BOOLEAN, multiplicity=Bounded[lower=0, upper=1]]]; [TypedParameter[name=left, type=DATE, multiplicity=Bounded[lower=0, upper=1]], TypedParameter[name=right, type=DATE, multiplicity=Bounded[lower=1, upper=1]]]; [TypedParameter[name=left, type=DATE, multiplicity=Bounded[lower=1, upper=1]], TypedParameter[name=right, type=DATE, multiplicity=Bounded[lower=0, upper=1]]]; [TypedParameter[name=left, type=DATE, multiplicity=Bounded[lower=1, upper=1]], TypedParameter[name=right, type=DATE, multiplicity=Bounded[lower=1, upper=1]]]; [TypedParameter[name=left, type=NUMBER, multiplicity=Bounded[lower=0, upper=1]], TypedParameter[name=right, type=NUMBER, multiplicity=Bounded[lower=0, upper=1]]]; [TypedParameter[name=left, type=NUMBER, multiplicity=Bounded[lower=0, upper=1]], TypedParameter[name=right, type=NUMBER, multiplicity=Bounded[lower=1, upper=1]]]; [TypedParameter[name=left, type=NUMBER, multiplicity=Bounded[lower=1, upper=1]], TypedParameter[name=right, type=NUMBER, multiplicity=Bounded[lower=0, upper=1]]]; [TypedParameter[name=left, type=NUMBER, multiplicity=Bounded[lower=1, upper=1]], TypedParameter[name=right, type=NUMBER, multiplicity=Bounded[lower=1, upper=1]]]; [TypedParameter[name=left, type=STRING, multiplicity=Bounded[lower=0, upper=1]], TypedParameter[name=right, type=STRING, multiplicity=Bounded[lower=0, upper=1]]]; [TypedParameter[name=left, type=STRING, multiplicity=Bounded[lower=0, upper=1]], TypedParameter[name=right, type=STRING, multiplicity=Bounded[lower=1, upper=1]]]; [TypedParameter[name=left, type=STRING, multiplicity=Bounded[lower=1, upper=1]], TypedParameter[name=right, type=STRING, multiplicity=Bounded[lower=0, upper=1]]]; [TypedParameter[name=left, type=STRING, multiplicity=Bounded[lower=1, upper=1]], TypedParameter[name=right, type=STRING, multiplicity=Bounded[lower=1, upper=1]]]	G-REJECT
cx.gt.Int.Bool	cross	|1 > true						G-ERR:TypeInferenceException: no overload of 'meta::pure::functions::boolean::greaterThan' structurally matches the argument types (ExprType[type=INTEGER, multiplicity=Bounded[lower=1, upper=1]], ExprType[type=BOOLEAN, multiplicity=Bounded[lower=1, upper=1]]); [TypedParameter[name=left, type=DATE, multiplicity=Bounded[lower=0, upper=1]], TypedParameter[name=right, type=DATE, multiplicity=Bounded[lower=0, upper=1]]]; [TypedParameter[name=left, type=DATE, multiplicity=Bounded[lower=0, upper=1]], TypedParameter[name=right, type=DATE, multiplicity=Bounded[lower=1, upper=1]]]; [TypedParameter[name=left, type=DATE, multiplicity=Bounded[lower=1, upper=1]], TypedParameter[name=right, type=DATE, multiplicity=Bounded[lower=0, upper=1]]]; [TypedParameter[name=left, type=DATE, multiplicity=Bounded[lower=1, upper=1]], TypedParameter[name=right, type=DATE, multiplicity=Bounded[lower=1, upper=1]]]; [TypedParameter[name=left, type=NUMBER, multiplicity=Bounded[lower=0, upper=1]], TypedParameter[name=right, type=NUMBER, multiplicity=Bounded[lower=0, upper=1]]]; [TypedParameter[name=left, type=NUMBER, multiplicity=Bounded[lower=0, upper=1]], TypedParameter[name=right, type=NUMBER, multiplicity=Bounded[lower=1, upper=1]]]; [TypedParameter[name=left, type=NUMBER, multiplicity=Bounded[lower=1, upper=1]], TypedParameter[name=right, type=NUMBER, multiplicity=Bounded[lower=0, upper=1]]]; [TypedParameter[name=left, type=NUMBER, multiplicity=Bounded[lower=1, upper=1]], TypedParameter[name=right, type=NUMBER, multiplicity=Bounded[lower=1, upper=1]]]; [TypedParameter[name=left, type=STRING, multiplicity=Bounded[lower=0, upper=1]], TypedParameter[name=right, type=STRING, multiplicity=Bounded[lower=0, upper=1]]]; [TypedParameter[name=left, type=STRING, multiplicity=Bounded[lower=0, upper=1]], TypedParameter[name=right, type=STRING, multiplicity=Bounded[lower=1, upper=1]]]; [TypedParameter[name=left, type=STRING, multiplicity=Bounded[lower=1, upper=1]], TypedParameter[name=right, type=STRING, multiplicity=Bounded[lower=0, upper=1]]]; [TypedParameter[name=left, type=STRING, multiplicity=Bounded[lower=1, upper=1]], TypedParameter[name=right, type=STRING, multiplicity=Bounded[lower=1, upper=1]]]; [TypedParameter[name=left, type=BOOLEAN, multiplicity=Bounded[lower=0, upper=1]], TypedParameter[name=right, type=BOOLEAN, multiplicity=Bounded[lower=0, upper=1]]]	G-REJECT
cx.le.Int.Bool	cross	|1 <= true						G-ERR:TypeInferenceException: no overload of 'meta::pure::functions::boolean::lessThanEqual' structurally matches the argument types (ExprType[type=INTEGER, multiplicity=Bounded[lower=1, upper=1]], ExprType[type=BOOLEAN, multiplicity=Bounded[lower=1, upper=1]]); [TypedParameter[name=left, type=DATE, multiplicity=Bounded[lower=0, upper=1]], TypedParameter[name=right, type=DATE, multiplicity=Bounded[lower=0, upper=1]]]; [TypedParameter[name=left, type=DATE, multiplicity=Bounded[lower=0, upper=1]], TypedParameter[name=right, type=DATE, multiplicity=Bounded[lower=1, upper=1]]]; [TypedParameter[name=left, type=DATE, multiplicity=Bounded[lower=1, upper=1]], TypedParameter[name=right, type=DATE, multiplicity=Bounded[lower=0, upper=1]]]; [TypedParameter[name=left, type=DATE, multiplicity=Bounded[lower=1, upper=1]], TypedParameter[name=right, type=DATE, multiplicity=Bounded[lower=1, upper=1]]]; [TypedParameter[name=left, type=NUMBER, multiplicity=Bounded[lower=0, upper=1]], TypedParameter[name=right, type=NUMBER, multiplicity=Bounded[lower=0, upper=1]]]; [TypedParameter[name=left, type=NUMBER, multiplicity=Bounded[lower=0, upper=1]], TypedParameter[name=right, type=NUMBER, multiplicity=Bounded[lower=1, upper=1]]]; [TypedParameter[name=left, type=NUMBER, multiplicity=Bounded[lower=1, upper=1]], TypedParameter[name=right, type=NUMBER, multiplicity=Bounded[lower=0, upper=1]]]; [TypedParameter[name=left, type=NUMBER, multiplicity=Bounded[lower=1, upper=1]], TypedParameter[name=right, type=NUMBER, multiplicity=Bounded[lower=1, upper=1]]]; [TypedParameter[name=left, type=STRING, multiplicity=Bounded[lower=0, upper=1]], TypedParameter[name=right, type=STRING, multiplicity=Bounded[lower=0, upper=1]]]; [TypedParameter[name=left, type=STRING, multiplicity=Bounded[lower=0, upper=1]], TypedParameter[name=right, type=STRING, multiplicity=Bounded[lower=1, upper=1]]]; [TypedParameter[name=left, type=STRING, multiplicity=Bounded[lower=1, upper=1]], TypedParameter[name=right, type=STRING, multiplicity=Bounded[lower=0, upper=1]]]; [TypedParameter[name=left, type=STRING, multiplicity=Bounded[lower=1, upper=1]], TypedParameter[name=right, type=STRING, multiplicity=Bounded[lower=1, upper=1]]]; [TypedParameter[name=left, type=BOOLEAN, multiplicity=Bounded[lower=0, upper=1]], TypedParameter[name=right, type=BOOLEAN, multiplicity=Bounded[lower=0, upper=1]]]	G-REJECT
cx.ge.Int.Bool	cross	|1 >= true						G-ERR:TypeInferenceException: no overload of 'meta::pure::functions::boolean::greaterThanEqual' structurally matches the argument types (ExprType[type=INTEGER, multiplicity=Bounded[lower=1, upper=1]], ExprType[type=BOOLEAN, multiplicity=Bounded[lower=1, upper=1]]); [TypedParameter[name=left, type=DATE, multiplicity=Bounded[lower=0, upper=1]], TypedParameter[name=right, type=DATE, multiplicity=Bounded[lower=0, upper=1]]]; [TypedParameter[name=left, type=DATE, multiplicity=Bounded[lower=0, upper=1]], TypedParameter[name=right, type=DATE, multiplicity=Bounded[lower=1, upper=1]]]; [TypedParameter[name=left, type=DATE, multiplicity=Bounded[lower=1, upper=1]], TypedParameter[name=right, type=DATE, multiplicity=Bounded[lower=0, upper=1]]]; [TypedParameter[name=left, type=DATE, multiplicity=Bounded[lower=1, upper=1]], TypedParameter[name=right, type=DATE, multiplicity=Bounded[lower=1, upper=1]]]; [TypedParameter[name=left, type=NUMBER, multiplicity=Bounded[lower=0, upper=1]], TypedParameter[name=right, type=NUMBER, multiplicity=Bounded[lower=0, upper=1]]]; [TypedParameter[name=left, type=NUMBER, multiplicity=Bounded[lower=0, upper=1]], TypedParameter[name=right, type=NUMBER, multiplicity=Bounded[lower=1, upper=1]]]; [TypedParameter[name=left, type=NUMBER, multiplicity=Bounded[lower=1, upper=1]], TypedParameter[name=right, type=NUMBER, multiplicity=Bounded[lower=0, upper=1]]]; [TypedParameter[name=left, type=NUMBER, multiplicity=Bounded[lower=1, upper=1]], TypedParameter[name=right, type=NUMBER, multiplicity=Bounded[lower=1, upper=1]]]; [TypedParameter[name=left, type=STRING, multiplicity=Bounded[lower=0, upper=1]], TypedParameter[name=right, type=STRING, multiplicity=Bounded[lower=0, upper=1]]]; [TypedParameter[name=left, type=STRING, multiplicity=Bounded[lower=0, upper=1]], TypedParameter[name=right, type=STRING, multiplicity=Bounded[lower=1, upper=1]]]; [TypedParameter[name=left, type=STRING, multiplicity=Bounded[lower=1, upper=1]], TypedParameter[name=right, type=STRING, multiplicity=Bounded[lower=0, upper=1]]]; [TypedParameter[name=left, type=STRING, multiplicity=Bounded[lower=1, upper=1]], TypedParameter[name=right, type=STRING, multiplicity=Bounded[lower=1, upper=1]]]; [TypedParameter[name=left, type=BOOLEAN, multiplicity=Bounded[lower=0, upper=1]], TypedParameter[name=right, type=BOOLEAN, multiplicity=Bounded[lower=0, upper=1]]]	G-REJECT
cx.eq.Int.Enum	cross	|1 == t::Color.RED	Boolean	[1]	SELECT FALSE AS value	Boolean	false	OK	OK
cx.ne.Int.Enum	cross	|1 != t::Color.RED	Boolean	[1]	SELECT NOT FALSE AS value	Boolean	true	OK	OK
cx.lt.Int.Enum	cross	|1 < t::Color.RED						G-ERR:TypeInferenceException: no overload of 'meta::pure::functions::boolean::lessThan' structurally matches the argument types (ExprType[type=INTEGER, multiplicity=Bounded[lower=1, upper=1]], ExprType[type=EnumType[fqn=t::Color], multiplicity=Bounded[lower=1, upper=1]]); [TypedParameter[name=left, type=DATE, multiplicity=Bounded[lower=0, upper=1]], TypedParameter[name=right, type=DATE, multiplicity=Bounded[lower=0, upper=1]]]; [TypedParameter[name=left, type=BOOLEAN, multiplicity=Bounded[lower=0, upper=1]], TypedParameter[name=right, type=BOOLEAN, multiplicity=Bounded[lower=0, upper=1]]]; [TypedParameter[name=left, type=DATE, multiplicity=Bounded[lower=0, upper=1]], TypedParameter[name=right, type=DATE, multiplicity=Bounded[lower=1, upper=1]]]; [TypedParameter[name=left, type=DATE, multiplicity=Bounded[lower=1, upper=1]], TypedParameter[name=right, type=DATE, multiplicity=Bounded[lower=0, upper=1]]]; [TypedParameter[name=left, type=DATE, multiplicity=Bounded[lower=1, upper=1]], TypedParameter[name=right, type=DATE, multiplicity=Bounded[lower=1, upper=1]]]; [TypedParameter[name=left, type=NUMBER, multiplicity=Bounded[lower=0, upper=1]], TypedParameter[name=right, type=NUMBER, multiplicity=Bounded[lower=0, upper=1]]]; [TypedParameter[name=left, type=NUMBER, multiplicity=Bounded[lower=0, upper=1]], TypedParameter[name=right, type=NUMBER, multiplicity=Bounded[lower=1, upper=1]]]; [TypedParameter[name=left, type=NUMBER, multiplicity=Bounded[lower=1, upper=1]], TypedParameter[name=right, type=NUMBER, multiplicity=Bounded[lower=0, upper=1]]]; [TypedParameter[name=left, type=NUMBER, multiplicity=Bounded[lower=1, upper=1]], TypedParameter[name=right, type=NUMBER, multiplicity=Bounded[lower=1, upper=1]]]; [TypedParameter[name=left, type=STRING, multiplicity=Bounded[lower=0, upper=1]], TypedParameter[name=right, type=STRING, multiplicity=Bounded[lower=0, upper=1]]]; [TypedParameter[name=left, type=STRING, multiplicity=Bounded[lower=0, upper=1]], TypedParameter[name=right, type=STRING, multiplicity=Bounded[lower=1, upper=1]]]; [TypedParameter[name=left, type=STRING, multiplicity=Bounded[lower=1, upper=1]], TypedParameter[name=right, type=STRING, multiplicity=Bounded[lower=0, upper=1]]]; [TypedParameter[name=left, type=STRING, multiplicity=Bounded[lower=1, upper=1]], TypedParameter[name=right, type=STRING, multiplicity=Bounded[lower=1, upper=1]]]	G-REJECT
cx.gt.Int.Enum	cross	|1 > t::Color.RED						G-ERR:TypeInferenceException: no overload of 'meta::pure::functions::boolean::greaterThan' structurally matches the argument types (ExprType[type=INTEGER, multiplicity=Bounded[lower=1, upper=1]], ExprType[type=EnumType[fqn=t::Color], multiplicity=Bounded[lower=1, upper=1]]); [TypedParameter[name=left, type=DATE, multiplicity=Bounded[lower=0, upper=1]], TypedParameter[name=right, type=DATE, multiplicity=Bounded[lower=0, upper=1]]]; [TypedParameter[name=left, type=DATE, multiplicity=Bounded[lower=0, upper=1]], TypedParameter[name=right, type=DATE, multiplicity=Bounded[lower=1, upper=1]]]; [TypedParameter[name=left, type=DATE, multiplicity=Bounded[lower=1, upper=1]], TypedParameter[name=right, type=DATE, multiplicity=Bounded[lower=0, upper=1]]]; [TypedParameter[name=left, type=DATE, multiplicity=Bounded[lower=1, upper=1]], TypedParameter[name=right, type=DATE, multiplicity=Bounded[lower=1, upper=1]]]; [TypedParameter[name=left, type=NUMBER, multiplicity=Bounded[lower=0, upper=1]], TypedParameter[name=right, type=NUMBER, multiplicity=Bounded[lower=0, upper=1]]]; [TypedParameter[name=left, type=NUMBER, multiplicity=Bounded[lower=0, upper=1]], TypedParameter[name=right, type=NUMBER, multiplicity=Bounded[lower=1, upper=1]]]; [TypedParameter[name=left, type=NUMBER, multiplicity=Bounded[lower=1, upper=1]], TypedParameter[name=right, type=NUMBER, multiplicity=Bounded[lower=0, upper=1]]]; [TypedParameter[name=left, type=NUMBER, multiplicity=Bounded[lower=1, upper=1]], TypedParameter[name=right, type=NUMBER, multiplicity=Bounded[lower=1, upper=1]]]; [TypedParameter[name=left, type=STRING, multiplicity=Bounded[lower=0, upper=1]], TypedParameter[name=right, type=STRING, multiplicity=Bounded[lower=0, upper=1]]]; [TypedParameter[name=left, type=STRING, multiplicity=Bounded[lower=0, upper=1]], TypedParameter[name=right, type=STRING, multiplicity=Bounded[lower=1, upper=1]]]; [TypedParameter[name=left, type=STRING, multiplicity=Bounded[lower=1, upper=1]], TypedParameter[name=right, type=STRING, multiplicity=Bounded[lower=0, upper=1]]]; [TypedParameter[name=left, type=STRING, multiplicity=Bounded[lower=1, upper=1]], TypedParameter[name=right, type=STRING, multiplicity=Bounded[lower=1, upper=1]]]; [TypedParameter[name=left, type=BOOLEAN, multiplicity=Bounded[lower=0, upper=1]], TypedParameter[name=right, type=BOOLEAN, multiplicity=Bounded[lower=0, upper=1]]]	G-REJECT
cx.le.Int.Enum	cross	|1 <= t::Color.RED						G-ERR:TypeInferenceException: no overload of 'meta::pure::functions::boolean::lessThanEqual' structurally matches the argument types (ExprType[type=INTEGER, multiplicity=Bounded[lower=1, upper=1]], ExprType[type=EnumType[fqn=t::Color], multiplicity=Bounded[lower=1, upper=1]]); [TypedParameter[name=left, type=DATE, multiplicity=Bounded[lower=0, upper=1]], TypedParameter[name=right, type=DATE, multiplicity=Bounded[lower=0, upper=1]]]; [TypedParameter[name=left, type=DATE, multiplicity=Bounded[lower=0, upper=1]], TypedParameter[name=right, type=DATE, multiplicity=Bounded[lower=1, upper=1]]]; [TypedParameter[name=left, type=DATE, multiplicity=Bounded[lower=1, upper=1]], TypedParameter[name=right, type=DATE, multiplicity=Bounded[lower=0, upper=1]]]; [TypedParameter[name=left, type=DATE, multiplicity=Bounded[lower=1, upper=1]], TypedParameter[name=right, type=DATE, multiplicity=Bounded[lower=1, upper=1]]]; [TypedParameter[name=left, type=NUMBER, multiplicity=Bounded[lower=0, upper=1]], TypedParameter[name=right, type=NUMBER, multiplicity=Bounded[lower=0, upper=1]]]; [TypedParameter[name=left, type=NUMBER, multiplicity=Bounded[lower=0, upper=1]], TypedParameter[name=right, type=NUMBER, multiplicity=Bounded[lower=1, upper=1]]]; [TypedParameter[name=left, type=NUMBER, multiplicity=Bounded[lower=1, upper=1]], TypedParameter[name=right, type=NUMBER, multiplicity=Bounded[lower=0, upper=1]]]; [TypedParameter[name=left, type=NUMBER, multiplicity=Bounded[lower=1, upper=1]], TypedParameter[name=right, type=NUMBER, multiplicity=Bounded[lower=1, upper=1]]]; [TypedParameter[name=left, type=STRING, multiplicity=Bounded[lower=0, upper=1]], TypedParameter[name=right, type=STRING, multiplicity=Bounded[lower=0, upper=1]]]; [TypedParameter[name=left, type=STRING, multiplicity=Bounded[lower=0, upper=1]], TypedParameter[name=right, type=STRING, multiplicity=Bounded[lower=1, upper=1]]]; [TypedParameter[name=left, type=STRING, multiplicity=Bounded[lower=1, upper=1]], TypedParameter[name=right, type=STRING, multiplicity=Bounded[lower=0, upper=1]]]; [TypedParameter[name=left, type=STRING, multiplicity=Bounded[lower=1, upper=1]], TypedParameter[name=right, type=STRING, multiplicity=Bounded[lower=1, upper=1]]]; [TypedParameter[name=left, type=BOOLEAN, multiplicity=Bounded[lower=0, upper=1]], TypedParameter[name=right, type=BOOLEAN, multiplicity=Bounded[lower=0, upper=1]]]	G-REJECT
cx.ge.Int.Enum	cross	|1 >= t::Color.RED						G-ERR:TypeInferenceException: no overload of 'meta::pure::functions::boolean::greaterThanEqual' structurally matches the argument types (ExprType[type=INTEGER, multiplicity=Bounded[lower=1, upper=1]], ExprType[type=EnumType[fqn=t::Color], multiplicity=Bounded[lower=1, upper=1]]); [TypedParameter[name=left, type=DATE, multiplicity=Bounded[lower=0, upper=1]], TypedParameter[name=right, type=DATE, multiplicity=Bounded[lower=0, upper=1]]]; [TypedParameter[name=left, type=DATE, multiplicity=Bounded[lower=0, upper=1]], TypedParameter[name=right, type=DATE, multiplicity=Bounded[lower=1, upper=1]]]; [TypedParameter[name=left, type=DATE, multiplicity=Bounded[lower=1, upper=1]], TypedParameter[name=right, type=DATE, multiplicity=Bounded[lower=0, upper=1]]]; [TypedParameter[name=left, type=DATE, multiplicity=Bounded[lower=1, upper=1]], TypedParameter[name=right, type=DATE, multiplicity=Bounded[lower=1, upper=1]]]; [TypedParameter[name=left, type=NUMBER, multiplicity=Bounded[lower=0, upper=1]], TypedParameter[name=right, type=NUMBER, multiplicity=Bounded[lower=0, upper=1]]]; [TypedParameter[name=left, type=NUMBER, multiplicity=Bounded[lower=0, upper=1]], TypedParameter[name=right, type=NUMBER, multiplicity=Bounded[lower=1, upper=1]]]; [TypedParameter[name=left, type=NUMBER, multiplicity=Bounded[lower=1, upper=1]], TypedParameter[name=right, type=NUMBER, multiplicity=Bounded[lower=0, upper=1]]]; [TypedParameter[name=left, type=NUMBER, multiplicity=Bounded[lower=1, upper=1]], TypedParameter[name=right, type=NUMBER, multiplicity=Bounded[lower=1, upper=1]]]; [TypedParameter[name=left, type=STRING, multiplicity=Bounded[lower=0, upper=1]], TypedParameter[name=right, type=STRING, multiplicity=Bounded[lower=0, upper=1]]]; [TypedParameter[name=left, type=STRING, multiplicity=Bounded[lower=0, upper=1]], TypedParameter[name=right, type=STRING, multiplicity=Bounded[lower=1, upper=1]]]; [TypedParameter[name=left, type=STRING, multiplicity=Bounded[lower=1, upper=1]], TypedParameter[name=right, type=STRING, multiplicity=Bounded[lower=0, upper=1]]]; [TypedParameter[name=left, type=STRING, multiplicity=Bounded[lower=1, upper=1]], TypedParameter[name=right, type=STRING, multiplicity=Bounded[lower=1, upper=1]]]; [TypedParameter[name=left, type=BOOLEAN, multiplicity=Bounded[lower=0, upper=1]], TypedParameter[name=right, type=BOOLEAN, multiplicity=Bounded[lower=0, upper=1]]]	G-REJECT
cx.eq.Float.Int	cross	|1.0 == 1	Boolean	[1]	SELECT CAST(1.0 AS DOUBLE) = 1 AS value	Boolean	true	OK	OK
cx.ne.Float.Int	cross	|1.0 != 1	Boolean	[1]	SELECT CAST(1.0 AS DOUBLE) <> 1 AS value	Boolean	false	OK	OK
cx.lt.Float.Int	cross	|1.0 < 1	Boolean	[1]	SELECT CAST(1.0 AS DOUBLE) < 1 AS value	Boolean	false	OK	OK
cx.gt.Float.Int	cross	|1.0 > 1	Boolean	[1]	SELECT CAST(1.0 AS DOUBLE) > 1 AS value	Boolean	false	OK	OK
cx.le.Float.Int	cross	|1.0 <= 1	Boolean	[1]	SELECT CAST(1.0 AS DOUBLE) <= 1 AS value	Boolean	true	OK	OK
cx.ge.Float.Int	cross	|1.0 >= 1	Boolean	[1]	SELECT CAST(1.0 AS DOUBLE) >= 1 AS value	Boolean	true	OK	OK
cx.eq.Float.Float	cross	|1.0 == 1.0	Boolean	[1]	SELECT CAST(1.0 AS DOUBLE) = CAST(1.0 AS DOUBLE) AS value	Boolean	true	OK	OK
cx.ne.Float.Float	cross	|1.0 != 1.0	Boolean	[1]	SELECT CAST(1.0 AS DOUBLE) <> CAST(1.0 AS DOUBLE) AS value	Boolean	false	OK	OK
cx.lt.Float.Float	cross	|1.0 < 1.0	Boolean	[1]	SELECT CAST(1.0 AS DOUBLE) < CAST(1.0 AS DOUBLE) AS value	Boolean	false	OK	OK
cx.gt.Float.Float	cross	|1.0 > 1.0	Boolean	[1]	SELECT CAST(1.0 AS DOUBLE) > CAST(1.0 AS DOUBLE) AS value	Boolean	false	OK	OK
cx.le.Float.Float	cross	|1.0 <= 1.0	Boolean	[1]	SELECT CAST(1.0 AS DOUBLE) <= CAST(1.0 AS DOUBLE) AS value	Boolean	true	OK	OK
cx.ge.Float.Float	cross	|1.0 >= 1.0	Boolean	[1]	SELECT CAST(1.0 AS DOUBLE) >= CAST(1.0 AS DOUBLE) AS value	Boolean	true	OK	OK
cx.eq.Float.Dec	cross	|1.0 == 1.0d	Boolean	[1]	SELECT CAST(1.0 AS DOUBLE) = 1.0 AS value	Boolean	true	OK	OK
cx.ne.Float.Dec	cross	|1.0 != 1.0d	Boolean	[1]	SELECT CAST(1.0 AS DOUBLE) <> 1.0 AS value	Boolean	false	OK	OK
cx.lt.Float.Dec	cross	|1.0 < 1.0d	Boolean	[1]	SELECT CAST(1.0 AS DOUBLE) < 1.0 AS value	Boolean	false	OK	OK
cx.gt.Float.Dec	cross	|1.0 > 1.0d	Boolean	[1]	SELECT CAST(1.0 AS DOUBLE) > 1.0 AS value	Boolean	false	OK	OK
cx.le.Float.Dec	cross	|1.0 <= 1.0d	Boolean	[1]	SELECT CAST(1.0 AS DOUBLE) <= 1.0 AS value	Boolean	true	OK	OK
cx.ge.Float.Dec	cross	|1.0 >= 1.0d	Boolean	[1]	SELECT CAST(1.0 AS DOUBLE) >= 1.0 AS value	Boolean	true	OK	OK
cx.eq.Float.Str	cross	|1.0 == '1'	Boolean	[1]	SELECT CAST(1.0 AS DOUBLE) = '1' AS value	Boolean	true	OK	OK
cx.ne.Float.Str	cross	|1.0 != '1'	Boolean	[1]	SELECT CAST(1.0 AS DOUBLE) <> '1' AS value	Boolean	false	OK	OK
cx.lt.Float.Str	cross	|1.0 < '1'						G-ERR:TypeInferenceException: no overload of 'meta::pure::functions::boolean::lessThan' structurally matches the argument types (ExprType[type=FLOAT, multiplicity=Bounded[lower=1, upper=1]], ExprType[type=STRING, multiplicity=Bounded[lower=1, upper=1]]); [TypedParameter[name=left, type=DATE, multiplicity=Bounded[lower=0, upper=1]], TypedParameter[name=right, type=DATE, multiplicity=Bounded[lower=0, upper=1]]]; [TypedParameter[name=left, type=BOOLEAN, multiplicity=Bounded[lower=0, upper=1]], TypedParameter[name=right, type=BOOLEAN, multiplicity=Bounded[lower=0, upper=1]]]; [TypedParameter[name=left, type=DATE, multiplicity=Bounded[lower=0, upper=1]], TypedParameter[name=right, type=DATE, multiplicity=Bounded[lower=1, upper=1]]]; [TypedParameter[name=left, type=DATE, multiplicity=Bounded[lower=1, upper=1]], TypedParameter[name=right, type=DATE, multiplicity=Bounded[lower=0, upper=1]]]; [TypedParameter[name=left, type=DATE, multiplicity=Bounded[lower=1, upper=1]], TypedParameter[name=right, type=DATE, multiplicity=Bounded[lower=1, upper=1]]]; [TypedParameter[name=left, type=NUMBER, multiplicity=Bounded[lower=0, upper=1]], TypedParameter[name=right, type=NUMBER, multiplicity=Bounded[lower=0, upper=1]]]; [TypedParameter[name=left, type=NUMBER, multiplicity=Bounded[lower=0, upper=1]], TypedParameter[name=right, type=NUMBER, multiplicity=Bounded[lower=1, upper=1]]]; [TypedParameter[name=left, type=NUMBER, multiplicity=Bounded[lower=1, upper=1]], TypedParameter[name=right, type=NUMBER, multiplicity=Bounded[lower=0, upper=1]]]; [TypedParameter[name=left, type=NUMBER, multiplicity=Bounded[lower=1, upper=1]], TypedParameter[name=right, type=NUMBER, multiplicity=Bounded[lower=1, upper=1]]]; [TypedParameter[name=left, type=STRING, multiplicity=Bounded[lower=0, upper=1]], TypedParameter[name=right, type=STRING, multiplicity=Bounded[lower=0, upper=1]]]; [TypedParameter[name=left, type=STRING, multiplicity=Bounded[lower=0, upper=1]], TypedParameter[name=right, type=STRING, multiplicity=Bounded[lower=1, upper=1]]]; [TypedParameter[name=left, type=STRING, multiplicity=Bounded[lower=1, upper=1]], TypedParameter[name=right, type=STRING, multiplicity=Bounded[lower=0, upper=1]]]; [TypedParameter[name=left, type=STRING, multiplicity=Bounded[lower=1, upper=1]], TypedParameter[name=right, type=STRING, multiplicity=Bounded[lower=1, upper=1]]]	G-REJECT
cx.gt.Float.Str	cross	|1.0 > '1'						G-ERR:TypeInferenceException: no overload of 'meta::pure::functions::boolean::greaterThan' structurally matches the argument types (ExprType[type=FLOAT, multiplicity=Bounded[lower=1, upper=1]], ExprType[type=STRING, multiplicity=Bounded[lower=1, upper=1]]); [TypedParameter[name=left, type=DATE, multiplicity=Bounded[lower=0, upper=1]], TypedParameter[name=right, type=DATE, multiplicity=Bounded[lower=0, upper=1]]]; [TypedParameter[name=left, type=DATE, multiplicity=Bounded[lower=0, upper=1]], TypedParameter[name=right, type=DATE, multiplicity=Bounded[lower=1, upper=1]]]; [TypedParameter[name=left, type=DATE, multiplicity=Bounded[lower=1, upper=1]], TypedParameter[name=right, type=DATE, multiplicity=Bounded[lower=0, upper=1]]]; [TypedParameter[name=left, type=DATE, multiplicity=Bounded[lower=1, upper=1]], TypedParameter[name=right, type=DATE, multiplicity=Bounded[lower=1, upper=1]]]; [TypedParameter[name=left, type=NUMBER, multiplicity=Bounded[lower=0, upper=1]], TypedParameter[name=right, type=NUMBER, multiplicity=Bounded[lower=0, upper=1]]]; [TypedParameter[name=left, type=NUMBER, multiplicity=Bounded[lower=0, upper=1]], TypedParameter[name=right, type=NUMBER, multiplicity=Bounded[lower=1, upper=1]]]; [TypedParameter[name=left, type=NUMBER, multiplicity=Bounded[lower=1, upper=1]], TypedParameter[name=right, type=NUMBER, multiplicity=Bounded[lower=0, upper=1]]]; [TypedParameter[name=left, type=NUMBER, multiplicity=Bounded[lower=1, upper=1]], TypedParameter[name=right, type=NUMBER, multiplicity=Bounded[lower=1, upper=1]]]; [TypedParameter[name=left, type=STRING, multiplicity=Bounded[lower=0, upper=1]], TypedParameter[name=right, type=STRING, multiplicity=Bounded[lower=0, upper=1]]]; [TypedParameter[name=left, type=STRING, multiplicity=Bounded[lower=0, upper=1]], TypedParameter[name=right, type=STRING, multiplicity=Bounded[lower=1, upper=1]]]; [TypedParameter[name=left, type=STRING, multiplicity=Bounded[lower=1, upper=1]], TypedParameter[name=right, type=STRING, multiplicity=Bounded[lower=0, upper=1]]]; [TypedParameter[name=left, type=STRING, multiplicity=Bounded[lower=1, upper=1]], TypedParameter[name=right, type=STRING, multiplicity=Bounded[lower=1, upper=1]]]; [TypedParameter[name=left, type=BOOLEAN, multiplicity=Bounded[lower=0, upper=1]], TypedParameter[name=right, type=BOOLEAN, multiplicity=Bounded[lower=0, upper=1]]]	G-REJECT
cx.le.Float.Str	cross	|1.0 <= '1'						G-ERR:TypeInferenceException: no overload of 'meta::pure::functions::boolean::lessThanEqual' structurally matches the argument types (ExprType[type=FLOAT, multiplicity=Bounded[lower=1, upper=1]], ExprType[type=STRING, multiplicity=Bounded[lower=1, upper=1]]); [TypedParameter[name=left, type=DATE, multiplicity=Bounded[lower=0, upper=1]], TypedParameter[name=right, type=DATE, multiplicity=Bounded[lower=0, upper=1]]]; [TypedParameter[name=left, type=DATE, multiplicity=Bounded[lower=0, upper=1]], TypedParameter[name=right, type=DATE, multiplicity=Bounded[lower=1, upper=1]]]; [TypedParameter[name=left, type=DATE, multiplicity=Bounded[lower=1, upper=1]], TypedParameter[name=right, type=DATE, multiplicity=Bounded[lower=0, upper=1]]]; [TypedParameter[name=left, type=DATE, multiplicity=Bounded[lower=1, upper=1]], TypedParameter[name=right, type=DATE, multiplicity=Bounded[lower=1, upper=1]]]; [TypedParameter[name=left, type=NUMBER, multiplicity=Bounded[lower=0, upper=1]], TypedParameter[name=right, type=NUMBER, multiplicity=Bounded[lower=0, upper=1]]]; [TypedParameter[name=left, type=NUMBER, multiplicity=Bounded[lower=0, upper=1]], TypedParameter[name=right, type=NUMBER, multiplicity=Bounded[lower=1, upper=1]]]; [TypedParameter[name=left, type=NUMBER, multiplicity=Bounded[lower=1, upper=1]], TypedParameter[name=right, type=NUMBER, multiplicity=Bounded[lower=0, upper=1]]]; [TypedParameter[name=left, type=NUMBER, multiplicity=Bounded[lower=1, upper=1]], TypedParameter[name=right, type=NUMBER, multiplicity=Bounded[lower=1, upper=1]]]; [TypedParameter[name=left, type=STRING, multiplicity=Bounded[lower=0, upper=1]], TypedParameter[name=right, type=STRING, multiplicity=Bounded[lower=0, upper=1]]]; [TypedParameter[name=left, type=STRING, multiplicity=Bounded[lower=0, upper=1]], TypedParameter[name=right, type=STRING, multiplicity=Bounded[lower=1, upper=1]]]; [TypedParameter[name=left, type=STRING, multiplicity=Bounded[lower=1, upper=1]], TypedParameter[name=right, type=STRING, multiplicity=Bounded[lower=0, upper=1]]]; [TypedParameter[name=left, type=STRING, multiplicity=Bounded[lower=1, upper=1]], TypedParameter[name=right, type=STRING, multiplicity=Bounded[lower=1, upper=1]]]; [TypedParameter[name=left, type=BOOLEAN, multiplicity=Bounded[lower=0, upper=1]], TypedParameter[name=right, type=BOOLEAN, multiplicity=Bounded[lower=0, upper=1]]]	G-REJECT
cx.ge.Float.Str	cross	|1.0 >= '1'						G-ERR:TypeInferenceException: no overload of 'meta::pure::functions::boolean::greaterThanEqual' structurally matches the argument types (ExprType[type=FLOAT, multiplicity=Bounded[lower=1, upper=1]], ExprType[type=STRING, multiplicity=Bounded[lower=1, upper=1]]); [TypedParameter[name=left, type=DATE, multiplicity=Bounded[lower=0, upper=1]], TypedParameter[name=right, type=DATE, multiplicity=Bounded[lower=0, upper=1]]]; [TypedParameter[name=left, type=DATE, multiplicity=Bounded[lower=0, upper=1]], TypedParameter[name=right, type=DATE, multiplicity=Bounded[lower=1, upper=1]]]; [TypedParameter[name=left, type=DATE, multiplicity=Bounded[lower=1, upper=1]], TypedParameter[name=right, type=DATE, multiplicity=Bounded[lower=0, upper=1]]]; [TypedParameter[name=left, type=DATE, multiplicity=Bounded[lower=1, upper=1]], TypedParameter[name=right, type=DATE, multiplicity=Bounded[lower=1, upper=1]]]; [TypedParameter[name=left, type=NUMBER, multiplicity=Bounded[lower=0, upper=1]], TypedParameter[name=right, type=NUMBER, multiplicity=Bounded[lower=0, upper=1]]]; [TypedParameter[name=left, type=NUMBER, multiplicity=Bounded[lower=0, upper=1]], TypedParameter[name=right, type=NUMBER, multiplicity=Bounded[lower=1, upper=1]]]; [TypedParameter[name=left, type=NUMBER, multiplicity=Bounded[lower=1, upper=1]], TypedParameter[name=right, type=NUMBER, multiplicity=Bounded[lower=0, upper=1]]]; [TypedParameter[name=left, type=NUMBER, multiplicity=Bounded[lower=1, upper=1]], TypedParameter[name=right, type=NUMBER, multiplicity=Bounded[lower=1, upper=1]]]; [TypedParameter[name=left, type=STRING, multiplicity=Bounded[lower=0, upper=1]], TypedParameter[name=right, type=STRING, multiplicity=Bounded[lower=0, upper=1]]]; [TypedParameter[name=left, type=STRING, multiplicity=Bounded[lower=0, upper=1]], TypedParameter[name=right, type=STRING, multiplicity=Bounded[lower=1, upper=1]]]; [TypedParameter[name=left, type=STRING, multiplicity=Bounded[lower=1, upper=1]], TypedParameter[name=right, type=STRING, multiplicity=Bounded[lower=0, upper=1]]]; [TypedParameter[name=left, type=STRING, multiplicity=Bounded[lower=1, upper=1]], TypedParameter[name=right, type=STRING, multiplicity=Bounded[lower=1, upper=1]]]; [TypedParameter[name=left, type=BOOLEAN, multiplicity=Bounded[lower=0, upper=1]], TypedParameter[name=right, type=BOOLEAN, multiplicity=Bounded[lower=0, upper=1]]]	G-REJECT
cx.eq.Float.SDate	cross	|1.0 == %2024-03-15	Boolean	[1]	SELECT CAST(1.0 AS DOUBLE) = DATE '2024-03-15' AS value			EXEC-ERR:SQLException: Conversion Error: Unimplemented type for cast (DOUBLE -> DATE)  LINE 1: SELECT CAST(1.0 AS DOUBLE) = DATE '2024-03-15' AS value                ^	DB-ERROR
cx.ne.Float.SDate	cross	|1.0 != %2024-03-15	Boolean	[1]	SELECT CAST(1.0 AS DOUBLE) <> DATE '2024-03-15' AS value			EXEC-ERR:SQLException: Conversion Error: Unimplemented type for cast (DOUBLE -> DATE)  LINE 1: SELECT CAST(1.0 AS DOUBLE) <> DATE '2024-03-15' AS value                ^	DB-ERROR
cx.lt.Float.SDate	cross	|1.0 < %2024-03-15						G-ERR:TypeInferenceException: no overload of 'meta::pure::functions::boolean::lessThan' structurally matches the argument types (ExprType[type=FLOAT, multiplicity=Bounded[lower=1, upper=1]], ExprType[type=STRICT_DATE, multiplicity=Bounded[lower=1, upper=1]]); [TypedParameter[name=left, type=DATE, multiplicity=Bounded[lower=0, upper=1]], TypedParameter[name=right, type=DATE, multiplicity=Bounded[lower=0, upper=1]]]; [TypedParameter[name=left, type=BOOLEAN, multiplicity=Bounded[lower=0, upper=1]], TypedParameter[name=right, type=BOOLEAN, multiplicity=Bounded[lower=0, upper=1]]]; [TypedParameter[name=left, type=DATE, multiplicity=Bounded[lower=0, upper=1]], TypedParameter[name=right, type=DATE, multiplicity=Bounded[lower=1, upper=1]]]; [TypedParameter[name=left, type=DATE, multiplicity=Bounded[lower=1, upper=1]], TypedParameter[name=right, type=DATE, multiplicity=Bounded[lower=0, upper=1]]]; [TypedParameter[name=left, type=DATE, multiplicity=Bounded[lower=1, upper=1]], TypedParameter[name=right, type=DATE, multiplicity=Bounded[lower=1, upper=1]]]; [TypedParameter[name=left, type=NUMBER, multiplicity=Bounded[lower=0, upper=1]], TypedParameter[name=right, type=NUMBER, multiplicity=Bounded[lower=0, upper=1]]]; [TypedParameter[name=left, type=NUMBER, multiplicity=Bounded[lower=0, upper=1]], TypedParameter[name=right, type=NUMBER, multiplicity=Bounded[lower=1, upper=1]]]; [TypedParameter[name=left, type=NUMBER, multiplicity=Bounded[lower=1, upper=1]], TypedParameter[name=right, type=NUMBER, multiplicity=Bounded[lower=0, upper=1]]]; [TypedParameter[name=left, type=NUMBER, multiplicity=Bounded[lower=1, upper=1]], TypedParameter[name=right, type=NUMBER, multiplicity=Bounded[lower=1, upper=1]]]; [TypedParameter[name=left, type=STRING, multiplicity=Bounded[lower=0, upper=1]], TypedParameter[name=right, type=STRING, multiplicity=Bounded[lower=0, upper=1]]]; [TypedParameter[name=left, type=STRING, multiplicity=Bounded[lower=0, upper=1]], TypedParameter[name=right, type=STRING, multiplicity=Bounded[lower=1, upper=1]]]; [TypedParameter[name=left, type=STRING, multiplicity=Bounded[lower=1, upper=1]], TypedParameter[name=right, type=STRING, multiplicity=Bounded[lower=0, upper=1]]]; [TypedParameter[name=left, type=STRING, multiplicity=Bounded[lower=1, upper=1]], TypedParameter[name=right, type=STRING, multiplicity=Bounded[lower=1, upper=1]]]	G-REJECT
cx.gt.Float.SDate	cross	|1.0 > %2024-03-15						G-ERR:TypeInferenceException: no overload of 'meta::pure::functions::boolean::greaterThan' structurally matches the argument types (ExprType[type=FLOAT, multiplicity=Bounded[lower=1, upper=1]], ExprType[type=STRICT_DATE, multiplicity=Bounded[lower=1, upper=1]]); [TypedParameter[name=left, type=DATE, multiplicity=Bounded[lower=0, upper=1]], TypedParameter[name=right, type=DATE, multiplicity=Bounded[lower=0, upper=1]]]; [TypedParameter[name=left, type=DATE, multiplicity=Bounded[lower=0, upper=1]], TypedParameter[name=right, type=DATE, multiplicity=Bounded[lower=1, upper=1]]]; [TypedParameter[name=left, type=DATE, multiplicity=Bounded[lower=1, upper=1]], TypedParameter[name=right, type=DATE, multiplicity=Bounded[lower=0, upper=1]]]; [TypedParameter[name=left, type=DATE, multiplicity=Bounded[lower=1, upper=1]], TypedParameter[name=right, type=DATE, multiplicity=Bounded[lower=1, upper=1]]]; [TypedParameter[name=left, type=NUMBER, multiplicity=Bounded[lower=0, upper=1]], TypedParameter[name=right, type=NUMBER, multiplicity=Bounded[lower=0, upper=1]]]; [TypedParameter[name=left, type=NUMBER, multiplicity=Bounded[lower=0, upper=1]], TypedParameter[name=right, type=NUMBER, multiplicity=Bounded[lower=1, upper=1]]]; [TypedParameter[name=left, type=NUMBER, multiplicity=Bounded[lower=1, upper=1]], TypedParameter[name=right, type=NUMBER, multiplicity=Bounded[lower=0, upper=1]]]; [TypedParameter[name=left, type=NUMBER, multiplicity=Bounded[lower=1, upper=1]], TypedParameter[name=right, type=NUMBER, multiplicity=Bounded[lower=1, upper=1]]]; [TypedParameter[name=left, type=STRING, multiplicity=Bounded[lower=0, upper=1]], TypedParameter[name=right, type=STRING, multiplicity=Bounded[lower=0, upper=1]]]; [TypedParameter[name=left, type=STRING, multiplicity=Bounded[lower=0, upper=1]], TypedParameter[name=right, type=STRING, multiplicity=Bounded[lower=1, upper=1]]]; [TypedParameter[name=left, type=STRING, multiplicity=Bounded[lower=1, upper=1]], TypedParameter[name=right, type=STRING, multiplicity=Bounded[lower=0, upper=1]]]; [TypedParameter[name=left, type=STRING, multiplicity=Bounded[lower=1, upper=1]], TypedParameter[name=right, type=STRING, multiplicity=Bounded[lower=1, upper=1]]]; [TypedParameter[name=left, type=BOOLEAN, multiplicity=Bounded[lower=0, upper=1]], TypedParameter[name=right, type=BOOLEAN, multiplicity=Bounded[lower=0, upper=1]]]	G-REJECT
cx.le.Float.SDate	cross	|1.0 <= %2024-03-15						G-ERR:TypeInferenceException: no overload of 'meta::pure::functions::boolean::lessThanEqual' structurally matches the argument types (ExprType[type=FLOAT, multiplicity=Bounded[lower=1, upper=1]], ExprType[type=STRICT_DATE, multiplicity=Bounded[lower=1, upper=1]]); [TypedParameter[name=left, type=DATE, multiplicity=Bounded[lower=0, upper=1]], TypedParameter[name=right, type=DATE, multiplicity=Bounded[lower=0, upper=1]]]; [TypedParameter[name=left, type=DATE, multiplicity=Bounded[lower=0, upper=1]], TypedParameter[name=right, type=DATE, multiplicity=Bounded[lower=1, upper=1]]]; [TypedParameter[name=left, type=DATE, multiplicity=Bounded[lower=1, upper=1]], TypedParameter[name=right, type=DATE, multiplicity=Bounded[lower=0, upper=1]]]; [TypedParameter[name=left, type=DATE, multiplicity=Bounded[lower=1, upper=1]], TypedParameter[name=right, type=DATE, multiplicity=Bounded[lower=1, upper=1]]]; [TypedParameter[name=left, type=NUMBER, multiplicity=Bounded[lower=0, upper=1]], TypedParameter[name=right, type=NUMBER, multiplicity=Bounded[lower=0, upper=1]]]; [TypedParameter[name=left, type=NUMBER, multiplicity=Bounded[lower=0, upper=1]], TypedParameter[name=right, type=NUMBER, multiplicity=Bounded[lower=1, upper=1]]]; [TypedParameter[name=left, type=NUMBER, multiplicity=Bounded[lower=1, upper=1]], TypedParameter[name=right, type=NUMBER, multiplicity=Bounded[lower=0, upper=1]]]; [TypedParameter[name=left, type=NUMBER, multiplicity=Bounded[lower=1, upper=1]], TypedParameter[name=right, type=NUMBER, multiplicity=Bounded[lower=1, upper=1]]]; [TypedParameter[name=left, type=STRING, multiplicity=Bounded[lower=0, upper=1]], TypedParameter[name=right, type=STRING, multiplicity=Bounded[lower=0, upper=1]]]; [TypedParameter[name=left, type=STRING, multiplicity=Bounded[lower=0, upper=1]], TypedParameter[name=right, type=STRING, multiplicity=Bounded[lower=1, upper=1]]]; [TypedParameter[name=left, type=STRING, multiplicity=Bounded[lower=1, upper=1]], TypedParameter[name=right, type=STRING, multiplicity=Bounded[lower=0, upper=1]]]; [TypedParameter[name=left, type=STRING, multiplicity=Bounded[lower=1, upper=1]], TypedParameter[name=right, type=STRING, multiplicity=Bounded[lower=1, upper=1]]]; [TypedParameter[name=left, type=BOOLEAN, multiplicity=Bounded[lower=0, upper=1]], TypedParameter[name=right, type=BOOLEAN, multiplicity=Bounded[lower=0, upper=1]]]	G-REJECT
cx.ge.Float.SDate	cross	|1.0 >= %2024-03-15						G-ERR:TypeInferenceException: no overload of 'meta::pure::functions::boolean::greaterThanEqual' structurally matches the argument types (ExprType[type=FLOAT, multiplicity=Bounded[lower=1, upper=1]], ExprType[type=STRICT_DATE, multiplicity=Bounded[lower=1, upper=1]]); [TypedParameter[name=left, type=DATE, multiplicity=Bounded[lower=0, upper=1]], TypedParameter[name=right, type=DATE, multiplicity=Bounded[lower=0, upper=1]]]; [TypedParameter[name=left, type=DATE, multiplicity=Bounded[lower=0, upper=1]], TypedParameter[name=right, type=DATE, multiplicity=Bounded[lower=1, upper=1]]]; [TypedParameter[name=left, type=DATE, multiplicity=Bounded[lower=1, upper=1]], TypedParameter[name=right, type=DATE, multiplicity=Bounded[lower=0, upper=1]]]; [TypedParameter[name=left, type=DATE, multiplicity=Bounded[lower=1, upper=1]], TypedParameter[name=right, type=DATE, multiplicity=Bounded[lower=1, upper=1]]]; [TypedParameter[name=left, type=NUMBER, multiplicity=Bounded[lower=0, upper=1]], TypedParameter[name=right, type=NUMBER, multiplicity=Bounded[lower=0, upper=1]]]; [TypedParameter[name=left, type=NUMBER, multiplicity=Bounded[lower=0, upper=1]], TypedParameter[name=right, type=NUMBER, multiplicity=Bounded[lower=1, upper=1]]]; [TypedParameter[name=left, type=NUMBER, multiplicity=Bounded[lower=1, upper=1]], TypedParameter[name=right, type=NUMBER, multiplicity=Bounded[lower=0, upper=1]]]; [TypedParameter[name=left, type=NUMBER, multiplicity=Bounded[lower=1, upper=1]], TypedParameter[name=right, type=NUMBER, multiplicity=Bounded[lower=1, upper=1]]]; [TypedParameter[name=left, type=STRING, multiplicity=Bounded[lower=0, upper=1]], TypedParameter[name=right, type=STRING, multiplicity=Bounded[lower=0, upper=1]]]; [TypedParameter[name=left, type=STRING, multiplicity=Bounded[lower=0, upper=1]], TypedParameter[name=right, type=STRING, multiplicity=Bounded[lower=1, upper=1]]]; [TypedParameter[name=left, type=STRING, multiplicity=Bounded[lower=1, upper=1]], TypedParameter[name=right, type=STRING, multiplicity=Bounded[lower=0, upper=1]]]; [TypedParameter[name=left, type=STRING, multiplicity=Bounded[lower=1, upper=1]], TypedParameter[name=right, type=STRING, multiplicity=Bounded[lower=1, upper=1]]]; [TypedParameter[name=left, type=BOOLEAN, multiplicity=Bounded[lower=0, upper=1]], TypedParameter[name=right, type=BOOLEAN, multiplicity=Bounded[lower=0, upper=1]]]	G-REJECT
cx.eq.Float.DTime	cross	|1.0 == %2024-03-15T10:30:45	Boolean	[1]	SELECT CAST(1.0 AS DOUBLE) = TIMESTAMP '2024-03-15T10:30:45' AS value			EXEC-ERR:SQLException: Conversion Error: Unimplemented type for cast (DOUBLE -> TIMESTAMP)  LINE 1: SELECT CAST(1.0 AS DOUBLE) = TIMESTAMP '2024-03-15T10:30:45' AS...                ^	DB-ERROR
cx.ne.Float.DTime	cross	|1.0 != %2024-03-15T10:30:45	Boolean	[1]	SELECT CAST(1.0 AS DOUBLE) <> TIMESTAMP '2024-03-15T10:30:45' AS value			EXEC-ERR:SQLException: Conversion Error: Unimplemented type for cast (DOUBLE -> TIMESTAMP)  LINE 1: SELECT CAST(1.0 AS DOUBLE) <> TIMESTAMP '2024-03-15T10:30:45' AS...                ^	DB-ERROR
cx.lt.Float.DTime	cross	|1.0 < %2024-03-15T10:30:45						G-ERR:TypeInferenceException: no overload of 'meta::pure::functions::boolean::lessThan' structurally matches the argument types (ExprType[type=FLOAT, multiplicity=Bounded[lower=1, upper=1]], ExprType[type=DATE_TIME, multiplicity=Bounded[lower=1, upper=1]]); [TypedParameter[name=left, type=DATE, multiplicity=Bounded[lower=0, upper=1]], TypedParameter[name=right, type=DATE, multiplicity=Bounded[lower=0, upper=1]]]; [TypedParameter[name=left, type=BOOLEAN, multiplicity=Bounded[lower=0, upper=1]], TypedParameter[name=right, type=BOOLEAN, multiplicity=Bounded[lower=0, upper=1]]]; [TypedParameter[name=left, type=DATE, multiplicity=Bounded[lower=0, upper=1]], TypedParameter[name=right, type=DATE, multiplicity=Bounded[lower=1, upper=1]]]; [TypedParameter[name=left, type=DATE, multiplicity=Bounded[lower=1, upper=1]], TypedParameter[name=right, type=DATE, multiplicity=Bounded[lower=0, upper=1]]]; [TypedParameter[name=left, type=DATE, multiplicity=Bounded[lower=1, upper=1]], TypedParameter[name=right, type=DATE, multiplicity=Bounded[lower=1, upper=1]]]; [TypedParameter[name=left, type=NUMBER, multiplicity=Bounded[lower=0, upper=1]], TypedParameter[name=right, type=NUMBER, multiplicity=Bounded[lower=0, upper=1]]]; [TypedParameter[name=left, type=NUMBER, multiplicity=Bounded[lower=0, upper=1]], TypedParameter[name=right, type=NUMBER, multiplicity=Bounded[lower=1, upper=1]]]; [TypedParameter[name=left, type=NUMBER, multiplicity=Bounded[lower=1, upper=1]], TypedParameter[name=right, type=NUMBER, multiplicity=Bounded[lower=0, upper=1]]]; [TypedParameter[name=left, type=NUMBER, multiplicity=Bounded[lower=1, upper=1]], TypedParameter[name=right, type=NUMBER, multiplicity=Bounded[lower=1, upper=1]]]; [TypedParameter[name=left, type=STRING, multiplicity=Bounded[lower=0, upper=1]], TypedParameter[name=right, type=STRING, multiplicity=Bounded[lower=0, upper=1]]]; [TypedParameter[name=left, type=STRING, multiplicity=Bounded[lower=0, upper=1]], TypedParameter[name=right, type=STRING, multiplicity=Bounded[lower=1, upper=1]]]; [TypedParameter[name=left, type=STRING, multiplicity=Bounded[lower=1, upper=1]], TypedParameter[name=right, type=STRING, multiplicity=Bounded[lower=0, upper=1]]]; [TypedParameter[name=left, type=STRING, multiplicity=Bounded[lower=1, upper=1]], TypedParameter[name=right, type=STRING, multiplicity=Bounded[lower=1, upper=1]]]	G-REJECT
cx.gt.Float.DTime	cross	|1.0 > %2024-03-15T10:30:45						G-ERR:TypeInferenceException: no overload of 'meta::pure::functions::boolean::greaterThan' structurally matches the argument types (ExprType[type=FLOAT, multiplicity=Bounded[lower=1, upper=1]], ExprType[type=DATE_TIME, multiplicity=Bounded[lower=1, upper=1]]); [TypedParameter[name=left, type=DATE, multiplicity=Bounded[lower=0, upper=1]], TypedParameter[name=right, type=DATE, multiplicity=Bounded[lower=0, upper=1]]]; [TypedParameter[name=left, type=DATE, multiplicity=Bounded[lower=0, upper=1]], TypedParameter[name=right, type=DATE, multiplicity=Bounded[lower=1, upper=1]]]; [TypedParameter[name=left, type=DATE, multiplicity=Bounded[lower=1, upper=1]], TypedParameter[name=right, type=DATE, multiplicity=Bounded[lower=0, upper=1]]]; [TypedParameter[name=left, type=DATE, multiplicity=Bounded[lower=1, upper=1]], TypedParameter[name=right, type=DATE, multiplicity=Bounded[lower=1, upper=1]]]; [TypedParameter[name=left, type=NUMBER, multiplicity=Bounded[lower=0, upper=1]], TypedParameter[name=right, type=NUMBER, multiplicity=Bounded[lower=0, upper=1]]]; [TypedParameter[name=left, type=NUMBER, multiplicity=Bounded[lower=0, upper=1]], TypedParameter[name=right, type=NUMBER, multiplicity=Bounded[lower=1, upper=1]]]; [TypedParameter[name=left, type=NUMBER, multiplicity=Bounded[lower=1, upper=1]], TypedParameter[name=right, type=NUMBER, multiplicity=Bounded[lower=0, upper=1]]]; [TypedParameter[name=left, type=NUMBER, multiplicity=Bounded[lower=1, upper=1]], TypedParameter[name=right, type=NUMBER, multiplicity=Bounded[lower=1, upper=1]]]; [TypedParameter[name=left, type=STRING, multiplicity=Bounded[lower=0, upper=1]], TypedParameter[name=right, type=STRING, multiplicity=Bounded[lower=0, upper=1]]]; [TypedParameter[name=left, type=STRING, multiplicity=Bounded[lower=0, upper=1]], TypedParameter[name=right, type=STRING, multiplicity=Bounded[lower=1, upper=1]]]; [TypedParameter[name=left, type=STRING, multiplicity=Bounded[lower=1, upper=1]], TypedParameter[name=right, type=STRING, multiplicity=Bounded[lower=0, upper=1]]]; [TypedParameter[name=left, type=STRING, multiplicity=Bounded[lower=1, upper=1]], TypedParameter[name=right, type=STRING, multiplicity=Bounded[lower=1, upper=1]]]; [TypedParameter[name=left, type=BOOLEAN, multiplicity=Bounded[lower=0, upper=1]], TypedParameter[name=right, type=BOOLEAN, multiplicity=Bounded[lower=0, upper=1]]]	G-REJECT
cx.le.Float.DTime	cross	|1.0 <= %2024-03-15T10:30:45						G-ERR:TypeInferenceException: no overload of 'meta::pure::functions::boolean::lessThanEqual' structurally matches the argument types (ExprType[type=FLOAT, multiplicity=Bounded[lower=1, upper=1]], ExprType[type=DATE_TIME, multiplicity=Bounded[lower=1, upper=1]]); [TypedParameter[name=left, type=DATE, multiplicity=Bounded[lower=0, upper=1]], TypedParameter[name=right, type=DATE, multiplicity=Bounded[lower=0, upper=1]]]; [TypedParameter[name=left, type=DATE, multiplicity=Bounded[lower=0, upper=1]], TypedParameter[name=right, type=DATE, multiplicity=Bounded[lower=1, upper=1]]]; [TypedParameter[name=left, type=DATE, multiplicity=Bounded[lower=1, upper=1]], TypedParameter[name=right, type=DATE, multiplicity=Bounded[lower=0, upper=1]]]; [TypedParameter[name=left, type=DATE, multiplicity=Bounded[lower=1, upper=1]], TypedParameter[name=right, type=DATE, multiplicity=Bounded[lower=1, upper=1]]]; [TypedParameter[name=left, type=NUMBER, multiplicity=Bounded[lower=0, upper=1]], TypedParameter[name=right, type=NUMBER, multiplicity=Bounded[lower=0, upper=1]]]; [TypedParameter[name=left, type=NUMBER, multiplicity=Bounded[lower=0, upper=1]], TypedParameter[name=right, type=NUMBER, multiplicity=Bounded[lower=1, upper=1]]]; [TypedParameter[name=left, type=NUMBER, multiplicity=Bounded[lower=1, upper=1]], TypedParameter[name=right, type=NUMBER, multiplicity=Bounded[lower=0, upper=1]]]; [TypedParameter[name=left, type=NUMBER, multiplicity=Bounded[lower=1, upper=1]], TypedParameter[name=right, type=NUMBER, multiplicity=Bounded[lower=1, upper=1]]]; [TypedParameter[name=left, type=STRING, multiplicity=Bounded[lower=0, upper=1]], TypedParameter[name=right, type=STRING, multiplicity=Bounded[lower=0, upper=1]]]; [TypedParameter[name=left, type=STRING, multiplicity=Bounded[lower=0, upper=1]], TypedParameter[name=right, type=STRING, multiplicity=Bounded[lower=1, upper=1]]]; [TypedParameter[name=left, type=STRING, multiplicity=Bounded[lower=1, upper=1]], TypedParameter[name=right, type=STRING, multiplicity=Bounded[lower=0, upper=1]]]; [TypedParameter[name=left, type=STRING, multiplicity=Bounded[lower=1, upper=1]], TypedParameter[name=right, type=STRING, multiplicity=Bounded[lower=1, upper=1]]]; [TypedParameter[name=left, type=BOOLEAN, multiplicity=Bounded[lower=0, upper=1]], TypedParameter[name=right, type=BOOLEAN, multiplicity=Bounded[lower=0, upper=1]]]	G-REJECT
cx.ge.Float.DTime	cross	|1.0 >= %2024-03-15T10:30:45						G-ERR:TypeInferenceException: no overload of 'meta::pure::functions::boolean::greaterThanEqual' structurally matches the argument types (ExprType[type=FLOAT, multiplicity=Bounded[lower=1, upper=1]], ExprType[type=DATE_TIME, multiplicity=Bounded[lower=1, upper=1]]); [TypedParameter[name=left, type=DATE, multiplicity=Bounded[lower=0, upper=1]], TypedParameter[name=right, type=DATE, multiplicity=Bounded[lower=0, upper=1]]]; [TypedParameter[name=left, type=DATE, multiplicity=Bounded[lower=0, upper=1]], TypedParameter[name=right, type=DATE, multiplicity=Bounded[lower=1, upper=1]]]; [TypedParameter[name=left, type=DATE, multiplicity=Bounded[lower=1, upper=1]], TypedParameter[name=right, type=DATE, multiplicity=Bounded[lower=0, upper=1]]]; [TypedParameter[name=left, type=DATE, multiplicity=Bounded[lower=1, upper=1]], TypedParameter[name=right, type=DATE, multiplicity=Bounded[lower=1, upper=1]]]; [TypedParameter[name=left, type=NUMBER, multiplicity=Bounded[lower=0, upper=1]], TypedParameter[name=right, type=NUMBER, multiplicity=Bounded[lower=0, upper=1]]]; [TypedParameter[name=left, type=NUMBER, multiplicity=Bounded[lower=0, upper=1]], TypedParameter[name=right, type=NUMBER, multiplicity=Bounded[lower=1, upper=1]]]; [TypedParameter[name=left, type=NUMBER, multiplicity=Bounded[lower=1, upper=1]], TypedParameter[name=right, type=NUMBER, multiplicity=Bounded[lower=0, upper=1]]]; [TypedParameter[name=left, type=NUMBER, multiplicity=Bounded[lower=1, upper=1]], TypedParameter[name=right, type=NUMBER, multiplicity=Bounded[lower=1, upper=1]]]; [TypedParameter[name=left, type=STRING, multiplicity=Bounded[lower=0, upper=1]], TypedParameter[name=right, type=STRING, multiplicity=Bounded[lower=0, upper=1]]]; [TypedParameter[name=left, type=STRING, multiplicity=Bounded[lower=0, upper=1]], TypedParameter[name=right, type=STRING, multiplicity=Bounded[lower=1, upper=1]]]; [TypedParameter[name=left, type=STRING, multiplicity=Bounded[lower=1, upper=1]], TypedParameter[name=right, type=STRING, multiplicity=Bounded[lower=0, upper=1]]]; [TypedParameter[name=left, type=STRING, multiplicity=Bounded[lower=1, upper=1]], TypedParameter[name=right, type=STRING, multiplicity=Bounded[lower=1, upper=1]]]; [TypedParameter[name=left, type=BOOLEAN, multiplicity=Bounded[lower=0, upper=1]], TypedParameter[name=right, type=BOOLEAN, multiplicity=Bounded[lower=0, upper=1]]]	G-REJECT
cx.eq.Float.Bool	cross	|1.0 == true	Boolean	[1]	SELECT CAST(1.0 AS DOUBLE) = TRUE AS value	Boolean	true	OK	OK
cx.ne.Float.Bool	cross	|1.0 != true	Boolean	[1]	SELECT CAST(1.0 AS DOUBLE) <> TRUE AS value	Boolean	false	OK	OK
cx.lt.Float.Bool	cross	|1.0 < true						G-ERR:TypeInferenceException: no overload of 'meta::pure::functions::boolean::lessThan' structurally matches the argument types (ExprType[type=FLOAT, multiplicity=Bounded[lower=1, upper=1]], ExprType[type=BOOLEAN, multiplicity=Bounded[lower=1, upper=1]]); [TypedParameter[name=left, type=DATE, multiplicity=Bounded[lower=0, upper=1]], TypedParameter[name=right, type=DATE, multiplicity=Bounded[lower=0, upper=1]]]; [TypedParameter[name=left, type=BOOLEAN, multiplicity=Bounded[lower=0, upper=1]], TypedParameter[name=right, type=BOOLEAN, multiplicity=Bounded[lower=0, upper=1]]]; [TypedParameter[name=left, type=DATE, multiplicity=Bounded[lower=0, upper=1]], TypedParameter[name=right, type=DATE, multiplicity=Bounded[lower=1, upper=1]]]; [TypedParameter[name=left, type=DATE, multiplicity=Bounded[lower=1, upper=1]], TypedParameter[name=right, type=DATE, multiplicity=Bounded[lower=0, upper=1]]]; [TypedParameter[name=left, type=DATE, multiplicity=Bounded[lower=1, upper=1]], TypedParameter[name=right, type=DATE, multiplicity=Bounded[lower=1, upper=1]]]; [TypedParameter[name=left, type=NUMBER, multiplicity=Bounded[lower=0, upper=1]], TypedParameter[name=right, type=NUMBER, multiplicity=Bounded[lower=0, upper=1]]]; [TypedParameter[name=left, type=NUMBER, multiplicity=Bounded[lower=0, upper=1]], TypedParameter[name=right, type=NUMBER, multiplicity=Bounded[lower=1, upper=1]]]; [TypedParameter[name=left, type=NUMBER, multiplicity=Bounded[lower=1, upper=1]], TypedParameter[name=right, type=NUMBER, multiplicity=Bounded[lower=0, upper=1]]]; [TypedParameter[name=left, type=NUMBER, multiplicity=Bounded[lower=1, upper=1]], TypedParameter[name=right, type=NUMBER, multiplicity=Bounded[lower=1, upper=1]]]; [TypedParameter[name=left, type=STRING, multiplicity=Bounded[lower=0, upper=1]], TypedParameter[name=right, type=STRING, multiplicity=Bounded[lower=0, upper=1]]]; [TypedParameter[name=left, type=STRING, multiplicity=Bounded[lower=0, upper=1]], TypedParameter[name=right, type=STRING, multiplicity=Bounded[lower=1, upper=1]]]; [TypedParameter[name=left, type=STRING, multiplicity=Bounded[lower=1, upper=1]], TypedParameter[name=right, type=STRING, multiplicity=Bounded[lower=0, upper=1]]]; [TypedParameter[name=left, type=STRING, multiplicity=Bounded[lower=1, upper=1]], TypedParameter[name=right, type=STRING, multiplicity=Bounded[lower=1, upper=1]]]	G-REJECT
cx.gt.Float.Bool	cross	|1.0 > true						G-ERR:TypeInferenceException: no overload of 'meta::pure::functions::boolean::greaterThan' structurally matches the argument types (ExprType[type=FLOAT, multiplicity=Bounded[lower=1, upper=1]], ExprType[type=BOOLEAN, multiplicity=Bounded[lower=1, upper=1]]); [TypedParameter[name=left, type=DATE, multiplicity=Bounded[lower=0, upper=1]], TypedParameter[name=right, type=DATE, multiplicity=Bounded[lower=0, upper=1]]]; [TypedParameter[name=left, type=DATE, multiplicity=Bounded[lower=0, upper=1]], TypedParameter[name=right, type=DATE, multiplicity=Bounded[lower=1, upper=1]]]; [TypedParameter[name=left, type=DATE, multiplicity=Bounded[lower=1, upper=1]], TypedParameter[name=right, type=DATE, multiplicity=Bounded[lower=0, upper=1]]]; [TypedParameter[name=left, type=DATE, multiplicity=Bounded[lower=1, upper=1]], TypedParameter[name=right, type=DATE, multiplicity=Bounded[lower=1, upper=1]]]; [TypedParameter[name=left, type=NUMBER, multiplicity=Bounded[lower=0, upper=1]], TypedParameter[name=right, type=NUMBER, multiplicity=Bounded[lower=0, upper=1]]]; [TypedParameter[name=left, type=NUMBER, multiplicity=Bounded[lower=0, upper=1]], TypedParameter[name=right, type=NUMBER, multiplicity=Bounded[lower=1, upper=1]]]; [TypedParameter[name=left, type=NUMBER, multiplicity=Bounded[lower=1, upper=1]], TypedParameter[name=right, type=NUMBER, multiplicity=Bounded[lower=0, upper=1]]]; [TypedParameter[name=left, type=NUMBER, multiplicity=Bounded[lower=1, upper=1]], TypedParameter[name=right, type=NUMBER, multiplicity=Bounded[lower=1, upper=1]]]; [TypedParameter[name=left, type=STRING, multiplicity=Bounded[lower=0, upper=1]], TypedParameter[name=right, type=STRING, multiplicity=Bounded[lower=0, upper=1]]]; [TypedParameter[name=left, type=STRING, multiplicity=Bounded[lower=0, upper=1]], TypedParameter[name=right, type=STRING, multiplicity=Bounded[lower=1, upper=1]]]; [TypedParameter[name=left, type=STRING, multiplicity=Bounded[lower=1, upper=1]], TypedParameter[name=right, type=STRING, multiplicity=Bounded[lower=0, upper=1]]]; [TypedParameter[name=left, type=STRING, multiplicity=Bounded[lower=1, upper=1]], TypedParameter[name=right, type=STRING, multiplicity=Bounded[lower=1, upper=1]]]; [TypedParameter[name=left, type=BOOLEAN, multiplicity=Bounded[lower=0, upper=1]], TypedParameter[name=right, type=BOOLEAN, multiplicity=Bounded[lower=0, upper=1]]]	G-REJECT
cx.le.Float.Bool	cross	|1.0 <= true						G-ERR:TypeInferenceException: no overload of 'meta::pure::functions::boolean::lessThanEqual' structurally matches the argument types (ExprType[type=FLOAT, multiplicity=Bounded[lower=1, upper=1]], ExprType[type=BOOLEAN, multiplicity=Bounded[lower=1, upper=1]]); [TypedParameter[name=left, type=DATE, multiplicity=Bounded[lower=0, upper=1]], TypedParameter[name=right, type=DATE, multiplicity=Bounded[lower=0, upper=1]]]; [TypedParameter[name=left, type=DATE, multiplicity=Bounded[lower=0, upper=1]], TypedParameter[name=right, type=DATE, multiplicity=Bounded[lower=1, upper=1]]]; [TypedParameter[name=left, type=DATE, multiplicity=Bounded[lower=1, upper=1]], TypedParameter[name=right, type=DATE, multiplicity=Bounded[lower=0, upper=1]]]; [TypedParameter[name=left, type=DATE, multiplicity=Bounded[lower=1, upper=1]], TypedParameter[name=right, type=DATE, multiplicity=Bounded[lower=1, upper=1]]]; [TypedParameter[name=left, type=NUMBER, multiplicity=Bounded[lower=0, upper=1]], TypedParameter[name=right, type=NUMBER, multiplicity=Bounded[lower=0, upper=1]]]; [TypedParameter[name=left, type=NUMBER, multiplicity=Bounded[lower=0, upper=1]], TypedParameter[name=right, type=NUMBER, multiplicity=Bounded[lower=1, upper=1]]]; [TypedParameter[name=left, type=NUMBER, multiplicity=Bounded[lower=1, upper=1]], TypedParameter[name=right, type=NUMBER, multiplicity=Bounded[lower=0, upper=1]]]; [TypedParameter[name=left, type=NUMBER, multiplicity=Bounded[lower=1, upper=1]], TypedParameter[name=right, type=NUMBER, multiplicity=Bounded[lower=1, upper=1]]]; [TypedParameter[name=left, type=STRING, multiplicity=Bounded[lower=0, upper=1]], TypedParameter[name=right, type=STRING, multiplicity=Bounded[lower=0, upper=1]]]; [TypedParameter[name=left, type=STRING, multiplicity=Bounded[lower=0, upper=1]], TypedParameter[name=right, type=STRING, multiplicity=Bounded[lower=1, upper=1]]]; [TypedParameter[name=left, type=STRING, multiplicity=Bounded[lower=1, upper=1]], TypedParameter[name=right, type=STRING, multiplicity=Bounded[lower=0, upper=1]]]; [TypedParameter[name=left, type=STRING, multiplicity=Bounded[lower=1, upper=1]], TypedParameter[name=right, type=STRING, multiplicity=Bounded[lower=1, upper=1]]]; [TypedParameter[name=left, type=BOOLEAN, multiplicity=Bounded[lower=0, upper=1]], TypedParameter[name=right, type=BOOLEAN, multiplicity=Bounded[lower=0, upper=1]]]	G-REJECT
cx.ge.Float.Bool	cross	|1.0 >= true						G-ERR:TypeInferenceException: no overload of 'meta::pure::functions::boolean::greaterThanEqual' structurally matches the argument types (ExprType[type=FLOAT, multiplicity=Bounded[lower=1, upper=1]], ExprType[type=BOOLEAN, multiplicity=Bounded[lower=1, upper=1]]); [TypedParameter[name=left, type=DATE, multiplicity=Bounded[lower=0, upper=1]], TypedParameter[name=right, type=DATE, multiplicity=Bounded[lower=0, upper=1]]]; [TypedParameter[name=left, type=DATE, multiplicity=Bounded[lower=0, upper=1]], TypedParameter[name=right, type=DATE, multiplicity=Bounded[lower=1, upper=1]]]; [TypedParameter[name=left, type=DATE, multiplicity=Bounded[lower=1, upper=1]], TypedParameter[name=right, type=DATE, multiplicity=Bounded[lower=0, upper=1]]]; [TypedParameter[name=left, type=DATE, multiplicity=Bounded[lower=1, upper=1]], TypedParameter[name=right, type=DATE, multiplicity=Bounded[lower=1, upper=1]]]; [TypedParameter[name=left, type=NUMBER, multiplicity=Bounded[lower=0, upper=1]], TypedParameter[name=right, type=NUMBER, multiplicity=Bounded[lower=0, upper=1]]]; [TypedParameter[name=left, type=NUMBER, multiplicity=Bounded[lower=0, upper=1]], TypedParameter[name=right, type=NUMBER, multiplicity=Bounded[lower=1, upper=1]]]; [TypedParameter[name=left, type=NUMBER, multiplicity=Bounded[lower=1, upper=1]], TypedParameter[name=right, type=NUMBER, multiplicity=Bounded[lower=0, upper=1]]]; [TypedParameter[name=left, type=NUMBER, multiplicity=Bounded[lower=1, upper=1]], TypedParameter[name=right, type=NUMBER, multiplicity=Bounded[lower=1, upper=1]]]; [TypedParameter[name=left, type=STRING, multiplicity=Bounded[lower=0, upper=1]], TypedParameter[name=right, type=STRING, multiplicity=Bounded[lower=0, upper=1]]]; [TypedParameter[name=left, type=STRING, multiplicity=Bounded[lower=0, upper=1]], TypedParameter[name=right, type=STRING, multiplicity=Bounded[lower=1, upper=1]]]; [TypedParameter[name=left, type=STRING, multiplicity=Bounded[lower=1, upper=1]], TypedParameter[name=right, type=STRING, multiplicity=Bounded[lower=0, upper=1]]]; [TypedParameter[name=left, type=STRING, multiplicity=Bounded[lower=1, upper=1]], TypedParameter[name=right, type=STRING, multiplicity=Bounded[lower=1, upper=1]]]; [TypedParameter[name=left, type=BOOLEAN, multiplicity=Bounded[lower=0, upper=1]], TypedParameter[name=right, type=BOOLEAN, multiplicity=Bounded[lower=0, upper=1]]]	G-REJECT
cx.eq.Float.Enum	cross	|1.0 == t::Color.RED	Boolean	[1]	SELECT FALSE AS value	Boolean	false	OK	OK
cx.ne.Float.Enum	cross	|1.0 != t::Color.RED	Boolean	[1]	SELECT NOT FALSE AS value	Boolean	true	OK	OK
cx.lt.Float.Enum	cross	|1.0 < t::Color.RED						G-ERR:TypeInferenceException: no overload of 'meta::pure::functions::boolean::lessThan' structurally matches the argument types (ExprType[type=FLOAT, multiplicity=Bounded[lower=1, upper=1]], ExprType[type=EnumType[fqn=t::Color], multiplicity=Bounded[lower=1, upper=1]]); [TypedParameter[name=left, type=DATE, multiplicity=Bounded[lower=0, upper=1]], TypedParameter[name=right, type=DATE, multiplicity=Bounded[lower=0, upper=1]]]; [TypedParameter[name=left, type=BOOLEAN, multiplicity=Bounded[lower=0, upper=1]], TypedParameter[name=right, type=BOOLEAN, multiplicity=Bounded[lower=0, upper=1]]]; [TypedParameter[name=left, type=DATE, multiplicity=Bounded[lower=0, upper=1]], TypedParameter[name=right, type=DATE, multiplicity=Bounded[lower=1, upper=1]]]; [TypedParameter[name=left, type=DATE, multiplicity=Bounded[lower=1, upper=1]], TypedParameter[name=right, type=DATE, multiplicity=Bounded[lower=0, upper=1]]]; [TypedParameter[name=left, type=DATE, multiplicity=Bounded[lower=1, upper=1]], TypedParameter[name=right, type=DATE, multiplicity=Bounded[lower=1, upper=1]]]; [TypedParameter[name=left, type=NUMBER, multiplicity=Bounded[lower=0, upper=1]], TypedParameter[name=right, type=NUMBER, multiplicity=Bounded[lower=0, upper=1]]]; [TypedParameter[name=left, type=NUMBER, multiplicity=Bounded[lower=0, upper=1]], TypedParameter[name=right, type=NUMBER, multiplicity=Bounded[lower=1, upper=1]]]; [TypedParameter[name=left, type=NUMBER, multiplicity=Bounded[lower=1, upper=1]], TypedParameter[name=right, type=NUMBER, multiplicity=Bounded[lower=0, upper=1]]]; [TypedParameter[name=left, type=NUMBER, multiplicity=Bounded[lower=1, upper=1]], TypedParameter[name=right, type=NUMBER, multiplicity=Bounded[lower=1, upper=1]]]; [TypedParameter[name=left, type=STRING, multiplicity=Bounded[lower=0, upper=1]], TypedParameter[name=right, type=STRING, multiplicity=Bounded[lower=0, upper=1]]]; [TypedParameter[name=left, type=STRING, multiplicity=Bounded[lower=0, upper=1]], TypedParameter[name=right, type=STRING, multiplicity=Bounded[lower=1, upper=1]]]; [TypedParameter[name=left, type=STRING, multiplicity=Bounded[lower=1, upper=1]], TypedParameter[name=right, type=STRING, multiplicity=Bounded[lower=0, upper=1]]]; [TypedParameter[name=left, type=STRING, multiplicity=Bounded[lower=1, upper=1]], TypedParameter[name=right, type=STRING, multiplicity=Bounded[lower=1, upper=1]]]	G-REJECT
cx.gt.Float.Enum	cross	|1.0 > t::Color.RED						G-ERR:TypeInferenceException: no overload of 'meta::pure::functions::boolean::greaterThan' structurally matches the argument types (ExprType[type=FLOAT, multiplicity=Bounded[lower=1, upper=1]], ExprType[type=EnumType[fqn=t::Color], multiplicity=Bounded[lower=1, upper=1]]); [TypedParameter[name=left, type=DATE, multiplicity=Bounded[lower=0, upper=1]], TypedParameter[name=right, type=DATE, multiplicity=Bounded[lower=0, upper=1]]]; [TypedParameter[name=left, type=DATE, multiplicity=Bounded[lower=0, upper=1]], TypedParameter[name=right, type=DATE, multiplicity=Bounded[lower=1, upper=1]]]; [TypedParameter[name=left, type=DATE, multiplicity=Bounded[lower=1, upper=1]], TypedParameter[name=right, type=DATE, multiplicity=Bounded[lower=0, upper=1]]]; [TypedParameter[name=left, type=DATE, multiplicity=Bounded[lower=1, upper=1]], TypedParameter[name=right, type=DATE, multiplicity=Bounded[lower=1, upper=1]]]; [TypedParameter[name=left, type=NUMBER, multiplicity=Bounded[lower=0, upper=1]], TypedParameter[name=right, type=NUMBER, multiplicity=Bounded[lower=0, upper=1]]]; [TypedParameter[name=left, type=NUMBER, multiplicity=Bounded[lower=0, upper=1]], TypedParameter[name=right, type=NUMBER, multiplicity=Bounded[lower=1, upper=1]]]; [TypedParameter[name=left, type=NUMBER, multiplicity=Bounded[lower=1, upper=1]], TypedParameter[name=right, type=NUMBER, multiplicity=Bounded[lower=0, upper=1]]]; [TypedParameter[name=left, type=NUMBER, multiplicity=Bounded[lower=1, upper=1]], TypedParameter[name=right, type=NUMBER, multiplicity=Bounded[lower=1, upper=1]]]; [TypedParameter[name=left, type=STRING, multiplicity=Bounded[lower=0, upper=1]], TypedParameter[name=right, type=STRING, multiplicity=Bounded[lower=0, upper=1]]]; [TypedParameter[name=left, type=STRING, multiplicity=Bounded[lower=0, upper=1]], TypedParameter[name=right, type=STRING, multiplicity=Bounded[lower=1, upper=1]]]; [TypedParameter[name=left, type=STRING, multiplicity=Bounded[lower=1, upper=1]], TypedParameter[name=right, type=STRING, multiplicity=Bounded[lower=0, upper=1]]]; [TypedParameter[name=left, type=STRING, multiplicity=Bounded[lower=1, upper=1]], TypedParameter[name=right, type=STRING, multiplicity=Bounded[lower=1, upper=1]]]; [TypedParameter[name=left, type=BOOLEAN, multiplicity=Bounded[lower=0, upper=1]], TypedParameter[name=right, type=BOOLEAN, multiplicity=Bounded[lower=0, upper=1]]]	G-REJECT
cx.le.Float.Enum	cross	|1.0 <= t::Color.RED						G-ERR:TypeInferenceException: no overload of 'meta::pure::functions::boolean::lessThanEqual' structurally matches the argument types (ExprType[type=FLOAT, multiplicity=Bounded[lower=1, upper=1]], ExprType[type=EnumType[fqn=t::Color], multiplicity=Bounded[lower=1, upper=1]]); [TypedParameter[name=left, type=DATE, multiplicity=Bounded[lower=0, upper=1]], TypedParameter[name=right, type=DATE, multiplicity=Bounded[lower=0, upper=1]]]; [TypedParameter[name=left, type=DATE, multiplicity=Bounded[lower=0, upper=1]], TypedParameter[name=right, type=DATE, multiplicity=Bounded[lower=1, upper=1]]]; [TypedParameter[name=left, type=DATE, multiplicity=Bounded[lower=1, upper=1]], TypedParameter[name=right, type=DATE, multiplicity=Bounded[lower=0, upper=1]]]; [TypedParameter[name=left, type=DATE, multiplicity=Bounded[lower=1, upper=1]], TypedParameter[name=right, type=DATE, multiplicity=Bounded[lower=1, upper=1]]]; [TypedParameter[name=left, type=NUMBER, multiplicity=Bounded[lower=0, upper=1]], TypedParameter[name=right, type=NUMBER, multiplicity=Bounded[lower=0, upper=1]]]; [TypedParameter[name=left, type=NUMBER, multiplicity=Bounded[lower=0, upper=1]], TypedParameter[name=right, type=NUMBER, multiplicity=Bounded[lower=1, upper=1]]]; [TypedParameter[name=left, type=NUMBER, multiplicity=Bounded[lower=1, upper=1]], TypedParameter[name=right, type=NUMBER, multiplicity=Bounded[lower=0, upper=1]]]; [TypedParameter[name=left, type=NUMBER, multiplicity=Bounded[lower=1, upper=1]], TypedParameter[name=right, type=NUMBER, multiplicity=Bounded[lower=1, upper=1]]]; [TypedParameter[name=left, type=STRING, multiplicity=Bounded[lower=0, upper=1]], TypedParameter[name=right, type=STRING, multiplicity=Bounded[lower=0, upper=1]]]; [TypedParameter[name=left, type=STRING, multiplicity=Bounded[lower=0, upper=1]], TypedParameter[name=right, type=STRING, multiplicity=Bounded[lower=1, upper=1]]]; [TypedParameter[name=left, type=STRING, multiplicity=Bounded[lower=1, upper=1]], TypedParameter[name=right, type=STRING, multiplicity=Bounded[lower=0, upper=1]]]; [TypedParameter[name=left, type=STRING, multiplicity=Bounded[lower=1, upper=1]], TypedParameter[name=right, type=STRING, multiplicity=Bounded[lower=1, upper=1]]]; [TypedParameter[name=left, type=BOOLEAN, multiplicity=Bounded[lower=0, upper=1]], TypedParameter[name=right, type=BOOLEAN, multiplicity=Bounded[lower=0, upper=1]]]	G-REJECT
cx.ge.Float.Enum	cross	|1.0 >= t::Color.RED						G-ERR:TypeInferenceException: no overload of 'meta::pure::functions::boolean::greaterThanEqual' structurally matches the argument types (ExprType[type=FLOAT, multiplicity=Bounded[lower=1, upper=1]], ExprType[type=EnumType[fqn=t::Color], multiplicity=Bounded[lower=1, upper=1]]); [TypedParameter[name=left, type=DATE, multiplicity=Bounded[lower=0, upper=1]], TypedParameter[name=right, type=DATE, multiplicity=Bounded[lower=0, upper=1]]]; [TypedParameter[name=left, type=DATE, multiplicity=Bounded[lower=0, upper=1]], TypedParameter[name=right, type=DATE, multiplicity=Bounded[lower=1, upper=1]]]; [TypedParameter[name=left, type=DATE, multiplicity=Bounded[lower=1, upper=1]], TypedParameter[name=right, type=DATE, multiplicity=Bounded[lower=0, upper=1]]]; [TypedParameter[name=left, type=DATE, multiplicity=Bounded[lower=1, upper=1]], TypedParameter[name=right, type=DATE, multiplicity=Bounded[lower=1, upper=1]]]; [TypedParameter[name=left, type=NUMBER, multiplicity=Bounded[lower=0, upper=1]], TypedParameter[name=right, type=NUMBER, multiplicity=Bounded[lower=0, upper=1]]]; [TypedParameter[name=left, type=NUMBER, multiplicity=Bounded[lower=0, upper=1]], TypedParameter[name=right, type=NUMBER, multiplicity=Bounded[lower=1, upper=1]]]; [TypedParameter[name=left, type=NUMBER, multiplicity=Bounded[lower=1, upper=1]], TypedParameter[name=right, type=NUMBER, multiplicity=Bounded[lower=0, upper=1]]]; [TypedParameter[name=left, type=NUMBER, multiplicity=Bounded[lower=1, upper=1]], TypedParameter[name=right, type=NUMBER, multiplicity=Bounded[lower=1, upper=1]]]; [TypedParameter[name=left, type=STRING, multiplicity=Bounded[lower=0, upper=1]], TypedParameter[name=right, type=STRING, multiplicity=Bounded[lower=0, upper=1]]]; [TypedParameter[name=left, type=STRING, multiplicity=Bounded[lower=0, upper=1]], TypedParameter[name=right, type=STRING, multiplicity=Bounded[lower=1, upper=1]]]; [TypedParameter[name=left, type=STRING, multiplicity=Bounded[lower=1, upper=1]], TypedParameter[name=right, type=STRING, multiplicity=Bounded[lower=0, upper=1]]]; [TypedParameter[name=left, type=STRING, multiplicity=Bounded[lower=1, upper=1]], TypedParameter[name=right, type=STRING, multiplicity=Bounded[lower=1, upper=1]]]; [TypedParameter[name=left, type=BOOLEAN, multiplicity=Bounded[lower=0, upper=1]], TypedParameter[name=right, type=BOOLEAN, multiplicity=Bounded[lower=0, upper=1]]]	G-REJECT
cx.eq.Dec.Int	cross	|1.0d == 1	Boolean	[1]	SELECT 1.0 = 1 AS value	Boolean	true	OK	OK
cx.ne.Dec.Int	cross	|1.0d != 1	Boolean	[1]	SELECT 1.0 <> 1 AS value	Boolean	false	OK	OK
cx.lt.Dec.Int	cross	|1.0d < 1	Boolean	[1]	SELECT 1.0 < 1 AS value	Boolean	false	OK	OK
cx.gt.Dec.Int	cross	|1.0d > 1	Boolean	[1]	SELECT 1.0 > 1 AS value	Boolean	false	OK	OK
cx.le.Dec.Int	cross	|1.0d <= 1	Boolean	[1]	SELECT 1.0 <= 1 AS value	Boolean	true	OK	OK
cx.ge.Dec.Int	cross	|1.0d >= 1	Boolean	[1]	SELECT 1.0 >= 1 AS value	Boolean	true	OK	OK
cx.eq.Dec.Float	cross	|1.0d == 1.0	Boolean	[1]	SELECT 1.0 = CAST(1.0 AS DOUBLE) AS value	Boolean	true	OK	OK
cx.ne.Dec.Float	cross	|1.0d != 1.0	Boolean	[1]	SELECT 1.0 <> CAST(1.0 AS DOUBLE) AS value	Boolean	false	OK	OK
cx.lt.Dec.Float	cross	|1.0d < 1.0	Boolean	[1]	SELECT 1.0 < CAST(1.0 AS DOUBLE) AS value	Boolean	false	OK	OK
cx.gt.Dec.Float	cross	|1.0d > 1.0	Boolean	[1]	SELECT 1.0 > CAST(1.0 AS DOUBLE) AS value	Boolean	false	OK	OK
cx.le.Dec.Float	cross	|1.0d <= 1.0	Boolean	[1]	SELECT 1.0 <= CAST(1.0 AS DOUBLE) AS value	Boolean	true	OK	OK
cx.ge.Dec.Float	cross	|1.0d >= 1.0	Boolean	[1]	SELECT 1.0 >= CAST(1.0 AS DOUBLE) AS value	Boolean	true	OK	OK
cx.eq.Dec.Dec	cross	|1.0d == 1.0d	Boolean	[1]	SELECT 1.0 = 1.0 AS value	Boolean	true	OK	OK
cx.ne.Dec.Dec	cross	|1.0d != 1.0d	Boolean	[1]	SELECT 1.0 <> 1.0 AS value	Boolean	false	OK	OK
cx.lt.Dec.Dec	cross	|1.0d < 1.0d	Boolean	[1]	SELECT 1.0 < 1.0 AS value	Boolean	false	OK	OK
cx.gt.Dec.Dec	cross	|1.0d > 1.0d	Boolean	[1]	SELECT 1.0 > 1.0 AS value	Boolean	false	OK	OK
cx.le.Dec.Dec	cross	|1.0d <= 1.0d	Boolean	[1]	SELECT 1.0 <= 1.0 AS value	Boolean	true	OK	OK
cx.ge.Dec.Dec	cross	|1.0d >= 1.0d	Boolean	[1]	SELECT 1.0 >= 1.0 AS value	Boolean	true	OK	OK
cx.eq.Dec.Str	cross	|1.0d == '1'	Boolean	[1]	SELECT 1.0 = '1' AS value	Boolean	true	OK	OK
cx.ne.Dec.Str	cross	|1.0d != '1'	Boolean	[1]	SELECT 1.0 <> '1' AS value	Boolean	false	OK	OK
cx.lt.Dec.Str	cross	|1.0d < '1'						G-ERR:TypeInferenceException: no overload of 'meta::pure::functions::boolean::lessThan' structurally matches the argument types (ExprType[type=PrecisionDecimal[precision=38, scale=1], multiplicity=Bounded[lower=1, upper=1]], ExprType[type=STRING, multiplicity=Bounded[lower=1, upper=1]]); [TypedParameter[name=left, type=DATE, multiplicity=Bounded[lower=0, upper=1]], TypedParameter[name=right, type=DATE, multiplicity=Bounded[lower=0, upper=1]]]; [TypedParameter[name=left, type=BOOLEAN, multiplicity=Bounded[lower=0, upper=1]], TypedParameter[name=right, type=BOOLEAN, multiplicity=Bounded[lower=0, upper=1]]]; [TypedParameter[name=left, type=DATE, multiplicity=Bounded[lower=0, upper=1]], TypedParameter[name=right, type=DATE, multiplicity=Bounded[lower=1, upper=1]]]; [TypedParameter[name=left, type=DATE, multiplicity=Bounded[lower=1, upper=1]], TypedParameter[name=right, type=DATE, multiplicity=Bounded[lower=0, upper=1]]]; [TypedParameter[name=left, type=DATE, multiplicity=Bounded[lower=1, upper=1]], TypedParameter[name=right, type=DATE, multiplicity=Bounded[lower=1, upper=1]]]; [TypedParameter[name=left, type=NUMBER, multiplicity=Bounded[lower=0, upper=1]], TypedParameter[name=right, type=NUMBER, multiplicity=Bounded[lower=0, upper=1]]]; [TypedParameter[name=left, type=NUMBER, multiplicity=Bounded[lower=0, upper=1]], TypedParameter[name=right, type=NUMBER, multiplicity=Bounded[lower=1, upper=1]]]; [TypedParameter[name=left, type=NUMBER, multiplicity=Bounded[lower=1, upper=1]], TypedParameter[name=right, type=NUMBER, multiplicity=Bounded[lower=0, upper=1]]]; [TypedParameter[name=left, type=NUMBER, multiplicity=Bounded[lower=1, upper=1]], TypedParameter[name=right, type=NUMBER, multiplicity=Bounded[lower=1, upper=1]]]; [TypedParameter[name=left, type=STRING, multiplicity=Bounded[lower=0, upper=1]], TypedParameter[name=right, type=STRING, multiplicity=Bounded[lower=0, upper=1]]]; [TypedParameter[name=left, type=STRING, multiplicity=Bounded[lower=0, upper=1]], TypedParameter[name=right, type=STRING, multiplicity=Bounded[lower=1, upper=1]]]; [TypedParameter[name=left, type=STRING, multiplicity=Bounded[lower=1, upper=1]], TypedParameter[name=right, type=STRING, multiplicity=Bounded[lower=0, upper=1]]]; [TypedParameter[name=left, type=STRING, multiplicity=Bounded[lower=1, upper=1]], TypedParameter[name=right, type=STRING, multiplicity=Bounded[lower=1, upper=1]]]	G-REJECT
cx.gt.Dec.Str	cross	|1.0d > '1'						G-ERR:TypeInferenceException: no overload of 'meta::pure::functions::boolean::greaterThan' structurally matches the argument types (ExprType[type=PrecisionDecimal[precision=38, scale=1], multiplicity=Bounded[lower=1, upper=1]], ExprType[type=STRING, multiplicity=Bounded[lower=1, upper=1]]); [TypedParameter[name=left, type=DATE, multiplicity=Bounded[lower=0, upper=1]], TypedParameter[name=right, type=DATE, multiplicity=Bounded[lower=0, upper=1]]]; [TypedParameter[name=left, type=DATE, multiplicity=Bounded[lower=0, upper=1]], TypedParameter[name=right, type=DATE, multiplicity=Bounded[lower=1, upper=1]]]; [TypedParameter[name=left, type=DATE, multiplicity=Bounded[lower=1, upper=1]], TypedParameter[name=right, type=DATE, multiplicity=Bounded[lower=0, upper=1]]]; [TypedParameter[name=left, type=DATE, multiplicity=Bounded[lower=1, upper=1]], TypedParameter[name=right, type=DATE, multiplicity=Bounded[lower=1, upper=1]]]; [TypedParameter[name=left, type=NUMBER, multiplicity=Bounded[lower=0, upper=1]], TypedParameter[name=right, type=NUMBER, multiplicity=Bounded[lower=0, upper=1]]]; [TypedParameter[name=left, type=NUMBER, multiplicity=Bounded[lower=0, upper=1]], TypedParameter[name=right, type=NUMBER, multiplicity=Bounded[lower=1, upper=1]]]; [TypedParameter[name=left, type=NUMBER, multiplicity=Bounded[lower=1, upper=1]], TypedParameter[name=right, type=NUMBER, multiplicity=Bounded[lower=0, upper=1]]]; [TypedParameter[name=left, type=NUMBER, multiplicity=Bounded[lower=1, upper=1]], TypedParameter[name=right, type=NUMBER, multiplicity=Bounded[lower=1, upper=1]]]; [TypedParameter[name=left, type=STRING, multiplicity=Bounded[lower=0, upper=1]], TypedParameter[name=right, type=STRING, multiplicity=Bounded[lower=0, upper=1]]]; [TypedParameter[name=left, type=STRING, multiplicity=Bounded[lower=0, upper=1]], TypedParameter[name=right, type=STRING, multiplicity=Bounded[lower=1, upper=1]]]; [TypedParameter[name=left, type=STRING, multiplicity=Bounded[lower=1, upper=1]], TypedParameter[name=right, type=STRING, multiplicity=Bounded[lower=0, upper=1]]]; [TypedParameter[name=left, type=STRING, multiplicity=Bounded[lower=1, upper=1]], TypedParameter[name=right, type=STRING, multiplicity=Bounded[lower=1, upper=1]]]; [TypedParameter[name=left, type=BOOLEAN, multiplicity=Bounded[lower=0, upper=1]], TypedParameter[name=right, type=BOOLEAN, multiplicity=Bounded[lower=0, upper=1]]]	G-REJECT
cx.le.Dec.Str	cross	|1.0d <= '1'						G-ERR:TypeInferenceException: no overload of 'meta::pure::functions::boolean::lessThanEqual' structurally matches the argument types (ExprType[type=PrecisionDecimal[precision=38, scale=1], multiplicity=Bounded[lower=1, upper=1]], ExprType[type=STRING, multiplicity=Bounded[lower=1, upper=1]]); [TypedParameter[name=left, type=DATE, multiplicity=Bounded[lower=0, upper=1]], TypedParameter[name=right, type=DATE, multiplicity=Bounded[lower=0, upper=1]]]; [TypedParameter[name=left, type=DATE, multiplicity=Bounded[lower=0, upper=1]], TypedParameter[name=right, type=DATE, multiplicity=Bounded[lower=1, upper=1]]]; [TypedParameter[name=left, type=DATE, multiplicity=Bounded[lower=1, upper=1]], TypedParameter[name=right, type=DATE, multiplicity=Bounded[lower=0, upper=1]]]; [TypedParameter[name=left, type=DATE, multiplicity=Bounded[lower=1, upper=1]], TypedParameter[name=right, type=DATE, multiplicity=Bounded[lower=1, upper=1]]]; [TypedParameter[name=left, type=NUMBER, multiplicity=Bounded[lower=0, upper=1]], TypedParameter[name=right, type=NUMBER, multiplicity=Bounded[lower=0, upper=1]]]; [TypedParameter[name=left, type=NUMBER, multiplicity=Bounded[lower=0, upper=1]], TypedParameter[name=right, type=NUMBER, multiplicity=Bounded[lower=1, upper=1]]]; [TypedParameter[name=left, type=NUMBER, multiplicity=Bounded[lower=1, upper=1]], TypedParameter[name=right, type=NUMBER, multiplicity=Bounded[lower=0, upper=1]]]; [TypedParameter[name=left, type=NUMBER, multiplicity=Bounded[lower=1, upper=1]], TypedParameter[name=right, type=NUMBER, multiplicity=Bounded[lower=1, upper=1]]]; [TypedParameter[name=left, type=STRING, multiplicity=Bounded[lower=0, upper=1]], TypedParameter[name=right, type=STRING, multiplicity=Bounded[lower=0, upper=1]]]; [TypedParameter[name=left, type=STRING, multiplicity=Bounded[lower=0, upper=1]], TypedParameter[name=right, type=STRING, multiplicity=Bounded[lower=1, upper=1]]]; [TypedParameter[name=left, type=STRING, multiplicity=Bounded[lower=1, upper=1]], TypedParameter[name=right, type=STRING, multiplicity=Bounded[lower=0, upper=1]]]; [TypedParameter[name=left, type=STRING, multiplicity=Bounded[lower=1, upper=1]], TypedParameter[name=right, type=STRING, multiplicity=Bounded[lower=1, upper=1]]]; [TypedParameter[name=left, type=BOOLEAN, multiplicity=Bounded[lower=0, upper=1]], TypedParameter[name=right, type=BOOLEAN, multiplicity=Bounded[lower=0, upper=1]]]	G-REJECT
cx.ge.Dec.Str	cross	|1.0d >= '1'						G-ERR:TypeInferenceException: no overload of 'meta::pure::functions::boolean::greaterThanEqual' structurally matches the argument types (ExprType[type=PrecisionDecimal[precision=38, scale=1], multiplicity=Bounded[lower=1, upper=1]], ExprType[type=STRING, multiplicity=Bounded[lower=1, upper=1]]); [TypedParameter[name=left, type=DATE, multiplicity=Bounded[lower=0, upper=1]], TypedParameter[name=right, type=DATE, multiplicity=Bounded[lower=0, upper=1]]]; [TypedParameter[name=left, type=DATE, multiplicity=Bounded[lower=0, upper=1]], TypedParameter[name=right, type=DATE, multiplicity=Bounded[lower=1, upper=1]]]; [TypedParameter[name=left, type=DATE, multiplicity=Bounded[lower=1, upper=1]], TypedParameter[name=right, type=DATE, multiplicity=Bounded[lower=0, upper=1]]]; [TypedParameter[name=left, type=DATE, multiplicity=Bounded[lower=1, upper=1]], TypedParameter[name=right, type=DATE, multiplicity=Bounded[lower=1, upper=1]]]; [TypedParameter[name=left, type=NUMBER, multiplicity=Bounded[lower=0, upper=1]], TypedParameter[name=right, type=NUMBER, multiplicity=Bounded[lower=0, upper=1]]]; [TypedParameter[name=left, type=NUMBER, multiplicity=Bounded[lower=0, upper=1]], TypedParameter[name=right, type=NUMBER, multiplicity=Bounded[lower=1, upper=1]]]; [TypedParameter[name=left, type=NUMBER, multiplicity=Bounded[lower=1, upper=1]], TypedParameter[name=right, type=NUMBER, multiplicity=Bounded[lower=0, upper=1]]]; [TypedParameter[name=left, type=NUMBER, multiplicity=Bounded[lower=1, upper=1]], TypedParameter[name=right, type=NUMBER, multiplicity=Bounded[lower=1, upper=1]]]; [TypedParameter[name=left, type=STRING, multiplicity=Bounded[lower=0, upper=1]], TypedParameter[name=right, type=STRING, multiplicity=Bounded[lower=0, upper=1]]]; [TypedParameter[name=left, type=STRING, multiplicity=Bounded[lower=0, upper=1]], TypedParameter[name=right, type=STRING, multiplicity=Bounded[lower=1, upper=1]]]; [TypedParameter[name=left, type=STRING, multiplicity=Bounded[lower=1, upper=1]], TypedParameter[name=right, type=STRING, multiplicity=Bounded[lower=0, upper=1]]]; [TypedParameter[name=left, type=STRING, multiplicity=Bounded[lower=1, upper=1]], TypedParameter[name=right, type=STRING, multiplicity=Bounded[lower=1, upper=1]]]; [TypedParameter[name=left, type=BOOLEAN, multiplicity=Bounded[lower=0, upper=1]], TypedParameter[name=right, type=BOOLEAN, multiplicity=Bounded[lower=0, upper=1]]]	G-REJECT
cx.eq.Dec.SDate	cross	|1.0d == %2024-03-15	Boolean	[1]	SELECT 1.0 = DATE '2024-03-15' AS value			EXEC-ERR:SQLException: Conversion Error: Unimplemented type for cast (DECIMAL(2,1) -> DATE)  LINE 1: SELECT 1.0 = DATE '2024-03-15' AS value                ^	DB-ERROR
cx.ne.Dec.SDate	cross	|1.0d != %2024-03-15	Boolean	[1]	SELECT 1.0 <> DATE '2024-03-15' AS value			EXEC-ERR:SQLException: Conversion Error: Unimplemented type for cast (DECIMAL(2,1) -> DATE)  LINE 1: SELECT 1.0 <> DATE '2024-03-15' AS value                ^	DB-ERROR
cx.lt.Dec.SDate	cross	|1.0d < %2024-03-15						G-ERR:TypeInferenceException: no overload of 'meta::pure::functions::boolean::lessThan' structurally matches the argument types (ExprType[type=PrecisionDecimal[precision=38, scale=1], multiplicity=Bounded[lower=1, upper=1]], ExprType[type=STRICT_DATE, multiplicity=Bounded[lower=1, upper=1]]); [TypedParameter[name=left, type=DATE, multiplicity=Bounded[lower=0, upper=1]], TypedParameter[name=right, type=DATE, multiplicity=Bounded[lower=0, upper=1]]]; [TypedParameter[name=left, type=BOOLEAN, multiplicity=Bounded[lower=0, upper=1]], TypedParameter[name=right, type=BOOLEAN, multiplicity=Bounded[lower=0, upper=1]]]; [TypedParameter[name=left, type=DATE, multiplicity=Bounded[lower=0, upper=1]], TypedParameter[name=right, type=DATE, multiplicity=Bounded[lower=1, upper=1]]]; [TypedParameter[name=left, type=DATE, multiplicity=Bounded[lower=1, upper=1]], TypedParameter[name=right, type=DATE, multiplicity=Bounded[lower=0, upper=1]]]; [TypedParameter[name=left, type=DATE, multiplicity=Bounded[lower=1, upper=1]], TypedParameter[name=right, type=DATE, multiplicity=Bounded[lower=1, upper=1]]]; [TypedParameter[name=left, type=NUMBER, multiplicity=Bounded[lower=0, upper=1]], TypedParameter[name=right, type=NUMBER, multiplicity=Bounded[lower=0, upper=1]]]; [TypedParameter[name=left, type=NUMBER, multiplicity=Bounded[lower=0, upper=1]], TypedParameter[name=right, type=NUMBER, multiplicity=Bounded[lower=1, upper=1]]]; [TypedParameter[name=left, type=NUMBER, multiplicity=Bounded[lower=1, upper=1]], TypedParameter[name=right, type=NUMBER, multiplicity=Bounded[lower=0, upper=1]]]; [TypedParameter[name=left, type=NUMBER, multiplicity=Bounded[lower=1, upper=1]], TypedParameter[name=right, type=NUMBER, multiplicity=Bounded[lower=1, upper=1]]]; [TypedParameter[name=left, type=STRING, multiplicity=Bounded[lower=0, upper=1]], TypedParameter[name=right, type=STRING, multiplicity=Bounded[lower=0, upper=1]]]; [TypedParameter[name=left, type=STRING, multiplicity=Bounded[lower=0, upper=1]], TypedParameter[name=right, type=STRING, multiplicity=Bounded[lower=1, upper=1]]]; [TypedParameter[name=left, type=STRING, multiplicity=Bounded[lower=1, upper=1]], TypedParameter[name=right, type=STRING, multiplicity=Bounded[lower=0, upper=1]]]; [TypedParameter[name=left, type=STRING, multiplicity=Bounded[lower=1, upper=1]], TypedParameter[name=right, type=STRING, multiplicity=Bounded[lower=1, upper=1]]]	G-REJECT
cx.gt.Dec.SDate	cross	|1.0d > %2024-03-15						G-ERR:TypeInferenceException: no overload of 'meta::pure::functions::boolean::greaterThan' structurally matches the argument types (ExprType[type=PrecisionDecimal[precision=38, scale=1], multiplicity=Bounded[lower=1, upper=1]], ExprType[type=STRICT_DATE, multiplicity=Bounded[lower=1, upper=1]]); [TypedParameter[name=left, type=DATE, multiplicity=Bounded[lower=0, upper=1]], TypedParameter[name=right, type=DATE, multiplicity=Bounded[lower=0, upper=1]]]; [TypedParameter[name=left, type=DATE, multiplicity=Bounded[lower=0, upper=1]], TypedParameter[name=right, type=DATE, multiplicity=Bounded[lower=1, upper=1]]]; [TypedParameter[name=left, type=DATE, multiplicity=Bounded[lower=1, upper=1]], TypedParameter[name=right, type=DATE, multiplicity=Bounded[lower=0, upper=1]]]; [TypedParameter[name=left, type=DATE, multiplicity=Bounded[lower=1, upper=1]], TypedParameter[name=right, type=DATE, multiplicity=Bounded[lower=1, upper=1]]]; [TypedParameter[name=left, type=NUMBER, multiplicity=Bounded[lower=0, upper=1]], TypedParameter[name=right, type=NUMBER, multiplicity=Bounded[lower=0, upper=1]]]; [TypedParameter[name=left, type=NUMBER, multiplicity=Bounded[lower=0, upper=1]], TypedParameter[name=right, type=NUMBER, multiplicity=Bounded[lower=1, upper=1]]]; [TypedParameter[name=left, type=NUMBER, multiplicity=Bounded[lower=1, upper=1]], TypedParameter[name=right, type=NUMBER, multiplicity=Bounded[lower=0, upper=1]]]; [TypedParameter[name=left, type=NUMBER, multiplicity=Bounded[lower=1, upper=1]], TypedParameter[name=right, type=NUMBER, multiplicity=Bounded[lower=1, upper=1]]]; [TypedParameter[name=left, type=STRING, multiplicity=Bounded[lower=0, upper=1]], TypedParameter[name=right, type=STRING, multiplicity=Bounded[lower=0, upper=1]]]; [TypedParameter[name=left, type=STRING, multiplicity=Bounded[lower=0, upper=1]], TypedParameter[name=right, type=STRING, multiplicity=Bounded[lower=1, upper=1]]]; [TypedParameter[name=left, type=STRING, multiplicity=Bounded[lower=1, upper=1]], TypedParameter[name=right, type=STRING, multiplicity=Bounded[lower=0, upper=1]]]; [TypedParameter[name=left, type=STRING, multiplicity=Bounded[lower=1, upper=1]], TypedParameter[name=right, type=STRING, multiplicity=Bounded[lower=1, upper=1]]]; [TypedParameter[name=left, type=BOOLEAN, multiplicity=Bounded[lower=0, upper=1]], TypedParameter[name=right, type=BOOLEAN, multiplicity=Bounded[lower=0, upper=1]]]	G-REJECT
cx.le.Dec.SDate	cross	|1.0d <= %2024-03-15						G-ERR:TypeInferenceException: no overload of 'meta::pure::functions::boolean::lessThanEqual' structurally matches the argument types (ExprType[type=PrecisionDecimal[precision=38, scale=1], multiplicity=Bounded[lower=1, upper=1]], ExprType[type=STRICT_DATE, multiplicity=Bounded[lower=1, upper=1]]); [TypedParameter[name=left, type=DATE, multiplicity=Bounded[lower=0, upper=1]], TypedParameter[name=right, type=DATE, multiplicity=Bounded[lower=0, upper=1]]]; [TypedParameter[name=left, type=DATE, multiplicity=Bounded[lower=0, upper=1]], TypedParameter[name=right, type=DATE, multiplicity=Bounded[lower=1, upper=1]]]; [TypedParameter[name=left, type=DATE, multiplicity=Bounded[lower=1, upper=1]], TypedParameter[name=right, type=DATE, multiplicity=Bounded[lower=0, upper=1]]]; [TypedParameter[name=left, type=DATE, multiplicity=Bounded[lower=1, upper=1]], TypedParameter[name=right, type=DATE, multiplicity=Bounded[lower=1, upper=1]]]; [TypedParameter[name=left, type=NUMBER, multiplicity=Bounded[lower=0, upper=1]], TypedParameter[name=right, type=NUMBER, multiplicity=Bounded[lower=0, upper=1]]]; [TypedParameter[name=left, type=NUMBER, multiplicity=Bounded[lower=0, upper=1]], TypedParameter[name=right, type=NUMBER, multiplicity=Bounded[lower=1, upper=1]]]; [TypedParameter[name=left, type=NUMBER, multiplicity=Bounded[lower=1, upper=1]], TypedParameter[name=right, type=NUMBER, multiplicity=Bounded[lower=0, upper=1]]]; [TypedParameter[name=left, type=NUMBER, multiplicity=Bounded[lower=1, upper=1]], TypedParameter[name=right, type=NUMBER, multiplicity=Bounded[lower=1, upper=1]]]; [TypedParameter[name=left, type=STRING, multiplicity=Bounded[lower=0, upper=1]], TypedParameter[name=right, type=STRING, multiplicity=Bounded[lower=0, upper=1]]]; [TypedParameter[name=left, type=STRING, multiplicity=Bounded[lower=0, upper=1]], TypedParameter[name=right, type=STRING, multiplicity=Bounded[lower=1, upper=1]]]; [TypedParameter[name=left, type=STRING, multiplicity=Bounded[lower=1, upper=1]], TypedParameter[name=right, type=STRING, multiplicity=Bounded[lower=0, upper=1]]]; [TypedParameter[name=left, type=STRING, multiplicity=Bounded[lower=1, upper=1]], TypedParameter[name=right, type=STRING, multiplicity=Bounded[lower=1, upper=1]]]; [TypedParameter[name=left, type=BOOLEAN, multiplicity=Bounded[lower=0, upper=1]], TypedParameter[name=right, type=BOOLEAN, multiplicity=Bounded[lower=0, upper=1]]]	G-REJECT
cx.ge.Dec.SDate	cross	|1.0d >= %2024-03-15						G-ERR:TypeInferenceException: no overload of 'meta::pure::functions::boolean::greaterThanEqual' structurally matches the argument types (ExprType[type=PrecisionDecimal[precision=38, scale=1], multiplicity=Bounded[lower=1, upper=1]], ExprType[type=STRICT_DATE, multiplicity=Bounded[lower=1, upper=1]]); [TypedParameter[name=left, type=DATE, multiplicity=Bounded[lower=0, upper=1]], TypedParameter[name=right, type=DATE, multiplicity=Bounded[lower=0, upper=1]]]; [TypedParameter[name=left, type=DATE, multiplicity=Bounded[lower=0, upper=1]], TypedParameter[name=right, type=DATE, multiplicity=Bounded[lower=1, upper=1]]]; [TypedParameter[name=left, type=DATE, multiplicity=Bounded[lower=1, upper=1]], TypedParameter[name=right, type=DATE, multiplicity=Bounded[lower=0, upper=1]]]; [TypedParameter[name=left, type=DATE, multiplicity=Bounded[lower=1, upper=1]], TypedParameter[name=right, type=DATE, multiplicity=Bounded[lower=1, upper=1]]]; [TypedParameter[name=left, type=NUMBER, multiplicity=Bounded[lower=0, upper=1]], TypedParameter[name=right, type=NUMBER, multiplicity=Bounded[lower=0, upper=1]]]; [TypedParameter[name=left, type=NUMBER, multiplicity=Bounded[lower=0, upper=1]], TypedParameter[name=right, type=NUMBER, multiplicity=Bounded[lower=1, upper=1]]]; [TypedParameter[name=left, type=NUMBER, multiplicity=Bounded[lower=1, upper=1]], TypedParameter[name=right, type=NUMBER, multiplicity=Bounded[lower=0, upper=1]]]; [TypedParameter[name=left, type=NUMBER, multiplicity=Bounded[lower=1, upper=1]], TypedParameter[name=right, type=NUMBER, multiplicity=Bounded[lower=1, upper=1]]]; [TypedParameter[name=left, type=STRING, multiplicity=Bounded[lower=0, upper=1]], TypedParameter[name=right, type=STRING, multiplicity=Bounded[lower=0, upper=1]]]; [TypedParameter[name=left, type=STRING, multiplicity=Bounded[lower=0, upper=1]], TypedParameter[name=right, type=STRING, multiplicity=Bounded[lower=1, upper=1]]]; [TypedParameter[name=left, type=STRING, multiplicity=Bounded[lower=1, upper=1]], TypedParameter[name=right, type=STRING, multiplicity=Bounded[lower=0, upper=1]]]; [TypedParameter[name=left, type=STRING, multiplicity=Bounded[lower=1, upper=1]], TypedParameter[name=right, type=STRING, multiplicity=Bounded[lower=1, upper=1]]]; [TypedParameter[name=left, type=BOOLEAN, multiplicity=Bounded[lower=0, upper=1]], TypedParameter[name=right, type=BOOLEAN, multiplicity=Bounded[lower=0, upper=1]]]	G-REJECT
cx.eq.Dec.DTime	cross	|1.0d == %2024-03-15T10:30:45	Boolean	[1]	SELECT 1.0 = TIMESTAMP '2024-03-15T10:30:45' AS value			EXEC-ERR:SQLException: Conversion Error: Unimplemented type for cast (DECIMAL(2,1) -> TIMESTAMP)  LINE 1: SELECT 1.0 = TIMESTAMP '2024-03-15T10:30:45' AS value                ^	DB-ERROR
cx.ne.Dec.DTime	cross	|1.0d != %2024-03-15T10:30:45	Boolean	[1]	SELECT 1.0 <> TIMESTAMP '2024-03-15T10:30:45' AS value			EXEC-ERR:SQLException: Conversion Error: Unimplemented type for cast (DECIMAL(2,1) -> TIMESTAMP)  LINE 1: SELECT 1.0 <> TIMESTAMP '2024-03-15T10:30:45' AS value                ^	DB-ERROR
cx.lt.Dec.DTime	cross	|1.0d < %2024-03-15T10:30:45						G-ERR:TypeInferenceException: no overload of 'meta::pure::functions::boolean::lessThan' structurally matches the argument types (ExprType[type=PrecisionDecimal[precision=38, scale=1], multiplicity=Bounded[lower=1, upper=1]], ExprType[type=DATE_TIME, multiplicity=Bounded[lower=1, upper=1]]); [TypedParameter[name=left, type=DATE, multiplicity=Bounded[lower=0, upper=1]], TypedParameter[name=right, type=DATE, multiplicity=Bounded[lower=0, upper=1]]]; [TypedParameter[name=left, type=BOOLEAN, multiplicity=Bounded[lower=0, upper=1]], TypedParameter[name=right, type=BOOLEAN, multiplicity=Bounded[lower=0, upper=1]]]; [TypedParameter[name=left, type=DATE, multiplicity=Bounded[lower=0, upper=1]], TypedParameter[name=right, type=DATE, multiplicity=Bounded[lower=1, upper=1]]]; [TypedParameter[name=left, type=DATE, multiplicity=Bounded[lower=1, upper=1]], TypedParameter[name=right, type=DATE, multiplicity=Bounded[lower=0, upper=1]]]; [TypedParameter[name=left, type=DATE, multiplicity=Bounded[lower=1, upper=1]], TypedParameter[name=right, type=DATE, multiplicity=Bounded[lower=1, upper=1]]]; [TypedParameter[name=left, type=NUMBER, multiplicity=Bounded[lower=0, upper=1]], TypedParameter[name=right, type=NUMBER, multiplicity=Bounded[lower=0, upper=1]]]; [TypedParameter[name=left, type=NUMBER, multiplicity=Bounded[lower=0, upper=1]], TypedParameter[name=right, type=NUMBER, multiplicity=Bounded[lower=1, upper=1]]]; [TypedParameter[name=left, type=NUMBER, multiplicity=Bounded[lower=1, upper=1]], TypedParameter[name=right, type=NUMBER, multiplicity=Bounded[lower=0, upper=1]]]; [TypedParameter[name=left, type=NUMBER, multiplicity=Bounded[lower=1, upper=1]], TypedParameter[name=right, type=NUMBER, multiplicity=Bounded[lower=1, upper=1]]]; [TypedParameter[name=left, type=STRING, multiplicity=Bounded[lower=0, upper=1]], TypedParameter[name=right, type=STRING, multiplicity=Bounded[lower=0, upper=1]]]; [TypedParameter[name=left, type=STRING, multiplicity=Bounded[lower=0, upper=1]], TypedParameter[name=right, type=STRING, multiplicity=Bounded[lower=1, upper=1]]]; [TypedParameter[name=left, type=STRING, multiplicity=Bounded[lower=1, upper=1]], TypedParameter[name=right, type=STRING, multiplicity=Bounded[lower=0, upper=1]]]; [TypedParameter[name=left, type=STRING, multiplicity=Bounded[lower=1, upper=1]], TypedParameter[name=right, type=STRING, multiplicity=Bounded[lower=1, upper=1]]]	G-REJECT
cx.gt.Dec.DTime	cross	|1.0d > %2024-03-15T10:30:45						G-ERR:TypeInferenceException: no overload of 'meta::pure::functions::boolean::greaterThan' structurally matches the argument types (ExprType[type=PrecisionDecimal[precision=38, scale=1], multiplicity=Bounded[lower=1, upper=1]], ExprType[type=DATE_TIME, multiplicity=Bounded[lower=1, upper=1]]); [TypedParameter[name=left, type=DATE, multiplicity=Bounded[lower=0, upper=1]], TypedParameter[name=right, type=DATE, multiplicity=Bounded[lower=0, upper=1]]]; [TypedParameter[name=left, type=DATE, multiplicity=Bounded[lower=0, upper=1]], TypedParameter[name=right, type=DATE, multiplicity=Bounded[lower=1, upper=1]]]; [TypedParameter[name=left, type=DATE, multiplicity=Bounded[lower=1, upper=1]], TypedParameter[name=right, type=DATE, multiplicity=Bounded[lower=0, upper=1]]]; [TypedParameter[name=left, type=DATE, multiplicity=Bounded[lower=1, upper=1]], TypedParameter[name=right, type=DATE, multiplicity=Bounded[lower=1, upper=1]]]; [TypedParameter[name=left, type=NUMBER, multiplicity=Bounded[lower=0, upper=1]], TypedParameter[name=right, type=NUMBER, multiplicity=Bounded[lower=0, upper=1]]]; [TypedParameter[name=left, type=NUMBER, multiplicity=Bounded[lower=0, upper=1]], TypedParameter[name=right, type=NUMBER, multiplicity=Bounded[lower=1, upper=1]]]; [TypedParameter[name=left, type=NUMBER, multiplicity=Bounded[lower=1, upper=1]], TypedParameter[name=right, type=NUMBER, multiplicity=Bounded[lower=0, upper=1]]]; [TypedParameter[name=left, type=NUMBER, multiplicity=Bounded[lower=1, upper=1]], TypedParameter[name=right, type=NUMBER, multiplicity=Bounded[lower=1, upper=1]]]; [TypedParameter[name=left, type=STRING, multiplicity=Bounded[lower=0, upper=1]], TypedParameter[name=right, type=STRING, multiplicity=Bounded[lower=0, upper=1]]]; [TypedParameter[name=left, type=STRING, multiplicity=Bounded[lower=0, upper=1]], TypedParameter[name=right, type=STRING, multiplicity=Bounded[lower=1, upper=1]]]; [TypedParameter[name=left, type=STRING, multiplicity=Bounded[lower=1, upper=1]], TypedParameter[name=right, type=STRING, multiplicity=Bounded[lower=0, upper=1]]]; [TypedParameter[name=left, type=STRING, multiplicity=Bounded[lower=1, upper=1]], TypedParameter[name=right, type=STRING, multiplicity=Bounded[lower=1, upper=1]]]; [TypedParameter[name=left, type=BOOLEAN, multiplicity=Bounded[lower=0, upper=1]], TypedParameter[name=right, type=BOOLEAN, multiplicity=Bounded[lower=0, upper=1]]]	G-REJECT
cx.le.Dec.DTime	cross	|1.0d <= %2024-03-15T10:30:45						G-ERR:TypeInferenceException: no overload of 'meta::pure::functions::boolean::lessThanEqual' structurally matches the argument types (ExprType[type=PrecisionDecimal[precision=38, scale=1], multiplicity=Bounded[lower=1, upper=1]], ExprType[type=DATE_TIME, multiplicity=Bounded[lower=1, upper=1]]); [TypedParameter[name=left, type=DATE, multiplicity=Bounded[lower=0, upper=1]], TypedParameter[name=right, type=DATE, multiplicity=Bounded[lower=0, upper=1]]]; [TypedParameter[name=left, type=DATE, multiplicity=Bounded[lower=0, upper=1]], TypedParameter[name=right, type=DATE, multiplicity=Bounded[lower=1, upper=1]]]; [TypedParameter[name=left, type=DATE, multiplicity=Bounded[lower=1, upper=1]], TypedParameter[name=right, type=DATE, multiplicity=Bounded[lower=0, upper=1]]]; [TypedParameter[name=left, type=DATE, multiplicity=Bounded[lower=1, upper=1]], TypedParameter[name=right, type=DATE, multiplicity=Bounded[lower=1, upper=1]]]; [TypedParameter[name=left, type=NUMBER, multiplicity=Bounded[lower=0, upper=1]], TypedParameter[name=right, type=NUMBER, multiplicity=Bounded[lower=0, upper=1]]]; [TypedParameter[name=left, type=NUMBER, multiplicity=Bounded[lower=0, upper=1]], TypedParameter[name=right, type=NUMBER, multiplicity=Bounded[lower=1, upper=1]]]; [TypedParameter[name=left, type=NUMBER, multiplicity=Bounded[lower=1, upper=1]], TypedParameter[name=right, type=NUMBER, multiplicity=Bounded[lower=0, upper=1]]]; [TypedParameter[name=left, type=NUMBER, multiplicity=Bounded[lower=1, upper=1]], TypedParameter[name=right, type=NUMBER, multiplicity=Bounded[lower=1, upper=1]]]; [TypedParameter[name=left, type=STRING, multiplicity=Bounded[lower=0, upper=1]], TypedParameter[name=right, type=STRING, multiplicity=Bounded[lower=0, upper=1]]]; [TypedParameter[name=left, type=STRING, multiplicity=Bounded[lower=0, upper=1]], TypedParameter[name=right, type=STRING, multiplicity=Bounded[lower=1, upper=1]]]; [TypedParameter[name=left, type=STRING, multiplicity=Bounded[lower=1, upper=1]], TypedParameter[name=right, type=STRING, multiplicity=Bounded[lower=0, upper=1]]]; [TypedParameter[name=left, type=STRING, multiplicity=Bounded[lower=1, upper=1]], TypedParameter[name=right, type=STRING, multiplicity=Bounded[lower=1, upper=1]]]; [TypedParameter[name=left, type=BOOLEAN, multiplicity=Bounded[lower=0, upper=1]], TypedParameter[name=right, type=BOOLEAN, multiplicity=Bounded[lower=0, upper=1]]]	G-REJECT
cx.ge.Dec.DTime	cross	|1.0d >= %2024-03-15T10:30:45						G-ERR:TypeInferenceException: no overload of 'meta::pure::functions::boolean::greaterThanEqual' structurally matches the argument types (ExprType[type=PrecisionDecimal[precision=38, scale=1], multiplicity=Bounded[lower=1, upper=1]], ExprType[type=DATE_TIME, multiplicity=Bounded[lower=1, upper=1]]); [TypedParameter[name=left, type=DATE, multiplicity=Bounded[lower=0, upper=1]], TypedParameter[name=right, type=DATE, multiplicity=Bounded[lower=0, upper=1]]]; [TypedParameter[name=left, type=DATE, multiplicity=Bounded[lower=0, upper=1]], TypedParameter[name=right, type=DATE, multiplicity=Bounded[lower=1, upper=1]]]; [TypedParameter[name=left, type=DATE, multiplicity=Bounded[lower=1, upper=1]], TypedParameter[name=right, type=DATE, multiplicity=Bounded[lower=0, upper=1]]]; [TypedParameter[name=left, type=DATE, multiplicity=Bounded[lower=1, upper=1]], TypedParameter[name=right, type=DATE, multiplicity=Bounded[lower=1, upper=1]]]; [TypedParameter[name=left, type=NUMBER, multiplicity=Bounded[lower=0, upper=1]], TypedParameter[name=right, type=NUMBER, multiplicity=Bounded[lower=0, upper=1]]]; [TypedParameter[name=left, type=NUMBER, multiplicity=Bounded[lower=0, upper=1]], TypedParameter[name=right, type=NUMBER, multiplicity=Bounded[lower=1, upper=1]]]; [TypedParameter[name=left, type=NUMBER, multiplicity=Bounded[lower=1, upper=1]], TypedParameter[name=right, type=NUMBER, multiplicity=Bounded[lower=0, upper=1]]]; [TypedParameter[name=left, type=NUMBER, multiplicity=Bounded[lower=1, upper=1]], TypedParameter[name=right, type=NUMBER, multiplicity=Bounded[lower=1, upper=1]]]; [TypedParameter[name=left, type=STRING, multiplicity=Bounded[lower=0, upper=1]], TypedParameter[name=right, type=STRING, multiplicity=Bounded[lower=0, upper=1]]]; [TypedParameter[name=left, type=STRING, multiplicity=Bounded[lower=0, upper=1]], TypedParameter[name=right, type=STRING, multiplicity=Bounded[lower=1, upper=1]]]; [TypedParameter[name=left, type=STRING, multiplicity=Bounded[lower=1, upper=1]], TypedParameter[name=right, type=STRING, multiplicity=Bounded[lower=0, upper=1]]]; [TypedParameter[name=left, type=STRING, multiplicity=Bounded[lower=1, upper=1]], TypedParameter[name=right, type=STRING, multiplicity=Bounded[lower=1, upper=1]]]; [TypedParameter[name=left, type=BOOLEAN, multiplicity=Bounded[lower=0, upper=1]], TypedParameter[name=right, type=BOOLEAN, multiplicity=Bounded[lower=0, upper=1]]]	G-REJECT
cx.eq.Dec.Bool	cross	|1.0d == true	Boolean	[1]	SELECT 1.0 = TRUE AS value	Boolean	true	OK	OK
cx.ne.Dec.Bool	cross	|1.0d != true	Boolean	[1]	SELECT 1.0 <> TRUE AS value	Boolean	false	OK	OK
cx.lt.Dec.Bool	cross	|1.0d < true						G-ERR:TypeInferenceException: no overload of 'meta::pure::functions::boolean::lessThan' structurally matches the argument types (ExprType[type=PrecisionDecimal[precision=38, scale=1], multiplicity=Bounded[lower=1, upper=1]], ExprType[type=BOOLEAN, multiplicity=Bounded[lower=1, upper=1]]); [TypedParameter[name=left, type=DATE, multiplicity=Bounded[lower=0, upper=1]], TypedParameter[name=right, type=DATE, multiplicity=Bounded[lower=0, upper=1]]]; [TypedParameter[name=left, type=BOOLEAN, multiplicity=Bounded[lower=0, upper=1]], TypedParameter[name=right, type=BOOLEAN, multiplicity=Bounded[lower=0, upper=1]]]; [TypedParameter[name=left, type=DATE, multiplicity=Bounded[lower=0, upper=1]], TypedParameter[name=right, type=DATE, multiplicity=Bounded[lower=1, upper=1]]]; [TypedParameter[name=left, type=DATE, multiplicity=Bounded[lower=1, upper=1]], TypedParameter[name=right, type=DATE, multiplicity=Bounded[lower=0, upper=1]]]; [TypedParameter[name=left, type=DATE, multiplicity=Bounded[lower=1, upper=1]], TypedParameter[name=right, type=DATE, multiplicity=Bounded[lower=1, upper=1]]]; [TypedParameter[name=left, type=NUMBER, multiplicity=Bounded[lower=0, upper=1]], TypedParameter[name=right, type=NUMBER, multiplicity=Bounded[lower=0, upper=1]]]; [TypedParameter[name=left, type=NUMBER, multiplicity=Bounded[lower=0, upper=1]], TypedParameter[name=right, type=NUMBER, multiplicity=Bounded[lower=1, upper=1]]]; [TypedParameter[name=left, type=NUMBER, multiplicity=Bounded[lower=1, upper=1]], TypedParameter[name=right, type=NUMBER, multiplicity=Bounded[lower=0, upper=1]]]; [TypedParameter[name=left, type=NUMBER, multiplicity=Bounded[lower=1, upper=1]], TypedParameter[name=right, type=NUMBER, multiplicity=Bounded[lower=1, upper=1]]]; [TypedParameter[name=left, type=STRING, multiplicity=Bounded[lower=0, upper=1]], TypedParameter[name=right, type=STRING, multiplicity=Bounded[lower=0, upper=1]]]; [TypedParameter[name=left, type=STRING, multiplicity=Bounded[lower=0, upper=1]], TypedParameter[name=right, type=STRING, multiplicity=Bounded[lower=1, upper=1]]]; [TypedParameter[name=left, type=STRING, multiplicity=Bounded[lower=1, upper=1]], TypedParameter[name=right, type=STRING, multiplicity=Bounded[lower=0, upper=1]]]; [TypedParameter[name=left, type=STRING, multiplicity=Bounded[lower=1, upper=1]], TypedParameter[name=right, type=STRING, multiplicity=Bounded[lower=1, upper=1]]]	G-REJECT
cx.gt.Dec.Bool	cross	|1.0d > true						G-ERR:TypeInferenceException: no overload of 'meta::pure::functions::boolean::greaterThan' structurally matches the argument types (ExprType[type=PrecisionDecimal[precision=38, scale=1], multiplicity=Bounded[lower=1, upper=1]], ExprType[type=BOOLEAN, multiplicity=Bounded[lower=1, upper=1]]); [TypedParameter[name=left, type=DATE, multiplicity=Bounded[lower=0, upper=1]], TypedParameter[name=right, type=DATE, multiplicity=Bounded[lower=0, upper=1]]]; [TypedParameter[name=left, type=DATE, multiplicity=Bounded[lower=0, upper=1]], TypedParameter[name=right, type=DATE, multiplicity=Bounded[lower=1, upper=1]]]; [TypedParameter[name=left, type=DATE, multiplicity=Bounded[lower=1, upper=1]], TypedParameter[name=right, type=DATE, multiplicity=Bounded[lower=0, upper=1]]]; [TypedParameter[name=left, type=DATE, multiplicity=Bounded[lower=1, upper=1]], TypedParameter[name=right, type=DATE, multiplicity=Bounded[lower=1, upper=1]]]; [TypedParameter[name=left, type=NUMBER, multiplicity=Bounded[lower=0, upper=1]], TypedParameter[name=right, type=NUMBER, multiplicity=Bounded[lower=0, upper=1]]]; [TypedParameter[name=left, type=NUMBER, multiplicity=Bounded[lower=0, upper=1]], TypedParameter[name=right, type=NUMBER, multiplicity=Bounded[lower=1, upper=1]]]; [TypedParameter[name=left, type=NUMBER, multiplicity=Bounded[lower=1, upper=1]], TypedParameter[name=right, type=NUMBER, multiplicity=Bounded[lower=0, upper=1]]]; [TypedParameter[name=left, type=NUMBER, multiplicity=Bounded[lower=1, upper=1]], TypedParameter[name=right, type=NUMBER, multiplicity=Bounded[lower=1, upper=1]]]; [TypedParameter[name=left, type=STRING, multiplicity=Bounded[lower=0, upper=1]], TypedParameter[name=right, type=STRING, multiplicity=Bounded[lower=0, upper=1]]]; [TypedParameter[name=left, type=STRING, multiplicity=Bounded[lower=0, upper=1]], TypedParameter[name=right, type=STRING, multiplicity=Bounded[lower=1, upper=1]]]; [TypedParameter[name=left, type=STRING, multiplicity=Bounded[lower=1, upper=1]], TypedParameter[name=right, type=STRING, multiplicity=Bounded[lower=0, upper=1]]]; [TypedParameter[name=left, type=STRING, multiplicity=Bounded[lower=1, upper=1]], TypedParameter[name=right, type=STRING, multiplicity=Bounded[lower=1, upper=1]]]; [TypedParameter[name=left, type=BOOLEAN, multiplicity=Bounded[lower=0, upper=1]], TypedParameter[name=right, type=BOOLEAN, multiplicity=Bounded[lower=0, upper=1]]]	G-REJECT
cx.le.Dec.Bool	cross	|1.0d <= true						G-ERR:TypeInferenceException: no overload of 'meta::pure::functions::boolean::lessThanEqual' structurally matches the argument types (ExprType[type=PrecisionDecimal[precision=38, scale=1], multiplicity=Bounded[lower=1, upper=1]], ExprType[type=BOOLEAN, multiplicity=Bounded[lower=1, upper=1]]); [TypedParameter[name=left, type=DATE, multiplicity=Bounded[lower=0, upper=1]], TypedParameter[name=right, type=DATE, multiplicity=Bounded[lower=0, upper=1]]]; [TypedParameter[name=left, type=DATE, multiplicity=Bounded[lower=0, upper=1]], TypedParameter[name=right, type=DATE, multiplicity=Bounded[lower=1, upper=1]]]; [TypedParameter[name=left, type=DATE, multiplicity=Bounded[lower=1, upper=1]], TypedParameter[name=right, type=DATE, multiplicity=Bounded[lower=0, upper=1]]]; [TypedParameter[name=left, type=DATE, multiplicity=Bounded[lower=1, upper=1]], TypedParameter[name=right, type=DATE, multiplicity=Bounded[lower=1, upper=1]]]; [TypedParameter[name=left, type=NUMBER, multiplicity=Bounded[lower=0, upper=1]], TypedParameter[name=right, type=NUMBER, multiplicity=Bounded[lower=0, upper=1]]]; [TypedParameter[name=left, type=NUMBER, multiplicity=Bounded[lower=0, upper=1]], TypedParameter[name=right, type=NUMBER, multiplicity=Bounded[lower=1, upper=1]]]; [TypedParameter[name=left, type=NUMBER, multiplicity=Bounded[lower=1, upper=1]], TypedParameter[name=right, type=NUMBER, multiplicity=Bounded[lower=0, upper=1]]]; [TypedParameter[name=left, type=NUMBER, multiplicity=Bounded[lower=1, upper=1]], TypedParameter[name=right, type=NUMBER, multiplicity=Bounded[lower=1, upper=1]]]; [TypedParameter[name=left, type=STRING, multiplicity=Bounded[lower=0, upper=1]], TypedParameter[name=right, type=STRING, multiplicity=Bounded[lower=0, upper=1]]]; [TypedParameter[name=left, type=STRING, multiplicity=Bounded[lower=0, upper=1]], TypedParameter[name=right, type=STRING, multiplicity=Bounded[lower=1, upper=1]]]; [TypedParameter[name=left, type=STRING, multiplicity=Bounded[lower=1, upper=1]], TypedParameter[name=right, type=STRING, multiplicity=Bounded[lower=0, upper=1]]]; [TypedParameter[name=left, type=STRING, multiplicity=Bounded[lower=1, upper=1]], TypedParameter[name=right, type=STRING, multiplicity=Bounded[lower=1, upper=1]]]; [TypedParameter[name=left, type=BOOLEAN, multiplicity=Bounded[lower=0, upper=1]], TypedParameter[name=right, type=BOOLEAN, multiplicity=Bounded[lower=0, upper=1]]]	G-REJECT
cx.ge.Dec.Bool	cross	|1.0d >= true						G-ERR:TypeInferenceException: no overload of 'meta::pure::functions::boolean::greaterThanEqual' structurally matches the argument types (ExprType[type=PrecisionDecimal[precision=38, scale=1], multiplicity=Bounded[lower=1, upper=1]], ExprType[type=BOOLEAN, multiplicity=Bounded[lower=1, upper=1]]); [TypedParameter[name=left, type=DATE, multiplicity=Bounded[lower=0, upper=1]], TypedParameter[name=right, type=DATE, multiplicity=Bounded[lower=0, upper=1]]]; [TypedParameter[name=left, type=DATE, multiplicity=Bounded[lower=0, upper=1]], TypedParameter[name=right, type=DATE, multiplicity=Bounded[lower=1, upper=1]]]; [TypedParameter[name=left, type=DATE, multiplicity=Bounded[lower=1, upper=1]], TypedParameter[name=right, type=DATE, multiplicity=Bounded[lower=0, upper=1]]]; [TypedParameter[name=left, type=DATE, multiplicity=Bounded[lower=1, upper=1]], TypedParameter[name=right, type=DATE, multiplicity=Bounded[lower=1, upper=1]]]; [TypedParameter[name=left, type=NUMBER, multiplicity=Bounded[lower=0, upper=1]], TypedParameter[name=right, type=NUMBER, multiplicity=Bounded[lower=0, upper=1]]]; [TypedParameter[name=left, type=NUMBER, multiplicity=Bounded[lower=0, upper=1]], TypedParameter[name=right, type=NUMBER, multiplicity=Bounded[lower=1, upper=1]]]; [TypedParameter[name=left, type=NUMBER, multiplicity=Bounded[lower=1, upper=1]], TypedParameter[name=right, type=NUMBER, multiplicity=Bounded[lower=0, upper=1]]]; [TypedParameter[name=left, type=NUMBER, multiplicity=Bounded[lower=1, upper=1]], TypedParameter[name=right, type=NUMBER, multiplicity=Bounded[lower=1, upper=1]]]; [TypedParameter[name=left, type=STRING, multiplicity=Bounded[lower=0, upper=1]], TypedParameter[name=right, type=STRING, multiplicity=Bounded[lower=0, upper=1]]]; [TypedParameter[name=left, type=STRING, multiplicity=Bounded[lower=0, upper=1]], TypedParameter[name=right, type=STRING, multiplicity=Bounded[lower=1, upper=1]]]; [TypedParameter[name=left, type=STRING, multiplicity=Bounded[lower=1, upper=1]], TypedParameter[name=right, type=STRING, multiplicity=Bounded[lower=0, upper=1]]]; [TypedParameter[name=left, type=STRING, multiplicity=Bounded[lower=1, upper=1]], TypedParameter[name=right, type=STRING, multiplicity=Bounded[lower=1, upper=1]]]; [TypedParameter[name=left, type=BOOLEAN, multiplicity=Bounded[lower=0, upper=1]], TypedParameter[name=right, type=BOOLEAN, multiplicity=Bounded[lower=0, upper=1]]]	G-REJECT
cx.eq.Dec.Enum	cross	|1.0d == t::Color.RED	Boolean	[1]	SELECT FALSE AS value	Boolean	false	OK	OK
cx.ne.Dec.Enum	cross	|1.0d != t::Color.RED	Boolean	[1]	SELECT NOT FALSE AS value	Boolean	true	OK	OK
cx.lt.Dec.Enum	cross	|1.0d < t::Color.RED						G-ERR:TypeInferenceException: no overload of 'meta::pure::functions::boolean::lessThan' structurally matches the argument types (ExprType[type=PrecisionDecimal[precision=38, scale=1], multiplicity=Bounded[lower=1, upper=1]], ExprType[type=EnumType[fqn=t::Color], multiplicity=Bounded[lower=1, upper=1]]); [TypedParameter[name=left, type=DATE, multiplicity=Bounded[lower=0, upper=1]], TypedParameter[name=right, type=DATE, multiplicity=Bounded[lower=0, upper=1]]]; [TypedParameter[name=left, type=BOOLEAN, multiplicity=Bounded[lower=0, upper=1]], TypedParameter[name=right, type=BOOLEAN, multiplicity=Bounded[lower=0, upper=1]]]; [TypedParameter[name=left, type=DATE, multiplicity=Bounded[lower=0, upper=1]], TypedParameter[name=right, type=DATE, multiplicity=Bounded[lower=1, upper=1]]]; [TypedParameter[name=left, type=DATE, multiplicity=Bounded[lower=1, upper=1]], TypedParameter[name=right, type=DATE, multiplicity=Bounded[lower=0, upper=1]]]; [TypedParameter[name=left, type=DATE, multiplicity=Bounded[lower=1, upper=1]], TypedParameter[name=right, type=DATE, multiplicity=Bounded[lower=1, upper=1]]]; [TypedParameter[name=left, type=NUMBER, multiplicity=Bounded[lower=0, upper=1]], TypedParameter[name=right, type=NUMBER, multiplicity=Bounded[lower=0, upper=1]]]; [TypedParameter[name=left, type=NUMBER, multiplicity=Bounded[lower=0, upper=1]], TypedParameter[name=right, type=NUMBER, multiplicity=Bounded[lower=1, upper=1]]]; [TypedParameter[name=left, type=NUMBER, multiplicity=Bounded[lower=1, upper=1]], TypedParameter[name=right, type=NUMBER, multiplicity=Bounded[lower=0, upper=1]]]; [TypedParameter[name=left, type=NUMBER, multiplicity=Bounded[lower=1, upper=1]], TypedParameter[name=right, type=NUMBER, multiplicity=Bounded[lower=1, upper=1]]]; [TypedParameter[name=left, type=STRING, multiplicity=Bounded[lower=0, upper=1]], TypedParameter[name=right, type=STRING, multiplicity=Bounded[lower=0, upper=1]]]; [TypedParameter[name=left, type=STRING, multiplicity=Bounded[lower=0, upper=1]], TypedParameter[name=right, type=STRING, multiplicity=Bounded[lower=1, upper=1]]]; [TypedParameter[name=left, type=STRING, multiplicity=Bounded[lower=1, upper=1]], TypedParameter[name=right, type=STRING, multiplicity=Bounded[lower=0, upper=1]]]; [TypedParameter[name=left, type=STRING, multiplicity=Bounded[lower=1, upper=1]], TypedParameter[name=right, type=STRING, multiplicity=Bounded[lower=1, upper=1]]]	G-REJECT
cx.gt.Dec.Enum	cross	|1.0d > t::Color.RED						G-ERR:TypeInferenceException: no overload of 'meta::pure::functions::boolean::greaterThan' structurally matches the argument types (ExprType[type=PrecisionDecimal[precision=38, scale=1], multiplicity=Bounded[lower=1, upper=1]], ExprType[type=EnumType[fqn=t::Color], multiplicity=Bounded[lower=1, upper=1]]); [TypedParameter[name=left, type=DATE, multiplicity=Bounded[lower=0, upper=1]], TypedParameter[name=right, type=DATE, multiplicity=Bounded[lower=0, upper=1]]]; [TypedParameter[name=left, type=DATE, multiplicity=Bounded[lower=0, upper=1]], TypedParameter[name=right, type=DATE, multiplicity=Bounded[lower=1, upper=1]]]; [TypedParameter[name=left, type=DATE, multiplicity=Bounded[lower=1, upper=1]], TypedParameter[name=right, type=DATE, multiplicity=Bounded[lower=0, upper=1]]]; [TypedParameter[name=left, type=DATE, multiplicity=Bounded[lower=1, upper=1]], TypedParameter[name=right, type=DATE, multiplicity=Bounded[lower=1, upper=1]]]; [TypedParameter[name=left, type=NUMBER, multiplicity=Bounded[lower=0, upper=1]], TypedParameter[name=right, type=NUMBER, multiplicity=Bounded[lower=0, upper=1]]]; [TypedParameter[name=left, type=NUMBER, multiplicity=Bounded[lower=0, upper=1]], TypedParameter[name=right, type=NUMBER, multiplicity=Bounded[lower=1, upper=1]]]; [TypedParameter[name=left, type=NUMBER, multiplicity=Bounded[lower=1, upper=1]], TypedParameter[name=right, type=NUMBER, multiplicity=Bounded[lower=0, upper=1]]]; [TypedParameter[name=left, type=NUMBER, multiplicity=Bounded[lower=1, upper=1]], TypedParameter[name=right, type=NUMBER, multiplicity=Bounded[lower=1, upper=1]]]; [TypedParameter[name=left, type=STRING, multiplicity=Bounded[lower=0, upper=1]], TypedParameter[name=right, type=STRING, multiplicity=Bounded[lower=0, upper=1]]]; [TypedParameter[name=left, type=STRING, multiplicity=Bounded[lower=0, upper=1]], TypedParameter[name=right, type=STRING, multiplicity=Bounded[lower=1, upper=1]]]; [TypedParameter[name=left, type=STRING, multiplicity=Bounded[lower=1, upper=1]], TypedParameter[name=right, type=STRING, multiplicity=Bounded[lower=0, upper=1]]]; [TypedParameter[name=left, type=STRING, multiplicity=Bounded[lower=1, upper=1]], TypedParameter[name=right, type=STRING, multiplicity=Bounded[lower=1, upper=1]]]; [TypedParameter[name=left, type=BOOLEAN, multiplicity=Bounded[lower=0, upper=1]], TypedParameter[name=right, type=BOOLEAN, multiplicity=Bounded[lower=0, upper=1]]]	G-REJECT
cx.le.Dec.Enum	cross	|1.0d <= t::Color.RED						G-ERR:TypeInferenceException: no overload of 'meta::pure::functions::boolean::lessThanEqual' structurally matches the argument types (ExprType[type=PrecisionDecimal[precision=38, scale=1], multiplicity=Bounded[lower=1, upper=1]], ExprType[type=EnumType[fqn=t::Color], multiplicity=Bounded[lower=1, upper=1]]); [TypedParameter[name=left, type=DATE, multiplicity=Bounded[lower=0, upper=1]], TypedParameter[name=right, type=DATE, multiplicity=Bounded[lower=0, upper=1]]]; [TypedParameter[name=left, type=DATE, multiplicity=Bounded[lower=0, upper=1]], TypedParameter[name=right, type=DATE, multiplicity=Bounded[lower=1, upper=1]]]; [TypedParameter[name=left, type=DATE, multiplicity=Bounded[lower=1, upper=1]], TypedParameter[name=right, type=DATE, multiplicity=Bounded[lower=0, upper=1]]]; [TypedParameter[name=left, type=DATE, multiplicity=Bounded[lower=1, upper=1]], TypedParameter[name=right, type=DATE, multiplicity=Bounded[lower=1, upper=1]]]; [TypedParameter[name=left, type=NUMBER, multiplicity=Bounded[lower=0, upper=1]], TypedParameter[name=right, type=NUMBER, multiplicity=Bounded[lower=0, upper=1]]]; [TypedParameter[name=left, type=NUMBER, multiplicity=Bounded[lower=0, upper=1]], TypedParameter[name=right, type=NUMBER, multiplicity=Bounded[lower=1, upper=1]]]; [TypedParameter[name=left, type=NUMBER, multiplicity=Bounded[lower=1, upper=1]], TypedParameter[name=right, type=NUMBER, multiplicity=Bounded[lower=0, upper=1]]]; [TypedParameter[name=left, type=NUMBER, multiplicity=Bounded[lower=1, upper=1]], TypedParameter[name=right, type=NUMBER, multiplicity=Bounded[lower=1, upper=1]]]; [TypedParameter[name=left, type=STRING, multiplicity=Bounded[lower=0, upper=1]], TypedParameter[name=right, type=STRING, multiplicity=Bounded[lower=0, upper=1]]]; [TypedParameter[name=left, type=STRING, multiplicity=Bounded[lower=0, upper=1]], TypedParameter[name=right, type=STRING, multiplicity=Bounded[lower=1, upper=1]]]; [TypedParameter[name=left, type=STRING, multiplicity=Bounded[lower=1, upper=1]], TypedParameter[name=right, type=STRING, multiplicity=Bounded[lower=0, upper=1]]]; [TypedParameter[name=left, type=STRING, multiplicity=Bounded[lower=1, upper=1]], TypedParameter[name=right, type=STRING, multiplicity=Bounded[lower=1, upper=1]]]; [TypedParameter[name=left, type=BOOLEAN, multiplicity=Bounded[lower=0, upper=1]], TypedParameter[name=right, type=BOOLEAN, multiplicity=Bounded[lower=0, upper=1]]]	G-REJECT
cx.ge.Dec.Enum	cross	|1.0d >= t::Color.RED						G-ERR:TypeInferenceException: no overload of 'meta::pure::functions::boolean::greaterThanEqual' structurally matches the argument types (ExprType[type=PrecisionDecimal[precision=38, scale=1], multiplicity=Bounded[lower=1, upper=1]], ExprType[type=EnumType[fqn=t::Color], multiplicity=Bounded[lower=1, upper=1]]); [TypedParameter[name=left, type=DATE, multiplicity=Bounded[lower=0, upper=1]], TypedParameter[name=right, type=DATE, multiplicity=Bounded[lower=0, upper=1]]]; [TypedParameter[name=left, type=DATE, multiplicity=Bounded[lower=0, upper=1]], TypedParameter[name=right, type=DATE, multiplicity=Bounded[lower=1, upper=1]]]; [TypedParameter[name=left, type=DATE, multiplicity=Bounded[lower=1, upper=1]], TypedParameter[name=right, type=DATE, multiplicity=Bounded[lower=0, upper=1]]]; [TypedParameter[name=left, type=DATE, multiplicity=Bounded[lower=1, upper=1]], TypedParameter[name=right, type=DATE, multiplicity=Bounded[lower=1, upper=1]]]; [TypedParameter[name=left, type=NUMBER, multiplicity=Bounded[lower=0, upper=1]], TypedParameter[name=right, type=NUMBER, multiplicity=Bounded[lower=0, upper=1]]]; [TypedParameter[name=left, type=NUMBER, multiplicity=Bounded[lower=0, upper=1]], TypedParameter[name=right, type=NUMBER, multiplicity=Bounded[lower=1, upper=1]]]; [TypedParameter[name=left, type=NUMBER, multiplicity=Bounded[lower=1, upper=1]], TypedParameter[name=right, type=NUMBER, multiplicity=Bounded[lower=0, upper=1]]]; [TypedParameter[name=left, type=NUMBER, multiplicity=Bounded[lower=1, upper=1]], TypedParameter[name=right, type=NUMBER, multiplicity=Bounded[lower=1, upper=1]]]; [TypedParameter[name=left, type=STRING, multiplicity=Bounded[lower=0, upper=1]], TypedParameter[name=right, type=STRING, multiplicity=Bounded[lower=0, upper=1]]]; [TypedParameter[name=left, type=STRING, multiplicity=Bounded[lower=0, upper=1]], TypedParameter[name=right, type=STRING, multiplicity=Bounded[lower=1, upper=1]]]; [TypedParameter[name=left, type=STRING, multiplicity=Bounded[lower=1, upper=1]], TypedParameter[name=right, type=STRING, multiplicity=Bounded[lower=0, upper=1]]]; [TypedParameter[name=left, type=STRING, multiplicity=Bounded[lower=1, upper=1]], TypedParameter[name=right, type=STRING, multiplicity=Bounded[lower=1, upper=1]]]; [TypedParameter[name=left, type=BOOLEAN, multiplicity=Bounded[lower=0, upper=1]], TypedParameter[name=right, type=BOOLEAN, multiplicity=Bounded[lower=0, upper=1]]]	G-REJECT
cx.eq.Str.Int	cross	|'1' == 1	Boolean	[1]	SELECT '1' = 1 AS value	Boolean	true	OK	OK
cx.ne.Str.Int	cross	|'1' != 1	Boolean	[1]	SELECT '1' <> 1 AS value	Boolean	false	OK	OK
cx.lt.Str.Int	cross	|'1' < 1						G-ERR:TypeInferenceException: no overload of 'meta::pure::functions::boolean::lessThan' structurally matches the argument types (ExprType[type=STRING, multiplicity=Bounded[lower=1, upper=1]], ExprType[type=INTEGER, multiplicity=Bounded[lower=1, upper=1]]); [TypedParameter[name=left, type=DATE, multiplicity=Bounded[lower=0, upper=1]], TypedParameter[name=right, type=DATE, multiplicity=Bounded[lower=0, upper=1]]]; [TypedParameter[name=left, type=BOOLEAN, multiplicity=Bounded[lower=0, upper=1]], TypedParameter[name=right, type=BOOLEAN, multiplicity=Bounded[lower=0, upper=1]]]; [TypedParameter[name=left, type=DATE, multiplicity=Bounded[lower=0, upper=1]], TypedParameter[name=right, type=DATE, multiplicity=Bounded[lower=1, upper=1]]]; [TypedParameter[name=left, type=DATE, multiplicity=Bounded[lower=1, upper=1]], TypedParameter[name=right, type=DATE, multiplicity=Bounded[lower=0, upper=1]]]; [TypedParameter[name=left, type=DATE, multiplicity=Bounded[lower=1, upper=1]], TypedParameter[name=right, type=DATE, multiplicity=Bounded[lower=1, upper=1]]]; [TypedParameter[name=left, type=NUMBER, multiplicity=Bounded[lower=0, upper=1]], TypedParameter[name=right, type=NUMBER, multiplicity=Bounded[lower=0, upper=1]]]; [TypedParameter[name=left, type=NUMBER, multiplicity=Bounded[lower=0, upper=1]], TypedParameter[name=right, type=NUMBER, multiplicity=Bounded[lower=1, upper=1]]]; [TypedParameter[name=left, type=NUMBER, multiplicity=Bounded[lower=1, upper=1]], TypedParameter[name=right, type=NUMBER, multiplicity=Bounded[lower=0, upper=1]]]; [TypedParameter[name=left, type=NUMBER, multiplicity=Bounded[lower=1, upper=1]], TypedParameter[name=right, type=NUMBER, multiplicity=Bounded[lower=1, upper=1]]]; [TypedParameter[name=left, type=STRING, multiplicity=Bounded[lower=0, upper=1]], TypedParameter[name=right, type=STRING, multiplicity=Bounded[lower=0, upper=1]]]; [TypedParameter[name=left, type=STRING, multiplicity=Bounded[lower=0, upper=1]], TypedParameter[name=right, type=STRING, multiplicity=Bounded[lower=1, upper=1]]]; [TypedParameter[name=left, type=STRING, multiplicity=Bounded[lower=1, upper=1]], TypedParameter[name=right, type=STRING, multiplicity=Bounded[lower=0, upper=1]]]; [TypedParameter[name=left, type=STRING, multiplicity=Bounded[lower=1, upper=1]], TypedParameter[name=right, type=STRING, multiplicity=Bounded[lower=1, upper=1]]]	G-REJECT
cx.gt.Str.Int	cross	|'1' > 1						G-ERR:TypeInferenceException: no overload of 'meta::pure::functions::boolean::greaterThan' structurally matches the argument types (ExprType[type=STRING, multiplicity=Bounded[lower=1, upper=1]], ExprType[type=INTEGER, multiplicity=Bounded[lower=1, upper=1]]); [TypedParameter[name=left, type=DATE, multiplicity=Bounded[lower=0, upper=1]], TypedParameter[name=right, type=DATE, multiplicity=Bounded[lower=0, upper=1]]]; [TypedParameter[name=left, type=DATE, multiplicity=Bounded[lower=0, upper=1]], TypedParameter[name=right, type=DATE, multiplicity=Bounded[lower=1, upper=1]]]; [TypedParameter[name=left, type=DATE, multiplicity=Bounded[lower=1, upper=1]], TypedParameter[name=right, type=DATE, multiplicity=Bounded[lower=0, upper=1]]]; [TypedParameter[name=left, type=DATE, multiplicity=Bounded[lower=1, upper=1]], TypedParameter[name=right, type=DATE, multiplicity=Bounded[lower=1, upper=1]]]; [TypedParameter[name=left, type=NUMBER, multiplicity=Bounded[lower=0, upper=1]], TypedParameter[name=right, type=NUMBER, multiplicity=Bounded[lower=0, upper=1]]]; [TypedParameter[name=left, type=NUMBER, multiplicity=Bounded[lower=0, upper=1]], TypedParameter[name=right, type=NUMBER, multiplicity=Bounded[lower=1, upper=1]]]; [TypedParameter[name=left, type=NUMBER, multiplicity=Bounded[lower=1, upper=1]], TypedParameter[name=right, type=NUMBER, multiplicity=Bounded[lower=0, upper=1]]]; [TypedParameter[name=left, type=NUMBER, multiplicity=Bounded[lower=1, upper=1]], TypedParameter[name=right, type=NUMBER, multiplicity=Bounded[lower=1, upper=1]]]; [TypedParameter[name=left, type=STRING, multiplicity=Bounded[lower=0, upper=1]], TypedParameter[name=right, type=STRING, multiplicity=Bounded[lower=0, upper=1]]]; [TypedParameter[name=left, type=STRING, multiplicity=Bounded[lower=0, upper=1]], TypedParameter[name=right, type=STRING, multiplicity=Bounded[lower=1, upper=1]]]; [TypedParameter[name=left, type=STRING, multiplicity=Bounded[lower=1, upper=1]], TypedParameter[name=right, type=STRING, multiplicity=Bounded[lower=0, upper=1]]]; [TypedParameter[name=left, type=STRING, multiplicity=Bounded[lower=1, upper=1]], TypedParameter[name=right, type=STRING, multiplicity=Bounded[lower=1, upper=1]]]; [TypedParameter[name=left, type=BOOLEAN, multiplicity=Bounded[lower=0, upper=1]], TypedParameter[name=right, type=BOOLEAN, multiplicity=Bounded[lower=0, upper=1]]]	G-REJECT
cx.le.Str.Int	cross	|'1' <= 1						G-ERR:TypeInferenceException: no overload of 'meta::pure::functions::boolean::lessThanEqual' structurally matches the argument types (ExprType[type=STRING, multiplicity=Bounded[lower=1, upper=1]], ExprType[type=INTEGER, multiplicity=Bounded[lower=1, upper=1]]); [TypedParameter[name=left, type=DATE, multiplicity=Bounded[lower=0, upper=1]], TypedParameter[name=right, type=DATE, multiplicity=Bounded[lower=0, upper=1]]]; [TypedParameter[name=left, type=DATE, multiplicity=Bounded[lower=0, upper=1]], TypedParameter[name=right, type=DATE, multiplicity=Bounded[lower=1, upper=1]]]; [TypedParameter[name=left, type=DATE, multiplicity=Bounded[lower=1, upper=1]], TypedParameter[name=right, type=DATE, multiplicity=Bounded[lower=0, upper=1]]]; [TypedParameter[name=left, type=DATE, multiplicity=Bounded[lower=1, upper=1]], TypedParameter[name=right, type=DATE, multiplicity=Bounded[lower=1, upper=1]]]; [TypedParameter[name=left, type=NUMBER, multiplicity=Bounded[lower=0, upper=1]], TypedParameter[name=right, type=NUMBER, multiplicity=Bounded[lower=0, upper=1]]]; [TypedParameter[name=left, type=NUMBER, multiplicity=Bounded[lower=0, upper=1]], TypedParameter[name=right, type=NUMBER, multiplicity=Bounded[lower=1, upper=1]]]; [TypedParameter[name=left, type=NUMBER, multiplicity=Bounded[lower=1, upper=1]], TypedParameter[name=right, type=NUMBER, multiplicity=Bounded[lower=0, upper=1]]]; [TypedParameter[name=left, type=NUMBER, multiplicity=Bounded[lower=1, upper=1]], TypedParameter[name=right, type=NUMBER, multiplicity=Bounded[lower=1, upper=1]]]; [TypedParameter[name=left, type=STRING, multiplicity=Bounded[lower=0, upper=1]], TypedParameter[name=right, type=STRING, multiplicity=Bounded[lower=0, upper=1]]]; [TypedParameter[name=left, type=STRING, multiplicity=Bounded[lower=0, upper=1]], TypedParameter[name=right, type=STRING, multiplicity=Bounded[lower=1, upper=1]]]; [TypedParameter[name=left, type=STRING, multiplicity=Bounded[lower=1, upper=1]], TypedParameter[name=right, type=STRING, multiplicity=Bounded[lower=0, upper=1]]]; [TypedParameter[name=left, type=STRING, multiplicity=Bounded[lower=1, upper=1]], TypedParameter[name=right, type=STRING, multiplicity=Bounded[lower=1, upper=1]]]; [TypedParameter[name=left, type=BOOLEAN, multiplicity=Bounded[lower=0, upper=1]], TypedParameter[name=right, type=BOOLEAN, multiplicity=Bounded[lower=0, upper=1]]]	G-REJECT
cx.ge.Str.Int	cross	|'1' >= 1						G-ERR:TypeInferenceException: no overload of 'meta::pure::functions::boolean::greaterThanEqual' structurally matches the argument types (ExprType[type=STRING, multiplicity=Bounded[lower=1, upper=1]], ExprType[type=INTEGER, multiplicity=Bounded[lower=1, upper=1]]); [TypedParameter[name=left, type=DATE, multiplicity=Bounded[lower=0, upper=1]], TypedParameter[name=right, type=DATE, multiplicity=Bounded[lower=0, upper=1]]]; [TypedParameter[name=left, type=DATE, multiplicity=Bounded[lower=0, upper=1]], TypedParameter[name=right, type=DATE, multiplicity=Bounded[lower=1, upper=1]]]; [TypedParameter[name=left, type=DATE, multiplicity=Bounded[lower=1, upper=1]], TypedParameter[name=right, type=DATE, multiplicity=Bounded[lower=0, upper=1]]]; [TypedParameter[name=left, type=DATE, multiplicity=Bounded[lower=1, upper=1]], TypedParameter[name=right, type=DATE, multiplicity=Bounded[lower=1, upper=1]]]; [TypedParameter[name=left, type=NUMBER, multiplicity=Bounded[lower=0, upper=1]], TypedParameter[name=right, type=NUMBER, multiplicity=Bounded[lower=0, upper=1]]]; [TypedParameter[name=left, type=NUMBER, multiplicity=Bounded[lower=0, upper=1]], TypedParameter[name=right, type=NUMBER, multiplicity=Bounded[lower=1, upper=1]]]; [TypedParameter[name=left, type=NUMBER, multiplicity=Bounded[lower=1, upper=1]], TypedParameter[name=right, type=NUMBER, multiplicity=Bounded[lower=0, upper=1]]]; [TypedParameter[name=left, type=NUMBER, multiplicity=Bounded[lower=1, upper=1]], TypedParameter[name=right, type=NUMBER, multiplicity=Bounded[lower=1, upper=1]]]; [TypedParameter[name=left, type=STRING, multiplicity=Bounded[lower=0, upper=1]], TypedParameter[name=right, type=STRING, multiplicity=Bounded[lower=0, upper=1]]]; [TypedParameter[name=left, type=STRING, multiplicity=Bounded[lower=0, upper=1]], TypedParameter[name=right, type=STRING, multiplicity=Bounded[lower=1, upper=1]]]; [TypedParameter[name=left, type=STRING, multiplicity=Bounded[lower=1, upper=1]], TypedParameter[name=right, type=STRING, multiplicity=Bounded[lower=0, upper=1]]]; [TypedParameter[name=left, type=STRING, multiplicity=Bounded[lower=1, upper=1]], TypedParameter[name=right, type=STRING, multiplicity=Bounded[lower=1, upper=1]]]; [TypedParameter[name=left, type=BOOLEAN, multiplicity=Bounded[lower=0, upper=1]], TypedParameter[name=right, type=BOOLEAN, multiplicity=Bounded[lower=0, upper=1]]]	G-REJECT
cx.eq.Str.Float	cross	|'1' == 1.0	Boolean	[1]	SELECT '1' = CAST(1.0 AS DOUBLE) AS value	Boolean	true	OK	OK
cx.ne.Str.Float	cross	|'1' != 1.0	Boolean	[1]	SELECT '1' <> CAST(1.0 AS DOUBLE) AS value	Boolean	false	OK	OK
cx.lt.Str.Float	cross	|'1' < 1.0						G-ERR:TypeInferenceException: no overload of 'meta::pure::functions::boolean::lessThan' structurally matches the argument types (ExprType[type=STRING, multiplicity=Bounded[lower=1, upper=1]], ExprType[type=FLOAT, multiplicity=Bounded[lower=1, upper=1]]); [TypedParameter[name=left, type=DATE, multiplicity=Bounded[lower=0, upper=1]], TypedParameter[name=right, type=DATE, multiplicity=Bounded[lower=0, upper=1]]]; [TypedParameter[name=left, type=BOOLEAN, multiplicity=Bounded[lower=0, upper=1]], TypedParameter[name=right, type=BOOLEAN, multiplicity=Bounded[lower=0, upper=1]]]; [TypedParameter[name=left, type=DATE, multiplicity=Bounded[lower=0, upper=1]], TypedParameter[name=right, type=DATE, multiplicity=Bounded[lower=1, upper=1]]]; [TypedParameter[name=left, type=DATE, multiplicity=Bounded[lower=1, upper=1]], TypedParameter[name=right, type=DATE, multiplicity=Bounded[lower=0, upper=1]]]; [TypedParameter[name=left, type=DATE, multiplicity=Bounded[lower=1, upper=1]], TypedParameter[name=right, type=DATE, multiplicity=Bounded[lower=1, upper=1]]]; [TypedParameter[name=left, type=NUMBER, multiplicity=Bounded[lower=0, upper=1]], TypedParameter[name=right, type=NUMBER, multiplicity=Bounded[lower=0, upper=1]]]; [TypedParameter[name=left, type=NUMBER, multiplicity=Bounded[lower=0, upper=1]], TypedParameter[name=right, type=NUMBER, multiplicity=Bounded[lower=1, upper=1]]]; [TypedParameter[name=left, type=NUMBER, multiplicity=Bounded[lower=1, upper=1]], TypedParameter[name=right, type=NUMBER, multiplicity=Bounded[lower=0, upper=1]]]; [TypedParameter[name=left, type=NUMBER, multiplicity=Bounded[lower=1, upper=1]], TypedParameter[name=right, type=NUMBER, multiplicity=Bounded[lower=1, upper=1]]]; [TypedParameter[name=left, type=STRING, multiplicity=Bounded[lower=0, upper=1]], TypedParameter[name=right, type=STRING, multiplicity=Bounded[lower=0, upper=1]]]; [TypedParameter[name=left, type=STRING, multiplicity=Bounded[lower=0, upper=1]], TypedParameter[name=right, type=STRING, multiplicity=Bounded[lower=1, upper=1]]]; [TypedParameter[name=left, type=STRING, multiplicity=Bounded[lower=1, upper=1]], TypedParameter[name=right, type=STRING, multiplicity=Bounded[lower=0, upper=1]]]; [TypedParameter[name=left, type=STRING, multiplicity=Bounded[lower=1, upper=1]], TypedParameter[name=right, type=STRING, multiplicity=Bounded[lower=1, upper=1]]]	G-REJECT
cx.gt.Str.Float	cross	|'1' > 1.0						G-ERR:TypeInferenceException: no overload of 'meta::pure::functions::boolean::greaterThan' structurally matches the argument types (ExprType[type=STRING, multiplicity=Bounded[lower=1, upper=1]], ExprType[type=FLOAT, multiplicity=Bounded[lower=1, upper=1]]); [TypedParameter[name=left, type=DATE, multiplicity=Bounded[lower=0, upper=1]], TypedParameter[name=right, type=DATE, multiplicity=Bounded[lower=0, upper=1]]]; [TypedParameter[name=left, type=DATE, multiplicity=Bounded[lower=0, upper=1]], TypedParameter[name=right, type=DATE, multiplicity=Bounded[lower=1, upper=1]]]; [TypedParameter[name=left, type=DATE, multiplicity=Bounded[lower=1, upper=1]], TypedParameter[name=right, type=DATE, multiplicity=Bounded[lower=0, upper=1]]]; [TypedParameter[name=left, type=DATE, multiplicity=Bounded[lower=1, upper=1]], TypedParameter[name=right, type=DATE, multiplicity=Bounded[lower=1, upper=1]]]; [TypedParameter[name=left, type=NUMBER, multiplicity=Bounded[lower=0, upper=1]], TypedParameter[name=right, type=NUMBER, multiplicity=Bounded[lower=0, upper=1]]]; [TypedParameter[name=left, type=NUMBER, multiplicity=Bounded[lower=0, upper=1]], TypedParameter[name=right, type=NUMBER, multiplicity=Bounded[lower=1, upper=1]]]; [TypedParameter[name=left, type=NUMBER, multiplicity=Bounded[lower=1, upper=1]], TypedParameter[name=right, type=NUMBER, multiplicity=Bounded[lower=0, upper=1]]]; [TypedParameter[name=left, type=NUMBER, multiplicity=Bounded[lower=1, upper=1]], TypedParameter[name=right, type=NUMBER, multiplicity=Bounded[lower=1, upper=1]]]; [TypedParameter[name=left, type=STRING, multiplicity=Bounded[lower=0, upper=1]], TypedParameter[name=right, type=STRING, multiplicity=Bounded[lower=0, upper=1]]]; [TypedParameter[name=left, type=STRING, multiplicity=Bounded[lower=0, upper=1]], TypedParameter[name=right, type=STRING, multiplicity=Bounded[lower=1, upper=1]]]; [TypedParameter[name=left, type=STRING, multiplicity=Bounded[lower=1, upper=1]], TypedParameter[name=right, type=STRING, multiplicity=Bounded[lower=0, upper=1]]]; [TypedParameter[name=left, type=STRING, multiplicity=Bounded[lower=1, upper=1]], TypedParameter[name=right, type=STRING, multiplicity=Bounded[lower=1, upper=1]]]; [TypedParameter[name=left, type=BOOLEAN, multiplicity=Bounded[lower=0, upper=1]], TypedParameter[name=right, type=BOOLEAN, multiplicity=Bounded[lower=0, upper=1]]]	G-REJECT
cx.le.Str.Float	cross	|'1' <= 1.0						G-ERR:TypeInferenceException: no overload of 'meta::pure::functions::boolean::lessThanEqual' structurally matches the argument types (ExprType[type=STRING, multiplicity=Bounded[lower=1, upper=1]], ExprType[type=FLOAT, multiplicity=Bounded[lower=1, upper=1]]); [TypedParameter[name=left, type=DATE, multiplicity=Bounded[lower=0, upper=1]], TypedParameter[name=right, type=DATE, multiplicity=Bounded[lower=0, upper=1]]]; [TypedParameter[name=left, type=DATE, multiplicity=Bounded[lower=0, upper=1]], TypedParameter[name=right, type=DATE, multiplicity=Bounded[lower=1, upper=1]]]; [TypedParameter[name=left, type=DATE, multiplicity=Bounded[lower=1, upper=1]], TypedParameter[name=right, type=DATE, multiplicity=Bounded[lower=0, upper=1]]]; [TypedParameter[name=left, type=DATE, multiplicity=Bounded[lower=1, upper=1]], TypedParameter[name=right, type=DATE, multiplicity=Bounded[lower=1, upper=1]]]; [TypedParameter[name=left, type=NUMBER, multiplicity=Bounded[lower=0, upper=1]], TypedParameter[name=right, type=NUMBER, multiplicity=Bounded[lower=0, upper=1]]]; [TypedParameter[name=left, type=NUMBER, multiplicity=Bounded[lower=0, upper=1]], TypedParameter[name=right, type=NUMBER, multiplicity=Bounded[lower=1, upper=1]]]; [TypedParameter[name=left, type=NUMBER, multiplicity=Bounded[lower=1, upper=1]], TypedParameter[name=right, type=NUMBER, multiplicity=Bounded[lower=0, upper=1]]]; [TypedParameter[name=left, type=NUMBER, multiplicity=Bounded[lower=1, upper=1]], TypedParameter[name=right, type=NUMBER, multiplicity=Bounded[lower=1, upper=1]]]; [TypedParameter[name=left, type=STRING, multiplicity=Bounded[lower=0, upper=1]], TypedParameter[name=right, type=STRING, multiplicity=Bounded[lower=0, upper=1]]]; [TypedParameter[name=left, type=STRING, multiplicity=Bounded[lower=0, upper=1]], TypedParameter[name=right, type=STRING, multiplicity=Bounded[lower=1, upper=1]]]; [TypedParameter[name=left, type=STRING, multiplicity=Bounded[lower=1, upper=1]], TypedParameter[name=right, type=STRING, multiplicity=Bounded[lower=0, upper=1]]]; [TypedParameter[name=left, type=STRING, multiplicity=Bounded[lower=1, upper=1]], TypedParameter[name=right, type=STRING, multiplicity=Bounded[lower=1, upper=1]]]; [TypedParameter[name=left, type=BOOLEAN, multiplicity=Bounded[lower=0, upper=1]], TypedParameter[name=right, type=BOOLEAN, multiplicity=Bounded[lower=0, upper=1]]]	G-REJECT
cx.ge.Str.Float	cross	|'1' >= 1.0						G-ERR:TypeInferenceException: no overload of 'meta::pure::functions::boolean::greaterThanEqual' structurally matches the argument types (ExprType[type=STRING, multiplicity=Bounded[lower=1, upper=1]], ExprType[type=FLOAT, multiplicity=Bounded[lower=1, upper=1]]); [TypedParameter[name=left, type=DATE, multiplicity=Bounded[lower=0, upper=1]], TypedParameter[name=right, type=DATE, multiplicity=Bounded[lower=0, upper=1]]]; [TypedParameter[name=left, type=DATE, multiplicity=Bounded[lower=0, upper=1]], TypedParameter[name=right, type=DATE, multiplicity=Bounded[lower=1, upper=1]]]; [TypedParameter[name=left, type=DATE, multiplicity=Bounded[lower=1, upper=1]], TypedParameter[name=right, type=DATE, multiplicity=Bounded[lower=0, upper=1]]]; [TypedParameter[name=left, type=DATE, multiplicity=Bounded[lower=1, upper=1]], TypedParameter[name=right, type=DATE, multiplicity=Bounded[lower=1, upper=1]]]; [TypedParameter[name=left, type=NUMBER, multiplicity=Bounded[lower=0, upper=1]], TypedParameter[name=right, type=NUMBER, multiplicity=Bounded[lower=0, upper=1]]]; [TypedParameter[name=left, type=NUMBER, multiplicity=Bounded[lower=0, upper=1]], TypedParameter[name=right, type=NUMBER, multiplicity=Bounded[lower=1, upper=1]]]; [TypedParameter[name=left, type=NUMBER, multiplicity=Bounded[lower=1, upper=1]], TypedParameter[name=right, type=NUMBER, multiplicity=Bounded[lower=0, upper=1]]]; [TypedParameter[name=left, type=NUMBER, multiplicity=Bounded[lower=1, upper=1]], TypedParameter[name=right, type=NUMBER, multiplicity=Bounded[lower=1, upper=1]]]; [TypedParameter[name=left, type=STRING, multiplicity=Bounded[lower=0, upper=1]], TypedParameter[name=right, type=STRING, multiplicity=Bounded[lower=0, upper=1]]]; [TypedParameter[name=left, type=STRING, multiplicity=Bounded[lower=0, upper=1]], TypedParameter[name=right, type=STRING, multiplicity=Bounded[lower=1, upper=1]]]; [TypedParameter[name=left, type=STRING, multiplicity=Bounded[lower=1, upper=1]], TypedParameter[name=right, type=STRING, multiplicity=Bounded[lower=0, upper=1]]]; [TypedParameter[name=left, type=STRING, multiplicity=Bounded[lower=1, upper=1]], TypedParameter[name=right, type=STRING, multiplicity=Bounded[lower=1, upper=1]]]; [TypedParameter[name=left, type=BOOLEAN, multiplicity=Bounded[lower=0, upper=1]], TypedParameter[name=right, type=BOOLEAN, multiplicity=Bounded[lower=0, upper=1]]]	G-REJECT
cx.eq.Str.Dec	cross	|'1' == 1.0d	Boolean	[1]	SELECT '1' = 1.0 AS value	Boolean	true	OK	OK
cx.ne.Str.Dec	cross	|'1' != 1.0d	Boolean	[1]	SELECT '1' <> 1.0 AS value	Boolean	false	OK	OK
cx.lt.Str.Dec	cross	|'1' < 1.0d						G-ERR:TypeInferenceException: no overload of 'meta::pure::functions::boolean::lessThan' structurally matches the argument types (ExprType[type=STRING, multiplicity=Bounded[lower=1, upper=1]], ExprType[type=PrecisionDecimal[precision=38, scale=1], multiplicity=Bounded[lower=1, upper=1]]); [TypedParameter[name=left, type=DATE, multiplicity=Bounded[lower=0, upper=1]], TypedParameter[name=right, type=DATE, multiplicity=Bounded[lower=0, upper=1]]]; [TypedParameter[name=left, type=BOOLEAN, multiplicity=Bounded[lower=0, upper=1]], TypedParameter[name=right, type=BOOLEAN, multiplicity=Bounded[lower=0, upper=1]]]; [TypedParameter[name=left, type=DATE, multiplicity=Bounded[lower=0, upper=1]], TypedParameter[name=right, type=DATE, multiplicity=Bounded[lower=1, upper=1]]]; [TypedParameter[name=left, type=DATE, multiplicity=Bounded[lower=1, upper=1]], TypedParameter[name=right, type=DATE, multiplicity=Bounded[lower=0, upper=1]]]; [TypedParameter[name=left, type=DATE, multiplicity=Bounded[lower=1, upper=1]], TypedParameter[name=right, type=DATE, multiplicity=Bounded[lower=1, upper=1]]]; [TypedParameter[name=left, type=NUMBER, multiplicity=Bounded[lower=0, upper=1]], TypedParameter[name=right, type=NUMBER, multiplicity=Bounded[lower=0, upper=1]]]; [TypedParameter[name=left, type=NUMBER, multiplicity=Bounded[lower=0, upper=1]], TypedParameter[name=right, type=NUMBER, multiplicity=Bounded[lower=1, upper=1]]]; [TypedParameter[name=left, type=NUMBER, multiplicity=Bounded[lower=1, upper=1]], TypedParameter[name=right, type=NUMBER, multiplicity=Bounded[lower=0, upper=1]]]; [TypedParameter[name=left, type=NUMBER, multiplicity=Bounded[lower=1, upper=1]], TypedParameter[name=right, type=NUMBER, multiplicity=Bounded[lower=1, upper=1]]]; [TypedParameter[name=left, type=STRING, multiplicity=Bounded[lower=0, upper=1]], TypedParameter[name=right, type=STRING, multiplicity=Bounded[lower=0, upper=1]]]; [TypedParameter[name=left, type=STRING, multiplicity=Bounded[lower=0, upper=1]], TypedParameter[name=right, type=STRING, multiplicity=Bounded[lower=1, upper=1]]]; [TypedParameter[name=left, type=STRING, multiplicity=Bounded[lower=1, upper=1]], TypedParameter[name=right, type=STRING, multiplicity=Bounded[lower=0, upper=1]]]; [TypedParameter[name=left, type=STRING, multiplicity=Bounded[lower=1, upper=1]], TypedParameter[name=right, type=STRING, multiplicity=Bounded[lower=1, upper=1]]]	G-REJECT
cx.gt.Str.Dec	cross	|'1' > 1.0d						G-ERR:TypeInferenceException: no overload of 'meta::pure::functions::boolean::greaterThan' structurally matches the argument types (ExprType[type=STRING, multiplicity=Bounded[lower=1, upper=1]], ExprType[type=PrecisionDecimal[precision=38, scale=1], multiplicity=Bounded[lower=1, upper=1]]); [TypedParameter[name=left, type=DATE, multiplicity=Bounded[lower=0, upper=1]], TypedParameter[name=right, type=DATE, multiplicity=Bounded[lower=0, upper=1]]]; [TypedParameter[name=left, type=DATE, multiplicity=Bounded[lower=0, upper=1]], TypedParameter[name=right, type=DATE, multiplicity=Bounded[lower=1, upper=1]]]; [TypedParameter[name=left, type=DATE, multiplicity=Bounded[lower=1, upper=1]], TypedParameter[name=right, type=DATE, multiplicity=Bounded[lower=0, upper=1]]]; [TypedParameter[name=left, type=DATE, multiplicity=Bounded[lower=1, upper=1]], TypedParameter[name=right, type=DATE, multiplicity=Bounded[lower=1, upper=1]]]; [TypedParameter[name=left, type=NUMBER, multiplicity=Bounded[lower=0, upper=1]], TypedParameter[name=right, type=NUMBER, multiplicity=Bounded[lower=0, upper=1]]]; [TypedParameter[name=left, type=NUMBER, multiplicity=Bounded[lower=0, upper=1]], TypedParameter[name=right, type=NUMBER, multiplicity=Bounded[lower=1, upper=1]]]; [TypedParameter[name=left, type=NUMBER, multiplicity=Bounded[lower=1, upper=1]], TypedParameter[name=right, type=NUMBER, multiplicity=Bounded[lower=0, upper=1]]]; [TypedParameter[name=left, type=NUMBER, multiplicity=Bounded[lower=1, upper=1]], TypedParameter[name=right, type=NUMBER, multiplicity=Bounded[lower=1, upper=1]]]; [TypedParameter[name=left, type=STRING, multiplicity=Bounded[lower=0, upper=1]], TypedParameter[name=right, type=STRING, multiplicity=Bounded[lower=0, upper=1]]]; [TypedParameter[name=left, type=STRING, multiplicity=Bounded[lower=0, upper=1]], TypedParameter[name=right, type=STRING, multiplicity=Bounded[lower=1, upper=1]]]; [TypedParameter[name=left, type=STRING, multiplicity=Bounded[lower=1, upper=1]], TypedParameter[name=right, type=STRING, multiplicity=Bounded[lower=0, upper=1]]]; [TypedParameter[name=left, type=STRING, multiplicity=Bounded[lower=1, upper=1]], TypedParameter[name=right, type=STRING, multiplicity=Bounded[lower=1, upper=1]]]; [TypedParameter[name=left, type=BOOLEAN, multiplicity=Bounded[lower=0, upper=1]], TypedParameter[name=right, type=BOOLEAN, multiplicity=Bounded[lower=0, upper=1]]]	G-REJECT
cx.le.Str.Dec	cross	|'1' <= 1.0d						G-ERR:TypeInferenceException: no overload of 'meta::pure::functions::boolean::lessThanEqual' structurally matches the argument types (ExprType[type=STRING, multiplicity=Bounded[lower=1, upper=1]], ExprType[type=PrecisionDecimal[precision=38, scale=1], multiplicity=Bounded[lower=1, upper=1]]); [TypedParameter[name=left, type=DATE, multiplicity=Bounded[lower=0, upper=1]], TypedParameter[name=right, type=DATE, multiplicity=Bounded[lower=0, upper=1]]]; [TypedParameter[name=left, type=DATE, multiplicity=Bounded[lower=0, upper=1]], TypedParameter[name=right, type=DATE, multiplicity=Bounded[lower=1, upper=1]]]; [TypedParameter[name=left, type=DATE, multiplicity=Bounded[lower=1, upper=1]], TypedParameter[name=right, type=DATE, multiplicity=Bounded[lower=0, upper=1]]]; [TypedParameter[name=left, type=DATE, multiplicity=Bounded[lower=1, upper=1]], TypedParameter[name=right, type=DATE, multiplicity=Bounded[lower=1, upper=1]]]; [TypedParameter[name=left, type=NUMBER, multiplicity=Bounded[lower=0, upper=1]], TypedParameter[name=right, type=NUMBER, multiplicity=Bounded[lower=0, upper=1]]]; [TypedParameter[name=left, type=NUMBER, multiplicity=Bounded[lower=0, upper=1]], TypedParameter[name=right, type=NUMBER, multiplicity=Bounded[lower=1, upper=1]]]; [TypedParameter[name=left, type=NUMBER, multiplicity=Bounded[lower=1, upper=1]], TypedParameter[name=right, type=NUMBER, multiplicity=Bounded[lower=0, upper=1]]]; [TypedParameter[name=left, type=NUMBER, multiplicity=Bounded[lower=1, upper=1]], TypedParameter[name=right, type=NUMBER, multiplicity=Bounded[lower=1, upper=1]]]; [TypedParameter[name=left, type=STRING, multiplicity=Bounded[lower=0, upper=1]], TypedParameter[name=right, type=STRING, multiplicity=Bounded[lower=0, upper=1]]]; [TypedParameter[name=left, type=STRING, multiplicity=Bounded[lower=0, upper=1]], TypedParameter[name=right, type=STRING, multiplicity=Bounded[lower=1, upper=1]]]; [TypedParameter[name=left, type=STRING, multiplicity=Bounded[lower=1, upper=1]], TypedParameter[name=right, type=STRING, multiplicity=Bounded[lower=0, upper=1]]]; [TypedParameter[name=left, type=STRING, multiplicity=Bounded[lower=1, upper=1]], TypedParameter[name=right, type=STRING, multiplicity=Bounded[lower=1, upper=1]]]; [TypedParameter[name=left, type=BOOLEAN, multiplicity=Bounded[lower=0, upper=1]], TypedParameter[name=right, type=BOOLEAN, multiplicity=Bounded[lower=0, upper=1]]]	G-REJECT
cx.ge.Str.Dec	cross	|'1' >= 1.0d						G-ERR:TypeInferenceException: no overload of 'meta::pure::functions::boolean::greaterThanEqual' structurally matches the argument types (ExprType[type=STRING, multiplicity=Bounded[lower=1, upper=1]], ExprType[type=PrecisionDecimal[precision=38, scale=1], multiplicity=Bounded[lower=1, upper=1]]); [TypedParameter[name=left, type=DATE, multiplicity=Bounded[lower=0, upper=1]], TypedParameter[name=right, type=DATE, multiplicity=Bounded[lower=0, upper=1]]]; [TypedParameter[name=left, type=DATE, multiplicity=Bounded[lower=0, upper=1]], TypedParameter[name=right, type=DATE, multiplicity=Bounded[lower=1, upper=1]]]; [TypedParameter[name=left, type=DATE, multiplicity=Bounded[lower=1, upper=1]], TypedParameter[name=right, type=DATE, multiplicity=Bounded[lower=0, upper=1]]]; [TypedParameter[name=left, type=DATE, multiplicity=Bounded[lower=1, upper=1]], TypedParameter[name=right, type=DATE, multiplicity=Bounded[lower=1, upper=1]]]; [TypedParameter[name=left, type=NUMBER, multiplicity=Bounded[lower=0, upper=1]], TypedParameter[name=right, type=NUMBER, multiplicity=Bounded[lower=0, upper=1]]]; [TypedParameter[name=left, type=NUMBER, multiplicity=Bounded[lower=0, upper=1]], TypedParameter[name=right, type=NUMBER, multiplicity=Bounded[lower=1, upper=1]]]; [TypedParameter[name=left, type=NUMBER, multiplicity=Bounded[lower=1, upper=1]], TypedParameter[name=right, type=NUMBER, multiplicity=Bounded[lower=0, upper=1]]]; [TypedParameter[name=left, type=NUMBER, multiplicity=Bounded[lower=1, upper=1]], TypedParameter[name=right, type=NUMBER, multiplicity=Bounded[lower=1, upper=1]]]; [TypedParameter[name=left, type=STRING, multiplicity=Bounded[lower=0, upper=1]], TypedParameter[name=right, type=STRING, multiplicity=Bounded[lower=0, upper=1]]]; [TypedParameter[name=left, type=STRING, multiplicity=Bounded[lower=0, upper=1]], TypedParameter[name=right, type=STRING, multiplicity=Bounded[lower=1, upper=1]]]; [TypedParameter[name=left, type=STRING, multiplicity=Bounded[lower=1, upper=1]], TypedParameter[name=right, type=STRING, multiplicity=Bounded[lower=0, upper=1]]]; [TypedParameter[name=left, type=STRING, multiplicity=Bounded[lower=1, upper=1]], TypedParameter[name=right, type=STRING, multiplicity=Bounded[lower=1, upper=1]]]; [TypedParameter[name=left, type=BOOLEAN, multiplicity=Bounded[lower=0, upper=1]], TypedParameter[name=right, type=BOOLEAN, multiplicity=Bounded[lower=0, upper=1]]]	G-REJECT
cx.eq.Str.Str	cross	|'1' == '1'	Boolean	[1]	SELECT '1' = '1' AS value	Boolean	true	OK	OK
cx.ne.Str.Str	cross	|'1' != '1'	Boolean	[1]	SELECT '1' <> '1' AS value	Boolean	false	OK	OK
cx.lt.Str.Str	cross	|'1' < '1'	Boolean	[1]	SELECT '1' < '1' AS value	Boolean	false	OK	OK
cx.gt.Str.Str	cross	|'1' > '1'	Boolean	[1]	SELECT '1' > '1' AS value	Boolean	false	OK	OK
cx.le.Str.Str	cross	|'1' <= '1'	Boolean	[1]	SELECT '1' <= '1' AS value	Boolean	true	OK	OK
cx.ge.Str.Str	cross	|'1' >= '1'	Boolean	[1]	SELECT '1' >= '1' AS value	Boolean	true	OK	OK
cx.eq.Str.SDate	cross	|'1' == %2024-03-15	Boolean	[1]	SELECT '1' = DATE '2024-03-15' AS value			EXEC-ERR:SQLException: Conversion Error: invalid date field format: "1", expected format is (YYYY-MM-DD)  LINE 1: SELECT '1' = DATE '2024-03-15' AS value                ^	DB-ERROR
cx.ne.Str.SDate	cross	|'1' != %2024-03-15	Boolean	[1]	SELECT '1' <> DATE '2024-03-15' AS value			EXEC-ERR:SQLException: Conversion Error: invalid date field format: "1", expected format is (YYYY-MM-DD)  LINE 1: SELECT '1' <> DATE '2024-03-15' AS value                ^	DB-ERROR
cx.lt.Str.SDate	cross	|'1' < %2024-03-15						G-ERR:TypeInferenceException: no overload of 'meta::pure::functions::boolean::lessThan' structurally matches the argument types (ExprType[type=STRING, multiplicity=Bounded[lower=1, upper=1]], ExprType[type=STRICT_DATE, multiplicity=Bounded[lower=1, upper=1]]); [TypedParameter[name=left, type=DATE, multiplicity=Bounded[lower=0, upper=1]], TypedParameter[name=right, type=DATE, multiplicity=Bounded[lower=0, upper=1]]]; [TypedParameter[name=left, type=BOOLEAN, multiplicity=Bounded[lower=0, upper=1]], TypedParameter[name=right, type=BOOLEAN, multiplicity=Bounded[lower=0, upper=1]]]; [TypedParameter[name=left, type=DATE, multiplicity=Bounded[lower=0, upper=1]], TypedParameter[name=right, type=DATE, multiplicity=Bounded[lower=1, upper=1]]]; [TypedParameter[name=left, type=DATE, multiplicity=Bounded[lower=1, upper=1]], TypedParameter[name=right, type=DATE, multiplicity=Bounded[lower=0, upper=1]]]; [TypedParameter[name=left, type=DATE, multiplicity=Bounded[lower=1, upper=1]], TypedParameter[name=right, type=DATE, multiplicity=Bounded[lower=1, upper=1]]]; [TypedParameter[name=left, type=NUMBER, multiplicity=Bounded[lower=0, upper=1]], TypedParameter[name=right, type=NUMBER, multiplicity=Bounded[lower=0, upper=1]]]; [TypedParameter[name=left, type=NUMBER, multiplicity=Bounded[lower=0, upper=1]], TypedParameter[name=right, type=NUMBER, multiplicity=Bounded[lower=1, upper=1]]]; [TypedParameter[name=left, type=NUMBER, multiplicity=Bounded[lower=1, upper=1]], TypedParameter[name=right, type=NUMBER, multiplicity=Bounded[lower=0, upper=1]]]; [TypedParameter[name=left, type=NUMBER, multiplicity=Bounded[lower=1, upper=1]], TypedParameter[name=right, type=NUMBER, multiplicity=Bounded[lower=1, upper=1]]]; [TypedParameter[name=left, type=STRING, multiplicity=Bounded[lower=0, upper=1]], TypedParameter[name=right, type=STRING, multiplicity=Bounded[lower=0, upper=1]]]; [TypedParameter[name=left, type=STRING, multiplicity=Bounded[lower=0, upper=1]], TypedParameter[name=right, type=STRING, multiplicity=Bounded[lower=1, upper=1]]]; [TypedParameter[name=left, type=STRING, multiplicity=Bounded[lower=1, upper=1]], TypedParameter[name=right, type=STRING, multiplicity=Bounded[lower=0, upper=1]]]; [TypedParameter[name=left, type=STRING, multiplicity=Bounded[lower=1, upper=1]], TypedParameter[name=right, type=STRING, multiplicity=Bounded[lower=1, upper=1]]]	G-REJECT
cx.gt.Str.SDate	cross	|'1' > %2024-03-15						G-ERR:TypeInferenceException: no overload of 'meta::pure::functions::boolean::greaterThan' structurally matches the argument types (ExprType[type=STRING, multiplicity=Bounded[lower=1, upper=1]], ExprType[type=STRICT_DATE, multiplicity=Bounded[lower=1, upper=1]]); [TypedParameter[name=left, type=DATE, multiplicity=Bounded[lower=0, upper=1]], TypedParameter[name=right, type=DATE, multiplicity=Bounded[lower=0, upper=1]]]; [TypedParameter[name=left, type=DATE, multiplicity=Bounded[lower=0, upper=1]], TypedParameter[name=right, type=DATE, multiplicity=Bounded[lower=1, upper=1]]]; [TypedParameter[name=left, type=DATE, multiplicity=Bounded[lower=1, upper=1]], TypedParameter[name=right, type=DATE, multiplicity=Bounded[lower=0, upper=1]]]; [TypedParameter[name=left, type=DATE, multiplicity=Bounded[lower=1, upper=1]], TypedParameter[name=right, type=DATE, multiplicity=Bounded[lower=1, upper=1]]]; [TypedParameter[name=left, type=NUMBER, multiplicity=Bounded[lower=0, upper=1]], TypedParameter[name=right, type=NUMBER, multiplicity=Bounded[lower=0, upper=1]]]; [TypedParameter[name=left, type=NUMBER, multiplicity=Bounded[lower=0, upper=1]], TypedParameter[name=right, type=NUMBER, multiplicity=Bounded[lower=1, upper=1]]]; [TypedParameter[name=left, type=NUMBER, multiplicity=Bounded[lower=1, upper=1]], TypedParameter[name=right, type=NUMBER, multiplicity=Bounded[lower=0, upper=1]]]; [TypedParameter[name=left, type=NUMBER, multiplicity=Bounded[lower=1, upper=1]], TypedParameter[name=right, type=NUMBER, multiplicity=Bounded[lower=1, upper=1]]]; [TypedParameter[name=left, type=STRING, multiplicity=Bounded[lower=0, upper=1]], TypedParameter[name=right, type=STRING, multiplicity=Bounded[lower=0, upper=1]]]; [TypedParameter[name=left, type=STRING, multiplicity=Bounded[lower=0, upper=1]], TypedParameter[name=right, type=STRING, multiplicity=Bounded[lower=1, upper=1]]]; [TypedParameter[name=left, type=STRING, multiplicity=Bounded[lower=1, upper=1]], TypedParameter[name=right, type=STRING, multiplicity=Bounded[lower=0, upper=1]]]; [TypedParameter[name=left, type=STRING, multiplicity=Bounded[lower=1, upper=1]], TypedParameter[name=right, type=STRING, multiplicity=Bounded[lower=1, upper=1]]]; [TypedParameter[name=left, type=BOOLEAN, multiplicity=Bounded[lower=0, upper=1]], TypedParameter[name=right, type=BOOLEAN, multiplicity=Bounded[lower=0, upper=1]]]	G-REJECT
cx.le.Str.SDate	cross	|'1' <= %2024-03-15						G-ERR:TypeInferenceException: no overload of 'meta::pure::functions::boolean::lessThanEqual' structurally matches the argument types (ExprType[type=STRING, multiplicity=Bounded[lower=1, upper=1]], ExprType[type=STRICT_DATE, multiplicity=Bounded[lower=1, upper=1]]); [TypedParameter[name=left, type=DATE, multiplicity=Bounded[lower=0, upper=1]], TypedParameter[name=right, type=DATE, multiplicity=Bounded[lower=0, upper=1]]]; [TypedParameter[name=left, type=DATE, multiplicity=Bounded[lower=0, upper=1]], TypedParameter[name=right, type=DATE, multiplicity=Bounded[lower=1, upper=1]]]; [TypedParameter[name=left, type=DATE, multiplicity=Bounded[lower=1, upper=1]], TypedParameter[name=right, type=DATE, multiplicity=Bounded[lower=0, upper=1]]]; [TypedParameter[name=left, type=DATE, multiplicity=Bounded[lower=1, upper=1]], TypedParameter[name=right, type=DATE, multiplicity=Bounded[lower=1, upper=1]]]; [TypedParameter[name=left, type=NUMBER, multiplicity=Bounded[lower=0, upper=1]], TypedParameter[name=right, type=NUMBER, multiplicity=Bounded[lower=0, upper=1]]]; [TypedParameter[name=left, type=NUMBER, multiplicity=Bounded[lower=0, upper=1]], TypedParameter[name=right, type=NUMBER, multiplicity=Bounded[lower=1, upper=1]]]; [TypedParameter[name=left, type=NUMBER, multiplicity=Bounded[lower=1, upper=1]], TypedParameter[name=right, type=NUMBER, multiplicity=Bounded[lower=0, upper=1]]]; [TypedParameter[name=left, type=NUMBER, multiplicity=Bounded[lower=1, upper=1]], TypedParameter[name=right, type=NUMBER, multiplicity=Bounded[lower=1, upper=1]]]; [TypedParameter[name=left, type=STRING, multiplicity=Bounded[lower=0, upper=1]], TypedParameter[name=right, type=STRING, multiplicity=Bounded[lower=0, upper=1]]]; [TypedParameter[name=left, type=STRING, multiplicity=Bounded[lower=0, upper=1]], TypedParameter[name=right, type=STRING, multiplicity=Bounded[lower=1, upper=1]]]; [TypedParameter[name=left, type=STRING, multiplicity=Bounded[lower=1, upper=1]], TypedParameter[name=right, type=STRING, multiplicity=Bounded[lower=0, upper=1]]]; [TypedParameter[name=left, type=STRING, multiplicity=Bounded[lower=1, upper=1]], TypedParameter[name=right, type=STRING, multiplicity=Bounded[lower=1, upper=1]]]; [TypedParameter[name=left, type=BOOLEAN, multiplicity=Bounded[lower=0, upper=1]], TypedParameter[name=right, type=BOOLEAN, multiplicity=Bounded[lower=0, upper=1]]]	G-REJECT
cx.ge.Str.SDate	cross	|'1' >= %2024-03-15						G-ERR:TypeInferenceException: no overload of 'meta::pure::functions::boolean::greaterThanEqual' structurally matches the argument types (ExprType[type=STRING, multiplicity=Bounded[lower=1, upper=1]], ExprType[type=STRICT_DATE, multiplicity=Bounded[lower=1, upper=1]]); [TypedParameter[name=left, type=DATE, multiplicity=Bounded[lower=0, upper=1]], TypedParameter[name=right, type=DATE, multiplicity=Bounded[lower=0, upper=1]]]; [TypedParameter[name=left, type=DATE, multiplicity=Bounded[lower=0, upper=1]], TypedParameter[name=right, type=DATE, multiplicity=Bounded[lower=1, upper=1]]]; [TypedParameter[name=left, type=DATE, multiplicity=Bounded[lower=1, upper=1]], TypedParameter[name=right, type=DATE, multiplicity=Bounded[lower=0, upper=1]]]; [TypedParameter[name=left, type=DATE, multiplicity=Bounded[lower=1, upper=1]], TypedParameter[name=right, type=DATE, multiplicity=Bounded[lower=1, upper=1]]]; [TypedParameter[name=left, type=NUMBER, multiplicity=Bounded[lower=0, upper=1]], TypedParameter[name=right, type=NUMBER, multiplicity=Bounded[lower=0, upper=1]]]; [TypedParameter[name=left, type=NUMBER, multiplicity=Bounded[lower=0, upper=1]], TypedParameter[name=right, type=NUMBER, multiplicity=Bounded[lower=1, upper=1]]]; [TypedParameter[name=left, type=NUMBER, multiplicity=Bounded[lower=1, upper=1]], TypedParameter[name=right, type=NUMBER, multiplicity=Bounded[lower=0, upper=1]]]; [TypedParameter[name=left, type=NUMBER, multiplicity=Bounded[lower=1, upper=1]], TypedParameter[name=right, type=NUMBER, multiplicity=Bounded[lower=1, upper=1]]]; [TypedParameter[name=left, type=STRING, multiplicity=Bounded[lower=0, upper=1]], TypedParameter[name=right, type=STRING, multiplicity=Bounded[lower=0, upper=1]]]; [TypedParameter[name=left, type=STRING, multiplicity=Bounded[lower=0, upper=1]], TypedParameter[name=right, type=STRING, multiplicity=Bounded[lower=1, upper=1]]]; [TypedParameter[name=left, type=STRING, multiplicity=Bounded[lower=1, upper=1]], TypedParameter[name=right, type=STRING, multiplicity=Bounded[lower=0, upper=1]]]; [TypedParameter[name=left, type=STRING, multiplicity=Bounded[lower=1, upper=1]], TypedParameter[name=right, type=STRING, multiplicity=Bounded[lower=1, upper=1]]]; [TypedParameter[name=left, type=BOOLEAN, multiplicity=Bounded[lower=0, upper=1]], TypedParameter[name=right, type=BOOLEAN, multiplicity=Bounded[lower=0, upper=1]]]	G-REJECT
cx.eq.Str.DTime	cross	|'1' == %2024-03-15T10:30:45	Boolean	[1]	SELECT '1' = TIMESTAMP '2024-03-15T10:30:45' AS value			EXEC-ERR:SQLException: Conversion Error: invalid timestamp field format: "1", expected format is (YYYY-MM-DD HH:MM:SS[.US][?HH[:MM[:SS]]| ZONE])  LINE 1: SELECT '1' = TIMESTAMP '2024-03-15T10:30:45' AS value                ^	DB-ERROR
cx.ne.Str.DTime	cross	|'1' != %2024-03-15T10:30:45	Boolean	[1]	SELECT '1' <> TIMESTAMP '2024-03-15T10:30:45' AS value			EXEC-ERR:SQLException: Conversion Error: invalid timestamp field format: "1", expected format is (YYYY-MM-DD HH:MM:SS[.US][?HH[:MM[:SS]]| ZONE])  LINE 1: SELECT '1' <> TIMESTAMP '2024-03-15T10:30:45' AS value                ^	DB-ERROR
cx.lt.Str.DTime	cross	|'1' < %2024-03-15T10:30:45						G-ERR:TypeInferenceException: no overload of 'meta::pure::functions::boolean::lessThan' structurally matches the argument types (ExprType[type=STRING, multiplicity=Bounded[lower=1, upper=1]], ExprType[type=DATE_TIME, multiplicity=Bounded[lower=1, upper=1]]); [TypedParameter[name=left, type=DATE, multiplicity=Bounded[lower=0, upper=1]], TypedParameter[name=right, type=DATE, multiplicity=Bounded[lower=0, upper=1]]]; [TypedParameter[name=left, type=BOOLEAN, multiplicity=Bounded[lower=0, upper=1]], TypedParameter[name=right, type=BOOLEAN, multiplicity=Bounded[lower=0, upper=1]]]; [TypedParameter[name=left, type=DATE, multiplicity=Bounded[lower=0, upper=1]], TypedParameter[name=right, type=DATE, multiplicity=Bounded[lower=1, upper=1]]]; [TypedParameter[name=left, type=DATE, multiplicity=Bounded[lower=1, upper=1]], TypedParameter[name=right, type=DATE, multiplicity=Bounded[lower=0, upper=1]]]; [TypedParameter[name=left, type=DATE, multiplicity=Bounded[lower=1, upper=1]], TypedParameter[name=right, type=DATE, multiplicity=Bounded[lower=1, upper=1]]]; [TypedParameter[name=left, type=NUMBER, multiplicity=Bounded[lower=0, upper=1]], TypedParameter[name=right, type=NUMBER, multiplicity=Bounded[lower=0, upper=1]]]; [TypedParameter[name=left, type=NUMBER, multiplicity=Bounded[lower=0, upper=1]], TypedParameter[name=right, type=NUMBER, multiplicity=Bounded[lower=1, upper=1]]]; [TypedParameter[name=left, type=NUMBER, multiplicity=Bounded[lower=1, upper=1]], TypedParameter[name=right, type=NUMBER, multiplicity=Bounded[lower=0, upper=1]]]; [TypedParameter[name=left, type=NUMBER, multiplicity=Bounded[lower=1, upper=1]], TypedParameter[name=right, type=NUMBER, multiplicity=Bounded[lower=1, upper=1]]]; [TypedParameter[name=left, type=STRING, multiplicity=Bounded[lower=0, upper=1]], TypedParameter[name=right, type=STRING, multiplicity=Bounded[lower=0, upper=1]]]; [TypedParameter[name=left, type=STRING, multiplicity=Bounded[lower=0, upper=1]], TypedParameter[name=right, type=STRING, multiplicity=Bounded[lower=1, upper=1]]]; [TypedParameter[name=left, type=STRING, multiplicity=Bounded[lower=1, upper=1]], TypedParameter[name=right, type=STRING, multiplicity=Bounded[lower=0, upper=1]]]; [TypedParameter[name=left, type=STRING, multiplicity=Bounded[lower=1, upper=1]], TypedParameter[name=right, type=STRING, multiplicity=Bounded[lower=1, upper=1]]]	G-REJECT
cx.gt.Str.DTime	cross	|'1' > %2024-03-15T10:30:45						G-ERR:TypeInferenceException: no overload of 'meta::pure::functions::boolean::greaterThan' structurally matches the argument types (ExprType[type=STRING, multiplicity=Bounded[lower=1, upper=1]], ExprType[type=DATE_TIME, multiplicity=Bounded[lower=1, upper=1]]); [TypedParameter[name=left, type=DATE, multiplicity=Bounded[lower=0, upper=1]], TypedParameter[name=right, type=DATE, multiplicity=Bounded[lower=0, upper=1]]]; [TypedParameter[name=left, type=DATE, multiplicity=Bounded[lower=0, upper=1]], TypedParameter[name=right, type=DATE, multiplicity=Bounded[lower=1, upper=1]]]; [TypedParameter[name=left, type=DATE, multiplicity=Bounded[lower=1, upper=1]], TypedParameter[name=right, type=DATE, multiplicity=Bounded[lower=0, upper=1]]]; [TypedParameter[name=left, type=DATE, multiplicity=Bounded[lower=1, upper=1]], TypedParameter[name=right, type=DATE, multiplicity=Bounded[lower=1, upper=1]]]; [TypedParameter[name=left, type=NUMBER, multiplicity=Bounded[lower=0, upper=1]], TypedParameter[name=right, type=NUMBER, multiplicity=Bounded[lower=0, upper=1]]]; [TypedParameter[name=left, type=NUMBER, multiplicity=Bounded[lower=0, upper=1]], TypedParameter[name=right, type=NUMBER, multiplicity=Bounded[lower=1, upper=1]]]; [TypedParameter[name=left, type=NUMBER, multiplicity=Bounded[lower=1, upper=1]], TypedParameter[name=right, type=NUMBER, multiplicity=Bounded[lower=0, upper=1]]]; [TypedParameter[name=left, type=NUMBER, multiplicity=Bounded[lower=1, upper=1]], TypedParameter[name=right, type=NUMBER, multiplicity=Bounded[lower=1, upper=1]]]; [TypedParameter[name=left, type=STRING, multiplicity=Bounded[lower=0, upper=1]], TypedParameter[name=right, type=STRING, multiplicity=Bounded[lower=0, upper=1]]]; [TypedParameter[name=left, type=STRING, multiplicity=Bounded[lower=0, upper=1]], TypedParameter[name=right, type=STRING, multiplicity=Bounded[lower=1, upper=1]]]; [TypedParameter[name=left, type=STRING, multiplicity=Bounded[lower=1, upper=1]], TypedParameter[name=right, type=STRING, multiplicity=Bounded[lower=0, upper=1]]]; [TypedParameter[name=left, type=STRING, multiplicity=Bounded[lower=1, upper=1]], TypedParameter[name=right, type=STRING, multiplicity=Bounded[lower=1, upper=1]]]; [TypedParameter[name=left, type=BOOLEAN, multiplicity=Bounded[lower=0, upper=1]], TypedParameter[name=right, type=BOOLEAN, multiplicity=Bounded[lower=0, upper=1]]]	G-REJECT
cx.le.Str.DTime	cross	|'1' <= %2024-03-15T10:30:45						G-ERR:TypeInferenceException: no overload of 'meta::pure::functions::boolean::lessThanEqual' structurally matches the argument types (ExprType[type=STRING, multiplicity=Bounded[lower=1, upper=1]], ExprType[type=DATE_TIME, multiplicity=Bounded[lower=1, upper=1]]); [TypedParameter[name=left, type=DATE, multiplicity=Bounded[lower=0, upper=1]], TypedParameter[name=right, type=DATE, multiplicity=Bounded[lower=0, upper=1]]]; [TypedParameter[name=left, type=DATE, multiplicity=Bounded[lower=0, upper=1]], TypedParameter[name=right, type=DATE, multiplicity=Bounded[lower=1, upper=1]]]; [TypedParameter[name=left, type=DATE, multiplicity=Bounded[lower=1, upper=1]], TypedParameter[name=right, type=DATE, multiplicity=Bounded[lower=0, upper=1]]]; [TypedParameter[name=left, type=DATE, multiplicity=Bounded[lower=1, upper=1]], TypedParameter[name=right, type=DATE, multiplicity=Bounded[lower=1, upper=1]]]; [TypedParameter[name=left, type=NUMBER, multiplicity=Bounded[lower=0, upper=1]], TypedParameter[name=right, type=NUMBER, multiplicity=Bounded[lower=0, upper=1]]]; [TypedParameter[name=left, type=NUMBER, multiplicity=Bounded[lower=0, upper=1]], TypedParameter[name=right, type=NUMBER, multiplicity=Bounded[lower=1, upper=1]]]; [TypedParameter[name=left, type=NUMBER, multiplicity=Bounded[lower=1, upper=1]], TypedParameter[name=right, type=NUMBER, multiplicity=Bounded[lower=0, upper=1]]]; [TypedParameter[name=left, type=NUMBER, multiplicity=Bounded[lower=1, upper=1]], TypedParameter[name=right, type=NUMBER, multiplicity=Bounded[lower=1, upper=1]]]; [TypedParameter[name=left, type=STRING, multiplicity=Bounded[lower=0, upper=1]], TypedParameter[name=right, type=STRING, multiplicity=Bounded[lower=0, upper=1]]]; [TypedParameter[name=left, type=STRING, multiplicity=Bounded[lower=0, upper=1]], TypedParameter[name=right, type=STRING, multiplicity=Bounded[lower=1, upper=1]]]; [TypedParameter[name=left, type=STRING, multiplicity=Bounded[lower=1, upper=1]], TypedParameter[name=right, type=STRING, multiplicity=Bounded[lower=0, upper=1]]]; [TypedParameter[name=left, type=STRING, multiplicity=Bounded[lower=1, upper=1]], TypedParameter[name=right, type=STRING, multiplicity=Bounded[lower=1, upper=1]]]; [TypedParameter[name=left, type=BOOLEAN, multiplicity=Bounded[lower=0, upper=1]], TypedParameter[name=right, type=BOOLEAN, multiplicity=Bounded[lower=0, upper=1]]]	G-REJECT
cx.ge.Str.DTime	cross	|'1' >= %2024-03-15T10:30:45						G-ERR:TypeInferenceException: no overload of 'meta::pure::functions::boolean::greaterThanEqual' structurally matches the argument types (ExprType[type=STRING, multiplicity=Bounded[lower=1, upper=1]], ExprType[type=DATE_TIME, multiplicity=Bounded[lower=1, upper=1]]); [TypedParameter[name=left, type=DATE, multiplicity=Bounded[lower=0, upper=1]], TypedParameter[name=right, type=DATE, multiplicity=Bounded[lower=0, upper=1]]]; [TypedParameter[name=left, type=DATE, multiplicity=Bounded[lower=0, upper=1]], TypedParameter[name=right, type=DATE, multiplicity=Bounded[lower=1, upper=1]]]; [TypedParameter[name=left, type=DATE, multiplicity=Bounded[lower=1, upper=1]], TypedParameter[name=right, type=DATE, multiplicity=Bounded[lower=0, upper=1]]]; [TypedParameter[name=left, type=DATE, multiplicity=Bounded[lower=1, upper=1]], TypedParameter[name=right, type=DATE, multiplicity=Bounded[lower=1, upper=1]]]; [TypedParameter[name=left, type=NUMBER, multiplicity=Bounded[lower=0, upper=1]], TypedParameter[name=right, type=NUMBER, multiplicity=Bounded[lower=0, upper=1]]]; [TypedParameter[name=left, type=NUMBER, multiplicity=Bounded[lower=0, upper=1]], TypedParameter[name=right, type=NUMBER, multiplicity=Bounded[lower=1, upper=1]]]; [TypedParameter[name=left, type=NUMBER, multiplicity=Bounded[lower=1, upper=1]], TypedParameter[name=right, type=NUMBER, multiplicity=Bounded[lower=0, upper=1]]]; [TypedParameter[name=left, type=NUMBER, multiplicity=Bounded[lower=1, upper=1]], TypedParameter[name=right, type=NUMBER, multiplicity=Bounded[lower=1, upper=1]]]; [TypedParameter[name=left, type=STRING, multiplicity=Bounded[lower=0, upper=1]], TypedParameter[name=right, type=STRING, multiplicity=Bounded[lower=0, upper=1]]]; [TypedParameter[name=left, type=STRING, multiplicity=Bounded[lower=0, upper=1]], TypedParameter[name=right, type=STRING, multiplicity=Bounded[lower=1, upper=1]]]; [TypedParameter[name=left, type=STRING, multiplicity=Bounded[lower=1, upper=1]], TypedParameter[name=right, type=STRING, multiplicity=Bounded[lower=0, upper=1]]]; [TypedParameter[name=left, type=STRING, multiplicity=Bounded[lower=1, upper=1]], TypedParameter[name=right, type=STRING, multiplicity=Bounded[lower=1, upper=1]]]; [TypedParameter[name=left, type=BOOLEAN, multiplicity=Bounded[lower=0, upper=1]], TypedParameter[name=right, type=BOOLEAN, multiplicity=Bounded[lower=0, upper=1]]]	G-REJECT
cx.eq.Str.Bool	cross	|'1' == true	Boolean	[1]	SELECT '1' = TRUE AS value	Boolean	true	OK	OK
cx.ne.Str.Bool	cross	|'1' != true	Boolean	[1]	SELECT '1' <> TRUE AS value	Boolean	false	OK	OK
cx.lt.Str.Bool	cross	|'1' < true						G-ERR:TypeInferenceException: no overload of 'meta::pure::functions::boolean::lessThan' structurally matches the argument types (ExprType[type=STRING, multiplicity=Bounded[lower=1, upper=1]], ExprType[type=BOOLEAN, multiplicity=Bounded[lower=1, upper=1]]); [TypedParameter[name=left, type=DATE, multiplicity=Bounded[lower=0, upper=1]], TypedParameter[name=right, type=DATE, multiplicity=Bounded[lower=0, upper=1]]]; [TypedParameter[name=left, type=BOOLEAN, multiplicity=Bounded[lower=0, upper=1]], TypedParameter[name=right, type=BOOLEAN, multiplicity=Bounded[lower=0, upper=1]]]; [TypedParameter[name=left, type=DATE, multiplicity=Bounded[lower=0, upper=1]], TypedParameter[name=right, type=DATE, multiplicity=Bounded[lower=1, upper=1]]]; [TypedParameter[name=left, type=DATE, multiplicity=Bounded[lower=1, upper=1]], TypedParameter[name=right, type=DATE, multiplicity=Bounded[lower=0, upper=1]]]; [TypedParameter[name=left, type=DATE, multiplicity=Bounded[lower=1, upper=1]], TypedParameter[name=right, type=DATE, multiplicity=Bounded[lower=1, upper=1]]]; [TypedParameter[name=left, type=NUMBER, multiplicity=Bounded[lower=0, upper=1]], TypedParameter[name=right, type=NUMBER, multiplicity=Bounded[lower=0, upper=1]]]; [TypedParameter[name=left, type=NUMBER, multiplicity=Bounded[lower=0, upper=1]], TypedParameter[name=right, type=NUMBER, multiplicity=Bounded[lower=1, upper=1]]]; [TypedParameter[name=left, type=NUMBER, multiplicity=Bounded[lower=1, upper=1]], TypedParameter[name=right, type=NUMBER, multiplicity=Bounded[lower=0, upper=1]]]; [TypedParameter[name=left, type=NUMBER, multiplicity=Bounded[lower=1, upper=1]], TypedParameter[name=right, type=NUMBER, multiplicity=Bounded[lower=1, upper=1]]]; [TypedParameter[name=left, type=STRING, multiplicity=Bounded[lower=0, upper=1]], TypedParameter[name=right, type=STRING, multiplicity=Bounded[lower=0, upper=1]]]; [TypedParameter[name=left, type=STRING, multiplicity=Bounded[lower=0, upper=1]], TypedParameter[name=right, type=STRING, multiplicity=Bounded[lower=1, upper=1]]]; [TypedParameter[name=left, type=STRING, multiplicity=Bounded[lower=1, upper=1]], TypedParameter[name=right, type=STRING, multiplicity=Bounded[lower=0, upper=1]]]; [TypedParameter[name=left, type=STRING, multiplicity=Bounded[lower=1, upper=1]], TypedParameter[name=right, type=STRING, multiplicity=Bounded[lower=1, upper=1]]]	G-REJECT
cx.gt.Str.Bool	cross	|'1' > true						G-ERR:TypeInferenceException: no overload of 'meta::pure::functions::boolean::greaterThan' structurally matches the argument types (ExprType[type=STRING, multiplicity=Bounded[lower=1, upper=1]], ExprType[type=BOOLEAN, multiplicity=Bounded[lower=1, upper=1]]); [TypedParameter[name=left, type=DATE, multiplicity=Bounded[lower=0, upper=1]], TypedParameter[name=right, type=DATE, multiplicity=Bounded[lower=0, upper=1]]]; [TypedParameter[name=left, type=DATE, multiplicity=Bounded[lower=0, upper=1]], TypedParameter[name=right, type=DATE, multiplicity=Bounded[lower=1, upper=1]]]; [TypedParameter[name=left, type=DATE, multiplicity=Bounded[lower=1, upper=1]], TypedParameter[name=right, type=DATE, multiplicity=Bounded[lower=0, upper=1]]]; [TypedParameter[name=left, type=DATE, multiplicity=Bounded[lower=1, upper=1]], TypedParameter[name=right, type=DATE, multiplicity=Bounded[lower=1, upper=1]]]; [TypedParameter[name=left, type=NUMBER, multiplicity=Bounded[lower=0, upper=1]], TypedParameter[name=right, type=NUMBER, multiplicity=Bounded[lower=0, upper=1]]]; [TypedParameter[name=left, type=NUMBER, multiplicity=Bounded[lower=0, upper=1]], TypedParameter[name=right, type=NUMBER, multiplicity=Bounded[lower=1, upper=1]]]; [TypedParameter[name=left, type=NUMBER, multiplicity=Bounded[lower=1, upper=1]], TypedParameter[name=right, type=NUMBER, multiplicity=Bounded[lower=0, upper=1]]]; [TypedParameter[name=left, type=NUMBER, multiplicity=Bounded[lower=1, upper=1]], TypedParameter[name=right, type=NUMBER, multiplicity=Bounded[lower=1, upper=1]]]; [TypedParameter[name=left, type=STRING, multiplicity=Bounded[lower=0, upper=1]], TypedParameter[name=right, type=STRING, multiplicity=Bounded[lower=0, upper=1]]]; [TypedParameter[name=left, type=STRING, multiplicity=Bounded[lower=0, upper=1]], TypedParameter[name=right, type=STRING, multiplicity=Bounded[lower=1, upper=1]]]; [TypedParameter[name=left, type=STRING, multiplicity=Bounded[lower=1, upper=1]], TypedParameter[name=right, type=STRING, multiplicity=Bounded[lower=0, upper=1]]]; [TypedParameter[name=left, type=STRING, multiplicity=Bounded[lower=1, upper=1]], TypedParameter[name=right, type=STRING, multiplicity=Bounded[lower=1, upper=1]]]; [TypedParameter[name=left, type=BOOLEAN, multiplicity=Bounded[lower=0, upper=1]], TypedParameter[name=right, type=BOOLEAN, multiplicity=Bounded[lower=0, upper=1]]]	G-REJECT
cx.le.Str.Bool	cross	|'1' <= true						G-ERR:TypeInferenceException: no overload of 'meta::pure::functions::boolean::lessThanEqual' structurally matches the argument types (ExprType[type=STRING, multiplicity=Bounded[lower=1, upper=1]], ExprType[type=BOOLEAN, multiplicity=Bounded[lower=1, upper=1]]); [TypedParameter[name=left, type=DATE, multiplicity=Bounded[lower=0, upper=1]], TypedParameter[name=right, type=DATE, multiplicity=Bounded[lower=0, upper=1]]]; [TypedParameter[name=left, type=DATE, multiplicity=Bounded[lower=0, upper=1]], TypedParameter[name=right, type=DATE, multiplicity=Bounded[lower=1, upper=1]]]; [TypedParameter[name=left, type=DATE, multiplicity=Bounded[lower=1, upper=1]], TypedParameter[name=right, type=DATE, multiplicity=Bounded[lower=0, upper=1]]]; [TypedParameter[name=left, type=DATE, multiplicity=Bounded[lower=1, upper=1]], TypedParameter[name=right, type=DATE, multiplicity=Bounded[lower=1, upper=1]]]; [TypedParameter[name=left, type=NUMBER, multiplicity=Bounded[lower=0, upper=1]], TypedParameter[name=right, type=NUMBER, multiplicity=Bounded[lower=0, upper=1]]]; [TypedParameter[name=left, type=NUMBER, multiplicity=Bounded[lower=0, upper=1]], TypedParameter[name=right, type=NUMBER, multiplicity=Bounded[lower=1, upper=1]]]; [TypedParameter[name=left, type=NUMBER, multiplicity=Bounded[lower=1, upper=1]], TypedParameter[name=right, type=NUMBER, multiplicity=Bounded[lower=0, upper=1]]]; [TypedParameter[name=left, type=NUMBER, multiplicity=Bounded[lower=1, upper=1]], TypedParameter[name=right, type=NUMBER, multiplicity=Bounded[lower=1, upper=1]]]; [TypedParameter[name=left, type=STRING, multiplicity=Bounded[lower=0, upper=1]], TypedParameter[name=right, type=STRING, multiplicity=Bounded[lower=0, upper=1]]]; [TypedParameter[name=left, type=STRING, multiplicity=Bounded[lower=0, upper=1]], TypedParameter[name=right, type=STRING, multiplicity=Bounded[lower=1, upper=1]]]; [TypedParameter[name=left, type=STRING, multiplicity=Bounded[lower=1, upper=1]], TypedParameter[name=right, type=STRING, multiplicity=Bounded[lower=0, upper=1]]]; [TypedParameter[name=left, type=STRING, multiplicity=Bounded[lower=1, upper=1]], TypedParameter[name=right, type=STRING, multiplicity=Bounded[lower=1, upper=1]]]; [TypedParameter[name=left, type=BOOLEAN, multiplicity=Bounded[lower=0, upper=1]], TypedParameter[name=right, type=BOOLEAN, multiplicity=Bounded[lower=0, upper=1]]]	G-REJECT
cx.ge.Str.Bool	cross	|'1' >= true						G-ERR:TypeInferenceException: no overload of 'meta::pure::functions::boolean::greaterThanEqual' structurally matches the argument types (ExprType[type=STRING, multiplicity=Bounded[lower=1, upper=1]], ExprType[type=BOOLEAN, multiplicity=Bounded[lower=1, upper=1]]); [TypedParameter[name=left, type=DATE, multiplicity=Bounded[lower=0, upper=1]], TypedParameter[name=right, type=DATE, multiplicity=Bounded[lower=0, upper=1]]]; [TypedParameter[name=left, type=DATE, multiplicity=Bounded[lower=0, upper=1]], TypedParameter[name=right, type=DATE, multiplicity=Bounded[lower=1, upper=1]]]; [TypedParameter[name=left, type=DATE, multiplicity=Bounded[lower=1, upper=1]], TypedParameter[name=right, type=DATE, multiplicity=Bounded[lower=0, upper=1]]]; [TypedParameter[name=left, type=DATE, multiplicity=Bounded[lower=1, upper=1]], TypedParameter[name=right, type=DATE, multiplicity=Bounded[lower=1, upper=1]]]; [TypedParameter[name=left, type=NUMBER, multiplicity=Bounded[lower=0, upper=1]], TypedParameter[name=right, type=NUMBER, multiplicity=Bounded[lower=0, upper=1]]]; [TypedParameter[name=left, type=NUMBER, multiplicity=Bounded[lower=0, upper=1]], TypedParameter[name=right, type=NUMBER, multiplicity=Bounded[lower=1, upper=1]]]; [TypedParameter[name=left, type=NUMBER, multiplicity=Bounded[lower=1, upper=1]], TypedParameter[name=right, type=NUMBER, multiplicity=Bounded[lower=0, upper=1]]]; [TypedParameter[name=left, type=NUMBER, multiplicity=Bounded[lower=1, upper=1]], TypedParameter[name=right, type=NUMBER, multiplicity=Bounded[lower=1, upper=1]]]; [TypedParameter[name=left, type=STRING, multiplicity=Bounded[lower=0, upper=1]], TypedParameter[name=right, type=STRING, multiplicity=Bounded[lower=0, upper=1]]]; [TypedParameter[name=left, type=STRING, multiplicity=Bounded[lower=0, upper=1]], TypedParameter[name=right, type=STRING, multiplicity=Bounded[lower=1, upper=1]]]; [TypedParameter[name=left, type=STRING, multiplicity=Bounded[lower=1, upper=1]], TypedParameter[name=right, type=STRING, multiplicity=Bounded[lower=0, upper=1]]]; [TypedParameter[name=left, type=STRING, multiplicity=Bounded[lower=1, upper=1]], TypedParameter[name=right, type=STRING, multiplicity=Bounded[lower=1, upper=1]]]; [TypedParameter[name=left, type=BOOLEAN, multiplicity=Bounded[lower=0, upper=1]], TypedParameter[name=right, type=BOOLEAN, multiplicity=Bounded[lower=0, upper=1]]]	G-REJECT
cx.eq.Str.Enum	cross	|'1' == t::Color.RED	Boolean	[1]	SELECT '1' = 'RED' AS value	Boolean	false	OK	OK
cx.ne.Str.Enum	cross	|'1' != t::Color.RED	Boolean	[1]	SELECT '1' <> 'RED' AS value	Boolean	true	OK	OK
cx.lt.Str.Enum	cross	|'1' < t::Color.RED						G-ERR:TypeInferenceException: no overload of 'meta::pure::functions::boolean::lessThan' structurally matches the argument types (ExprType[type=STRING, multiplicity=Bounded[lower=1, upper=1]], ExprType[type=EnumType[fqn=t::Color], multiplicity=Bounded[lower=1, upper=1]]); [TypedParameter[name=left, type=DATE, multiplicity=Bounded[lower=0, upper=1]], TypedParameter[name=right, type=DATE, multiplicity=Bounded[lower=0, upper=1]]]; [TypedParameter[name=left, type=BOOLEAN, multiplicity=Bounded[lower=0, upper=1]], TypedParameter[name=right, type=BOOLEAN, multiplicity=Bounded[lower=0, upper=1]]]; [TypedParameter[name=left, type=DATE, multiplicity=Bounded[lower=0, upper=1]], TypedParameter[name=right, type=DATE, multiplicity=Bounded[lower=1, upper=1]]]; [TypedParameter[name=left, type=DATE, multiplicity=Bounded[lower=1, upper=1]], TypedParameter[name=right, type=DATE, multiplicity=Bounded[lower=0, upper=1]]]; [TypedParameter[name=left, type=DATE, multiplicity=Bounded[lower=1, upper=1]], TypedParameter[name=right, type=DATE, multiplicity=Bounded[lower=1, upper=1]]]; [TypedParameter[name=left, type=NUMBER, multiplicity=Bounded[lower=0, upper=1]], TypedParameter[name=right, type=NUMBER, multiplicity=Bounded[lower=0, upper=1]]]; [TypedParameter[name=left, type=NUMBER, multiplicity=Bounded[lower=0, upper=1]], TypedParameter[name=right, type=NUMBER, multiplicity=Bounded[lower=1, upper=1]]]; [TypedParameter[name=left, type=NUMBER, multiplicity=Bounded[lower=1, upper=1]], TypedParameter[name=right, type=NUMBER, multiplicity=Bounded[lower=0, upper=1]]]; [TypedParameter[name=left, type=NUMBER, multiplicity=Bounded[lower=1, upper=1]], TypedParameter[name=right, type=NUMBER, multiplicity=Bounded[lower=1, upper=1]]]; [TypedParameter[name=left, type=STRING, multiplicity=Bounded[lower=0, upper=1]], TypedParameter[name=right, type=STRING, multiplicity=Bounded[lower=0, upper=1]]]; [TypedParameter[name=left, type=STRING, multiplicity=Bounded[lower=0, upper=1]], TypedParameter[name=right, type=STRING, multiplicity=Bounded[lower=1, upper=1]]]; [TypedParameter[name=left, type=STRING, multiplicity=Bounded[lower=1, upper=1]], TypedParameter[name=right, type=STRING, multiplicity=Bounded[lower=0, upper=1]]]; [TypedParameter[name=left, type=STRING, multiplicity=Bounded[lower=1, upper=1]], TypedParameter[name=right, type=STRING, multiplicity=Bounded[lower=1, upper=1]]]	G-REJECT
cx.gt.Str.Enum	cross	|'1' > t::Color.RED						G-ERR:TypeInferenceException: no overload of 'meta::pure::functions::boolean::greaterThan' structurally matches the argument types (ExprType[type=STRING, multiplicity=Bounded[lower=1, upper=1]], ExprType[type=EnumType[fqn=t::Color], multiplicity=Bounded[lower=1, upper=1]]); [TypedParameter[name=left, type=DATE, multiplicity=Bounded[lower=0, upper=1]], TypedParameter[name=right, type=DATE, multiplicity=Bounded[lower=0, upper=1]]]; [TypedParameter[name=left, type=DATE, multiplicity=Bounded[lower=0, upper=1]], TypedParameter[name=right, type=DATE, multiplicity=Bounded[lower=1, upper=1]]]; [TypedParameter[name=left, type=DATE, multiplicity=Bounded[lower=1, upper=1]], TypedParameter[name=right, type=DATE, multiplicity=Bounded[lower=0, upper=1]]]; [TypedParameter[name=left, type=DATE, multiplicity=Bounded[lower=1, upper=1]], TypedParameter[name=right, type=DATE, multiplicity=Bounded[lower=1, upper=1]]]; [TypedParameter[name=left, type=NUMBER, multiplicity=Bounded[lower=0, upper=1]], TypedParameter[name=right, type=NUMBER, multiplicity=Bounded[lower=0, upper=1]]]; [TypedParameter[name=left, type=NUMBER, multiplicity=Bounded[lower=0, upper=1]], TypedParameter[name=right, type=NUMBER, multiplicity=Bounded[lower=1, upper=1]]]; [TypedParameter[name=left, type=NUMBER, multiplicity=Bounded[lower=1, upper=1]], TypedParameter[name=right, type=NUMBER, multiplicity=Bounded[lower=0, upper=1]]]; [TypedParameter[name=left, type=NUMBER, multiplicity=Bounded[lower=1, upper=1]], TypedParameter[name=right, type=NUMBER, multiplicity=Bounded[lower=1, upper=1]]]; [TypedParameter[name=left, type=STRING, multiplicity=Bounded[lower=0, upper=1]], TypedParameter[name=right, type=STRING, multiplicity=Bounded[lower=0, upper=1]]]; [TypedParameter[name=left, type=STRING, multiplicity=Bounded[lower=0, upper=1]], TypedParameter[name=right, type=STRING, multiplicity=Bounded[lower=1, upper=1]]]; [TypedParameter[name=left, type=STRING, multiplicity=Bounded[lower=1, upper=1]], TypedParameter[name=right, type=STRING, multiplicity=Bounded[lower=0, upper=1]]]; [TypedParameter[name=left, type=STRING, multiplicity=Bounded[lower=1, upper=1]], TypedParameter[name=right, type=STRING, multiplicity=Bounded[lower=1, upper=1]]]; [TypedParameter[name=left, type=BOOLEAN, multiplicity=Bounded[lower=0, upper=1]], TypedParameter[name=right, type=BOOLEAN, multiplicity=Bounded[lower=0, upper=1]]]	G-REJECT
cx.le.Str.Enum	cross	|'1' <= t::Color.RED						G-ERR:TypeInferenceException: no overload of 'meta::pure::functions::boolean::lessThanEqual' structurally matches the argument types (ExprType[type=STRING, multiplicity=Bounded[lower=1, upper=1]], ExprType[type=EnumType[fqn=t::Color], multiplicity=Bounded[lower=1, upper=1]]); [TypedParameter[name=left, type=DATE, multiplicity=Bounded[lower=0, upper=1]], TypedParameter[name=right, type=DATE, multiplicity=Bounded[lower=0, upper=1]]]; [TypedParameter[name=left, type=DATE, multiplicity=Bounded[lower=0, upper=1]], TypedParameter[name=right, type=DATE, multiplicity=Bounded[lower=1, upper=1]]]; [TypedParameter[name=left, type=DATE, multiplicity=Bounded[lower=1, upper=1]], TypedParameter[name=right, type=DATE, multiplicity=Bounded[lower=0, upper=1]]]; [TypedParameter[name=left, type=DATE, multiplicity=Bounded[lower=1, upper=1]], TypedParameter[name=right, type=DATE, multiplicity=Bounded[lower=1, upper=1]]]; [TypedParameter[name=left, type=NUMBER, multiplicity=Bounded[lower=0, upper=1]], TypedParameter[name=right, type=NUMBER, multiplicity=Bounded[lower=0, upper=1]]]; [TypedParameter[name=left, type=NUMBER, multiplicity=Bounded[lower=0, upper=1]], TypedParameter[name=right, type=NUMBER, multiplicity=Bounded[lower=1, upper=1]]]; [TypedParameter[name=left, type=NUMBER, multiplicity=Bounded[lower=1, upper=1]], TypedParameter[name=right, type=NUMBER, multiplicity=Bounded[lower=0, upper=1]]]; [TypedParameter[name=left, type=NUMBER, multiplicity=Bounded[lower=1, upper=1]], TypedParameter[name=right, type=NUMBER, multiplicity=Bounded[lower=1, upper=1]]]; [TypedParameter[name=left, type=STRING, multiplicity=Bounded[lower=0, upper=1]], TypedParameter[name=right, type=STRING, multiplicity=Bounded[lower=0, upper=1]]]; [TypedParameter[name=left, type=STRING, multiplicity=Bounded[lower=0, upper=1]], TypedParameter[name=right, type=STRING, multiplicity=Bounded[lower=1, upper=1]]]; [TypedParameter[name=left, type=STRING, multiplicity=Bounded[lower=1, upper=1]], TypedParameter[name=right, type=STRING, multiplicity=Bounded[lower=0, upper=1]]]; [TypedParameter[name=left, type=STRING, multiplicity=Bounded[lower=1, upper=1]], TypedParameter[name=right, type=STRING, multiplicity=Bounded[lower=1, upper=1]]]; [TypedParameter[name=left, type=BOOLEAN, multiplicity=Bounded[lower=0, upper=1]], TypedParameter[name=right, type=BOOLEAN, multiplicity=Bounded[lower=0, upper=1]]]	G-REJECT
cx.ge.Str.Enum	cross	|'1' >= t::Color.RED						G-ERR:TypeInferenceException: no overload of 'meta::pure::functions::boolean::greaterThanEqual' structurally matches the argument types (ExprType[type=STRING, multiplicity=Bounded[lower=1, upper=1]], ExprType[type=EnumType[fqn=t::Color], multiplicity=Bounded[lower=1, upper=1]]); [TypedParameter[name=left, type=DATE, multiplicity=Bounded[lower=0, upper=1]], TypedParameter[name=right, type=DATE, multiplicity=Bounded[lower=0, upper=1]]]; [TypedParameter[name=left, type=DATE, multiplicity=Bounded[lower=0, upper=1]], TypedParameter[name=right, type=DATE, multiplicity=Bounded[lower=1, upper=1]]]; [TypedParameter[name=left, type=DATE, multiplicity=Bounded[lower=1, upper=1]], TypedParameter[name=right, type=DATE, multiplicity=Bounded[lower=0, upper=1]]]; [TypedParameter[name=left, type=DATE, multiplicity=Bounded[lower=1, upper=1]], TypedParameter[name=right, type=DATE, multiplicity=Bounded[lower=1, upper=1]]]; [TypedParameter[name=left, type=NUMBER, multiplicity=Bounded[lower=0, upper=1]], TypedParameter[name=right, type=NUMBER, multiplicity=Bounded[lower=0, upper=1]]]; [TypedParameter[name=left, type=NUMBER, multiplicity=Bounded[lower=0, upper=1]], TypedParameter[name=right, type=NUMBER, multiplicity=Bounded[lower=1, upper=1]]]; [TypedParameter[name=left, type=NUMBER, multiplicity=Bounded[lower=1, upper=1]], TypedParameter[name=right, type=NUMBER, multiplicity=Bounded[lower=0, upper=1]]]; [TypedParameter[name=left, type=NUMBER, multiplicity=Bounded[lower=1, upper=1]], TypedParameter[name=right, type=NUMBER, multiplicity=Bounded[lower=1, upper=1]]]; [TypedParameter[name=left, type=STRING, multiplicity=Bounded[lower=0, upper=1]], TypedParameter[name=right, type=STRING, multiplicity=Bounded[lower=0, upper=1]]]; [TypedParameter[name=left, type=STRING, multiplicity=Bounded[lower=0, upper=1]], TypedParameter[name=right, type=STRING, multiplicity=Bounded[lower=1, upper=1]]]; [TypedParameter[name=left, type=STRING, multiplicity=Bounded[lower=1, upper=1]], TypedParameter[name=right, type=STRING, multiplicity=Bounded[lower=0, upper=1]]]; [TypedParameter[name=left, type=STRING, multiplicity=Bounded[lower=1, upper=1]], TypedParameter[name=right, type=STRING, multiplicity=Bounded[lower=1, upper=1]]]; [TypedParameter[name=left, type=BOOLEAN, multiplicity=Bounded[lower=0, upper=1]], TypedParameter[name=right, type=BOOLEAN, multiplicity=Bounded[lower=0, upper=1]]]	G-REJECT
cx.eq.SDate.Int	cross	|%2024-03-15 == 1	Boolean	[1]	SELECT DATE '2024-03-15' = 1 AS value			EXEC-ERR:SQLException: Conversion Error: Unimplemented type for cast (INTEGER -> DATE)  LINE 1: SELECT DATE '2024-03-15' = 1 AS value                                    ^	DB-ERROR
cx.ne.SDate.Int	cross	|%2024-03-15 != 1	Boolean	[1]	SELECT DATE '2024-03-15' <> 1 AS value			EXEC-ERR:SQLException: Conversion Error: Unimplemented type for cast (INTEGER -> DATE)  LINE 1: SELECT DATE '2024-03-15' <> 1 AS value                                     ^	DB-ERROR
cx.lt.SDate.Int	cross	|%2024-03-15 < 1						G-ERR:TypeInferenceException: no overload of 'meta::pure::functions::boolean::lessThan' structurally matches the argument types (ExprType[type=STRICT_DATE, multiplicity=Bounded[lower=1, upper=1]], ExprType[type=INTEGER, multiplicity=Bounded[lower=1, upper=1]]); [TypedParameter[name=left, type=DATE, multiplicity=Bounded[lower=0, upper=1]], TypedParameter[name=right, type=DATE, multiplicity=Bounded[lower=0, upper=1]]]; [TypedParameter[name=left, type=BOOLEAN, multiplicity=Bounded[lower=0, upper=1]], TypedParameter[name=right, type=BOOLEAN, multiplicity=Bounded[lower=0, upper=1]]]; [TypedParameter[name=left, type=DATE, multiplicity=Bounded[lower=0, upper=1]], TypedParameter[name=right, type=DATE, multiplicity=Bounded[lower=1, upper=1]]]; [TypedParameter[name=left, type=DATE, multiplicity=Bounded[lower=1, upper=1]], TypedParameter[name=right, type=DATE, multiplicity=Bounded[lower=0, upper=1]]]; [TypedParameter[name=left, type=DATE, multiplicity=Bounded[lower=1, upper=1]], TypedParameter[name=right, type=DATE, multiplicity=Bounded[lower=1, upper=1]]]; [TypedParameter[name=left, type=NUMBER, multiplicity=Bounded[lower=0, upper=1]], TypedParameter[name=right, type=NUMBER, multiplicity=Bounded[lower=0, upper=1]]]; [TypedParameter[name=left, type=NUMBER, multiplicity=Bounded[lower=0, upper=1]], TypedParameter[name=right, type=NUMBER, multiplicity=Bounded[lower=1, upper=1]]]; [TypedParameter[name=left, type=NUMBER, multiplicity=Bounded[lower=1, upper=1]], TypedParameter[name=right, type=NUMBER, multiplicity=Bounded[lower=0, upper=1]]]; [TypedParameter[name=left, type=NUMBER, multiplicity=Bounded[lower=1, upper=1]], TypedParameter[name=right, type=NUMBER, multiplicity=Bounded[lower=1, upper=1]]]; [TypedParameter[name=left, type=STRING, multiplicity=Bounded[lower=0, upper=1]], TypedParameter[name=right, type=STRING, multiplicity=Bounded[lower=0, upper=1]]]; [TypedParameter[name=left, type=STRING, multiplicity=Bounded[lower=0, upper=1]], TypedParameter[name=right, type=STRING, multiplicity=Bounded[lower=1, upper=1]]]; [TypedParameter[name=left, type=STRING, multiplicity=Bounded[lower=1, upper=1]], TypedParameter[name=right, type=STRING, multiplicity=Bounded[lower=0, upper=1]]]; [TypedParameter[name=left, type=STRING, multiplicity=Bounded[lower=1, upper=1]], TypedParameter[name=right, type=STRING, multiplicity=Bounded[lower=1, upper=1]]]	G-REJECT
cx.gt.SDate.Int	cross	|%2024-03-15 > 1						G-ERR:TypeInferenceException: no overload of 'meta::pure::functions::boolean::greaterThan' structurally matches the argument types (ExprType[type=STRICT_DATE, multiplicity=Bounded[lower=1, upper=1]], ExprType[type=INTEGER, multiplicity=Bounded[lower=1, upper=1]]); [TypedParameter[name=left, type=DATE, multiplicity=Bounded[lower=0, upper=1]], TypedParameter[name=right, type=DATE, multiplicity=Bounded[lower=0, upper=1]]]; [TypedParameter[name=left, type=DATE, multiplicity=Bounded[lower=0, upper=1]], TypedParameter[name=right, type=DATE, multiplicity=Bounded[lower=1, upper=1]]]; [TypedParameter[name=left, type=DATE, multiplicity=Bounded[lower=1, upper=1]], TypedParameter[name=right, type=DATE, multiplicity=Bounded[lower=0, upper=1]]]; [TypedParameter[name=left, type=DATE, multiplicity=Bounded[lower=1, upper=1]], TypedParameter[name=right, type=DATE, multiplicity=Bounded[lower=1, upper=1]]]; [TypedParameter[name=left, type=NUMBER, multiplicity=Bounded[lower=0, upper=1]], TypedParameter[name=right, type=NUMBER, multiplicity=Bounded[lower=0, upper=1]]]; [TypedParameter[name=left, type=NUMBER, multiplicity=Bounded[lower=0, upper=1]], TypedParameter[name=right, type=NUMBER, multiplicity=Bounded[lower=1, upper=1]]]; [TypedParameter[name=left, type=NUMBER, multiplicity=Bounded[lower=1, upper=1]], TypedParameter[name=right, type=NUMBER, multiplicity=Bounded[lower=0, upper=1]]]; [TypedParameter[name=left, type=NUMBER, multiplicity=Bounded[lower=1, upper=1]], TypedParameter[name=right, type=NUMBER, multiplicity=Bounded[lower=1, upper=1]]]; [TypedParameter[name=left, type=STRING, multiplicity=Bounded[lower=0, upper=1]], TypedParameter[name=right, type=STRING, multiplicity=Bounded[lower=0, upper=1]]]; [TypedParameter[name=left, type=STRING, multiplicity=Bounded[lower=0, upper=1]], TypedParameter[name=right, type=STRING, multiplicity=Bounded[lower=1, upper=1]]]; [TypedParameter[name=left, type=STRING, multiplicity=Bounded[lower=1, upper=1]], TypedParameter[name=right, type=STRING, multiplicity=Bounded[lower=0, upper=1]]]; [TypedParameter[name=left, type=STRING, multiplicity=Bounded[lower=1, upper=1]], TypedParameter[name=right, type=STRING, multiplicity=Bounded[lower=1, upper=1]]]; [TypedParameter[name=left, type=BOOLEAN, multiplicity=Bounded[lower=0, upper=1]], TypedParameter[name=right, type=BOOLEAN, multiplicity=Bounded[lower=0, upper=1]]]	G-REJECT
cx.le.SDate.Int	cross	|%2024-03-15 <= 1						G-ERR:TypeInferenceException: no overload of 'meta::pure::functions::boolean::lessThanEqual' structurally matches the argument types (ExprType[type=STRICT_DATE, multiplicity=Bounded[lower=1, upper=1]], ExprType[type=INTEGER, multiplicity=Bounded[lower=1, upper=1]]); [TypedParameter[name=left, type=DATE, multiplicity=Bounded[lower=0, upper=1]], TypedParameter[name=right, type=DATE, multiplicity=Bounded[lower=0, upper=1]]]; [TypedParameter[name=left, type=DATE, multiplicity=Bounded[lower=0, upper=1]], TypedParameter[name=right, type=DATE, multiplicity=Bounded[lower=1, upper=1]]]; [TypedParameter[name=left, type=DATE, multiplicity=Bounded[lower=1, upper=1]], TypedParameter[name=right, type=DATE, multiplicity=Bounded[lower=0, upper=1]]]; [TypedParameter[name=left, type=DATE, multiplicity=Bounded[lower=1, upper=1]], TypedParameter[name=right, type=DATE, multiplicity=Bounded[lower=1, upper=1]]]; [TypedParameter[name=left, type=NUMBER, multiplicity=Bounded[lower=0, upper=1]], TypedParameter[name=right, type=NUMBER, multiplicity=Bounded[lower=0, upper=1]]]; [TypedParameter[name=left, type=NUMBER, multiplicity=Bounded[lower=0, upper=1]], TypedParameter[name=right, type=NUMBER, multiplicity=Bounded[lower=1, upper=1]]]; [TypedParameter[name=left, type=NUMBER, multiplicity=Bounded[lower=1, upper=1]], TypedParameter[name=right, type=NUMBER, multiplicity=Bounded[lower=0, upper=1]]]; [TypedParameter[name=left, type=NUMBER, multiplicity=Bounded[lower=1, upper=1]], TypedParameter[name=right, type=NUMBER, multiplicity=Bounded[lower=1, upper=1]]]; [TypedParameter[name=left, type=STRING, multiplicity=Bounded[lower=0, upper=1]], TypedParameter[name=right, type=STRING, multiplicity=Bounded[lower=0, upper=1]]]; [TypedParameter[name=left, type=STRING, multiplicity=Bounded[lower=0, upper=1]], TypedParameter[name=right, type=STRING, multiplicity=Bounded[lower=1, upper=1]]]; [TypedParameter[name=left, type=STRING, multiplicity=Bounded[lower=1, upper=1]], TypedParameter[name=right, type=STRING, multiplicity=Bounded[lower=0, upper=1]]]; [TypedParameter[name=left, type=STRING, multiplicity=Bounded[lower=1, upper=1]], TypedParameter[name=right, type=STRING, multiplicity=Bounded[lower=1, upper=1]]]; [TypedParameter[name=left, type=BOOLEAN, multiplicity=Bounded[lower=0, upper=1]], TypedParameter[name=right, type=BOOLEAN, multiplicity=Bounded[lower=0, upper=1]]]	G-REJECT
cx.ge.SDate.Int	cross	|%2024-03-15 >= 1						G-ERR:TypeInferenceException: no overload of 'meta::pure::functions::boolean::greaterThanEqual' structurally matches the argument types (ExprType[type=STRICT_DATE, multiplicity=Bounded[lower=1, upper=1]], ExprType[type=INTEGER, multiplicity=Bounded[lower=1, upper=1]]); [TypedParameter[name=left, type=DATE, multiplicity=Bounded[lower=0, upper=1]], TypedParameter[name=right, type=DATE, multiplicity=Bounded[lower=0, upper=1]]]; [TypedParameter[name=left, type=DATE, multiplicity=Bounded[lower=0, upper=1]], TypedParameter[name=right, type=DATE, multiplicity=Bounded[lower=1, upper=1]]]; [TypedParameter[name=left, type=DATE, multiplicity=Bounded[lower=1, upper=1]], TypedParameter[name=right, type=DATE, multiplicity=Bounded[lower=0, upper=1]]]; [TypedParameter[name=left, type=DATE, multiplicity=Bounded[lower=1, upper=1]], TypedParameter[name=right, type=DATE, multiplicity=Bounded[lower=1, upper=1]]]; [TypedParameter[name=left, type=NUMBER, multiplicity=Bounded[lower=0, upper=1]], TypedParameter[name=right, type=NUMBER, multiplicity=Bounded[lower=0, upper=1]]]; [TypedParameter[name=left, type=NUMBER, multiplicity=Bounded[lower=0, upper=1]], TypedParameter[name=right, type=NUMBER, multiplicity=Bounded[lower=1, upper=1]]]; [TypedParameter[name=left, type=NUMBER, multiplicity=Bounded[lower=1, upper=1]], TypedParameter[name=right, type=NUMBER, multiplicity=Bounded[lower=0, upper=1]]]; [TypedParameter[name=left, type=NUMBER, multiplicity=Bounded[lower=1, upper=1]], TypedParameter[name=right, type=NUMBER, multiplicity=Bounded[lower=1, upper=1]]]; [TypedParameter[name=left, type=STRING, multiplicity=Bounded[lower=0, upper=1]], TypedParameter[name=right, type=STRING, multiplicity=Bounded[lower=0, upper=1]]]; [TypedParameter[name=left, type=STRING, multiplicity=Bounded[lower=0, upper=1]], TypedParameter[name=right, type=STRING, multiplicity=Bounded[lower=1, upper=1]]]; [TypedParameter[name=left, type=STRING, multiplicity=Bounded[lower=1, upper=1]], TypedParameter[name=right, type=STRING, multiplicity=Bounded[lower=0, upper=1]]]; [TypedParameter[name=left, type=STRING, multiplicity=Bounded[lower=1, upper=1]], TypedParameter[name=right, type=STRING, multiplicity=Bounded[lower=1, upper=1]]]; [TypedParameter[name=left, type=BOOLEAN, multiplicity=Bounded[lower=0, upper=1]], TypedParameter[name=right, type=BOOLEAN, multiplicity=Bounded[lower=0, upper=1]]]	G-REJECT
cx.eq.SDate.Float	cross	|%2024-03-15 == 1.0	Boolean	[1]	SELECT DATE '2024-03-15' = CAST(1.0 AS DOUBLE) AS value			EXEC-ERR:SQLException: Conversion Error: Unimplemented type for cast (DOUBLE -> DATE)  LINE 1: SELECT DATE '2024-03-15' = CAST(1.0 AS DOUBLE) AS value                                    ^	DB-ERROR
cx.ne.SDate.Float	cross	|%2024-03-15 != 1.0	Boolean	[1]	SELECT DATE '2024-03-15' <> CAST(1.0 AS DOUBLE) AS value			EXEC-ERR:SQLException: Conversion Error: Unimplemented type for cast (DOUBLE -> DATE)  LINE 1: SELECT DATE '2024-03-15' <> CAST(1.0 AS DOUBLE) AS value                                     ^	DB-ERROR
cx.lt.SDate.Float	cross	|%2024-03-15 < 1.0						G-ERR:TypeInferenceException: no overload of 'meta::pure::functions::boolean::lessThan' structurally matches the argument types (ExprType[type=STRICT_DATE, multiplicity=Bounded[lower=1, upper=1]], ExprType[type=FLOAT, multiplicity=Bounded[lower=1, upper=1]]); [TypedParameter[name=left, type=DATE, multiplicity=Bounded[lower=0, upper=1]], TypedParameter[name=right, type=DATE, multiplicity=Bounded[lower=0, upper=1]]]; [TypedParameter[name=left, type=BOOLEAN, multiplicity=Bounded[lower=0, upper=1]], TypedParameter[name=right, type=BOOLEAN, multiplicity=Bounded[lower=0, upper=1]]]; [TypedParameter[name=left, type=DATE, multiplicity=Bounded[lower=0, upper=1]], TypedParameter[name=right, type=DATE, multiplicity=Bounded[lower=1, upper=1]]]; [TypedParameter[name=left, type=DATE, multiplicity=Bounded[lower=1, upper=1]], TypedParameter[name=right, type=DATE, multiplicity=Bounded[lower=0, upper=1]]]; [TypedParameter[name=left, type=DATE, multiplicity=Bounded[lower=1, upper=1]], TypedParameter[name=right, type=DATE, multiplicity=Bounded[lower=1, upper=1]]]; [TypedParameter[name=left, type=NUMBER, multiplicity=Bounded[lower=0, upper=1]], TypedParameter[name=right, type=NUMBER, multiplicity=Bounded[lower=0, upper=1]]]; [TypedParameter[name=left, type=NUMBER, multiplicity=Bounded[lower=0, upper=1]], TypedParameter[name=right, type=NUMBER, multiplicity=Bounded[lower=1, upper=1]]]; [TypedParameter[name=left, type=NUMBER, multiplicity=Bounded[lower=1, upper=1]], TypedParameter[name=right, type=NUMBER, multiplicity=Bounded[lower=0, upper=1]]]; [TypedParameter[name=left, type=NUMBER, multiplicity=Bounded[lower=1, upper=1]], TypedParameter[name=right, type=NUMBER, multiplicity=Bounded[lower=1, upper=1]]]; [TypedParameter[name=left, type=STRING, multiplicity=Bounded[lower=0, upper=1]], TypedParameter[name=right, type=STRING, multiplicity=Bounded[lower=0, upper=1]]]; [TypedParameter[name=left, type=STRING, multiplicity=Bounded[lower=0, upper=1]], TypedParameter[name=right, type=STRING, multiplicity=Bounded[lower=1, upper=1]]]; [TypedParameter[name=left, type=STRING, multiplicity=Bounded[lower=1, upper=1]], TypedParameter[name=right, type=STRING, multiplicity=Bounded[lower=0, upper=1]]]; [TypedParameter[name=left, type=STRING, multiplicity=Bounded[lower=1, upper=1]], TypedParameter[name=right, type=STRING, multiplicity=Bounded[lower=1, upper=1]]]	G-REJECT
cx.gt.SDate.Float	cross	|%2024-03-15 > 1.0						G-ERR:TypeInferenceException: no overload of 'meta::pure::functions::boolean::greaterThan' structurally matches the argument types (ExprType[type=STRICT_DATE, multiplicity=Bounded[lower=1, upper=1]], ExprType[type=FLOAT, multiplicity=Bounded[lower=1, upper=1]]); [TypedParameter[name=left, type=DATE, multiplicity=Bounded[lower=0, upper=1]], TypedParameter[name=right, type=DATE, multiplicity=Bounded[lower=0, upper=1]]]; [TypedParameter[name=left, type=DATE, multiplicity=Bounded[lower=0, upper=1]], TypedParameter[name=right, type=DATE, multiplicity=Bounded[lower=1, upper=1]]]; [TypedParameter[name=left, type=DATE, multiplicity=Bounded[lower=1, upper=1]], TypedParameter[name=right, type=DATE, multiplicity=Bounded[lower=0, upper=1]]]; [TypedParameter[name=left, type=DATE, multiplicity=Bounded[lower=1, upper=1]], TypedParameter[name=right, type=DATE, multiplicity=Bounded[lower=1, upper=1]]]; [TypedParameter[name=left, type=NUMBER, multiplicity=Bounded[lower=0, upper=1]], TypedParameter[name=right, type=NUMBER, multiplicity=Bounded[lower=0, upper=1]]]; [TypedParameter[name=left, type=NUMBER, multiplicity=Bounded[lower=0, upper=1]], TypedParameter[name=right, type=NUMBER, multiplicity=Bounded[lower=1, upper=1]]]; [TypedParameter[name=left, type=NUMBER, multiplicity=Bounded[lower=1, upper=1]], TypedParameter[name=right, type=NUMBER, multiplicity=Bounded[lower=0, upper=1]]]; [TypedParameter[name=left, type=NUMBER, multiplicity=Bounded[lower=1, upper=1]], TypedParameter[name=right, type=NUMBER, multiplicity=Bounded[lower=1, upper=1]]]; [TypedParameter[name=left, type=STRING, multiplicity=Bounded[lower=0, upper=1]], TypedParameter[name=right, type=STRING, multiplicity=Bounded[lower=0, upper=1]]]; [TypedParameter[name=left, type=STRING, multiplicity=Bounded[lower=0, upper=1]], TypedParameter[name=right, type=STRING, multiplicity=Bounded[lower=1, upper=1]]]; [TypedParameter[name=left, type=STRING, multiplicity=Bounded[lower=1, upper=1]], TypedParameter[name=right, type=STRING, multiplicity=Bounded[lower=0, upper=1]]]; [TypedParameter[name=left, type=STRING, multiplicity=Bounded[lower=1, upper=1]], TypedParameter[name=right, type=STRING, multiplicity=Bounded[lower=1, upper=1]]]; [TypedParameter[name=left, type=BOOLEAN, multiplicity=Bounded[lower=0, upper=1]], TypedParameter[name=right, type=BOOLEAN, multiplicity=Bounded[lower=0, upper=1]]]	G-REJECT
cx.le.SDate.Float	cross	|%2024-03-15 <= 1.0						G-ERR:TypeInferenceException: no overload of 'meta::pure::functions::boolean::lessThanEqual' structurally matches the argument types (ExprType[type=STRICT_DATE, multiplicity=Bounded[lower=1, upper=1]], ExprType[type=FLOAT, multiplicity=Bounded[lower=1, upper=1]]); [TypedParameter[name=left, type=DATE, multiplicity=Bounded[lower=0, upper=1]], TypedParameter[name=right, type=DATE, multiplicity=Bounded[lower=0, upper=1]]]; [TypedParameter[name=left, type=DATE, multiplicity=Bounded[lower=0, upper=1]], TypedParameter[name=right, type=DATE, multiplicity=Bounded[lower=1, upper=1]]]; [TypedParameter[name=left, type=DATE, multiplicity=Bounded[lower=1, upper=1]], TypedParameter[name=right, type=DATE, multiplicity=Bounded[lower=0, upper=1]]]; [TypedParameter[name=left, type=DATE, multiplicity=Bounded[lower=1, upper=1]], TypedParameter[name=right, type=DATE, multiplicity=Bounded[lower=1, upper=1]]]; [TypedParameter[name=left, type=NUMBER, multiplicity=Bounded[lower=0, upper=1]], TypedParameter[name=right, type=NUMBER, multiplicity=Bounded[lower=0, upper=1]]]; [TypedParameter[name=left, type=NUMBER, multiplicity=Bounded[lower=0, upper=1]], TypedParameter[name=right, type=NUMBER, multiplicity=Bounded[lower=1, upper=1]]]; [TypedParameter[name=left, type=NUMBER, multiplicity=Bounded[lower=1, upper=1]], TypedParameter[name=right, type=NUMBER, multiplicity=Bounded[lower=0, upper=1]]]; [TypedParameter[name=left, type=NUMBER, multiplicity=Bounded[lower=1, upper=1]], TypedParameter[name=right, type=NUMBER, multiplicity=Bounded[lower=1, upper=1]]]; [TypedParameter[name=left, type=STRING, multiplicity=Bounded[lower=0, upper=1]], TypedParameter[name=right, type=STRING, multiplicity=Bounded[lower=0, upper=1]]]; [TypedParameter[name=left, type=STRING, multiplicity=Bounded[lower=0, upper=1]], TypedParameter[name=right, type=STRING, multiplicity=Bounded[lower=1, upper=1]]]; [TypedParameter[name=left, type=STRING, multiplicity=Bounded[lower=1, upper=1]], TypedParameter[name=right, type=STRING, multiplicity=Bounded[lower=0, upper=1]]]; [TypedParameter[name=left, type=STRING, multiplicity=Bounded[lower=1, upper=1]], TypedParameter[name=right, type=STRING, multiplicity=Bounded[lower=1, upper=1]]]; [TypedParameter[name=left, type=BOOLEAN, multiplicity=Bounded[lower=0, upper=1]], TypedParameter[name=right, type=BOOLEAN, multiplicity=Bounded[lower=0, upper=1]]]	G-REJECT
cx.ge.SDate.Float	cross	|%2024-03-15 >= 1.0						G-ERR:TypeInferenceException: no overload of 'meta::pure::functions::boolean::greaterThanEqual' structurally matches the argument types (ExprType[type=STRICT_DATE, multiplicity=Bounded[lower=1, upper=1]], ExprType[type=FLOAT, multiplicity=Bounded[lower=1, upper=1]]); [TypedParameter[name=left, type=DATE, multiplicity=Bounded[lower=0, upper=1]], TypedParameter[name=right, type=DATE, multiplicity=Bounded[lower=0, upper=1]]]; [TypedParameter[name=left, type=DATE, multiplicity=Bounded[lower=0, upper=1]], TypedParameter[name=right, type=DATE, multiplicity=Bounded[lower=1, upper=1]]]; [TypedParameter[name=left, type=DATE, multiplicity=Bounded[lower=1, upper=1]], TypedParameter[name=right, type=DATE, multiplicity=Bounded[lower=0, upper=1]]]; [TypedParameter[name=left, type=DATE, multiplicity=Bounded[lower=1, upper=1]], TypedParameter[name=right, type=DATE, multiplicity=Bounded[lower=1, upper=1]]]; [TypedParameter[name=left, type=NUMBER, multiplicity=Bounded[lower=0, upper=1]], TypedParameter[name=right, type=NUMBER, multiplicity=Bounded[lower=0, upper=1]]]; [TypedParameter[name=left, type=NUMBER, multiplicity=Bounded[lower=0, upper=1]], TypedParameter[name=right, type=NUMBER, multiplicity=Bounded[lower=1, upper=1]]]; [TypedParameter[name=left, type=NUMBER, multiplicity=Bounded[lower=1, upper=1]], TypedParameter[name=right, type=NUMBER, multiplicity=Bounded[lower=0, upper=1]]]; [TypedParameter[name=left, type=NUMBER, multiplicity=Bounded[lower=1, upper=1]], TypedParameter[name=right, type=NUMBER, multiplicity=Bounded[lower=1, upper=1]]]; [TypedParameter[name=left, type=STRING, multiplicity=Bounded[lower=0, upper=1]], TypedParameter[name=right, type=STRING, multiplicity=Bounded[lower=0, upper=1]]]; [TypedParameter[name=left, type=STRING, multiplicity=Bounded[lower=0, upper=1]], TypedParameter[name=right, type=STRING, multiplicity=Bounded[lower=1, upper=1]]]; [TypedParameter[name=left, type=STRING, multiplicity=Bounded[lower=1, upper=1]], TypedParameter[name=right, type=STRING, multiplicity=Bounded[lower=0, upper=1]]]; [TypedParameter[name=left, type=STRING, multiplicity=Bounded[lower=1, upper=1]], TypedParameter[name=right, type=STRING, multiplicity=Bounded[lower=1, upper=1]]]; [TypedParameter[name=left, type=BOOLEAN, multiplicity=Bounded[lower=0, upper=1]], TypedParameter[name=right, type=BOOLEAN, multiplicity=Bounded[lower=0, upper=1]]]	G-REJECT
cx.eq.SDate.Dec	cross	|%2024-03-15 == 1.0d	Boolean	[1]	SELECT DATE '2024-03-15' = 1.0 AS value			EXEC-ERR:SQLException: Conversion Error: Unimplemented type for cast (DECIMAL(2,1) -> DATE)  LINE 1: SELECT DATE '2024-03-15' = 1.0 AS value                                    ^	DB-ERROR
cx.ne.SDate.Dec	cross	|%2024-03-15 != 1.0d	Boolean	[1]	SELECT DATE '2024-03-15' <> 1.0 AS value			EXEC-ERR:SQLException: Conversion Error: Unimplemented type for cast (DECIMAL(2,1) -> DATE)  LINE 1: SELECT DATE '2024-03-15' <> 1.0 AS value                                     ^	DB-ERROR
cx.lt.SDate.Dec	cross	|%2024-03-15 < 1.0d						G-ERR:TypeInferenceException: no overload of 'meta::pure::functions::boolean::lessThan' structurally matches the argument types (ExprType[type=STRICT_DATE, multiplicity=Bounded[lower=1, upper=1]], ExprType[type=PrecisionDecimal[precision=38, scale=1], multiplicity=Bounded[lower=1, upper=1]]); [TypedParameter[name=left, type=DATE, multiplicity=Bounded[lower=0, upper=1]], TypedParameter[name=right, type=DATE, multiplicity=Bounded[lower=0, upper=1]]]; [TypedParameter[name=left, type=BOOLEAN, multiplicity=Bounded[lower=0, upper=1]], TypedParameter[name=right, type=BOOLEAN, multiplicity=Bounded[lower=0, upper=1]]]; [TypedParameter[name=left, type=DATE, multiplicity=Bounded[lower=0, upper=1]], TypedParameter[name=right, type=DATE, multiplicity=Bounded[lower=1, upper=1]]]; [TypedParameter[name=left, type=DATE, multiplicity=Bounded[lower=1, upper=1]], TypedParameter[name=right, type=DATE, multiplicity=Bounded[lower=0, upper=1]]]; [TypedParameter[name=left, type=DATE, multiplicity=Bounded[lower=1, upper=1]], TypedParameter[name=right, type=DATE, multiplicity=Bounded[lower=1, upper=1]]]; [TypedParameter[name=left, type=NUMBER, multiplicity=Bounded[lower=0, upper=1]], TypedParameter[name=right, type=NUMBER, multiplicity=Bounded[lower=0, upper=1]]]; [TypedParameter[name=left, type=NUMBER, multiplicity=Bounded[lower=0, upper=1]], TypedParameter[name=right, type=NUMBER, multiplicity=Bounded[lower=1, upper=1]]]; [TypedParameter[name=left, type=NUMBER, multiplicity=Bounded[lower=1, upper=1]], TypedParameter[name=right, type=NUMBER, multiplicity=Bounded[lower=0, upper=1]]]; [TypedParameter[name=left, type=NUMBER, multiplicity=Bounded[lower=1, upper=1]], TypedParameter[name=right, type=NUMBER, multiplicity=Bounded[lower=1, upper=1]]]; [TypedParameter[name=left, type=STRING, multiplicity=Bounded[lower=0, upper=1]], TypedParameter[name=right, type=STRING, multiplicity=Bounded[lower=0, upper=1]]]; [TypedParameter[name=left, type=STRING, multiplicity=Bounded[lower=0, upper=1]], TypedParameter[name=right, type=STRING, multiplicity=Bounded[lower=1, upper=1]]]; [TypedParameter[name=left, type=STRING, multiplicity=Bounded[lower=1, upper=1]], TypedParameter[name=right, type=STRING, multiplicity=Bounded[lower=0, upper=1]]]; [TypedParameter[name=left, type=STRING, multiplicity=Bounded[lower=1, upper=1]], TypedParameter[name=right, type=STRING, multiplicity=Bounded[lower=1, upper=1]]]	G-REJECT
cx.gt.SDate.Dec	cross	|%2024-03-15 > 1.0d						G-ERR:TypeInferenceException: no overload of 'meta::pure::functions::boolean::greaterThan' structurally matches the argument types (ExprType[type=STRICT_DATE, multiplicity=Bounded[lower=1, upper=1]], ExprType[type=PrecisionDecimal[precision=38, scale=1], multiplicity=Bounded[lower=1, upper=1]]); [TypedParameter[name=left, type=DATE, multiplicity=Bounded[lower=0, upper=1]], TypedParameter[name=right, type=DATE, multiplicity=Bounded[lower=0, upper=1]]]; [TypedParameter[name=left, type=DATE, multiplicity=Bounded[lower=0, upper=1]], TypedParameter[name=right, type=DATE, multiplicity=Bounded[lower=1, upper=1]]]; [TypedParameter[name=left, type=DATE, multiplicity=Bounded[lower=1, upper=1]], TypedParameter[name=right, type=DATE, multiplicity=Bounded[lower=0, upper=1]]]; [TypedParameter[name=left, type=DATE, multiplicity=Bounded[lower=1, upper=1]], TypedParameter[name=right, type=DATE, multiplicity=Bounded[lower=1, upper=1]]]; [TypedParameter[name=left, type=NUMBER, multiplicity=Bounded[lower=0, upper=1]], TypedParameter[name=right, type=NUMBER, multiplicity=Bounded[lower=0, upper=1]]]; [TypedParameter[name=left, type=NUMBER, multiplicity=Bounded[lower=0, upper=1]], TypedParameter[name=right, type=NUMBER, multiplicity=Bounded[lower=1, upper=1]]]; [TypedParameter[name=left, type=NUMBER, multiplicity=Bounded[lower=1, upper=1]], TypedParameter[name=right, type=NUMBER, multiplicity=Bounded[lower=0, upper=1]]]; [TypedParameter[name=left, type=NUMBER, multiplicity=Bounded[lower=1, upper=1]], TypedParameter[name=right, type=NUMBER, multiplicity=Bounded[lower=1, upper=1]]]; [TypedParameter[name=left, type=STRING, multiplicity=Bounded[lower=0, upper=1]], TypedParameter[name=right, type=STRING, multiplicity=Bounded[lower=0, upper=1]]]; [TypedParameter[name=left, type=STRING, multiplicity=Bounded[lower=0, upper=1]], TypedParameter[name=right, type=STRING, multiplicity=Bounded[lower=1, upper=1]]]; [TypedParameter[name=left, type=STRING, multiplicity=Bounded[lower=1, upper=1]], TypedParameter[name=right, type=STRING, multiplicity=Bounded[lower=0, upper=1]]]; [TypedParameter[name=left, type=STRING, multiplicity=Bounded[lower=1, upper=1]], TypedParameter[name=right, type=STRING, multiplicity=Bounded[lower=1, upper=1]]]; [TypedParameter[name=left, type=BOOLEAN, multiplicity=Bounded[lower=0, upper=1]], TypedParameter[name=right, type=BOOLEAN, multiplicity=Bounded[lower=0, upper=1]]]	G-REJECT
cx.le.SDate.Dec	cross	|%2024-03-15 <= 1.0d						G-ERR:TypeInferenceException: no overload of 'meta::pure::functions::boolean::lessThanEqual' structurally matches the argument types (ExprType[type=STRICT_DATE, multiplicity=Bounded[lower=1, upper=1]], ExprType[type=PrecisionDecimal[precision=38, scale=1], multiplicity=Bounded[lower=1, upper=1]]); [TypedParameter[name=left, type=DATE, multiplicity=Bounded[lower=0, upper=1]], TypedParameter[name=right, type=DATE, multiplicity=Bounded[lower=0, upper=1]]]; [TypedParameter[name=left, type=DATE, multiplicity=Bounded[lower=0, upper=1]], TypedParameter[name=right, type=DATE, multiplicity=Bounded[lower=1, upper=1]]]; [TypedParameter[name=left, type=DATE, multiplicity=Bounded[lower=1, upper=1]], TypedParameter[name=right, type=DATE, multiplicity=Bounded[lower=0, upper=1]]]; [TypedParameter[name=left, type=DATE, multiplicity=Bounded[lower=1, upper=1]], TypedParameter[name=right, type=DATE, multiplicity=Bounded[lower=1, upper=1]]]; [TypedParameter[name=left, type=NUMBER, multiplicity=Bounded[lower=0, upper=1]], TypedParameter[name=right, type=NUMBER, multiplicity=Bounded[lower=0, upper=1]]]; [TypedParameter[name=left, type=NUMBER, multiplicity=Bounded[lower=0, upper=1]], TypedParameter[name=right, type=NUMBER, multiplicity=Bounded[lower=1, upper=1]]]; [TypedParameter[name=left, type=NUMBER, multiplicity=Bounded[lower=1, upper=1]], TypedParameter[name=right, type=NUMBER, multiplicity=Bounded[lower=0, upper=1]]]; [TypedParameter[name=left, type=NUMBER, multiplicity=Bounded[lower=1, upper=1]], TypedParameter[name=right, type=NUMBER, multiplicity=Bounded[lower=1, upper=1]]]; [TypedParameter[name=left, type=STRING, multiplicity=Bounded[lower=0, upper=1]], TypedParameter[name=right, type=STRING, multiplicity=Bounded[lower=0, upper=1]]]; [TypedParameter[name=left, type=STRING, multiplicity=Bounded[lower=0, upper=1]], TypedParameter[name=right, type=STRING, multiplicity=Bounded[lower=1, upper=1]]]; [TypedParameter[name=left, type=STRING, multiplicity=Bounded[lower=1, upper=1]], TypedParameter[name=right, type=STRING, multiplicity=Bounded[lower=0, upper=1]]]; [TypedParameter[name=left, type=STRING, multiplicity=Bounded[lower=1, upper=1]], TypedParameter[name=right, type=STRING, multiplicity=Bounded[lower=1, upper=1]]]; [TypedParameter[name=left, type=BOOLEAN, multiplicity=Bounded[lower=0, upper=1]], TypedParameter[name=right, type=BOOLEAN, multiplicity=Bounded[lower=0, upper=1]]]	G-REJECT
cx.ge.SDate.Dec	cross	|%2024-03-15 >= 1.0d						G-ERR:TypeInferenceException: no overload of 'meta::pure::functions::boolean::greaterThanEqual' structurally matches the argument types (ExprType[type=STRICT_DATE, multiplicity=Bounded[lower=1, upper=1]], ExprType[type=PrecisionDecimal[precision=38, scale=1], multiplicity=Bounded[lower=1, upper=1]]); [TypedParameter[name=left, type=DATE, multiplicity=Bounded[lower=0, upper=1]], TypedParameter[name=right, type=DATE, multiplicity=Bounded[lower=0, upper=1]]]; [TypedParameter[name=left, type=DATE, multiplicity=Bounded[lower=0, upper=1]], TypedParameter[name=right, type=DATE, multiplicity=Bounded[lower=1, upper=1]]]; [TypedParameter[name=left, type=DATE, multiplicity=Bounded[lower=1, upper=1]], TypedParameter[name=right, type=DATE, multiplicity=Bounded[lower=0, upper=1]]]; [TypedParameter[name=left, type=DATE, multiplicity=Bounded[lower=1, upper=1]], TypedParameter[name=right, type=DATE, multiplicity=Bounded[lower=1, upper=1]]]; [TypedParameter[name=left, type=NUMBER, multiplicity=Bounded[lower=0, upper=1]], TypedParameter[name=right, type=NUMBER, multiplicity=Bounded[lower=0, upper=1]]]; [TypedParameter[name=left, type=NUMBER, multiplicity=Bounded[lower=0, upper=1]], TypedParameter[name=right, type=NUMBER, multiplicity=Bounded[lower=1, upper=1]]]; [TypedParameter[name=left, type=NUMBER, multiplicity=Bounded[lower=1, upper=1]], TypedParameter[name=right, type=NUMBER, multiplicity=Bounded[lower=0, upper=1]]]; [TypedParameter[name=left, type=NUMBER, multiplicity=Bounded[lower=1, upper=1]], TypedParameter[name=right, type=NUMBER, multiplicity=Bounded[lower=1, upper=1]]]; [TypedParameter[name=left, type=STRING, multiplicity=Bounded[lower=0, upper=1]], TypedParameter[name=right, type=STRING, multiplicity=Bounded[lower=0, upper=1]]]; [TypedParameter[name=left, type=STRING, multiplicity=Bounded[lower=0, upper=1]], TypedParameter[name=right, type=STRING, multiplicity=Bounded[lower=1, upper=1]]]; [TypedParameter[name=left, type=STRING, multiplicity=Bounded[lower=1, upper=1]], TypedParameter[name=right, type=STRING, multiplicity=Bounded[lower=0, upper=1]]]; [TypedParameter[name=left, type=STRING, multiplicity=Bounded[lower=1, upper=1]], TypedParameter[name=right, type=STRING, multiplicity=Bounded[lower=1, upper=1]]]; [TypedParameter[name=left, type=BOOLEAN, multiplicity=Bounded[lower=0, upper=1]], TypedParameter[name=right, type=BOOLEAN, multiplicity=Bounded[lower=0, upper=1]]]	G-REJECT
cx.eq.SDate.Str	cross	|%2024-03-15 == '1'	Boolean	[1]	SELECT DATE '2024-03-15' = '1' AS value			EXEC-ERR:SQLException: Conversion Error: invalid date field format: "1", expected format is (YYYY-MM-DD)  LINE 1: SELECT DATE '2024-03-15' = '1' AS value                                    ^	DB-ERROR
cx.ne.SDate.Str	cross	|%2024-03-15 != '1'	Boolean	[1]	SELECT DATE '2024-03-15' <> '1' AS value			EXEC-ERR:SQLException: Conversion Error: invalid date field format: "1", expected format is (YYYY-MM-DD)  LINE 1: SELECT DATE '2024-03-15' <> '1' AS value                                     ^	DB-ERROR
cx.lt.SDate.Str	cross	|%2024-03-15 < '1'						G-ERR:TypeInferenceException: no overload of 'meta::pure::functions::boolean::lessThan' structurally matches the argument types (ExprType[type=STRICT_DATE, multiplicity=Bounded[lower=1, upper=1]], ExprType[type=STRING, multiplicity=Bounded[lower=1, upper=1]]); [TypedParameter[name=left, type=DATE, multiplicity=Bounded[lower=0, upper=1]], TypedParameter[name=right, type=DATE, multiplicity=Bounded[lower=0, upper=1]]]; [TypedParameter[name=left, type=BOOLEAN, multiplicity=Bounded[lower=0, upper=1]], TypedParameter[name=right, type=BOOLEAN, multiplicity=Bounded[lower=0, upper=1]]]; [TypedParameter[name=left, type=DATE, multiplicity=Bounded[lower=0, upper=1]], TypedParameter[name=right, type=DATE, multiplicity=Bounded[lower=1, upper=1]]]; [TypedParameter[name=left, type=DATE, multiplicity=Bounded[lower=1, upper=1]], TypedParameter[name=right, type=DATE, multiplicity=Bounded[lower=0, upper=1]]]; [TypedParameter[name=left, type=DATE, multiplicity=Bounded[lower=1, upper=1]], TypedParameter[name=right, type=DATE, multiplicity=Bounded[lower=1, upper=1]]]; [TypedParameter[name=left, type=NUMBER, multiplicity=Bounded[lower=0, upper=1]], TypedParameter[name=right, type=NUMBER, multiplicity=Bounded[lower=0, upper=1]]]; [TypedParameter[name=left, type=NUMBER, multiplicity=Bounded[lower=0, upper=1]], TypedParameter[name=right, type=NUMBER, multiplicity=Bounded[lower=1, upper=1]]]; [TypedParameter[name=left, type=NUMBER, multiplicity=Bounded[lower=1, upper=1]], TypedParameter[name=right, type=NUMBER, multiplicity=Bounded[lower=0, upper=1]]]; [TypedParameter[name=left, type=NUMBER, multiplicity=Bounded[lower=1, upper=1]], TypedParameter[name=right, type=NUMBER, multiplicity=Bounded[lower=1, upper=1]]]; [TypedParameter[name=left, type=STRING, multiplicity=Bounded[lower=0, upper=1]], TypedParameter[name=right, type=STRING, multiplicity=Bounded[lower=0, upper=1]]]; [TypedParameter[name=left, type=STRING, multiplicity=Bounded[lower=0, upper=1]], TypedParameter[name=right, type=STRING, multiplicity=Bounded[lower=1, upper=1]]]; [TypedParameter[name=left, type=STRING, multiplicity=Bounded[lower=1, upper=1]], TypedParameter[name=right, type=STRING, multiplicity=Bounded[lower=0, upper=1]]]; [TypedParameter[name=left, type=STRING, multiplicity=Bounded[lower=1, upper=1]], TypedParameter[name=right, type=STRING, multiplicity=Bounded[lower=1, upper=1]]]	G-REJECT
cx.gt.SDate.Str	cross	|%2024-03-15 > '1'						G-ERR:TypeInferenceException: no overload of 'meta::pure::functions::boolean::greaterThan' structurally matches the argument types (ExprType[type=STRICT_DATE, multiplicity=Bounded[lower=1, upper=1]], ExprType[type=STRING, multiplicity=Bounded[lower=1, upper=1]]); [TypedParameter[name=left, type=DATE, multiplicity=Bounded[lower=0, upper=1]], TypedParameter[name=right, type=DATE, multiplicity=Bounded[lower=0, upper=1]]]; [TypedParameter[name=left, type=DATE, multiplicity=Bounded[lower=0, upper=1]], TypedParameter[name=right, type=DATE, multiplicity=Bounded[lower=1, upper=1]]]; [TypedParameter[name=left, type=DATE, multiplicity=Bounded[lower=1, upper=1]], TypedParameter[name=right, type=DATE, multiplicity=Bounded[lower=0, upper=1]]]; [TypedParameter[name=left, type=DATE, multiplicity=Bounded[lower=1, upper=1]], TypedParameter[name=right, type=DATE, multiplicity=Bounded[lower=1, upper=1]]]; [TypedParameter[name=left, type=NUMBER, multiplicity=Bounded[lower=0, upper=1]], TypedParameter[name=right, type=NUMBER, multiplicity=Bounded[lower=0, upper=1]]]; [TypedParameter[name=left, type=NUMBER, multiplicity=Bounded[lower=0, upper=1]], TypedParameter[name=right, type=NUMBER, multiplicity=Bounded[lower=1, upper=1]]]; [TypedParameter[name=left, type=NUMBER, multiplicity=Bounded[lower=1, upper=1]], TypedParameter[name=right, type=NUMBER, multiplicity=Bounded[lower=0, upper=1]]]; [TypedParameter[name=left, type=NUMBER, multiplicity=Bounded[lower=1, upper=1]], TypedParameter[name=right, type=NUMBER, multiplicity=Bounded[lower=1, upper=1]]]; [TypedParameter[name=left, type=STRING, multiplicity=Bounded[lower=0, upper=1]], TypedParameter[name=right, type=STRING, multiplicity=Bounded[lower=0, upper=1]]]; [TypedParameter[name=left, type=STRING, multiplicity=Bounded[lower=0, upper=1]], TypedParameter[name=right, type=STRING, multiplicity=Bounded[lower=1, upper=1]]]; [TypedParameter[name=left, type=STRING, multiplicity=Bounded[lower=1, upper=1]], TypedParameter[name=right, type=STRING, multiplicity=Bounded[lower=0, upper=1]]]; [TypedParameter[name=left, type=STRING, multiplicity=Bounded[lower=1, upper=1]], TypedParameter[name=right, type=STRING, multiplicity=Bounded[lower=1, upper=1]]]; [TypedParameter[name=left, type=BOOLEAN, multiplicity=Bounded[lower=0, upper=1]], TypedParameter[name=right, type=BOOLEAN, multiplicity=Bounded[lower=0, upper=1]]]	G-REJECT
cx.le.SDate.Str	cross	|%2024-03-15 <= '1'						G-ERR:TypeInferenceException: no overload of 'meta::pure::functions::boolean::lessThanEqual' structurally matches the argument types (ExprType[type=STRICT_DATE, multiplicity=Bounded[lower=1, upper=1]], ExprType[type=STRING, multiplicity=Bounded[lower=1, upper=1]]); [TypedParameter[name=left, type=DATE, multiplicity=Bounded[lower=0, upper=1]], TypedParameter[name=right, type=DATE, multiplicity=Bounded[lower=0, upper=1]]]; [TypedParameter[name=left, type=DATE, multiplicity=Bounded[lower=0, upper=1]], TypedParameter[name=right, type=DATE, multiplicity=Bounded[lower=1, upper=1]]]; [TypedParameter[name=left, type=DATE, multiplicity=Bounded[lower=1, upper=1]], TypedParameter[name=right, type=DATE, multiplicity=Bounded[lower=0, upper=1]]]; [TypedParameter[name=left, type=DATE, multiplicity=Bounded[lower=1, upper=1]], TypedParameter[name=right, type=DATE, multiplicity=Bounded[lower=1, upper=1]]]; [TypedParameter[name=left, type=NUMBER, multiplicity=Bounded[lower=0, upper=1]], TypedParameter[name=right, type=NUMBER, multiplicity=Bounded[lower=0, upper=1]]]; [TypedParameter[name=left, type=NUMBER, multiplicity=Bounded[lower=0, upper=1]], TypedParameter[name=right, type=NUMBER, multiplicity=Bounded[lower=1, upper=1]]]; [TypedParameter[name=left, type=NUMBER, multiplicity=Bounded[lower=1, upper=1]], TypedParameter[name=right, type=NUMBER, multiplicity=Bounded[lower=0, upper=1]]]; [TypedParameter[name=left, type=NUMBER, multiplicity=Bounded[lower=1, upper=1]], TypedParameter[name=right, type=NUMBER, multiplicity=Bounded[lower=1, upper=1]]]; [TypedParameter[name=left, type=STRING, multiplicity=Bounded[lower=0, upper=1]], TypedParameter[name=right, type=STRING, multiplicity=Bounded[lower=0, upper=1]]]; [TypedParameter[name=left, type=STRING, multiplicity=Bounded[lower=0, upper=1]], TypedParameter[name=right, type=STRING, multiplicity=Bounded[lower=1, upper=1]]]; [TypedParameter[name=left, type=STRING, multiplicity=Bounded[lower=1, upper=1]], TypedParameter[name=right, type=STRING, multiplicity=Bounded[lower=0, upper=1]]]; [TypedParameter[name=left, type=STRING, multiplicity=Bounded[lower=1, upper=1]], TypedParameter[name=right, type=STRING, multiplicity=Bounded[lower=1, upper=1]]]; [TypedParameter[name=left, type=BOOLEAN, multiplicity=Bounded[lower=0, upper=1]], TypedParameter[name=right, type=BOOLEAN, multiplicity=Bounded[lower=0, upper=1]]]	G-REJECT
cx.ge.SDate.Str	cross	|%2024-03-15 >= '1'						G-ERR:TypeInferenceException: no overload of 'meta::pure::functions::boolean::greaterThanEqual' structurally matches the argument types (ExprType[type=STRICT_DATE, multiplicity=Bounded[lower=1, upper=1]], ExprType[type=STRING, multiplicity=Bounded[lower=1, upper=1]]); [TypedParameter[name=left, type=DATE, multiplicity=Bounded[lower=0, upper=1]], TypedParameter[name=right, type=DATE, multiplicity=Bounded[lower=0, upper=1]]]; [TypedParameter[name=left, type=DATE, multiplicity=Bounded[lower=0, upper=1]], TypedParameter[name=right, type=DATE, multiplicity=Bounded[lower=1, upper=1]]]; [TypedParameter[name=left, type=DATE, multiplicity=Bounded[lower=1, upper=1]], TypedParameter[name=right, type=DATE, multiplicity=Bounded[lower=0, upper=1]]]; [TypedParameter[name=left, type=DATE, multiplicity=Bounded[lower=1, upper=1]], TypedParameter[name=right, type=DATE, multiplicity=Bounded[lower=1, upper=1]]]; [TypedParameter[name=left, type=NUMBER, multiplicity=Bounded[lower=0, upper=1]], TypedParameter[name=right, type=NUMBER, multiplicity=Bounded[lower=0, upper=1]]]; [TypedParameter[name=left, type=NUMBER, multiplicity=Bounded[lower=0, upper=1]], TypedParameter[name=right, type=NUMBER, multiplicity=Bounded[lower=1, upper=1]]]; [TypedParameter[name=left, type=NUMBER, multiplicity=Bounded[lower=1, upper=1]], TypedParameter[name=right, type=NUMBER, multiplicity=Bounded[lower=0, upper=1]]]; [TypedParameter[name=left, type=NUMBER, multiplicity=Bounded[lower=1, upper=1]], TypedParameter[name=right, type=NUMBER, multiplicity=Bounded[lower=1, upper=1]]]; [TypedParameter[name=left, type=STRING, multiplicity=Bounded[lower=0, upper=1]], TypedParameter[name=right, type=STRING, multiplicity=Bounded[lower=0, upper=1]]]; [TypedParameter[name=left, type=STRING, multiplicity=Bounded[lower=0, upper=1]], TypedParameter[name=right, type=STRING, multiplicity=Bounded[lower=1, upper=1]]]; [TypedParameter[name=left, type=STRING, multiplicity=Bounded[lower=1, upper=1]], TypedParameter[name=right, type=STRING, multiplicity=Bounded[lower=0, upper=1]]]; [TypedParameter[name=left, type=STRING, multiplicity=Bounded[lower=1, upper=1]], TypedParameter[name=right, type=STRING, multiplicity=Bounded[lower=1, upper=1]]]; [TypedParameter[name=left, type=BOOLEAN, multiplicity=Bounded[lower=0, upper=1]], TypedParameter[name=right, type=BOOLEAN, multiplicity=Bounded[lower=0, upper=1]]]	G-REJECT
cx.eq.SDate.SDate	cross	|%2024-03-15 == %2024-03-15	Boolean	[1]	SELECT DATE '2024-03-15' = DATE '2024-03-15' AS value	Boolean	true	OK	OK
cx.ne.SDate.SDate	cross	|%2024-03-15 != %2024-03-15	Boolean	[1]	SELECT DATE '2024-03-15' <> DATE '2024-03-15' AS value	Boolean	false	OK	OK
cx.lt.SDate.SDate	cross	|%2024-03-15 < %2024-03-15	Boolean	[1]	SELECT DATE '2024-03-15' < DATE '2024-03-15' AS value	Boolean	false	OK	OK
cx.gt.SDate.SDate	cross	|%2024-03-15 > %2024-03-15	Boolean	[1]	SELECT DATE '2024-03-15' > DATE '2024-03-15' AS value	Boolean	false	OK	OK
cx.le.SDate.SDate	cross	|%2024-03-15 <= %2024-03-15	Boolean	[1]	SELECT DATE '2024-03-15' <= DATE '2024-03-15' AS value	Boolean	true	OK	OK
cx.ge.SDate.SDate	cross	|%2024-03-15 >= %2024-03-15	Boolean	[1]	SELECT DATE '2024-03-15' >= DATE '2024-03-15' AS value	Boolean	true	OK	OK
cx.eq.SDate.DTime	cross	|%2024-03-15 == %2024-03-15T10:30:45	Boolean	[1]	SELECT DATE '2024-03-15' = TIMESTAMP '2024-03-15T10:30:45' AS value	Boolean	false	OK	OK
cx.ne.SDate.DTime	cross	|%2024-03-15 != %2024-03-15T10:30:45	Boolean	[1]	SELECT DATE '2024-03-15' <> TIMESTAMP '2024-03-15T10:30:45' AS value	Boolean	true	OK	OK
cx.lt.SDate.DTime	cross	|%2024-03-15 < %2024-03-15T10:30:45	Boolean	[1]	SELECT DATE '2024-03-15' < TIMESTAMP '2024-03-15T10:30:45' AS value	Boolean	true	OK	OK
cx.gt.SDate.DTime	cross	|%2024-03-15 > %2024-03-15T10:30:45	Boolean	[1]	SELECT DATE '2024-03-15' > TIMESTAMP '2024-03-15T10:30:45' AS value	Boolean	false	OK	OK
cx.le.SDate.DTime	cross	|%2024-03-15 <= %2024-03-15T10:30:45	Boolean	[1]	SELECT DATE '2024-03-15' <= TIMESTAMP '2024-03-15T10:30:45' AS value	Boolean	true	OK	OK
cx.ge.SDate.DTime	cross	|%2024-03-15 >= %2024-03-15T10:30:45	Boolean	[1]	SELECT DATE '2024-03-15' >= TIMESTAMP '2024-03-15T10:30:45' AS value	Boolean	false	OK	OK
cx.eq.SDate.Bool	cross	|%2024-03-15 == true	Boolean	[1]	SELECT DATE '2024-03-15' = TRUE AS value			EXEC-ERR:SQLException: Conversion Error: Unimplemented type for cast (BOOLEAN -> DATE)	DB-ERROR
cx.ne.SDate.Bool	cross	|%2024-03-15 != true	Boolean	[1]	SELECT DATE '2024-03-15' <> TRUE AS value			EXEC-ERR:SQLException: Conversion Error: Unimplemented type for cast (BOOLEAN -> DATE)	DB-ERROR
cx.lt.SDate.Bool	cross	|%2024-03-15 < true						G-ERR:TypeInferenceException: no overload of 'meta::pure::functions::boolean::lessThan' structurally matches the argument types (ExprType[type=STRICT_DATE, multiplicity=Bounded[lower=1, upper=1]], ExprType[type=BOOLEAN, multiplicity=Bounded[lower=1, upper=1]]); [TypedParameter[name=left, type=DATE, multiplicity=Bounded[lower=0, upper=1]], TypedParameter[name=right, type=DATE, multiplicity=Bounded[lower=0, upper=1]]]; [TypedParameter[name=left, type=BOOLEAN, multiplicity=Bounded[lower=0, upper=1]], TypedParameter[name=right, type=BOOLEAN, multiplicity=Bounded[lower=0, upper=1]]]; [TypedParameter[name=left, type=DATE, multiplicity=Bounded[lower=0, upper=1]], TypedParameter[name=right, type=DATE, multiplicity=Bounded[lower=1, upper=1]]]; [TypedParameter[name=left, type=DATE, multiplicity=Bounded[lower=1, upper=1]], TypedParameter[name=right, type=DATE, multiplicity=Bounded[lower=0, upper=1]]]; [TypedParameter[name=left, type=DATE, multiplicity=Bounded[lower=1, upper=1]], TypedParameter[name=right, type=DATE, multiplicity=Bounded[lower=1, upper=1]]]; [TypedParameter[name=left, type=NUMBER, multiplicity=Bounded[lower=0, upper=1]], TypedParameter[name=right, type=NUMBER, multiplicity=Bounded[lower=0, upper=1]]]; [TypedParameter[name=left, type=NUMBER, multiplicity=Bounded[lower=0, upper=1]], TypedParameter[name=right, type=NUMBER, multiplicity=Bounded[lower=1, upper=1]]]; [TypedParameter[name=left, type=NUMBER, multiplicity=Bounded[lower=1, upper=1]], TypedParameter[name=right, type=NUMBER, multiplicity=Bounded[lower=0, upper=1]]]; [TypedParameter[name=left, type=NUMBER, multiplicity=Bounded[lower=1, upper=1]], TypedParameter[name=right, type=NUMBER, multiplicity=Bounded[lower=1, upper=1]]]; [TypedParameter[name=left, type=STRING, multiplicity=Bounded[lower=0, upper=1]], TypedParameter[name=right, type=STRING, multiplicity=Bounded[lower=0, upper=1]]]; [TypedParameter[name=left, type=STRING, multiplicity=Bounded[lower=0, upper=1]], TypedParameter[name=right, type=STRING, multiplicity=Bounded[lower=1, upper=1]]]; [TypedParameter[name=left, type=STRING, multiplicity=Bounded[lower=1, upper=1]], TypedParameter[name=right, type=STRING, multiplicity=Bounded[lower=0, upper=1]]]; [TypedParameter[name=left, type=STRING, multiplicity=Bounded[lower=1, upper=1]], TypedParameter[name=right, type=STRING, multiplicity=Bounded[lower=1, upper=1]]]	G-REJECT
cx.gt.SDate.Bool	cross	|%2024-03-15 > true						G-ERR:TypeInferenceException: no overload of 'meta::pure::functions::boolean::greaterThan' structurally matches the argument types (ExprType[type=STRICT_DATE, multiplicity=Bounded[lower=1, upper=1]], ExprType[type=BOOLEAN, multiplicity=Bounded[lower=1, upper=1]]); [TypedParameter[name=left, type=DATE, multiplicity=Bounded[lower=0, upper=1]], TypedParameter[name=right, type=DATE, multiplicity=Bounded[lower=0, upper=1]]]; [TypedParameter[name=left, type=DATE, multiplicity=Bounded[lower=0, upper=1]], TypedParameter[name=right, type=DATE, multiplicity=Bounded[lower=1, upper=1]]]; [TypedParameter[name=left, type=DATE, multiplicity=Bounded[lower=1, upper=1]], TypedParameter[name=right, type=DATE, multiplicity=Bounded[lower=0, upper=1]]]; [TypedParameter[name=left, type=DATE, multiplicity=Bounded[lower=1, upper=1]], TypedParameter[name=right, type=DATE, multiplicity=Bounded[lower=1, upper=1]]]; [TypedParameter[name=left, type=NUMBER, multiplicity=Bounded[lower=0, upper=1]], TypedParameter[name=right, type=NUMBER, multiplicity=Bounded[lower=0, upper=1]]]; [TypedParameter[name=left, type=NUMBER, multiplicity=Bounded[lower=0, upper=1]], TypedParameter[name=right, type=NUMBER, multiplicity=Bounded[lower=1, upper=1]]]; [TypedParameter[name=left, type=NUMBER, multiplicity=Bounded[lower=1, upper=1]], TypedParameter[name=right, type=NUMBER, multiplicity=Bounded[lower=0, upper=1]]]; [TypedParameter[name=left, type=NUMBER, multiplicity=Bounded[lower=1, upper=1]], TypedParameter[name=right, type=NUMBER, multiplicity=Bounded[lower=1, upper=1]]]; [TypedParameter[name=left, type=STRING, multiplicity=Bounded[lower=0, upper=1]], TypedParameter[name=right, type=STRING, multiplicity=Bounded[lower=0, upper=1]]]; [TypedParameter[name=left, type=STRING, multiplicity=Bounded[lower=0, upper=1]], TypedParameter[name=right, type=STRING, multiplicity=Bounded[lower=1, upper=1]]]; [TypedParameter[name=left, type=STRING, multiplicity=Bounded[lower=1, upper=1]], TypedParameter[name=right, type=STRING, multiplicity=Bounded[lower=0, upper=1]]]; [TypedParameter[name=left, type=STRING, multiplicity=Bounded[lower=1, upper=1]], TypedParameter[name=right, type=STRING, multiplicity=Bounded[lower=1, upper=1]]]; [TypedParameter[name=left, type=BOOLEAN, multiplicity=Bounded[lower=0, upper=1]], TypedParameter[name=right, type=BOOLEAN, multiplicity=Bounded[lower=0, upper=1]]]	G-REJECT
cx.le.SDate.Bool	cross	|%2024-03-15 <= true						G-ERR:TypeInferenceException: no overload of 'meta::pure::functions::boolean::lessThanEqual' structurally matches the argument types (ExprType[type=STRICT_DATE, multiplicity=Bounded[lower=1, upper=1]], ExprType[type=BOOLEAN, multiplicity=Bounded[lower=1, upper=1]]); [TypedParameter[name=left, type=DATE, multiplicity=Bounded[lower=0, upper=1]], TypedParameter[name=right, type=DATE, multiplicity=Bounded[lower=0, upper=1]]]; [TypedParameter[name=left, type=DATE, multiplicity=Bounded[lower=0, upper=1]], TypedParameter[name=right, type=DATE, multiplicity=Bounded[lower=1, upper=1]]]; [TypedParameter[name=left, type=DATE, multiplicity=Bounded[lower=1, upper=1]], TypedParameter[name=right, type=DATE, multiplicity=Bounded[lower=0, upper=1]]]; [TypedParameter[name=left, type=DATE, multiplicity=Bounded[lower=1, upper=1]], TypedParameter[name=right, type=DATE, multiplicity=Bounded[lower=1, upper=1]]]; [TypedParameter[name=left, type=NUMBER, multiplicity=Bounded[lower=0, upper=1]], TypedParameter[name=right, type=NUMBER, multiplicity=Bounded[lower=0, upper=1]]]; [TypedParameter[name=left, type=NUMBER, multiplicity=Bounded[lower=0, upper=1]], TypedParameter[name=right, type=NUMBER, multiplicity=Bounded[lower=1, upper=1]]]; [TypedParameter[name=left, type=NUMBER, multiplicity=Bounded[lower=1, upper=1]], TypedParameter[name=right, type=NUMBER, multiplicity=Bounded[lower=0, upper=1]]]; [TypedParameter[name=left, type=NUMBER, multiplicity=Bounded[lower=1, upper=1]], TypedParameter[name=right, type=NUMBER, multiplicity=Bounded[lower=1, upper=1]]]; [TypedParameter[name=left, type=STRING, multiplicity=Bounded[lower=0, upper=1]], TypedParameter[name=right, type=STRING, multiplicity=Bounded[lower=0, upper=1]]]; [TypedParameter[name=left, type=STRING, multiplicity=Bounded[lower=0, upper=1]], TypedParameter[name=right, type=STRING, multiplicity=Bounded[lower=1, upper=1]]]; [TypedParameter[name=left, type=STRING, multiplicity=Bounded[lower=1, upper=1]], TypedParameter[name=right, type=STRING, multiplicity=Bounded[lower=0, upper=1]]]; [TypedParameter[name=left, type=STRING, multiplicity=Bounded[lower=1, upper=1]], TypedParameter[name=right, type=STRING, multiplicity=Bounded[lower=1, upper=1]]]; [TypedParameter[name=left, type=BOOLEAN, multiplicity=Bounded[lower=0, upper=1]], TypedParameter[name=right, type=BOOLEAN, multiplicity=Bounded[lower=0, upper=1]]]	G-REJECT
cx.ge.SDate.Bool	cross	|%2024-03-15 >= true						G-ERR:TypeInferenceException: no overload of 'meta::pure::functions::boolean::greaterThanEqual' structurally matches the argument types (ExprType[type=STRICT_DATE, multiplicity=Bounded[lower=1, upper=1]], ExprType[type=BOOLEAN, multiplicity=Bounded[lower=1, upper=1]]); [TypedParameter[name=left, type=DATE, multiplicity=Bounded[lower=0, upper=1]], TypedParameter[name=right, type=DATE, multiplicity=Bounded[lower=0, upper=1]]]; [TypedParameter[name=left, type=DATE, multiplicity=Bounded[lower=0, upper=1]], TypedParameter[name=right, type=DATE, multiplicity=Bounded[lower=1, upper=1]]]; [TypedParameter[name=left, type=DATE, multiplicity=Bounded[lower=1, upper=1]], TypedParameter[name=right, type=DATE, multiplicity=Bounded[lower=0, upper=1]]]; [TypedParameter[name=left, type=DATE, multiplicity=Bounded[lower=1, upper=1]], TypedParameter[name=right, type=DATE, multiplicity=Bounded[lower=1, upper=1]]]; [TypedParameter[name=left, type=NUMBER, multiplicity=Bounded[lower=0, upper=1]], TypedParameter[name=right, type=NUMBER, multiplicity=Bounded[lower=0, upper=1]]]; [TypedParameter[name=left, type=NUMBER, multiplicity=Bounded[lower=0, upper=1]], TypedParameter[name=right, type=NUMBER, multiplicity=Bounded[lower=1, upper=1]]]; [TypedParameter[name=left, type=NUMBER, multiplicity=Bounded[lower=1, upper=1]], TypedParameter[name=right, type=NUMBER, multiplicity=Bounded[lower=0, upper=1]]]; [TypedParameter[name=left, type=NUMBER, multiplicity=Bounded[lower=1, upper=1]], TypedParameter[name=right, type=NUMBER, multiplicity=Bounded[lower=1, upper=1]]]; [TypedParameter[name=left, type=STRING, multiplicity=Bounded[lower=0, upper=1]], TypedParameter[name=right, type=STRING, multiplicity=Bounded[lower=0, upper=1]]]; [TypedParameter[name=left, type=STRING, multiplicity=Bounded[lower=0, upper=1]], TypedParameter[name=right, type=STRING, multiplicity=Bounded[lower=1, upper=1]]]; [TypedParameter[name=left, type=STRING, multiplicity=Bounded[lower=1, upper=1]], TypedParameter[name=right, type=STRING, multiplicity=Bounded[lower=0, upper=1]]]; [TypedParameter[name=left, type=STRING, multiplicity=Bounded[lower=1, upper=1]], TypedParameter[name=right, type=STRING, multiplicity=Bounded[lower=1, upper=1]]]; [TypedParameter[name=left, type=BOOLEAN, multiplicity=Bounded[lower=0, upper=1]], TypedParameter[name=right, type=BOOLEAN, multiplicity=Bounded[lower=0, upper=1]]]	G-REJECT
cx.eq.SDate.Enum	cross	|%2024-03-15 == t::Color.RED	Boolean	[1]	SELECT FALSE AS value	Boolean	false	OK	OK
cx.ne.SDate.Enum	cross	|%2024-03-15 != t::Color.RED	Boolean	[1]	SELECT NOT FALSE AS value	Boolean	true	OK	OK
cx.lt.SDate.Enum	cross	|%2024-03-15 < t::Color.RED						G-ERR:TypeInferenceException: no overload of 'meta::pure::functions::boolean::lessThan' structurally matches the argument types (ExprType[type=STRICT_DATE, multiplicity=Bounded[lower=1, upper=1]], ExprType[type=EnumType[fqn=t::Color], multiplicity=Bounded[lower=1, upper=1]]); [TypedParameter[name=left, type=DATE, multiplicity=Bounded[lower=0, upper=1]], TypedParameter[name=right, type=DATE, multiplicity=Bounded[lower=0, upper=1]]]; [TypedParameter[name=left, type=BOOLEAN, multiplicity=Bounded[lower=0, upper=1]], TypedParameter[name=right, type=BOOLEAN, multiplicity=Bounded[lower=0, upper=1]]]; [TypedParameter[name=left, type=DATE, multiplicity=Bounded[lower=0, upper=1]], TypedParameter[name=right, type=DATE, multiplicity=Bounded[lower=1, upper=1]]]; [TypedParameter[name=left, type=DATE, multiplicity=Bounded[lower=1, upper=1]], TypedParameter[name=right, type=DATE, multiplicity=Bounded[lower=0, upper=1]]]; [TypedParameter[name=left, type=DATE, multiplicity=Bounded[lower=1, upper=1]], TypedParameter[name=right, type=DATE, multiplicity=Bounded[lower=1, upper=1]]]; [TypedParameter[name=left, type=NUMBER, multiplicity=Bounded[lower=0, upper=1]], TypedParameter[name=right, type=NUMBER, multiplicity=Bounded[lower=0, upper=1]]]; [TypedParameter[name=left, type=NUMBER, multiplicity=Bounded[lower=0, upper=1]], TypedParameter[name=right, type=NUMBER, multiplicity=Bounded[lower=1, upper=1]]]; [TypedParameter[name=left, type=NUMBER, multiplicity=Bounded[lower=1, upper=1]], TypedParameter[name=right, type=NUMBER, multiplicity=Bounded[lower=0, upper=1]]]; [TypedParameter[name=left, type=NUMBER, multiplicity=Bounded[lower=1, upper=1]], TypedParameter[name=right, type=NUMBER, multiplicity=Bounded[lower=1, upper=1]]]; [TypedParameter[name=left, type=STRING, multiplicity=Bounded[lower=0, upper=1]], TypedParameter[name=right, type=STRING, multiplicity=Bounded[lower=0, upper=1]]]; [TypedParameter[name=left, type=STRING, multiplicity=Bounded[lower=0, upper=1]], TypedParameter[name=right, type=STRING, multiplicity=Bounded[lower=1, upper=1]]]; [TypedParameter[name=left, type=STRING, multiplicity=Bounded[lower=1, upper=1]], TypedParameter[name=right, type=STRING, multiplicity=Bounded[lower=0, upper=1]]]; [TypedParameter[name=left, type=STRING, multiplicity=Bounded[lower=1, upper=1]], TypedParameter[name=right, type=STRING, multiplicity=Bounded[lower=1, upper=1]]]	G-REJECT
cx.gt.SDate.Enum	cross	|%2024-03-15 > t::Color.RED						G-ERR:TypeInferenceException: no overload of 'meta::pure::functions::boolean::greaterThan' structurally matches the argument types (ExprType[type=STRICT_DATE, multiplicity=Bounded[lower=1, upper=1]], ExprType[type=EnumType[fqn=t::Color], multiplicity=Bounded[lower=1, upper=1]]); [TypedParameter[name=left, type=DATE, multiplicity=Bounded[lower=0, upper=1]], TypedParameter[name=right, type=DATE, multiplicity=Bounded[lower=0, upper=1]]]; [TypedParameter[name=left, type=DATE, multiplicity=Bounded[lower=0, upper=1]], TypedParameter[name=right, type=DATE, multiplicity=Bounded[lower=1, upper=1]]]; [TypedParameter[name=left, type=DATE, multiplicity=Bounded[lower=1, upper=1]], TypedParameter[name=right, type=DATE, multiplicity=Bounded[lower=0, upper=1]]]; [TypedParameter[name=left, type=DATE, multiplicity=Bounded[lower=1, upper=1]], TypedParameter[name=right, type=DATE, multiplicity=Bounded[lower=1, upper=1]]]; [TypedParameter[name=left, type=NUMBER, multiplicity=Bounded[lower=0, upper=1]], TypedParameter[name=right, type=NUMBER, multiplicity=Bounded[lower=0, upper=1]]]; [TypedParameter[name=left, type=NUMBER, multiplicity=Bounded[lower=0, upper=1]], TypedParameter[name=right, type=NUMBER, multiplicity=Bounded[lower=1, upper=1]]]; [TypedParameter[name=left, type=NUMBER, multiplicity=Bounded[lower=1, upper=1]], TypedParameter[name=right, type=NUMBER, multiplicity=Bounded[lower=0, upper=1]]]; [TypedParameter[name=left, type=NUMBER, multiplicity=Bounded[lower=1, upper=1]], TypedParameter[name=right, type=NUMBER, multiplicity=Bounded[lower=1, upper=1]]]; [TypedParameter[name=left, type=STRING, multiplicity=Bounded[lower=0, upper=1]], TypedParameter[name=right, type=STRING, multiplicity=Bounded[lower=0, upper=1]]]; [TypedParameter[name=left, type=STRING, multiplicity=Bounded[lower=0, upper=1]], TypedParameter[name=right, type=STRING, multiplicity=Bounded[lower=1, upper=1]]]; [TypedParameter[name=left, type=STRING, multiplicity=Bounded[lower=1, upper=1]], TypedParameter[name=right, type=STRING, multiplicity=Bounded[lower=0, upper=1]]]; [TypedParameter[name=left, type=STRING, multiplicity=Bounded[lower=1, upper=1]], TypedParameter[name=right, type=STRING, multiplicity=Bounded[lower=1, upper=1]]]; [TypedParameter[name=left, type=BOOLEAN, multiplicity=Bounded[lower=0, upper=1]], TypedParameter[name=right, type=BOOLEAN, multiplicity=Bounded[lower=0, upper=1]]]	G-REJECT
cx.le.SDate.Enum	cross	|%2024-03-15 <= t::Color.RED						G-ERR:TypeInferenceException: no overload of 'meta::pure::functions::boolean::lessThanEqual' structurally matches the argument types (ExprType[type=STRICT_DATE, multiplicity=Bounded[lower=1, upper=1]], ExprType[type=EnumType[fqn=t::Color], multiplicity=Bounded[lower=1, upper=1]]); [TypedParameter[name=left, type=DATE, multiplicity=Bounded[lower=0, upper=1]], TypedParameter[name=right, type=DATE, multiplicity=Bounded[lower=0, upper=1]]]; [TypedParameter[name=left, type=DATE, multiplicity=Bounded[lower=0, upper=1]], TypedParameter[name=right, type=DATE, multiplicity=Bounded[lower=1, upper=1]]]; [TypedParameter[name=left, type=DATE, multiplicity=Bounded[lower=1, upper=1]], TypedParameter[name=right, type=DATE, multiplicity=Bounded[lower=0, upper=1]]]; [TypedParameter[name=left, type=DATE, multiplicity=Bounded[lower=1, upper=1]], TypedParameter[name=right, type=DATE, multiplicity=Bounded[lower=1, upper=1]]]; [TypedParameter[name=left, type=NUMBER, multiplicity=Bounded[lower=0, upper=1]], TypedParameter[name=right, type=NUMBER, multiplicity=Bounded[lower=0, upper=1]]]; [TypedParameter[name=left, type=NUMBER, multiplicity=Bounded[lower=0, upper=1]], TypedParameter[name=right, type=NUMBER, multiplicity=Bounded[lower=1, upper=1]]]; [TypedParameter[name=left, type=NUMBER, multiplicity=Bounded[lower=1, upper=1]], TypedParameter[name=right, type=NUMBER, multiplicity=Bounded[lower=0, upper=1]]]; [TypedParameter[name=left, type=NUMBER, multiplicity=Bounded[lower=1, upper=1]], TypedParameter[name=right, type=NUMBER, multiplicity=Bounded[lower=1, upper=1]]]; [TypedParameter[name=left, type=STRING, multiplicity=Bounded[lower=0, upper=1]], TypedParameter[name=right, type=STRING, multiplicity=Bounded[lower=0, upper=1]]]; [TypedParameter[name=left, type=STRING, multiplicity=Bounded[lower=0, upper=1]], TypedParameter[name=right, type=STRING, multiplicity=Bounded[lower=1, upper=1]]]; [TypedParameter[name=left, type=STRING, multiplicity=Bounded[lower=1, upper=1]], TypedParameter[name=right, type=STRING, multiplicity=Bounded[lower=0, upper=1]]]; [TypedParameter[name=left, type=STRING, multiplicity=Bounded[lower=1, upper=1]], TypedParameter[name=right, type=STRING, multiplicity=Bounded[lower=1, upper=1]]]; [TypedParameter[name=left, type=BOOLEAN, multiplicity=Bounded[lower=0, upper=1]], TypedParameter[name=right, type=BOOLEAN, multiplicity=Bounded[lower=0, upper=1]]]	G-REJECT
cx.ge.SDate.Enum	cross	|%2024-03-15 >= t::Color.RED						G-ERR:TypeInferenceException: no overload of 'meta::pure::functions::boolean::greaterThanEqual' structurally matches the argument types (ExprType[type=STRICT_DATE, multiplicity=Bounded[lower=1, upper=1]], ExprType[type=EnumType[fqn=t::Color], multiplicity=Bounded[lower=1, upper=1]]); [TypedParameter[name=left, type=DATE, multiplicity=Bounded[lower=0, upper=1]], TypedParameter[name=right, type=DATE, multiplicity=Bounded[lower=0, upper=1]]]; [TypedParameter[name=left, type=DATE, multiplicity=Bounded[lower=0, upper=1]], TypedParameter[name=right, type=DATE, multiplicity=Bounded[lower=1, upper=1]]]; [TypedParameter[name=left, type=DATE, multiplicity=Bounded[lower=1, upper=1]], TypedParameter[name=right, type=DATE, multiplicity=Bounded[lower=0, upper=1]]]; [TypedParameter[name=left, type=DATE, multiplicity=Bounded[lower=1, upper=1]], TypedParameter[name=right, type=DATE, multiplicity=Bounded[lower=1, upper=1]]]; [TypedParameter[name=left, type=NUMBER, multiplicity=Bounded[lower=0, upper=1]], TypedParameter[name=right, type=NUMBER, multiplicity=Bounded[lower=0, upper=1]]]; [TypedParameter[name=left, type=NUMBER, multiplicity=Bounded[lower=0, upper=1]], TypedParameter[name=right, type=NUMBER, multiplicity=Bounded[lower=1, upper=1]]]; [TypedParameter[name=left, type=NUMBER, multiplicity=Bounded[lower=1, upper=1]], TypedParameter[name=right, type=NUMBER, multiplicity=Bounded[lower=0, upper=1]]]; [TypedParameter[name=left, type=NUMBER, multiplicity=Bounded[lower=1, upper=1]], TypedParameter[name=right, type=NUMBER, multiplicity=Bounded[lower=1, upper=1]]]; [TypedParameter[name=left, type=STRING, multiplicity=Bounded[lower=0, upper=1]], TypedParameter[name=right, type=STRING, multiplicity=Bounded[lower=0, upper=1]]]; [TypedParameter[name=left, type=STRING, multiplicity=Bounded[lower=0, upper=1]], TypedParameter[name=right, type=STRING, multiplicity=Bounded[lower=1, upper=1]]]; [TypedParameter[name=left, type=STRING, multiplicity=Bounded[lower=1, upper=1]], TypedParameter[name=right, type=STRING, multiplicity=Bounded[lower=0, upper=1]]]; [TypedParameter[name=left, type=STRING, multiplicity=Bounded[lower=1, upper=1]], TypedParameter[name=right, type=STRING, multiplicity=Bounded[lower=1, upper=1]]]; [TypedParameter[name=left, type=BOOLEAN, multiplicity=Bounded[lower=0, upper=1]], TypedParameter[name=right, type=BOOLEAN, multiplicity=Bounded[lower=0, upper=1]]]	G-REJECT
cx.eq.DTime.Int	cross	|%2024-03-15T10:30:45 == 1	Boolean	[1]	SELECT TIMESTAMP '2024-03-15T10:30:45' = 1 AS value			EXEC-ERR:SQLException: Conversion Error: Unimplemented type for cast (INTEGER -> TIMESTAMP)  LINE 1: SELECT TIMESTAMP '2024-03-15T10:30:45' = 1 AS value                                                  ^	DB-ERROR
cx.ne.DTime.Int	cross	|%2024-03-15T10:30:45 != 1	Boolean	[1]	SELECT TIMESTAMP '2024-03-15T10:30:45' <> 1 AS value			EXEC-ERR:SQLException: Conversion Error: Unimplemented type for cast (INTEGER -> TIMESTAMP)  LINE 1: SELECT TIMESTAMP '2024-03-15T10:30:45' <> 1 AS value                                                   ^	DB-ERROR
cx.lt.DTime.Int	cross	|%2024-03-15T10:30:45 < 1						G-ERR:TypeInferenceException: no overload of 'meta::pure::functions::boolean::lessThan' structurally matches the argument types (ExprType[type=DATE_TIME, multiplicity=Bounded[lower=1, upper=1]], ExprType[type=INTEGER, multiplicity=Bounded[lower=1, upper=1]]); [TypedParameter[name=left, type=DATE, multiplicity=Bounded[lower=0, upper=1]], TypedParameter[name=right, type=DATE, multiplicity=Bounded[lower=0, upper=1]]]; [TypedParameter[name=left, type=BOOLEAN, multiplicity=Bounded[lower=0, upper=1]], TypedParameter[name=right, type=BOOLEAN, multiplicity=Bounded[lower=0, upper=1]]]; [TypedParameter[name=left, type=DATE, multiplicity=Bounded[lower=0, upper=1]], TypedParameter[name=right, type=DATE, multiplicity=Bounded[lower=1, upper=1]]]; [TypedParameter[name=left, type=DATE, multiplicity=Bounded[lower=1, upper=1]], TypedParameter[name=right, type=DATE, multiplicity=Bounded[lower=0, upper=1]]]; [TypedParameter[name=left, type=DATE, multiplicity=Bounded[lower=1, upper=1]], TypedParameter[name=right, type=DATE, multiplicity=Bounded[lower=1, upper=1]]]; [TypedParameter[name=left, type=NUMBER, multiplicity=Bounded[lower=0, upper=1]], TypedParameter[name=right, type=NUMBER, multiplicity=Bounded[lower=0, upper=1]]]; [TypedParameter[name=left, type=NUMBER, multiplicity=Bounded[lower=0, upper=1]], TypedParameter[name=right, type=NUMBER, multiplicity=Bounded[lower=1, upper=1]]]; [TypedParameter[name=left, type=NUMBER, multiplicity=Bounded[lower=1, upper=1]], TypedParameter[name=right, type=NUMBER, multiplicity=Bounded[lower=0, upper=1]]]; [TypedParameter[name=left, type=NUMBER, multiplicity=Bounded[lower=1, upper=1]], TypedParameter[name=right, type=NUMBER, multiplicity=Bounded[lower=1, upper=1]]]; [TypedParameter[name=left, type=STRING, multiplicity=Bounded[lower=0, upper=1]], TypedParameter[name=right, type=STRING, multiplicity=Bounded[lower=0, upper=1]]]; [TypedParameter[name=left, type=STRING, multiplicity=Bounded[lower=0, upper=1]], TypedParameter[name=right, type=STRING, multiplicity=Bounded[lower=1, upper=1]]]; [TypedParameter[name=left, type=STRING, multiplicity=Bounded[lower=1, upper=1]], TypedParameter[name=right, type=STRING, multiplicity=Bounded[lower=0, upper=1]]]; [TypedParameter[name=left, type=STRING, multiplicity=Bounded[lower=1, upper=1]], TypedParameter[name=right, type=STRING, multiplicity=Bounded[lower=1, upper=1]]]	G-REJECT
cx.gt.DTime.Int	cross	|%2024-03-15T10:30:45 > 1						G-ERR:TypeInferenceException: no overload of 'meta::pure::functions::boolean::greaterThan' structurally matches the argument types (ExprType[type=DATE_TIME, multiplicity=Bounded[lower=1, upper=1]], ExprType[type=INTEGER, multiplicity=Bounded[lower=1, upper=1]]); [TypedParameter[name=left, type=DATE, multiplicity=Bounded[lower=0, upper=1]], TypedParameter[name=right, type=DATE, multiplicity=Bounded[lower=0, upper=1]]]; [TypedParameter[name=left, type=DATE, multiplicity=Bounded[lower=0, upper=1]], TypedParameter[name=right, type=DATE, multiplicity=Bounded[lower=1, upper=1]]]; [TypedParameter[name=left, type=DATE, multiplicity=Bounded[lower=1, upper=1]], TypedParameter[name=right, type=DATE, multiplicity=Bounded[lower=0, upper=1]]]; [TypedParameter[name=left, type=DATE, multiplicity=Bounded[lower=1, upper=1]], TypedParameter[name=right, type=DATE, multiplicity=Bounded[lower=1, upper=1]]]; [TypedParameter[name=left, type=NUMBER, multiplicity=Bounded[lower=0, upper=1]], TypedParameter[name=right, type=NUMBER, multiplicity=Bounded[lower=0, upper=1]]]; [TypedParameter[name=left, type=NUMBER, multiplicity=Bounded[lower=0, upper=1]], TypedParameter[name=right, type=NUMBER, multiplicity=Bounded[lower=1, upper=1]]]; [TypedParameter[name=left, type=NUMBER, multiplicity=Bounded[lower=1, upper=1]], TypedParameter[name=right, type=NUMBER, multiplicity=Bounded[lower=0, upper=1]]]; [TypedParameter[name=left, type=NUMBER, multiplicity=Bounded[lower=1, upper=1]], TypedParameter[name=right, type=NUMBER, multiplicity=Bounded[lower=1, upper=1]]]; [TypedParameter[name=left, type=STRING, multiplicity=Bounded[lower=0, upper=1]], TypedParameter[name=right, type=STRING, multiplicity=Bounded[lower=0, upper=1]]]; [TypedParameter[name=left, type=STRING, multiplicity=Bounded[lower=0, upper=1]], TypedParameter[name=right, type=STRING, multiplicity=Bounded[lower=1, upper=1]]]; [TypedParameter[name=left, type=STRING, multiplicity=Bounded[lower=1, upper=1]], TypedParameter[name=right, type=STRING, multiplicity=Bounded[lower=0, upper=1]]]; [TypedParameter[name=left, type=STRING, multiplicity=Bounded[lower=1, upper=1]], TypedParameter[name=right, type=STRING, multiplicity=Bounded[lower=1, upper=1]]]; [TypedParameter[name=left, type=BOOLEAN, multiplicity=Bounded[lower=0, upper=1]], TypedParameter[name=right, type=BOOLEAN, multiplicity=Bounded[lower=0, upper=1]]]	G-REJECT
cx.le.DTime.Int	cross	|%2024-03-15T10:30:45 <= 1						G-ERR:TypeInferenceException: no overload of 'meta::pure::functions::boolean::lessThanEqual' structurally matches the argument types (ExprType[type=DATE_TIME, multiplicity=Bounded[lower=1, upper=1]], ExprType[type=INTEGER, multiplicity=Bounded[lower=1, upper=1]]); [TypedParameter[name=left, type=DATE, multiplicity=Bounded[lower=0, upper=1]], TypedParameter[name=right, type=DATE, multiplicity=Bounded[lower=0, upper=1]]]; [TypedParameter[name=left, type=DATE, multiplicity=Bounded[lower=0, upper=1]], TypedParameter[name=right, type=DATE, multiplicity=Bounded[lower=1, upper=1]]]; [TypedParameter[name=left, type=DATE, multiplicity=Bounded[lower=1, upper=1]], TypedParameter[name=right, type=DATE, multiplicity=Bounded[lower=0, upper=1]]]; [TypedParameter[name=left, type=DATE, multiplicity=Bounded[lower=1, upper=1]], TypedParameter[name=right, type=DATE, multiplicity=Bounded[lower=1, upper=1]]]; [TypedParameter[name=left, type=NUMBER, multiplicity=Bounded[lower=0, upper=1]], TypedParameter[name=right, type=NUMBER, multiplicity=Bounded[lower=0, upper=1]]]; [TypedParameter[name=left, type=NUMBER, multiplicity=Bounded[lower=0, upper=1]], TypedParameter[name=right, type=NUMBER, multiplicity=Bounded[lower=1, upper=1]]]; [TypedParameter[name=left, type=NUMBER, multiplicity=Bounded[lower=1, upper=1]], TypedParameter[name=right, type=NUMBER, multiplicity=Bounded[lower=0, upper=1]]]; [TypedParameter[name=left, type=NUMBER, multiplicity=Bounded[lower=1, upper=1]], TypedParameter[name=right, type=NUMBER, multiplicity=Bounded[lower=1, upper=1]]]; [TypedParameter[name=left, type=STRING, multiplicity=Bounded[lower=0, upper=1]], TypedParameter[name=right, type=STRING, multiplicity=Bounded[lower=0, upper=1]]]; [TypedParameter[name=left, type=STRING, multiplicity=Bounded[lower=0, upper=1]], TypedParameter[name=right, type=STRING, multiplicity=Bounded[lower=1, upper=1]]]; [TypedParameter[name=left, type=STRING, multiplicity=Bounded[lower=1, upper=1]], TypedParameter[name=right, type=STRING, multiplicity=Bounded[lower=0, upper=1]]]; [TypedParameter[name=left, type=STRING, multiplicity=Bounded[lower=1, upper=1]], TypedParameter[name=right, type=STRING, multiplicity=Bounded[lower=1, upper=1]]]; [TypedParameter[name=left, type=BOOLEAN, multiplicity=Bounded[lower=0, upper=1]], TypedParameter[name=right, type=BOOLEAN, multiplicity=Bounded[lower=0, upper=1]]]	G-REJECT
cx.ge.DTime.Int	cross	|%2024-03-15T10:30:45 >= 1						G-ERR:TypeInferenceException: no overload of 'meta::pure::functions::boolean::greaterThanEqual' structurally matches the argument types (ExprType[type=DATE_TIME, multiplicity=Bounded[lower=1, upper=1]], ExprType[type=INTEGER, multiplicity=Bounded[lower=1, upper=1]]); [TypedParameter[name=left, type=DATE, multiplicity=Bounded[lower=0, upper=1]], TypedParameter[name=right, type=DATE, multiplicity=Bounded[lower=0, upper=1]]]; [TypedParameter[name=left, type=DATE, multiplicity=Bounded[lower=0, upper=1]], TypedParameter[name=right, type=DATE, multiplicity=Bounded[lower=1, upper=1]]]; [TypedParameter[name=left, type=DATE, multiplicity=Bounded[lower=1, upper=1]], TypedParameter[name=right, type=DATE, multiplicity=Bounded[lower=0, upper=1]]]; [TypedParameter[name=left, type=DATE, multiplicity=Bounded[lower=1, upper=1]], TypedParameter[name=right, type=DATE, multiplicity=Bounded[lower=1, upper=1]]]; [TypedParameter[name=left, type=NUMBER, multiplicity=Bounded[lower=0, upper=1]], TypedParameter[name=right, type=NUMBER, multiplicity=Bounded[lower=0, upper=1]]]; [TypedParameter[name=left, type=NUMBER, multiplicity=Bounded[lower=0, upper=1]], TypedParameter[name=right, type=NUMBER, multiplicity=Bounded[lower=1, upper=1]]]; [TypedParameter[name=left, type=NUMBER, multiplicity=Bounded[lower=1, upper=1]], TypedParameter[name=right, type=NUMBER, multiplicity=Bounded[lower=0, upper=1]]]; [TypedParameter[name=left, type=NUMBER, multiplicity=Bounded[lower=1, upper=1]], TypedParameter[name=right, type=NUMBER, multiplicity=Bounded[lower=1, upper=1]]]; [TypedParameter[name=left, type=STRING, multiplicity=Bounded[lower=0, upper=1]], TypedParameter[name=right, type=STRING, multiplicity=Bounded[lower=0, upper=1]]]; [TypedParameter[name=left, type=STRING, multiplicity=Bounded[lower=0, upper=1]], TypedParameter[name=right, type=STRING, multiplicity=Bounded[lower=1, upper=1]]]; [TypedParameter[name=left, type=STRING, multiplicity=Bounded[lower=1, upper=1]], TypedParameter[name=right, type=STRING, multiplicity=Bounded[lower=0, upper=1]]]; [TypedParameter[name=left, type=STRING, multiplicity=Bounded[lower=1, upper=1]], TypedParameter[name=right, type=STRING, multiplicity=Bounded[lower=1, upper=1]]]; [TypedParameter[name=left, type=BOOLEAN, multiplicity=Bounded[lower=0, upper=1]], TypedParameter[name=right, type=BOOLEAN, multiplicity=Bounded[lower=0, upper=1]]]	G-REJECT
cx.eq.DTime.Float	cross	|%2024-03-15T10:30:45 == 1.0	Boolean	[1]	SELECT TIMESTAMP '2024-03-15T10:30:45' = CAST(1.0 AS DOUBLE) AS value			EXEC-ERR:SQLException: Conversion Error: Unimplemented type for cast (DOUBLE -> TIMESTAMP)  LINE 1: SELECT TIMESTAMP '2024-03-15T10:30:45' = CAST(1.0 AS DOUBLE) AS value                                                  ^	DB-ERROR
cx.ne.DTime.Float	cross	|%2024-03-15T10:30:45 != 1.0	Boolean	[1]	SELECT TIMESTAMP '2024-03-15T10:30:45' <> CAST(1.0 AS DOUBLE) AS value			EXEC-ERR:SQLException: Conversion Error: Unimplemented type for cast (DOUBLE -> TIMESTAMP)  LINE 1: SELECT TIMESTAMP '2024-03-15T10:30:45' <> CAST(1.0 AS DOUBLE) AS value                                                   ^	DB-ERROR
cx.lt.DTime.Float	cross	|%2024-03-15T10:30:45 < 1.0						G-ERR:TypeInferenceException: no overload of 'meta::pure::functions::boolean::lessThan' structurally matches the argument types (ExprType[type=DATE_TIME, multiplicity=Bounded[lower=1, upper=1]], ExprType[type=FLOAT, multiplicity=Bounded[lower=1, upper=1]]); [TypedParameter[name=left, type=DATE, multiplicity=Bounded[lower=0, upper=1]], TypedParameter[name=right, type=DATE, multiplicity=Bounded[lower=0, upper=1]]]; [TypedParameter[name=left, type=BOOLEAN, multiplicity=Bounded[lower=0, upper=1]], TypedParameter[name=right, type=BOOLEAN, multiplicity=Bounded[lower=0, upper=1]]]; [TypedParameter[name=left, type=DATE, multiplicity=Bounded[lower=0, upper=1]], TypedParameter[name=right, type=DATE, multiplicity=Bounded[lower=1, upper=1]]]; [TypedParameter[name=left, type=DATE, multiplicity=Bounded[lower=1, upper=1]], TypedParameter[name=right, type=DATE, multiplicity=Bounded[lower=0, upper=1]]]; [TypedParameter[name=left, type=DATE, multiplicity=Bounded[lower=1, upper=1]], TypedParameter[name=right, type=DATE, multiplicity=Bounded[lower=1, upper=1]]]; [TypedParameter[name=left, type=NUMBER, multiplicity=Bounded[lower=0, upper=1]], TypedParameter[name=right, type=NUMBER, multiplicity=Bounded[lower=0, upper=1]]]; [TypedParameter[name=left, type=NUMBER, multiplicity=Bounded[lower=0, upper=1]], TypedParameter[name=right, type=NUMBER, multiplicity=Bounded[lower=1, upper=1]]]; [TypedParameter[name=left, type=NUMBER, multiplicity=Bounded[lower=1, upper=1]], TypedParameter[name=right, type=NUMBER, multiplicity=Bounded[lower=0, upper=1]]]; [TypedParameter[name=left, type=NUMBER, multiplicity=Bounded[lower=1, upper=1]], TypedParameter[name=right, type=NUMBER, multiplicity=Bounded[lower=1, upper=1]]]; [TypedParameter[name=left, type=STRING, multiplicity=Bounded[lower=0, upper=1]], TypedParameter[name=right, type=STRING, multiplicity=Bounded[lower=0, upper=1]]]; [TypedParameter[name=left, type=STRING, multiplicity=Bounded[lower=0, upper=1]], TypedParameter[name=right, type=STRING, multiplicity=Bounded[lower=1, upper=1]]]; [TypedParameter[name=left, type=STRING, multiplicity=Bounded[lower=1, upper=1]], TypedParameter[name=right, type=STRING, multiplicity=Bounded[lower=0, upper=1]]]; [TypedParameter[name=left, type=STRING, multiplicity=Bounded[lower=1, upper=1]], TypedParameter[name=right, type=STRING, multiplicity=Bounded[lower=1, upper=1]]]	G-REJECT
cx.gt.DTime.Float	cross	|%2024-03-15T10:30:45 > 1.0						G-ERR:TypeInferenceException: no overload of 'meta::pure::functions::boolean::greaterThan' structurally matches the argument types (ExprType[type=DATE_TIME, multiplicity=Bounded[lower=1, upper=1]], ExprType[type=FLOAT, multiplicity=Bounded[lower=1, upper=1]]); [TypedParameter[name=left, type=DATE, multiplicity=Bounded[lower=0, upper=1]], TypedParameter[name=right, type=DATE, multiplicity=Bounded[lower=0, upper=1]]]; [TypedParameter[name=left, type=DATE, multiplicity=Bounded[lower=0, upper=1]], TypedParameter[name=right, type=DATE, multiplicity=Bounded[lower=1, upper=1]]]; [TypedParameter[name=left, type=DATE, multiplicity=Bounded[lower=1, upper=1]], TypedParameter[name=right, type=DATE, multiplicity=Bounded[lower=0, upper=1]]]; [TypedParameter[name=left, type=DATE, multiplicity=Bounded[lower=1, upper=1]], TypedParameter[name=right, type=DATE, multiplicity=Bounded[lower=1, upper=1]]]; [TypedParameter[name=left, type=NUMBER, multiplicity=Bounded[lower=0, upper=1]], TypedParameter[name=right, type=NUMBER, multiplicity=Bounded[lower=0, upper=1]]]; [TypedParameter[name=left, type=NUMBER, multiplicity=Bounded[lower=0, upper=1]], TypedParameter[name=right, type=NUMBER, multiplicity=Bounded[lower=1, upper=1]]]; [TypedParameter[name=left, type=NUMBER, multiplicity=Bounded[lower=1, upper=1]], TypedParameter[name=right, type=NUMBER, multiplicity=Bounded[lower=0, upper=1]]]; [TypedParameter[name=left, type=NUMBER, multiplicity=Bounded[lower=1, upper=1]], TypedParameter[name=right, type=NUMBER, multiplicity=Bounded[lower=1, upper=1]]]; [TypedParameter[name=left, type=STRING, multiplicity=Bounded[lower=0, upper=1]], TypedParameter[name=right, type=STRING, multiplicity=Bounded[lower=0, upper=1]]]; [TypedParameter[name=left, type=STRING, multiplicity=Bounded[lower=0, upper=1]], TypedParameter[name=right, type=STRING, multiplicity=Bounded[lower=1, upper=1]]]; [TypedParameter[name=left, type=STRING, multiplicity=Bounded[lower=1, upper=1]], TypedParameter[name=right, type=STRING, multiplicity=Bounded[lower=0, upper=1]]]; [TypedParameter[name=left, type=STRING, multiplicity=Bounded[lower=1, upper=1]], TypedParameter[name=right, type=STRING, multiplicity=Bounded[lower=1, upper=1]]]; [TypedParameter[name=left, type=BOOLEAN, multiplicity=Bounded[lower=0, upper=1]], TypedParameter[name=right, type=BOOLEAN, multiplicity=Bounded[lower=0, upper=1]]]	G-REJECT
cx.le.DTime.Float	cross	|%2024-03-15T10:30:45 <= 1.0						G-ERR:TypeInferenceException: no overload of 'meta::pure::functions::boolean::lessThanEqual' structurally matches the argument types (ExprType[type=DATE_TIME, multiplicity=Bounded[lower=1, upper=1]], ExprType[type=FLOAT, multiplicity=Bounded[lower=1, upper=1]]); [TypedParameter[name=left, type=DATE, multiplicity=Bounded[lower=0, upper=1]], TypedParameter[name=right, type=DATE, multiplicity=Bounded[lower=0, upper=1]]]; [TypedParameter[name=left, type=DATE, multiplicity=Bounded[lower=0, upper=1]], TypedParameter[name=right, type=DATE, multiplicity=Bounded[lower=1, upper=1]]]; [TypedParameter[name=left, type=DATE, multiplicity=Bounded[lower=1, upper=1]], TypedParameter[name=right, type=DATE, multiplicity=Bounded[lower=0, upper=1]]]; [TypedParameter[name=left, type=DATE, multiplicity=Bounded[lower=1, upper=1]], TypedParameter[name=right, type=DATE, multiplicity=Bounded[lower=1, upper=1]]]; [TypedParameter[name=left, type=NUMBER, multiplicity=Bounded[lower=0, upper=1]], TypedParameter[name=right, type=NUMBER, multiplicity=Bounded[lower=0, upper=1]]]; [TypedParameter[name=left, type=NUMBER, multiplicity=Bounded[lower=0, upper=1]], TypedParameter[name=right, type=NUMBER, multiplicity=Bounded[lower=1, upper=1]]]; [TypedParameter[name=left, type=NUMBER, multiplicity=Bounded[lower=1, upper=1]], TypedParameter[name=right, type=NUMBER, multiplicity=Bounded[lower=0, upper=1]]]; [TypedParameter[name=left, type=NUMBER, multiplicity=Bounded[lower=1, upper=1]], TypedParameter[name=right, type=NUMBER, multiplicity=Bounded[lower=1, upper=1]]]; [TypedParameter[name=left, type=STRING, multiplicity=Bounded[lower=0, upper=1]], TypedParameter[name=right, type=STRING, multiplicity=Bounded[lower=0, upper=1]]]; [TypedParameter[name=left, type=STRING, multiplicity=Bounded[lower=0, upper=1]], TypedParameter[name=right, type=STRING, multiplicity=Bounded[lower=1, upper=1]]]; [TypedParameter[name=left, type=STRING, multiplicity=Bounded[lower=1, upper=1]], TypedParameter[name=right, type=STRING, multiplicity=Bounded[lower=0, upper=1]]]; [TypedParameter[name=left, type=STRING, multiplicity=Bounded[lower=1, upper=1]], TypedParameter[name=right, type=STRING, multiplicity=Bounded[lower=1, upper=1]]]; [TypedParameter[name=left, type=BOOLEAN, multiplicity=Bounded[lower=0, upper=1]], TypedParameter[name=right, type=BOOLEAN, multiplicity=Bounded[lower=0, upper=1]]]	G-REJECT
cx.ge.DTime.Float	cross	|%2024-03-15T10:30:45 >= 1.0						G-ERR:TypeInferenceException: no overload of 'meta::pure::functions::boolean::greaterThanEqual' structurally matches the argument types (ExprType[type=DATE_TIME, multiplicity=Bounded[lower=1, upper=1]], ExprType[type=FLOAT, multiplicity=Bounded[lower=1, upper=1]]); [TypedParameter[name=left, type=DATE, multiplicity=Bounded[lower=0, upper=1]], TypedParameter[name=right, type=DATE, multiplicity=Bounded[lower=0, upper=1]]]; [TypedParameter[name=left, type=DATE, multiplicity=Bounded[lower=0, upper=1]], TypedParameter[name=right, type=DATE, multiplicity=Bounded[lower=1, upper=1]]]; [TypedParameter[name=left, type=DATE, multiplicity=Bounded[lower=1, upper=1]], TypedParameter[name=right, type=DATE, multiplicity=Bounded[lower=0, upper=1]]]; [TypedParameter[name=left, type=DATE, multiplicity=Bounded[lower=1, upper=1]], TypedParameter[name=right, type=DATE, multiplicity=Bounded[lower=1, upper=1]]]; [TypedParameter[name=left, type=NUMBER, multiplicity=Bounded[lower=0, upper=1]], TypedParameter[name=right, type=NUMBER, multiplicity=Bounded[lower=0, upper=1]]]; [TypedParameter[name=left, type=NUMBER, multiplicity=Bounded[lower=0, upper=1]], TypedParameter[name=right, type=NUMBER, multiplicity=Bounded[lower=1, upper=1]]]; [TypedParameter[name=left, type=NUMBER, multiplicity=Bounded[lower=1, upper=1]], TypedParameter[name=right, type=NUMBER, multiplicity=Bounded[lower=0, upper=1]]]; [TypedParameter[name=left, type=NUMBER, multiplicity=Bounded[lower=1, upper=1]], TypedParameter[name=right, type=NUMBER, multiplicity=Bounded[lower=1, upper=1]]]; [TypedParameter[name=left, type=STRING, multiplicity=Bounded[lower=0, upper=1]], TypedParameter[name=right, type=STRING, multiplicity=Bounded[lower=0, upper=1]]]; [TypedParameter[name=left, type=STRING, multiplicity=Bounded[lower=0, upper=1]], TypedParameter[name=right, type=STRING, multiplicity=Bounded[lower=1, upper=1]]]; [TypedParameter[name=left, type=STRING, multiplicity=Bounded[lower=1, upper=1]], TypedParameter[name=right, type=STRING, multiplicity=Bounded[lower=0, upper=1]]]; [TypedParameter[name=left, type=STRING, multiplicity=Bounded[lower=1, upper=1]], TypedParameter[name=right, type=STRING, multiplicity=Bounded[lower=1, upper=1]]]; [TypedParameter[name=left, type=BOOLEAN, multiplicity=Bounded[lower=0, upper=1]], TypedParameter[name=right, type=BOOLEAN, multiplicity=Bounded[lower=0, upper=1]]]	G-REJECT
cx.eq.DTime.Dec	cross	|%2024-03-15T10:30:45 == 1.0d	Boolean	[1]	SELECT TIMESTAMP '2024-03-15T10:30:45' = 1.0 AS value			EXEC-ERR:SQLException: Conversion Error: Unimplemented type for cast (DECIMAL(2,1) -> TIMESTAMP)  LINE 1: SELECT TIMESTAMP '2024-03-15T10:30:45' = 1.0 AS value                                                  ^	DB-ERROR
cx.ne.DTime.Dec	cross	|%2024-03-15T10:30:45 != 1.0d	Boolean	[1]	SELECT TIMESTAMP '2024-03-15T10:30:45' <> 1.0 AS value			EXEC-ERR:SQLException: Conversion Error: Unimplemented type for cast (DECIMAL(2,1) -> TIMESTAMP)  LINE 1: SELECT TIMESTAMP '2024-03-15T10:30:45' <> 1.0 AS value                                                   ^	DB-ERROR
cx.lt.DTime.Dec	cross	|%2024-03-15T10:30:45 < 1.0d						G-ERR:TypeInferenceException: no overload of 'meta::pure::functions::boolean::lessThan' structurally matches the argument types (ExprType[type=DATE_TIME, multiplicity=Bounded[lower=1, upper=1]], ExprType[type=PrecisionDecimal[precision=38, scale=1], multiplicity=Bounded[lower=1, upper=1]]); [TypedParameter[name=left, type=DATE, multiplicity=Bounded[lower=0, upper=1]], TypedParameter[name=right, type=DATE, multiplicity=Bounded[lower=0, upper=1]]]; [TypedParameter[name=left, type=BOOLEAN, multiplicity=Bounded[lower=0, upper=1]], TypedParameter[name=right, type=BOOLEAN, multiplicity=Bounded[lower=0, upper=1]]]; [TypedParameter[name=left, type=DATE, multiplicity=Bounded[lower=0, upper=1]], TypedParameter[name=right, type=DATE, multiplicity=Bounded[lower=1, upper=1]]]; [TypedParameter[name=left, type=DATE, multiplicity=Bounded[lower=1, upper=1]], TypedParameter[name=right, type=DATE, multiplicity=Bounded[lower=0, upper=1]]]; [TypedParameter[name=left, type=DATE, multiplicity=Bounded[lower=1, upper=1]], TypedParameter[name=right, type=DATE, multiplicity=Bounded[lower=1, upper=1]]]; [TypedParameter[name=left, type=NUMBER, multiplicity=Bounded[lower=0, upper=1]], TypedParameter[name=right, type=NUMBER, multiplicity=Bounded[lower=0, upper=1]]]; [TypedParameter[name=left, type=NUMBER, multiplicity=Bounded[lower=0, upper=1]], TypedParameter[name=right, type=NUMBER, multiplicity=Bounded[lower=1, upper=1]]]; [TypedParameter[name=left, type=NUMBER, multiplicity=Bounded[lower=1, upper=1]], TypedParameter[name=right, type=NUMBER, multiplicity=Bounded[lower=0, upper=1]]]; [TypedParameter[name=left, type=NUMBER, multiplicity=Bounded[lower=1, upper=1]], TypedParameter[name=right, type=NUMBER, multiplicity=Bounded[lower=1, upper=1]]]; [TypedParameter[name=left, type=STRING, multiplicity=Bounded[lower=0, upper=1]], TypedParameter[name=right, type=STRING, multiplicity=Bounded[lower=0, upper=1]]]; [TypedParameter[name=left, type=STRING, multiplicity=Bounded[lower=0, upper=1]], TypedParameter[name=right, type=STRING, multiplicity=Bounded[lower=1, upper=1]]]; [TypedParameter[name=left, type=STRING, multiplicity=Bounded[lower=1, upper=1]], TypedParameter[name=right, type=STRING, multiplicity=Bounded[lower=0, upper=1]]]; [TypedParameter[name=left, type=STRING, multiplicity=Bounded[lower=1, upper=1]], TypedParameter[name=right, type=STRING, multiplicity=Bounded[lower=1, upper=1]]]	G-REJECT
cx.gt.DTime.Dec	cross	|%2024-03-15T10:30:45 > 1.0d						G-ERR:TypeInferenceException: no overload of 'meta::pure::functions::boolean::greaterThan' structurally matches the argument types (ExprType[type=DATE_TIME, multiplicity=Bounded[lower=1, upper=1]], ExprType[type=PrecisionDecimal[precision=38, scale=1], multiplicity=Bounded[lower=1, upper=1]]); [TypedParameter[name=left, type=DATE, multiplicity=Bounded[lower=0, upper=1]], TypedParameter[name=right, type=DATE, multiplicity=Bounded[lower=0, upper=1]]]; [TypedParameter[name=left, type=DATE, multiplicity=Bounded[lower=0, upper=1]], TypedParameter[name=right, type=DATE, multiplicity=Bounded[lower=1, upper=1]]]; [TypedParameter[name=left, type=DATE, multiplicity=Bounded[lower=1, upper=1]], TypedParameter[name=right, type=DATE, multiplicity=Bounded[lower=0, upper=1]]]; [TypedParameter[name=left, type=DATE, multiplicity=Bounded[lower=1, upper=1]], TypedParameter[name=right, type=DATE, multiplicity=Bounded[lower=1, upper=1]]]; [TypedParameter[name=left, type=NUMBER, multiplicity=Bounded[lower=0, upper=1]], TypedParameter[name=right, type=NUMBER, multiplicity=Bounded[lower=0, upper=1]]]; [TypedParameter[name=left, type=NUMBER, multiplicity=Bounded[lower=0, upper=1]], TypedParameter[name=right, type=NUMBER, multiplicity=Bounded[lower=1, upper=1]]]; [TypedParameter[name=left, type=NUMBER, multiplicity=Bounded[lower=1, upper=1]], TypedParameter[name=right, type=NUMBER, multiplicity=Bounded[lower=0, upper=1]]]; [TypedParameter[name=left, type=NUMBER, multiplicity=Bounded[lower=1, upper=1]], TypedParameter[name=right, type=NUMBER, multiplicity=Bounded[lower=1, upper=1]]]; [TypedParameter[name=left, type=STRING, multiplicity=Bounded[lower=0, upper=1]], TypedParameter[name=right, type=STRING, multiplicity=Bounded[lower=0, upper=1]]]; [TypedParameter[name=left, type=STRING, multiplicity=Bounded[lower=0, upper=1]], TypedParameter[name=right, type=STRING, multiplicity=Bounded[lower=1, upper=1]]]; [TypedParameter[name=left, type=STRING, multiplicity=Bounded[lower=1, upper=1]], TypedParameter[name=right, type=STRING, multiplicity=Bounded[lower=0, upper=1]]]; [TypedParameter[name=left, type=STRING, multiplicity=Bounded[lower=1, upper=1]], TypedParameter[name=right, type=STRING, multiplicity=Bounded[lower=1, upper=1]]]; [TypedParameter[name=left, type=BOOLEAN, multiplicity=Bounded[lower=0, upper=1]], TypedParameter[name=right, type=BOOLEAN, multiplicity=Bounded[lower=0, upper=1]]]	G-REJECT
cx.le.DTime.Dec	cross	|%2024-03-15T10:30:45 <= 1.0d						G-ERR:TypeInferenceException: no overload of 'meta::pure::functions::boolean::lessThanEqual' structurally matches the argument types (ExprType[type=DATE_TIME, multiplicity=Bounded[lower=1, upper=1]], ExprType[type=PrecisionDecimal[precision=38, scale=1], multiplicity=Bounded[lower=1, upper=1]]); [TypedParameter[name=left, type=DATE, multiplicity=Bounded[lower=0, upper=1]], TypedParameter[name=right, type=DATE, multiplicity=Bounded[lower=0, upper=1]]]; [TypedParameter[name=left, type=DATE, multiplicity=Bounded[lower=0, upper=1]], TypedParameter[name=right, type=DATE, multiplicity=Bounded[lower=1, upper=1]]]; [TypedParameter[name=left, type=DATE, multiplicity=Bounded[lower=1, upper=1]], TypedParameter[name=right, type=DATE, multiplicity=Bounded[lower=0, upper=1]]]; [TypedParameter[name=left, type=DATE, multiplicity=Bounded[lower=1, upper=1]], TypedParameter[name=right, type=DATE, multiplicity=Bounded[lower=1, upper=1]]]; [TypedParameter[name=left, type=NUMBER, multiplicity=Bounded[lower=0, upper=1]], TypedParameter[name=right, type=NUMBER, multiplicity=Bounded[lower=0, upper=1]]]; [TypedParameter[name=left, type=NUMBER, multiplicity=Bounded[lower=0, upper=1]], TypedParameter[name=right, type=NUMBER, multiplicity=Bounded[lower=1, upper=1]]]; [TypedParameter[name=left, type=NUMBER, multiplicity=Bounded[lower=1, upper=1]], TypedParameter[name=right, type=NUMBER, multiplicity=Bounded[lower=0, upper=1]]]; [TypedParameter[name=left, type=NUMBER, multiplicity=Bounded[lower=1, upper=1]], TypedParameter[name=right, type=NUMBER, multiplicity=Bounded[lower=1, upper=1]]]; [TypedParameter[name=left, type=STRING, multiplicity=Bounded[lower=0, upper=1]], TypedParameter[name=right, type=STRING, multiplicity=Bounded[lower=0, upper=1]]]; [TypedParameter[name=left, type=STRING, multiplicity=Bounded[lower=0, upper=1]], TypedParameter[name=right, type=STRING, multiplicity=Bounded[lower=1, upper=1]]]; [TypedParameter[name=left, type=STRING, multiplicity=Bounded[lower=1, upper=1]], TypedParameter[name=right, type=STRING, multiplicity=Bounded[lower=0, upper=1]]]; [TypedParameter[name=left, type=STRING, multiplicity=Bounded[lower=1, upper=1]], TypedParameter[name=right, type=STRING, multiplicity=Bounded[lower=1, upper=1]]]; [TypedParameter[name=left, type=BOOLEAN, multiplicity=Bounded[lower=0, upper=1]], TypedParameter[name=right, type=BOOLEAN, multiplicity=Bounded[lower=0, upper=1]]]	G-REJECT
cx.ge.DTime.Dec	cross	|%2024-03-15T10:30:45 >= 1.0d						G-ERR:TypeInferenceException: no overload of 'meta::pure::functions::boolean::greaterThanEqual' structurally matches the argument types (ExprType[type=DATE_TIME, multiplicity=Bounded[lower=1, upper=1]], ExprType[type=PrecisionDecimal[precision=38, scale=1], multiplicity=Bounded[lower=1, upper=1]]); [TypedParameter[name=left, type=DATE, multiplicity=Bounded[lower=0, upper=1]], TypedParameter[name=right, type=DATE, multiplicity=Bounded[lower=0, upper=1]]]; [TypedParameter[name=left, type=DATE, multiplicity=Bounded[lower=0, upper=1]], TypedParameter[name=right, type=DATE, multiplicity=Bounded[lower=1, upper=1]]]; [TypedParameter[name=left, type=DATE, multiplicity=Bounded[lower=1, upper=1]], TypedParameter[name=right, type=DATE, multiplicity=Bounded[lower=0, upper=1]]]; [TypedParameter[name=left, type=DATE, multiplicity=Bounded[lower=1, upper=1]], TypedParameter[name=right, type=DATE, multiplicity=Bounded[lower=1, upper=1]]]; [TypedParameter[name=left, type=NUMBER, multiplicity=Bounded[lower=0, upper=1]], TypedParameter[name=right, type=NUMBER, multiplicity=Bounded[lower=0, upper=1]]]; [TypedParameter[name=left, type=NUMBER, multiplicity=Bounded[lower=0, upper=1]], TypedParameter[name=right, type=NUMBER, multiplicity=Bounded[lower=1, upper=1]]]; [TypedParameter[name=left, type=NUMBER, multiplicity=Bounded[lower=1, upper=1]], TypedParameter[name=right, type=NUMBER, multiplicity=Bounded[lower=0, upper=1]]]; [TypedParameter[name=left, type=NUMBER, multiplicity=Bounded[lower=1, upper=1]], TypedParameter[name=right, type=NUMBER, multiplicity=Bounded[lower=1, upper=1]]]; [TypedParameter[name=left, type=STRING, multiplicity=Bounded[lower=0, upper=1]], TypedParameter[name=right, type=STRING, multiplicity=Bounded[lower=0, upper=1]]]; [TypedParameter[name=left, type=STRING, multiplicity=Bounded[lower=0, upper=1]], TypedParameter[name=right, type=STRING, multiplicity=Bounded[lower=1, upper=1]]]; [TypedParameter[name=left, type=STRING, multiplicity=Bounded[lower=1, upper=1]], TypedParameter[name=right, type=STRING, multiplicity=Bounded[lower=0, upper=1]]]; [TypedParameter[name=left, type=STRING, multiplicity=Bounded[lower=1, upper=1]], TypedParameter[name=right, type=STRING, multiplicity=Bounded[lower=1, upper=1]]]; [TypedParameter[name=left, type=BOOLEAN, multiplicity=Bounded[lower=0, upper=1]], TypedParameter[name=right, type=BOOLEAN, multiplicity=Bounded[lower=0, upper=1]]]	G-REJECT
cx.eq.DTime.Str	cross	|%2024-03-15T10:30:45 == '1'	Boolean	[1]	SELECT TIMESTAMP '2024-03-15T10:30:45' = '1' AS value			EXEC-ERR:SQLException: Conversion Error: invalid timestamp field format: "1", expected format is (YYYY-MM-DD HH:MM:SS[.US][?HH[:MM[:SS]]| ZONE])  LINE 1: SELECT TIMESTAMP '2024-03-15T10:30:45' = '1' AS value                                                  ^	DB-ERROR
cx.ne.DTime.Str	cross	|%2024-03-15T10:30:45 != '1'	Boolean	[1]	SELECT TIMESTAMP '2024-03-15T10:30:45' <> '1' AS value			EXEC-ERR:SQLException: Conversion Error: invalid timestamp field format: "1", expected format is (YYYY-MM-DD HH:MM:SS[.US][?HH[:MM[:SS]]| ZONE])  LINE 1: SELECT TIMESTAMP '2024-03-15T10:30:45' <> '1' AS value                                                   ^	DB-ERROR
cx.lt.DTime.Str	cross	|%2024-03-15T10:30:45 < '1'						G-ERR:TypeInferenceException: no overload of 'meta::pure::functions::boolean::lessThan' structurally matches the argument types (ExprType[type=DATE_TIME, multiplicity=Bounded[lower=1, upper=1]], ExprType[type=STRING, multiplicity=Bounded[lower=1, upper=1]]); [TypedParameter[name=left, type=DATE, multiplicity=Bounded[lower=0, upper=1]], TypedParameter[name=right, type=DATE, multiplicity=Bounded[lower=0, upper=1]]]; [TypedParameter[name=left, type=BOOLEAN, multiplicity=Bounded[lower=0, upper=1]], TypedParameter[name=right, type=BOOLEAN, multiplicity=Bounded[lower=0, upper=1]]]; [TypedParameter[name=left, type=DATE, multiplicity=Bounded[lower=0, upper=1]], TypedParameter[name=right, type=DATE, multiplicity=Bounded[lower=1, upper=1]]]; [TypedParameter[name=left, type=DATE, multiplicity=Bounded[lower=1, upper=1]], TypedParameter[name=right, type=DATE, multiplicity=Bounded[lower=0, upper=1]]]; [TypedParameter[name=left, type=DATE, multiplicity=Bounded[lower=1, upper=1]], TypedParameter[name=right, type=DATE, multiplicity=Bounded[lower=1, upper=1]]]; [TypedParameter[name=left, type=NUMBER, multiplicity=Bounded[lower=0, upper=1]], TypedParameter[name=right, type=NUMBER, multiplicity=Bounded[lower=0, upper=1]]]; [TypedParameter[name=left, type=NUMBER, multiplicity=Bounded[lower=0, upper=1]], TypedParameter[name=right, type=NUMBER, multiplicity=Bounded[lower=1, upper=1]]]; [TypedParameter[name=left, type=NUMBER, multiplicity=Bounded[lower=1, upper=1]], TypedParameter[name=right, type=NUMBER, multiplicity=Bounded[lower=0, upper=1]]]; [TypedParameter[name=left, type=NUMBER, multiplicity=Bounded[lower=1, upper=1]], TypedParameter[name=right, type=NUMBER, multiplicity=Bounded[lower=1, upper=1]]]; [TypedParameter[name=left, type=STRING, multiplicity=Bounded[lower=0, upper=1]], TypedParameter[name=right, type=STRING, multiplicity=Bounded[lower=0, upper=1]]]; [TypedParameter[name=left, type=STRING, multiplicity=Bounded[lower=0, upper=1]], TypedParameter[name=right, type=STRING, multiplicity=Bounded[lower=1, upper=1]]]; [TypedParameter[name=left, type=STRING, multiplicity=Bounded[lower=1, upper=1]], TypedParameter[name=right, type=STRING, multiplicity=Bounded[lower=0, upper=1]]]; [TypedParameter[name=left, type=STRING, multiplicity=Bounded[lower=1, upper=1]], TypedParameter[name=right, type=STRING, multiplicity=Bounded[lower=1, upper=1]]]	G-REJECT
cx.gt.DTime.Str	cross	|%2024-03-15T10:30:45 > '1'						G-ERR:TypeInferenceException: no overload of 'meta::pure::functions::boolean::greaterThan' structurally matches the argument types (ExprType[type=DATE_TIME, multiplicity=Bounded[lower=1, upper=1]], ExprType[type=STRING, multiplicity=Bounded[lower=1, upper=1]]); [TypedParameter[name=left, type=DATE, multiplicity=Bounded[lower=0, upper=1]], TypedParameter[name=right, type=DATE, multiplicity=Bounded[lower=0, upper=1]]]; [TypedParameter[name=left, type=DATE, multiplicity=Bounded[lower=0, upper=1]], TypedParameter[name=right, type=DATE, multiplicity=Bounded[lower=1, upper=1]]]; [TypedParameter[name=left, type=DATE, multiplicity=Bounded[lower=1, upper=1]], TypedParameter[name=right, type=DATE, multiplicity=Bounded[lower=0, upper=1]]]; [TypedParameter[name=left, type=DATE, multiplicity=Bounded[lower=1, upper=1]], TypedParameter[name=right, type=DATE, multiplicity=Bounded[lower=1, upper=1]]]; [TypedParameter[name=left, type=NUMBER, multiplicity=Bounded[lower=0, upper=1]], TypedParameter[name=right, type=NUMBER, multiplicity=Bounded[lower=0, upper=1]]]; [TypedParameter[name=left, type=NUMBER, multiplicity=Bounded[lower=0, upper=1]], TypedParameter[name=right, type=NUMBER, multiplicity=Bounded[lower=1, upper=1]]]; [TypedParameter[name=left, type=NUMBER, multiplicity=Bounded[lower=1, upper=1]], TypedParameter[name=right, type=NUMBER, multiplicity=Bounded[lower=0, upper=1]]]; [TypedParameter[name=left, type=NUMBER, multiplicity=Bounded[lower=1, upper=1]], TypedParameter[name=right, type=NUMBER, multiplicity=Bounded[lower=1, upper=1]]]; [TypedParameter[name=left, type=STRING, multiplicity=Bounded[lower=0, upper=1]], TypedParameter[name=right, type=STRING, multiplicity=Bounded[lower=0, upper=1]]]; [TypedParameter[name=left, type=STRING, multiplicity=Bounded[lower=0, upper=1]], TypedParameter[name=right, type=STRING, multiplicity=Bounded[lower=1, upper=1]]]; [TypedParameter[name=left, type=STRING, multiplicity=Bounded[lower=1, upper=1]], TypedParameter[name=right, type=STRING, multiplicity=Bounded[lower=0, upper=1]]]; [TypedParameter[name=left, type=STRING, multiplicity=Bounded[lower=1, upper=1]], TypedParameter[name=right, type=STRING, multiplicity=Bounded[lower=1, upper=1]]]; [TypedParameter[name=left, type=BOOLEAN, multiplicity=Bounded[lower=0, upper=1]], TypedParameter[name=right, type=BOOLEAN, multiplicity=Bounded[lower=0, upper=1]]]	G-REJECT
cx.le.DTime.Str	cross	|%2024-03-15T10:30:45 <= '1'						G-ERR:TypeInferenceException: no overload of 'meta::pure::functions::boolean::lessThanEqual' structurally matches the argument types (ExprType[type=DATE_TIME, multiplicity=Bounded[lower=1, upper=1]], ExprType[type=STRING, multiplicity=Bounded[lower=1, upper=1]]); [TypedParameter[name=left, type=DATE, multiplicity=Bounded[lower=0, upper=1]], TypedParameter[name=right, type=DATE, multiplicity=Bounded[lower=0, upper=1]]]; [TypedParameter[name=left, type=DATE, multiplicity=Bounded[lower=0, upper=1]], TypedParameter[name=right, type=DATE, multiplicity=Bounded[lower=1, upper=1]]]; [TypedParameter[name=left, type=DATE, multiplicity=Bounded[lower=1, upper=1]], TypedParameter[name=right, type=DATE, multiplicity=Bounded[lower=0, upper=1]]]; [TypedParameter[name=left, type=DATE, multiplicity=Bounded[lower=1, upper=1]], TypedParameter[name=right, type=DATE, multiplicity=Bounded[lower=1, upper=1]]]; [TypedParameter[name=left, type=NUMBER, multiplicity=Bounded[lower=0, upper=1]], TypedParameter[name=right, type=NUMBER, multiplicity=Bounded[lower=0, upper=1]]]; [TypedParameter[name=left, type=NUMBER, multiplicity=Bounded[lower=0, upper=1]], TypedParameter[name=right, type=NUMBER, multiplicity=Bounded[lower=1, upper=1]]]; [TypedParameter[name=left, type=NUMBER, multiplicity=Bounded[lower=1, upper=1]], TypedParameter[name=right, type=NUMBER, multiplicity=Bounded[lower=0, upper=1]]]; [TypedParameter[name=left, type=NUMBER, multiplicity=Bounded[lower=1, upper=1]], TypedParameter[name=right, type=NUMBER, multiplicity=Bounded[lower=1, upper=1]]]; [TypedParameter[name=left, type=STRING, multiplicity=Bounded[lower=0, upper=1]], TypedParameter[name=right, type=STRING, multiplicity=Bounded[lower=0, upper=1]]]; [TypedParameter[name=left, type=STRING, multiplicity=Bounded[lower=0, upper=1]], TypedParameter[name=right, type=STRING, multiplicity=Bounded[lower=1, upper=1]]]; [TypedParameter[name=left, type=STRING, multiplicity=Bounded[lower=1, upper=1]], TypedParameter[name=right, type=STRING, multiplicity=Bounded[lower=0, upper=1]]]; [TypedParameter[name=left, type=STRING, multiplicity=Bounded[lower=1, upper=1]], TypedParameter[name=right, type=STRING, multiplicity=Bounded[lower=1, upper=1]]]; [TypedParameter[name=left, type=BOOLEAN, multiplicity=Bounded[lower=0, upper=1]], TypedParameter[name=right, type=BOOLEAN, multiplicity=Bounded[lower=0, upper=1]]]	G-REJECT
cx.ge.DTime.Str	cross	|%2024-03-15T10:30:45 >= '1'						G-ERR:TypeInferenceException: no overload of 'meta::pure::functions::boolean::greaterThanEqual' structurally matches the argument types (ExprType[type=DATE_TIME, multiplicity=Bounded[lower=1, upper=1]], ExprType[type=STRING, multiplicity=Bounded[lower=1, upper=1]]); [TypedParameter[name=left, type=DATE, multiplicity=Bounded[lower=0, upper=1]], TypedParameter[name=right, type=DATE, multiplicity=Bounded[lower=0, upper=1]]]; [TypedParameter[name=left, type=DATE, multiplicity=Bounded[lower=0, upper=1]], TypedParameter[name=right, type=DATE, multiplicity=Bounded[lower=1, upper=1]]]; [TypedParameter[name=left, type=DATE, multiplicity=Bounded[lower=1, upper=1]], TypedParameter[name=right, type=DATE, multiplicity=Bounded[lower=0, upper=1]]]; [TypedParameter[name=left, type=DATE, multiplicity=Bounded[lower=1, upper=1]], TypedParameter[name=right, type=DATE, multiplicity=Bounded[lower=1, upper=1]]]; [TypedParameter[name=left, type=NUMBER, multiplicity=Bounded[lower=0, upper=1]], TypedParameter[name=right, type=NUMBER, multiplicity=Bounded[lower=0, upper=1]]]; [TypedParameter[name=left, type=NUMBER, multiplicity=Bounded[lower=0, upper=1]], TypedParameter[name=right, type=NUMBER, multiplicity=Bounded[lower=1, upper=1]]]; [TypedParameter[name=left, type=NUMBER, multiplicity=Bounded[lower=1, upper=1]], TypedParameter[name=right, type=NUMBER, multiplicity=Bounded[lower=0, upper=1]]]; [TypedParameter[name=left, type=NUMBER, multiplicity=Bounded[lower=1, upper=1]], TypedParameter[name=right, type=NUMBER, multiplicity=Bounded[lower=1, upper=1]]]; [TypedParameter[name=left, type=STRING, multiplicity=Bounded[lower=0, upper=1]], TypedParameter[name=right, type=STRING, multiplicity=Bounded[lower=0, upper=1]]]; [TypedParameter[name=left, type=STRING, multiplicity=Bounded[lower=0, upper=1]], TypedParameter[name=right, type=STRING, multiplicity=Bounded[lower=1, upper=1]]]; [TypedParameter[name=left, type=STRING, multiplicity=Bounded[lower=1, upper=1]], TypedParameter[name=right, type=STRING, multiplicity=Bounded[lower=0, upper=1]]]; [TypedParameter[name=left, type=STRING, multiplicity=Bounded[lower=1, upper=1]], TypedParameter[name=right, type=STRING, multiplicity=Bounded[lower=1, upper=1]]]; [TypedParameter[name=left, type=BOOLEAN, multiplicity=Bounded[lower=0, upper=1]], TypedParameter[name=right, type=BOOLEAN, multiplicity=Bounded[lower=0, upper=1]]]	G-REJECT
cx.eq.DTime.SDate	cross	|%2024-03-15T10:30:45 == %2024-03-15	Boolean	[1]	SELECT TIMESTAMP '2024-03-15T10:30:45' = DATE '2024-03-15' AS value	Boolean	false	OK	OK
cx.ne.DTime.SDate	cross	|%2024-03-15T10:30:45 != %2024-03-15	Boolean	[1]	SELECT TIMESTAMP '2024-03-15T10:30:45' <> DATE '2024-03-15' AS value	Boolean	true	OK	OK
cx.lt.DTime.SDate	cross	|%2024-03-15T10:30:45 < %2024-03-15	Boolean	[1]	SELECT TIMESTAMP '2024-03-15T10:30:45' < DATE '2024-03-15' AS value	Boolean	false	OK	OK
cx.gt.DTime.SDate	cross	|%2024-03-15T10:30:45 > %2024-03-15	Boolean	[1]	SELECT TIMESTAMP '2024-03-15T10:30:45' > DATE '2024-03-15' AS value	Boolean	true	OK	OK
cx.le.DTime.SDate	cross	|%2024-03-15T10:30:45 <= %2024-03-15	Boolean	[1]	SELECT TIMESTAMP '2024-03-15T10:30:45' <= DATE '2024-03-15' AS value	Boolean	false	OK	OK
cx.ge.DTime.SDate	cross	|%2024-03-15T10:30:45 >= %2024-03-15	Boolean	[1]	SELECT TIMESTAMP '2024-03-15T10:30:45' >= DATE '2024-03-15' AS value	Boolean	true	OK	OK
cx.eq.DTime.DTime	cross	|%2024-03-15T10:30:45 == %2024-03-15T10:30:45	Boolean	[1]	SELECT TIMESTAMP '2024-03-15T10:30:45' = TIMESTAMP '2024-03-15T10:30:45' AS value	Boolean	true	OK	OK
cx.ne.DTime.DTime	cross	|%2024-03-15T10:30:45 != %2024-03-15T10:30:45	Boolean	[1]	SELECT TIMESTAMP '2024-03-15T10:30:45' <> TIMESTAMP '2024-03-15T10:30:45' AS value	Boolean	false	OK	OK
cx.lt.DTime.DTime	cross	|%2024-03-15T10:30:45 < %2024-03-15T10:30:45	Boolean	[1]	SELECT TIMESTAMP '2024-03-15T10:30:45' < TIMESTAMP '2024-03-15T10:30:45' AS value	Boolean	false	OK	OK
cx.gt.DTime.DTime	cross	|%2024-03-15T10:30:45 > %2024-03-15T10:30:45	Boolean	[1]	SELECT TIMESTAMP '2024-03-15T10:30:45' > TIMESTAMP '2024-03-15T10:30:45' AS value	Boolean	false	OK	OK
cx.le.DTime.DTime	cross	|%2024-03-15T10:30:45 <= %2024-03-15T10:30:45	Boolean	[1]	SELECT TIMESTAMP '2024-03-15T10:30:45' <= TIMESTAMP '2024-03-15T10:30:45' AS value	Boolean	true	OK	OK
cx.ge.DTime.DTime	cross	|%2024-03-15T10:30:45 >= %2024-03-15T10:30:45	Boolean	[1]	SELECT TIMESTAMP '2024-03-15T10:30:45' >= TIMESTAMP '2024-03-15T10:30:45' AS value	Boolean	true	OK	OK
cx.eq.DTime.Bool	cross	|%2024-03-15T10:30:45 == true	Boolean	[1]	SELECT TIMESTAMP '2024-03-15T10:30:45' = TRUE AS value			EXEC-ERR:SQLException: Conversion Error: Unimplemented type for cast (BOOLEAN -> TIMESTAMP)	DB-ERROR
cx.ne.DTime.Bool	cross	|%2024-03-15T10:30:45 != true	Boolean	[1]	SELECT TIMESTAMP '2024-03-15T10:30:45' <> TRUE AS value			EXEC-ERR:SQLException: Conversion Error: Unimplemented type for cast (BOOLEAN -> TIMESTAMP)	DB-ERROR
cx.lt.DTime.Bool	cross	|%2024-03-15T10:30:45 < true						G-ERR:TypeInferenceException: no overload of 'meta::pure::functions::boolean::lessThan' structurally matches the argument types (ExprType[type=DATE_TIME, multiplicity=Bounded[lower=1, upper=1]], ExprType[type=BOOLEAN, multiplicity=Bounded[lower=1, upper=1]]); [TypedParameter[name=left, type=DATE, multiplicity=Bounded[lower=0, upper=1]], TypedParameter[name=right, type=DATE, multiplicity=Bounded[lower=0, upper=1]]]; [TypedParameter[name=left, type=BOOLEAN, multiplicity=Bounded[lower=0, upper=1]], TypedParameter[name=right, type=BOOLEAN, multiplicity=Bounded[lower=0, upper=1]]]; [TypedParameter[name=left, type=DATE, multiplicity=Bounded[lower=0, upper=1]], TypedParameter[name=right, type=DATE, multiplicity=Bounded[lower=1, upper=1]]]; [TypedParameter[name=left, type=DATE, multiplicity=Bounded[lower=1, upper=1]], TypedParameter[name=right, type=DATE, multiplicity=Bounded[lower=0, upper=1]]]; [TypedParameter[name=left, type=DATE, multiplicity=Bounded[lower=1, upper=1]], TypedParameter[name=right, type=DATE, multiplicity=Bounded[lower=1, upper=1]]]; [TypedParameter[name=left, type=NUMBER, multiplicity=Bounded[lower=0, upper=1]], TypedParameter[name=right, type=NUMBER, multiplicity=Bounded[lower=0, upper=1]]]; [TypedParameter[name=left, type=NUMBER, multiplicity=Bounded[lower=0, upper=1]], TypedParameter[name=right, type=NUMBER, multiplicity=Bounded[lower=1, upper=1]]]; [TypedParameter[name=left, type=NUMBER, multiplicity=Bounded[lower=1, upper=1]], TypedParameter[name=right, type=NUMBER, multiplicity=Bounded[lower=0, upper=1]]]; [TypedParameter[name=left, type=NUMBER, multiplicity=Bounded[lower=1, upper=1]], TypedParameter[name=right, type=NUMBER, multiplicity=Bounded[lower=1, upper=1]]]; [TypedParameter[name=left, type=STRING, multiplicity=Bounded[lower=0, upper=1]], TypedParameter[name=right, type=STRING, multiplicity=Bounded[lower=0, upper=1]]]; [TypedParameter[name=left, type=STRING, multiplicity=Bounded[lower=0, upper=1]], TypedParameter[name=right, type=STRING, multiplicity=Bounded[lower=1, upper=1]]]; [TypedParameter[name=left, type=STRING, multiplicity=Bounded[lower=1, upper=1]], TypedParameter[name=right, type=STRING, multiplicity=Bounded[lower=0, upper=1]]]; [TypedParameter[name=left, type=STRING, multiplicity=Bounded[lower=1, upper=1]], TypedParameter[name=right, type=STRING, multiplicity=Bounded[lower=1, upper=1]]]	G-REJECT
cx.gt.DTime.Bool	cross	|%2024-03-15T10:30:45 > true						G-ERR:TypeInferenceException: no overload of 'meta::pure::functions::boolean::greaterThan' structurally matches the argument types (ExprType[type=DATE_TIME, multiplicity=Bounded[lower=1, upper=1]], ExprType[type=BOOLEAN, multiplicity=Bounded[lower=1, upper=1]]); [TypedParameter[name=left, type=DATE, multiplicity=Bounded[lower=0, upper=1]], TypedParameter[name=right, type=DATE, multiplicity=Bounded[lower=0, upper=1]]]; [TypedParameter[name=left, type=DATE, multiplicity=Bounded[lower=0, upper=1]], TypedParameter[name=right, type=DATE, multiplicity=Bounded[lower=1, upper=1]]]; [TypedParameter[name=left, type=DATE, multiplicity=Bounded[lower=1, upper=1]], TypedParameter[name=right, type=DATE, multiplicity=Bounded[lower=0, upper=1]]]; [TypedParameter[name=left, type=DATE, multiplicity=Bounded[lower=1, upper=1]], TypedParameter[name=right, type=DATE, multiplicity=Bounded[lower=1, upper=1]]]; [TypedParameter[name=left, type=NUMBER, multiplicity=Bounded[lower=0, upper=1]], TypedParameter[name=right, type=NUMBER, multiplicity=Bounded[lower=0, upper=1]]]; [TypedParameter[name=left, type=NUMBER, multiplicity=Bounded[lower=0, upper=1]], TypedParameter[name=right, type=NUMBER, multiplicity=Bounded[lower=1, upper=1]]]; [TypedParameter[name=left, type=NUMBER, multiplicity=Bounded[lower=1, upper=1]], TypedParameter[name=right, type=NUMBER, multiplicity=Bounded[lower=0, upper=1]]]; [TypedParameter[name=left, type=NUMBER, multiplicity=Bounded[lower=1, upper=1]], TypedParameter[name=right, type=NUMBER, multiplicity=Bounded[lower=1, upper=1]]]; [TypedParameter[name=left, type=STRING, multiplicity=Bounded[lower=0, upper=1]], TypedParameter[name=right, type=STRING, multiplicity=Bounded[lower=0, upper=1]]]; [TypedParameter[name=left, type=STRING, multiplicity=Bounded[lower=0, upper=1]], TypedParameter[name=right, type=STRING, multiplicity=Bounded[lower=1, upper=1]]]; [TypedParameter[name=left, type=STRING, multiplicity=Bounded[lower=1, upper=1]], TypedParameter[name=right, type=STRING, multiplicity=Bounded[lower=0, upper=1]]]; [TypedParameter[name=left, type=STRING, multiplicity=Bounded[lower=1, upper=1]], TypedParameter[name=right, type=STRING, multiplicity=Bounded[lower=1, upper=1]]]; [TypedParameter[name=left, type=BOOLEAN, multiplicity=Bounded[lower=0, upper=1]], TypedParameter[name=right, type=BOOLEAN, multiplicity=Bounded[lower=0, upper=1]]]	G-REJECT
cx.le.DTime.Bool	cross	|%2024-03-15T10:30:45 <= true						G-ERR:TypeInferenceException: no overload of 'meta::pure::functions::boolean::lessThanEqual' structurally matches the argument types (ExprType[type=DATE_TIME, multiplicity=Bounded[lower=1, upper=1]], ExprType[type=BOOLEAN, multiplicity=Bounded[lower=1, upper=1]]); [TypedParameter[name=left, type=DATE, multiplicity=Bounded[lower=0, upper=1]], TypedParameter[name=right, type=DATE, multiplicity=Bounded[lower=0, upper=1]]]; [TypedParameter[name=left, type=DATE, multiplicity=Bounded[lower=0, upper=1]], TypedParameter[name=right, type=DATE, multiplicity=Bounded[lower=1, upper=1]]]; [TypedParameter[name=left, type=DATE, multiplicity=Bounded[lower=1, upper=1]], TypedParameter[name=right, type=DATE, multiplicity=Bounded[lower=0, upper=1]]]; [TypedParameter[name=left, type=DATE, multiplicity=Bounded[lower=1, upper=1]], TypedParameter[name=right, type=DATE, multiplicity=Bounded[lower=1, upper=1]]]; [TypedParameter[name=left, type=NUMBER, multiplicity=Bounded[lower=0, upper=1]], TypedParameter[name=right, type=NUMBER, multiplicity=Bounded[lower=0, upper=1]]]; [TypedParameter[name=left, type=NUMBER, multiplicity=Bounded[lower=0, upper=1]], TypedParameter[name=right, type=NUMBER, multiplicity=Bounded[lower=1, upper=1]]]; [TypedParameter[name=left, type=NUMBER, multiplicity=Bounded[lower=1, upper=1]], TypedParameter[name=right, type=NUMBER, multiplicity=Bounded[lower=0, upper=1]]]; [TypedParameter[name=left, type=NUMBER, multiplicity=Bounded[lower=1, upper=1]], TypedParameter[name=right, type=NUMBER, multiplicity=Bounded[lower=1, upper=1]]]; [TypedParameter[name=left, type=STRING, multiplicity=Bounded[lower=0, upper=1]], TypedParameter[name=right, type=STRING, multiplicity=Bounded[lower=0, upper=1]]]; [TypedParameter[name=left, type=STRING, multiplicity=Bounded[lower=0, upper=1]], TypedParameter[name=right, type=STRING, multiplicity=Bounded[lower=1, upper=1]]]; [TypedParameter[name=left, type=STRING, multiplicity=Bounded[lower=1, upper=1]], TypedParameter[name=right, type=STRING, multiplicity=Bounded[lower=0, upper=1]]]; [TypedParameter[name=left, type=STRING, multiplicity=Bounded[lower=1, upper=1]], TypedParameter[name=right, type=STRING, multiplicity=Bounded[lower=1, upper=1]]]; [TypedParameter[name=left, type=BOOLEAN, multiplicity=Bounded[lower=0, upper=1]], TypedParameter[name=right, type=BOOLEAN, multiplicity=Bounded[lower=0, upper=1]]]	G-REJECT
cx.ge.DTime.Bool	cross	|%2024-03-15T10:30:45 >= true						G-ERR:TypeInferenceException: no overload of 'meta::pure::functions::boolean::greaterThanEqual' structurally matches the argument types (ExprType[type=DATE_TIME, multiplicity=Bounded[lower=1, upper=1]], ExprType[type=BOOLEAN, multiplicity=Bounded[lower=1, upper=1]]); [TypedParameter[name=left, type=DATE, multiplicity=Bounded[lower=0, upper=1]], TypedParameter[name=right, type=DATE, multiplicity=Bounded[lower=0, upper=1]]]; [TypedParameter[name=left, type=DATE, multiplicity=Bounded[lower=0, upper=1]], TypedParameter[name=right, type=DATE, multiplicity=Bounded[lower=1, upper=1]]]; [TypedParameter[name=left, type=DATE, multiplicity=Bounded[lower=1, upper=1]], TypedParameter[name=right, type=DATE, multiplicity=Bounded[lower=0, upper=1]]]; [TypedParameter[name=left, type=DATE, multiplicity=Bounded[lower=1, upper=1]], TypedParameter[name=right, type=DATE, multiplicity=Bounded[lower=1, upper=1]]]; [TypedParameter[name=left, type=NUMBER, multiplicity=Bounded[lower=0, upper=1]], TypedParameter[name=right, type=NUMBER, multiplicity=Bounded[lower=0, upper=1]]]; [TypedParameter[name=left, type=NUMBER, multiplicity=Bounded[lower=0, upper=1]], TypedParameter[name=right, type=NUMBER, multiplicity=Bounded[lower=1, upper=1]]]; [TypedParameter[name=left, type=NUMBER, multiplicity=Bounded[lower=1, upper=1]], TypedParameter[name=right, type=NUMBER, multiplicity=Bounded[lower=0, upper=1]]]; [TypedParameter[name=left, type=NUMBER, multiplicity=Bounded[lower=1, upper=1]], TypedParameter[name=right, type=NUMBER, multiplicity=Bounded[lower=1, upper=1]]]; [TypedParameter[name=left, type=STRING, multiplicity=Bounded[lower=0, upper=1]], TypedParameter[name=right, type=STRING, multiplicity=Bounded[lower=0, upper=1]]]; [TypedParameter[name=left, type=STRING, multiplicity=Bounded[lower=0, upper=1]], TypedParameter[name=right, type=STRING, multiplicity=Bounded[lower=1, upper=1]]]; [TypedParameter[name=left, type=STRING, multiplicity=Bounded[lower=1, upper=1]], TypedParameter[name=right, type=STRING, multiplicity=Bounded[lower=0, upper=1]]]; [TypedParameter[name=left, type=STRING, multiplicity=Bounded[lower=1, upper=1]], TypedParameter[name=right, type=STRING, multiplicity=Bounded[lower=1, upper=1]]]; [TypedParameter[name=left, type=BOOLEAN, multiplicity=Bounded[lower=0, upper=1]], TypedParameter[name=right, type=BOOLEAN, multiplicity=Bounded[lower=0, upper=1]]]	G-REJECT
cx.eq.DTime.Enum	cross	|%2024-03-15T10:30:45 == t::Color.RED	Boolean	[1]	SELECT FALSE AS value	Boolean	false	OK	OK
cx.ne.DTime.Enum	cross	|%2024-03-15T10:30:45 != t::Color.RED	Boolean	[1]	SELECT NOT FALSE AS value	Boolean	true	OK	OK
cx.lt.DTime.Enum	cross	|%2024-03-15T10:30:45 < t::Color.RED						G-ERR:TypeInferenceException: no overload of 'meta::pure::functions::boolean::lessThan' structurally matches the argument types (ExprType[type=DATE_TIME, multiplicity=Bounded[lower=1, upper=1]], ExprType[type=EnumType[fqn=t::Color], multiplicity=Bounded[lower=1, upper=1]]); [TypedParameter[name=left, type=DATE, multiplicity=Bounded[lower=0, upper=1]], TypedParameter[name=right, type=DATE, multiplicity=Bounded[lower=0, upper=1]]]; [TypedParameter[name=left, type=BOOLEAN, multiplicity=Bounded[lower=0, upper=1]], TypedParameter[name=right, type=BOOLEAN, multiplicity=Bounded[lower=0, upper=1]]]; [TypedParameter[name=left, type=DATE, multiplicity=Bounded[lower=0, upper=1]], TypedParameter[name=right, type=DATE, multiplicity=Bounded[lower=1, upper=1]]]; [TypedParameter[name=left, type=DATE, multiplicity=Bounded[lower=1, upper=1]], TypedParameter[name=right, type=DATE, multiplicity=Bounded[lower=0, upper=1]]]; [TypedParameter[name=left, type=DATE, multiplicity=Bounded[lower=1, upper=1]], TypedParameter[name=right, type=DATE, multiplicity=Bounded[lower=1, upper=1]]]; [TypedParameter[name=left, type=NUMBER, multiplicity=Bounded[lower=0, upper=1]], TypedParameter[name=right, type=NUMBER, multiplicity=Bounded[lower=0, upper=1]]]; [TypedParameter[name=left, type=NUMBER, multiplicity=Bounded[lower=0, upper=1]], TypedParameter[name=right, type=NUMBER, multiplicity=Bounded[lower=1, upper=1]]]; [TypedParameter[name=left, type=NUMBER, multiplicity=Bounded[lower=1, upper=1]], TypedParameter[name=right, type=NUMBER, multiplicity=Bounded[lower=0, upper=1]]]; [TypedParameter[name=left, type=NUMBER, multiplicity=Bounded[lower=1, upper=1]], TypedParameter[name=right, type=NUMBER, multiplicity=Bounded[lower=1, upper=1]]]; [TypedParameter[name=left, type=STRING, multiplicity=Bounded[lower=0, upper=1]], TypedParameter[name=right, type=STRING, multiplicity=Bounded[lower=0, upper=1]]]; [TypedParameter[name=left, type=STRING, multiplicity=Bounded[lower=0, upper=1]], TypedParameter[name=right, type=STRING, multiplicity=Bounded[lower=1, upper=1]]]; [TypedParameter[name=left, type=STRING, multiplicity=Bounded[lower=1, upper=1]], TypedParameter[name=right, type=STRING, multiplicity=Bounded[lower=0, upper=1]]]; [TypedParameter[name=left, type=STRING, multiplicity=Bounded[lower=1, upper=1]], TypedParameter[name=right, type=STRING, multiplicity=Bounded[lower=1, upper=1]]]	G-REJECT
cx.gt.DTime.Enum	cross	|%2024-03-15T10:30:45 > t::Color.RED						G-ERR:TypeInferenceException: no overload of 'meta::pure::functions::boolean::greaterThan' structurally matches the argument types (ExprType[type=DATE_TIME, multiplicity=Bounded[lower=1, upper=1]], ExprType[type=EnumType[fqn=t::Color], multiplicity=Bounded[lower=1, upper=1]]); [TypedParameter[name=left, type=DATE, multiplicity=Bounded[lower=0, upper=1]], TypedParameter[name=right, type=DATE, multiplicity=Bounded[lower=0, upper=1]]]; [TypedParameter[name=left, type=DATE, multiplicity=Bounded[lower=0, upper=1]], TypedParameter[name=right, type=DATE, multiplicity=Bounded[lower=1, upper=1]]]; [TypedParameter[name=left, type=DATE, multiplicity=Bounded[lower=1, upper=1]], TypedParameter[name=right, type=DATE, multiplicity=Bounded[lower=0, upper=1]]]; [TypedParameter[name=left, type=DATE, multiplicity=Bounded[lower=1, upper=1]], TypedParameter[name=right, type=DATE, multiplicity=Bounded[lower=1, upper=1]]]; [TypedParameter[name=left, type=NUMBER, multiplicity=Bounded[lower=0, upper=1]], TypedParameter[name=right, type=NUMBER, multiplicity=Bounded[lower=0, upper=1]]]; [TypedParameter[name=left, type=NUMBER, multiplicity=Bounded[lower=0, upper=1]], TypedParameter[name=right, type=NUMBER, multiplicity=Bounded[lower=1, upper=1]]]; [TypedParameter[name=left, type=NUMBER, multiplicity=Bounded[lower=1, upper=1]], TypedParameter[name=right, type=NUMBER, multiplicity=Bounded[lower=0, upper=1]]]; [TypedParameter[name=left, type=NUMBER, multiplicity=Bounded[lower=1, upper=1]], TypedParameter[name=right, type=NUMBER, multiplicity=Bounded[lower=1, upper=1]]]; [TypedParameter[name=left, type=STRING, multiplicity=Bounded[lower=0, upper=1]], TypedParameter[name=right, type=STRING, multiplicity=Bounded[lower=0, upper=1]]]; [TypedParameter[name=left, type=STRING, multiplicity=Bounded[lower=0, upper=1]], TypedParameter[name=right, type=STRING, multiplicity=Bounded[lower=1, upper=1]]]; [TypedParameter[name=left, type=STRING, multiplicity=Bounded[lower=1, upper=1]], TypedParameter[name=right, type=STRING, multiplicity=Bounded[lower=0, upper=1]]]; [TypedParameter[name=left, type=STRING, multiplicity=Bounded[lower=1, upper=1]], TypedParameter[name=right, type=STRING, multiplicity=Bounded[lower=1, upper=1]]]; [TypedParameter[name=left, type=BOOLEAN, multiplicity=Bounded[lower=0, upper=1]], TypedParameter[name=right, type=BOOLEAN, multiplicity=Bounded[lower=0, upper=1]]]	G-REJECT
cx.le.DTime.Enum	cross	|%2024-03-15T10:30:45 <= t::Color.RED						G-ERR:TypeInferenceException: no overload of 'meta::pure::functions::boolean::lessThanEqual' structurally matches the argument types (ExprType[type=DATE_TIME, multiplicity=Bounded[lower=1, upper=1]], ExprType[type=EnumType[fqn=t::Color], multiplicity=Bounded[lower=1, upper=1]]); [TypedParameter[name=left, type=DATE, multiplicity=Bounded[lower=0, upper=1]], TypedParameter[name=right, type=DATE, multiplicity=Bounded[lower=0, upper=1]]]; [TypedParameter[name=left, type=DATE, multiplicity=Bounded[lower=0, upper=1]], TypedParameter[name=right, type=DATE, multiplicity=Bounded[lower=1, upper=1]]]; [TypedParameter[name=left, type=DATE, multiplicity=Bounded[lower=1, upper=1]], TypedParameter[name=right, type=DATE, multiplicity=Bounded[lower=0, upper=1]]]; [TypedParameter[name=left, type=DATE, multiplicity=Bounded[lower=1, upper=1]], TypedParameter[name=right, type=DATE, multiplicity=Bounded[lower=1, upper=1]]]; [TypedParameter[name=left, type=NUMBER, multiplicity=Bounded[lower=0, upper=1]], TypedParameter[name=right, type=NUMBER, multiplicity=Bounded[lower=0, upper=1]]]; [TypedParameter[name=left, type=NUMBER, multiplicity=Bounded[lower=0, upper=1]], TypedParameter[name=right, type=NUMBER, multiplicity=Bounded[lower=1, upper=1]]]; [TypedParameter[name=left, type=NUMBER, multiplicity=Bounded[lower=1, upper=1]], TypedParameter[name=right, type=NUMBER, multiplicity=Bounded[lower=0, upper=1]]]; [TypedParameter[name=left, type=NUMBER, multiplicity=Bounded[lower=1, upper=1]], TypedParameter[name=right, type=NUMBER, multiplicity=Bounded[lower=1, upper=1]]]; [TypedParameter[name=left, type=STRING, multiplicity=Bounded[lower=0, upper=1]], TypedParameter[name=right, type=STRING, multiplicity=Bounded[lower=0, upper=1]]]; [TypedParameter[name=left, type=STRING, multiplicity=Bounded[lower=0, upper=1]], TypedParameter[name=right, type=STRING, multiplicity=Bounded[lower=1, upper=1]]]; [TypedParameter[name=left, type=STRING, multiplicity=Bounded[lower=1, upper=1]], TypedParameter[name=right, type=STRING, multiplicity=Bounded[lower=0, upper=1]]]; [TypedParameter[name=left, type=STRING, multiplicity=Bounded[lower=1, upper=1]], TypedParameter[name=right, type=STRING, multiplicity=Bounded[lower=1, upper=1]]]; [TypedParameter[name=left, type=BOOLEAN, multiplicity=Bounded[lower=0, upper=1]], TypedParameter[name=right, type=BOOLEAN, multiplicity=Bounded[lower=0, upper=1]]]	G-REJECT
cx.ge.DTime.Enum	cross	|%2024-03-15T10:30:45 >= t::Color.RED						G-ERR:TypeInferenceException: no overload of 'meta::pure::functions::boolean::greaterThanEqual' structurally matches the argument types (ExprType[type=DATE_TIME, multiplicity=Bounded[lower=1, upper=1]], ExprType[type=EnumType[fqn=t::Color], multiplicity=Bounded[lower=1, upper=1]]); [TypedParameter[name=left, type=DATE, multiplicity=Bounded[lower=0, upper=1]], TypedParameter[name=right, type=DATE, multiplicity=Bounded[lower=0, upper=1]]]; [TypedParameter[name=left, type=DATE, multiplicity=Bounded[lower=0, upper=1]], TypedParameter[name=right, type=DATE, multiplicity=Bounded[lower=1, upper=1]]]; [TypedParameter[name=left, type=DATE, multiplicity=Bounded[lower=1, upper=1]], TypedParameter[name=right, type=DATE, multiplicity=Bounded[lower=0, upper=1]]]; [TypedParameter[name=left, type=DATE, multiplicity=Bounded[lower=1, upper=1]], TypedParameter[name=right, type=DATE, multiplicity=Bounded[lower=1, upper=1]]]; [TypedParameter[name=left, type=NUMBER, multiplicity=Bounded[lower=0, upper=1]], TypedParameter[name=right, type=NUMBER, multiplicity=Bounded[lower=0, upper=1]]]; [TypedParameter[name=left, type=NUMBER, multiplicity=Bounded[lower=0, upper=1]], TypedParameter[name=right, type=NUMBER, multiplicity=Bounded[lower=1, upper=1]]]; [TypedParameter[name=left, type=NUMBER, multiplicity=Bounded[lower=1, upper=1]], TypedParameter[name=right, type=NUMBER, multiplicity=Bounded[lower=0, upper=1]]]; [TypedParameter[name=left, type=NUMBER, multiplicity=Bounded[lower=1, upper=1]], TypedParameter[name=right, type=NUMBER, multiplicity=Bounded[lower=1, upper=1]]]; [TypedParameter[name=left, type=STRING, multiplicity=Bounded[lower=0, upper=1]], TypedParameter[name=right, type=STRING, multiplicity=Bounded[lower=0, upper=1]]]; [TypedParameter[name=left, type=STRING, multiplicity=Bounded[lower=0, upper=1]], TypedParameter[name=right, type=STRING, multiplicity=Bounded[lower=1, upper=1]]]; [TypedParameter[name=left, type=STRING, multiplicity=Bounded[lower=1, upper=1]], TypedParameter[name=right, type=STRING, multiplicity=Bounded[lower=0, upper=1]]]; [TypedParameter[name=left, type=STRING, multiplicity=Bounded[lower=1, upper=1]], TypedParameter[name=right, type=STRING, multiplicity=Bounded[lower=1, upper=1]]]; [TypedParameter[name=left, type=BOOLEAN, multiplicity=Bounded[lower=0, upper=1]], TypedParameter[name=right, type=BOOLEAN, multiplicity=Bounded[lower=0, upper=1]]]	G-REJECT
cx.eq.Bool.Int	cross	|true == 1	Boolean	[1]	SELECT TRUE = 1 AS value	Boolean	true	OK	OK
cx.ne.Bool.Int	cross	|true != 1	Boolean	[1]	SELECT TRUE <> 1 AS value	Boolean	false	OK	OK
cx.lt.Bool.Int	cross	|true < 1						G-ERR:TypeInferenceException: no overload of 'meta::pure::functions::boolean::lessThan' structurally matches the argument types (ExprType[type=BOOLEAN, multiplicity=Bounded[lower=1, upper=1]], ExprType[type=INTEGER, multiplicity=Bounded[lower=1, upper=1]]); [TypedParameter[name=left, type=DATE, multiplicity=Bounded[lower=0, upper=1]], TypedParameter[name=right, type=DATE, multiplicity=Bounded[lower=0, upper=1]]]; [TypedParameter[name=left, type=BOOLEAN, multiplicity=Bounded[lower=0, upper=1]], TypedParameter[name=right, type=BOOLEAN, multiplicity=Bounded[lower=0, upper=1]]]; [TypedParameter[name=left, type=DATE, multiplicity=Bounded[lower=0, upper=1]], TypedParameter[name=right, type=DATE, multiplicity=Bounded[lower=1, upper=1]]]; [TypedParameter[name=left, type=DATE, multiplicity=Bounded[lower=1, upper=1]], TypedParameter[name=right, type=DATE, multiplicity=Bounded[lower=0, upper=1]]]; [TypedParameter[name=left, type=DATE, multiplicity=Bounded[lower=1, upper=1]], TypedParameter[name=right, type=DATE, multiplicity=Bounded[lower=1, upper=1]]]; [TypedParameter[name=left, type=NUMBER, multiplicity=Bounded[lower=0, upper=1]], TypedParameter[name=right, type=NUMBER, multiplicity=Bounded[lower=0, upper=1]]]; [TypedParameter[name=left, type=NUMBER, multiplicity=Bounded[lower=0, upper=1]], TypedParameter[name=right, type=NUMBER, multiplicity=Bounded[lower=1, upper=1]]]; [TypedParameter[name=left, type=NUMBER, multiplicity=Bounded[lower=1, upper=1]], TypedParameter[name=right, type=NUMBER, multiplicity=Bounded[lower=0, upper=1]]]; [TypedParameter[name=left, type=NUMBER, multiplicity=Bounded[lower=1, upper=1]], TypedParameter[name=right, type=NUMBER, multiplicity=Bounded[lower=1, upper=1]]]; [TypedParameter[name=left, type=STRING, multiplicity=Bounded[lower=0, upper=1]], TypedParameter[name=right, type=STRING, multiplicity=Bounded[lower=0, upper=1]]]; [TypedParameter[name=left, type=STRING, multiplicity=Bounded[lower=0, upper=1]], TypedParameter[name=right, type=STRING, multiplicity=Bounded[lower=1, upper=1]]]; [TypedParameter[name=left, type=STRING, multiplicity=Bounded[lower=1, upper=1]], TypedParameter[name=right, type=STRING, multiplicity=Bounded[lower=0, upper=1]]]; [TypedParameter[name=left, type=STRING, multiplicity=Bounded[lower=1, upper=1]], TypedParameter[name=right, type=STRING, multiplicity=Bounded[lower=1, upper=1]]]	G-REJECT
cx.gt.Bool.Int	cross	|true > 1						G-ERR:TypeInferenceException: no overload of 'meta::pure::functions::boolean::greaterThan' structurally matches the argument types (ExprType[type=BOOLEAN, multiplicity=Bounded[lower=1, upper=1]], ExprType[type=INTEGER, multiplicity=Bounded[lower=1, upper=1]]); [TypedParameter[name=left, type=DATE, multiplicity=Bounded[lower=0, upper=1]], TypedParameter[name=right, type=DATE, multiplicity=Bounded[lower=0, upper=1]]]; [TypedParameter[name=left, type=DATE, multiplicity=Bounded[lower=0, upper=1]], TypedParameter[name=right, type=DATE, multiplicity=Bounded[lower=1, upper=1]]]; [TypedParameter[name=left, type=DATE, multiplicity=Bounded[lower=1, upper=1]], TypedParameter[name=right, type=DATE, multiplicity=Bounded[lower=0, upper=1]]]; [TypedParameter[name=left, type=DATE, multiplicity=Bounded[lower=1, upper=1]], TypedParameter[name=right, type=DATE, multiplicity=Bounded[lower=1, upper=1]]]; [TypedParameter[name=left, type=NUMBER, multiplicity=Bounded[lower=0, upper=1]], TypedParameter[name=right, type=NUMBER, multiplicity=Bounded[lower=0, upper=1]]]; [TypedParameter[name=left, type=NUMBER, multiplicity=Bounded[lower=0, upper=1]], TypedParameter[name=right, type=NUMBER, multiplicity=Bounded[lower=1, upper=1]]]; [TypedParameter[name=left, type=NUMBER, multiplicity=Bounded[lower=1, upper=1]], TypedParameter[name=right, type=NUMBER, multiplicity=Bounded[lower=0, upper=1]]]; [TypedParameter[name=left, type=NUMBER, multiplicity=Bounded[lower=1, upper=1]], TypedParameter[name=right, type=NUMBER, multiplicity=Bounded[lower=1, upper=1]]]; [TypedParameter[name=left, type=STRING, multiplicity=Bounded[lower=0, upper=1]], TypedParameter[name=right, type=STRING, multiplicity=Bounded[lower=0, upper=1]]]; [TypedParameter[name=left, type=STRING, multiplicity=Bounded[lower=0, upper=1]], TypedParameter[name=right, type=STRING, multiplicity=Bounded[lower=1, upper=1]]]; [TypedParameter[name=left, type=STRING, multiplicity=Bounded[lower=1, upper=1]], TypedParameter[name=right, type=STRING, multiplicity=Bounded[lower=0, upper=1]]]; [TypedParameter[name=left, type=STRING, multiplicity=Bounded[lower=1, upper=1]], TypedParameter[name=right, type=STRING, multiplicity=Bounded[lower=1, upper=1]]]; [TypedParameter[name=left, type=BOOLEAN, multiplicity=Bounded[lower=0, upper=1]], TypedParameter[name=right, type=BOOLEAN, multiplicity=Bounded[lower=0, upper=1]]]	G-REJECT
cx.le.Bool.Int	cross	|true <= 1						G-ERR:TypeInferenceException: no overload of 'meta::pure::functions::boolean::lessThanEqual' structurally matches the argument types (ExprType[type=BOOLEAN, multiplicity=Bounded[lower=1, upper=1]], ExprType[type=INTEGER, multiplicity=Bounded[lower=1, upper=1]]); [TypedParameter[name=left, type=DATE, multiplicity=Bounded[lower=0, upper=1]], TypedParameter[name=right, type=DATE, multiplicity=Bounded[lower=0, upper=1]]]; [TypedParameter[name=left, type=DATE, multiplicity=Bounded[lower=0, upper=1]], TypedParameter[name=right, type=DATE, multiplicity=Bounded[lower=1, upper=1]]]; [TypedParameter[name=left, type=DATE, multiplicity=Bounded[lower=1, upper=1]], TypedParameter[name=right, type=DATE, multiplicity=Bounded[lower=0, upper=1]]]; [TypedParameter[name=left, type=DATE, multiplicity=Bounded[lower=1, upper=1]], TypedParameter[name=right, type=DATE, multiplicity=Bounded[lower=1, upper=1]]]; [TypedParameter[name=left, type=NUMBER, multiplicity=Bounded[lower=0, upper=1]], TypedParameter[name=right, type=NUMBER, multiplicity=Bounded[lower=0, upper=1]]]; [TypedParameter[name=left, type=NUMBER, multiplicity=Bounded[lower=0, upper=1]], TypedParameter[name=right, type=NUMBER, multiplicity=Bounded[lower=1, upper=1]]]; [TypedParameter[name=left, type=NUMBER, multiplicity=Bounded[lower=1, upper=1]], TypedParameter[name=right, type=NUMBER, multiplicity=Bounded[lower=0, upper=1]]]; [TypedParameter[name=left, type=NUMBER, multiplicity=Bounded[lower=1, upper=1]], TypedParameter[name=right, type=NUMBER, multiplicity=Bounded[lower=1, upper=1]]]; [TypedParameter[name=left, type=STRING, multiplicity=Bounded[lower=0, upper=1]], TypedParameter[name=right, type=STRING, multiplicity=Bounded[lower=0, upper=1]]]; [TypedParameter[name=left, type=STRING, multiplicity=Bounded[lower=0, upper=1]], TypedParameter[name=right, type=STRING, multiplicity=Bounded[lower=1, upper=1]]]; [TypedParameter[name=left, type=STRING, multiplicity=Bounded[lower=1, upper=1]], TypedParameter[name=right, type=STRING, multiplicity=Bounded[lower=0, upper=1]]]; [TypedParameter[name=left, type=STRING, multiplicity=Bounded[lower=1, upper=1]], TypedParameter[name=right, type=STRING, multiplicity=Bounded[lower=1, upper=1]]]; [TypedParameter[name=left, type=BOOLEAN, multiplicity=Bounded[lower=0, upper=1]], TypedParameter[name=right, type=BOOLEAN, multiplicity=Bounded[lower=0, upper=1]]]	G-REJECT
cx.ge.Bool.Int	cross	|true >= 1						G-ERR:TypeInferenceException: no overload of 'meta::pure::functions::boolean::greaterThanEqual' structurally matches the argument types (ExprType[type=BOOLEAN, multiplicity=Bounded[lower=1, upper=1]], ExprType[type=INTEGER, multiplicity=Bounded[lower=1, upper=1]]); [TypedParameter[name=left, type=DATE, multiplicity=Bounded[lower=0, upper=1]], TypedParameter[name=right, type=DATE, multiplicity=Bounded[lower=0, upper=1]]]; [TypedParameter[name=left, type=DATE, multiplicity=Bounded[lower=0, upper=1]], TypedParameter[name=right, type=DATE, multiplicity=Bounded[lower=1, upper=1]]]; [TypedParameter[name=left, type=DATE, multiplicity=Bounded[lower=1, upper=1]], TypedParameter[name=right, type=DATE, multiplicity=Bounded[lower=0, upper=1]]]; [TypedParameter[name=left, type=DATE, multiplicity=Bounded[lower=1, upper=1]], TypedParameter[name=right, type=DATE, multiplicity=Bounded[lower=1, upper=1]]]; [TypedParameter[name=left, type=NUMBER, multiplicity=Bounded[lower=0, upper=1]], TypedParameter[name=right, type=NUMBER, multiplicity=Bounded[lower=0, upper=1]]]; [TypedParameter[name=left, type=NUMBER, multiplicity=Bounded[lower=0, upper=1]], TypedParameter[name=right, type=NUMBER, multiplicity=Bounded[lower=1, upper=1]]]; [TypedParameter[name=left, type=NUMBER, multiplicity=Bounded[lower=1, upper=1]], TypedParameter[name=right, type=NUMBER, multiplicity=Bounded[lower=0, upper=1]]]; [TypedParameter[name=left, type=NUMBER, multiplicity=Bounded[lower=1, upper=1]], TypedParameter[name=right, type=NUMBER, multiplicity=Bounded[lower=1, upper=1]]]; [TypedParameter[name=left, type=STRING, multiplicity=Bounded[lower=0, upper=1]], TypedParameter[name=right, type=STRING, multiplicity=Bounded[lower=0, upper=1]]]; [TypedParameter[name=left, type=STRING, multiplicity=Bounded[lower=0, upper=1]], TypedParameter[name=right, type=STRING, multiplicity=Bounded[lower=1, upper=1]]]; [TypedParameter[name=left, type=STRING, multiplicity=Bounded[lower=1, upper=1]], TypedParameter[name=right, type=STRING, multiplicity=Bounded[lower=0, upper=1]]]; [TypedParameter[name=left, type=STRING, multiplicity=Bounded[lower=1, upper=1]], TypedParameter[name=right, type=STRING, multiplicity=Bounded[lower=1, upper=1]]]; [TypedParameter[name=left, type=BOOLEAN, multiplicity=Bounded[lower=0, upper=1]], TypedParameter[name=right, type=BOOLEAN, multiplicity=Bounded[lower=0, upper=1]]]	G-REJECT
cx.eq.Bool.Float	cross	|true == 1.0	Boolean	[1]	SELECT TRUE = CAST(1.0 AS DOUBLE) AS value	Boolean	true	OK	OK
cx.ne.Bool.Float	cross	|true != 1.0	Boolean	[1]	SELECT TRUE <> CAST(1.0 AS DOUBLE) AS value	Boolean	false	OK	OK
cx.lt.Bool.Float	cross	|true < 1.0						G-ERR:TypeInferenceException: no overload of 'meta::pure::functions::boolean::lessThan' structurally matches the argument types (ExprType[type=BOOLEAN, multiplicity=Bounded[lower=1, upper=1]], ExprType[type=FLOAT, multiplicity=Bounded[lower=1, upper=1]]); [TypedParameter[name=left, type=DATE, multiplicity=Bounded[lower=0, upper=1]], TypedParameter[name=right, type=DATE, multiplicity=Bounded[lower=0, upper=1]]]; [TypedParameter[name=left, type=BOOLEAN, multiplicity=Bounded[lower=0, upper=1]], TypedParameter[name=right, type=BOOLEAN, multiplicity=Bounded[lower=0, upper=1]]]; [TypedParameter[name=left, type=DATE, multiplicity=Bounded[lower=0, upper=1]], TypedParameter[name=right, type=DATE, multiplicity=Bounded[lower=1, upper=1]]]; [TypedParameter[name=left, type=DATE, multiplicity=Bounded[lower=1, upper=1]], TypedParameter[name=right, type=DATE, multiplicity=Bounded[lower=0, upper=1]]]; [TypedParameter[name=left, type=DATE, multiplicity=Bounded[lower=1, upper=1]], TypedParameter[name=right, type=DATE, multiplicity=Bounded[lower=1, upper=1]]]; [TypedParameter[name=left, type=NUMBER, multiplicity=Bounded[lower=0, upper=1]], TypedParameter[name=right, type=NUMBER, multiplicity=Bounded[lower=0, upper=1]]]; [TypedParameter[name=left, type=NUMBER, multiplicity=Bounded[lower=0, upper=1]], TypedParameter[name=right, type=NUMBER, multiplicity=Bounded[lower=1, upper=1]]]; [TypedParameter[name=left, type=NUMBER, multiplicity=Bounded[lower=1, upper=1]], TypedParameter[name=right, type=NUMBER, multiplicity=Bounded[lower=0, upper=1]]]; [TypedParameter[name=left, type=NUMBER, multiplicity=Bounded[lower=1, upper=1]], TypedParameter[name=right, type=NUMBER, multiplicity=Bounded[lower=1, upper=1]]]; [TypedParameter[name=left, type=STRING, multiplicity=Bounded[lower=0, upper=1]], TypedParameter[name=right, type=STRING, multiplicity=Bounded[lower=0, upper=1]]]; [TypedParameter[name=left, type=STRING, multiplicity=Bounded[lower=0, upper=1]], TypedParameter[name=right, type=STRING, multiplicity=Bounded[lower=1, upper=1]]]; [TypedParameter[name=left, type=STRING, multiplicity=Bounded[lower=1, upper=1]], TypedParameter[name=right, type=STRING, multiplicity=Bounded[lower=0, upper=1]]]; [TypedParameter[name=left, type=STRING, multiplicity=Bounded[lower=1, upper=1]], TypedParameter[name=right, type=STRING, multiplicity=Bounded[lower=1, upper=1]]]	G-REJECT
cx.gt.Bool.Float	cross	|true > 1.0						G-ERR:TypeInferenceException: no overload of 'meta::pure::functions::boolean::greaterThan' structurally matches the argument types (ExprType[type=BOOLEAN, multiplicity=Bounded[lower=1, upper=1]], ExprType[type=FLOAT, multiplicity=Bounded[lower=1, upper=1]]); [TypedParameter[name=left, type=DATE, multiplicity=Bounded[lower=0, upper=1]], TypedParameter[name=right, type=DATE, multiplicity=Bounded[lower=0, upper=1]]]; [TypedParameter[name=left, type=DATE, multiplicity=Bounded[lower=0, upper=1]], TypedParameter[name=right, type=DATE, multiplicity=Bounded[lower=1, upper=1]]]; [TypedParameter[name=left, type=DATE, multiplicity=Bounded[lower=1, upper=1]], TypedParameter[name=right, type=DATE, multiplicity=Bounded[lower=0, upper=1]]]; [TypedParameter[name=left, type=DATE, multiplicity=Bounded[lower=1, upper=1]], TypedParameter[name=right, type=DATE, multiplicity=Bounded[lower=1, upper=1]]]; [TypedParameter[name=left, type=NUMBER, multiplicity=Bounded[lower=0, upper=1]], TypedParameter[name=right, type=NUMBER, multiplicity=Bounded[lower=0, upper=1]]]; [TypedParameter[name=left, type=NUMBER, multiplicity=Bounded[lower=0, upper=1]], TypedParameter[name=right, type=NUMBER, multiplicity=Bounded[lower=1, upper=1]]]; [TypedParameter[name=left, type=NUMBER, multiplicity=Bounded[lower=1, upper=1]], TypedParameter[name=right, type=NUMBER, multiplicity=Bounded[lower=0, upper=1]]]; [TypedParameter[name=left, type=NUMBER, multiplicity=Bounded[lower=1, upper=1]], TypedParameter[name=right, type=NUMBER, multiplicity=Bounded[lower=1, upper=1]]]; [TypedParameter[name=left, type=STRING, multiplicity=Bounded[lower=0, upper=1]], TypedParameter[name=right, type=STRING, multiplicity=Bounded[lower=0, upper=1]]]; [TypedParameter[name=left, type=STRING, multiplicity=Bounded[lower=0, upper=1]], TypedParameter[name=right, type=STRING, multiplicity=Bounded[lower=1, upper=1]]]; [TypedParameter[name=left, type=STRING, multiplicity=Bounded[lower=1, upper=1]], TypedParameter[name=right, type=STRING, multiplicity=Bounded[lower=0, upper=1]]]; [TypedParameter[name=left, type=STRING, multiplicity=Bounded[lower=1, upper=1]], TypedParameter[name=right, type=STRING, multiplicity=Bounded[lower=1, upper=1]]]; [TypedParameter[name=left, type=BOOLEAN, multiplicity=Bounded[lower=0, upper=1]], TypedParameter[name=right, type=BOOLEAN, multiplicity=Bounded[lower=0, upper=1]]]	G-REJECT
cx.le.Bool.Float	cross	|true <= 1.0						G-ERR:TypeInferenceException: no overload of 'meta::pure::functions::boolean::lessThanEqual' structurally matches the argument types (ExprType[type=BOOLEAN, multiplicity=Bounded[lower=1, upper=1]], ExprType[type=FLOAT, multiplicity=Bounded[lower=1, upper=1]]); [TypedParameter[name=left, type=DATE, multiplicity=Bounded[lower=0, upper=1]], TypedParameter[name=right, type=DATE, multiplicity=Bounded[lower=0, upper=1]]]; [TypedParameter[name=left, type=DATE, multiplicity=Bounded[lower=0, upper=1]], TypedParameter[name=right, type=DATE, multiplicity=Bounded[lower=1, upper=1]]]; [TypedParameter[name=left, type=DATE, multiplicity=Bounded[lower=1, upper=1]], TypedParameter[name=right, type=DATE, multiplicity=Bounded[lower=0, upper=1]]]; [TypedParameter[name=left, type=DATE, multiplicity=Bounded[lower=1, upper=1]], TypedParameter[name=right, type=DATE, multiplicity=Bounded[lower=1, upper=1]]]; [TypedParameter[name=left, type=NUMBER, multiplicity=Bounded[lower=0, upper=1]], TypedParameter[name=right, type=NUMBER, multiplicity=Bounded[lower=0, upper=1]]]; [TypedParameter[name=left, type=NUMBER, multiplicity=Bounded[lower=0, upper=1]], TypedParameter[name=right, type=NUMBER, multiplicity=Bounded[lower=1, upper=1]]]; [TypedParameter[name=left, type=NUMBER, multiplicity=Bounded[lower=1, upper=1]], TypedParameter[name=right, type=NUMBER, multiplicity=Bounded[lower=0, upper=1]]]; [TypedParameter[name=left, type=NUMBER, multiplicity=Bounded[lower=1, upper=1]], TypedParameter[name=right, type=NUMBER, multiplicity=Bounded[lower=1, upper=1]]]; [TypedParameter[name=left, type=STRING, multiplicity=Bounded[lower=0, upper=1]], TypedParameter[name=right, type=STRING, multiplicity=Bounded[lower=0, upper=1]]]; [TypedParameter[name=left, type=STRING, multiplicity=Bounded[lower=0, upper=1]], TypedParameter[name=right, type=STRING, multiplicity=Bounded[lower=1, upper=1]]]; [TypedParameter[name=left, type=STRING, multiplicity=Bounded[lower=1, upper=1]], TypedParameter[name=right, type=STRING, multiplicity=Bounded[lower=0, upper=1]]]; [TypedParameter[name=left, type=STRING, multiplicity=Bounded[lower=1, upper=1]], TypedParameter[name=right, type=STRING, multiplicity=Bounded[lower=1, upper=1]]]; [TypedParameter[name=left, type=BOOLEAN, multiplicity=Bounded[lower=0, upper=1]], TypedParameter[name=right, type=BOOLEAN, multiplicity=Bounded[lower=0, upper=1]]]	G-REJECT
cx.ge.Bool.Float	cross	|true >= 1.0						G-ERR:TypeInferenceException: no overload of 'meta::pure::functions::boolean::greaterThanEqual' structurally matches the argument types (ExprType[type=BOOLEAN, multiplicity=Bounded[lower=1, upper=1]], ExprType[type=FLOAT, multiplicity=Bounded[lower=1, upper=1]]); [TypedParameter[name=left, type=DATE, multiplicity=Bounded[lower=0, upper=1]], TypedParameter[name=right, type=DATE, multiplicity=Bounded[lower=0, upper=1]]]; [TypedParameter[name=left, type=DATE, multiplicity=Bounded[lower=0, upper=1]], TypedParameter[name=right, type=DATE, multiplicity=Bounded[lower=1, upper=1]]]; [TypedParameter[name=left, type=DATE, multiplicity=Bounded[lower=1, upper=1]], TypedParameter[name=right, type=DATE, multiplicity=Bounded[lower=0, upper=1]]]; [TypedParameter[name=left, type=DATE, multiplicity=Bounded[lower=1, upper=1]], TypedParameter[name=right, type=DATE, multiplicity=Bounded[lower=1, upper=1]]]; [TypedParameter[name=left, type=NUMBER, multiplicity=Bounded[lower=0, upper=1]], TypedParameter[name=right, type=NUMBER, multiplicity=Bounded[lower=0, upper=1]]]; [TypedParameter[name=left, type=NUMBER, multiplicity=Bounded[lower=0, upper=1]], TypedParameter[name=right, type=NUMBER, multiplicity=Bounded[lower=1, upper=1]]]; [TypedParameter[name=left, type=NUMBER, multiplicity=Bounded[lower=1, upper=1]], TypedParameter[name=right, type=NUMBER, multiplicity=Bounded[lower=0, upper=1]]]; [TypedParameter[name=left, type=NUMBER, multiplicity=Bounded[lower=1, upper=1]], TypedParameter[name=right, type=NUMBER, multiplicity=Bounded[lower=1, upper=1]]]; [TypedParameter[name=left, type=STRING, multiplicity=Bounded[lower=0, upper=1]], TypedParameter[name=right, type=STRING, multiplicity=Bounded[lower=0, upper=1]]]; [TypedParameter[name=left, type=STRING, multiplicity=Bounded[lower=0, upper=1]], TypedParameter[name=right, type=STRING, multiplicity=Bounded[lower=1, upper=1]]]; [TypedParameter[name=left, type=STRING, multiplicity=Bounded[lower=1, upper=1]], TypedParameter[name=right, type=STRING, multiplicity=Bounded[lower=0, upper=1]]]; [TypedParameter[name=left, type=STRING, multiplicity=Bounded[lower=1, upper=1]], TypedParameter[name=right, type=STRING, multiplicity=Bounded[lower=1, upper=1]]]; [TypedParameter[name=left, type=BOOLEAN, multiplicity=Bounded[lower=0, upper=1]], TypedParameter[name=right, type=BOOLEAN, multiplicity=Bounded[lower=0, upper=1]]]	G-REJECT
cx.eq.Bool.Dec	cross	|true == 1.0d	Boolean	[1]	SELECT TRUE = 1.0 AS value	Boolean	true	OK	OK
cx.ne.Bool.Dec	cross	|true != 1.0d	Boolean	[1]	SELECT TRUE <> 1.0 AS value	Boolean	false	OK	OK
cx.lt.Bool.Dec	cross	|true < 1.0d						G-ERR:TypeInferenceException: no overload of 'meta::pure::functions::boolean::lessThan' structurally matches the argument types (ExprType[type=BOOLEAN, multiplicity=Bounded[lower=1, upper=1]], ExprType[type=PrecisionDecimal[precision=38, scale=1], multiplicity=Bounded[lower=1, upper=1]]); [TypedParameter[name=left, type=DATE, multiplicity=Bounded[lower=0, upper=1]], TypedParameter[name=right, type=DATE, multiplicity=Bounded[lower=0, upper=1]]]; [TypedParameter[name=left, type=BOOLEAN, multiplicity=Bounded[lower=0, upper=1]], TypedParameter[name=right, type=BOOLEAN, multiplicity=Bounded[lower=0, upper=1]]]; [TypedParameter[name=left, type=DATE, multiplicity=Bounded[lower=0, upper=1]], TypedParameter[name=right, type=DATE, multiplicity=Bounded[lower=1, upper=1]]]; [TypedParameter[name=left, type=DATE, multiplicity=Bounded[lower=1, upper=1]], TypedParameter[name=right, type=DATE, multiplicity=Bounded[lower=0, upper=1]]]; [TypedParameter[name=left, type=DATE, multiplicity=Bounded[lower=1, upper=1]], TypedParameter[name=right, type=DATE, multiplicity=Bounded[lower=1, upper=1]]]; [TypedParameter[name=left, type=NUMBER, multiplicity=Bounded[lower=0, upper=1]], TypedParameter[name=right, type=NUMBER, multiplicity=Bounded[lower=0, upper=1]]]; [TypedParameter[name=left, type=NUMBER, multiplicity=Bounded[lower=0, upper=1]], TypedParameter[name=right, type=NUMBER, multiplicity=Bounded[lower=1, upper=1]]]; [TypedParameter[name=left, type=NUMBER, multiplicity=Bounded[lower=1, upper=1]], TypedParameter[name=right, type=NUMBER, multiplicity=Bounded[lower=0, upper=1]]]; [TypedParameter[name=left, type=NUMBER, multiplicity=Bounded[lower=1, upper=1]], TypedParameter[name=right, type=NUMBER, multiplicity=Bounded[lower=1, upper=1]]]; [TypedParameter[name=left, type=STRING, multiplicity=Bounded[lower=0, upper=1]], TypedParameter[name=right, type=STRING, multiplicity=Bounded[lower=0, upper=1]]]; [TypedParameter[name=left, type=STRING, multiplicity=Bounded[lower=0, upper=1]], TypedParameter[name=right, type=STRING, multiplicity=Bounded[lower=1, upper=1]]]; [TypedParameter[name=left, type=STRING, multiplicity=Bounded[lower=1, upper=1]], TypedParameter[name=right, type=STRING, multiplicity=Bounded[lower=0, upper=1]]]; [TypedParameter[name=left, type=STRING, multiplicity=Bounded[lower=1, upper=1]], TypedParameter[name=right, type=STRING, multiplicity=Bounded[lower=1, upper=1]]]	G-REJECT
cx.gt.Bool.Dec	cross	|true > 1.0d						G-ERR:TypeInferenceException: no overload of 'meta::pure::functions::boolean::greaterThan' structurally matches the argument types (ExprType[type=BOOLEAN, multiplicity=Bounded[lower=1, upper=1]], ExprType[type=PrecisionDecimal[precision=38, scale=1], multiplicity=Bounded[lower=1, upper=1]]); [TypedParameter[name=left, type=DATE, multiplicity=Bounded[lower=0, upper=1]], TypedParameter[name=right, type=DATE, multiplicity=Bounded[lower=0, upper=1]]]; [TypedParameter[name=left, type=DATE, multiplicity=Bounded[lower=0, upper=1]], TypedParameter[name=right, type=DATE, multiplicity=Bounded[lower=1, upper=1]]]; [TypedParameter[name=left, type=DATE, multiplicity=Bounded[lower=1, upper=1]], TypedParameter[name=right, type=DATE, multiplicity=Bounded[lower=0, upper=1]]]; [TypedParameter[name=left, type=DATE, multiplicity=Bounded[lower=1, upper=1]], TypedParameter[name=right, type=DATE, multiplicity=Bounded[lower=1, upper=1]]]; [TypedParameter[name=left, type=NUMBER, multiplicity=Bounded[lower=0, upper=1]], TypedParameter[name=right, type=NUMBER, multiplicity=Bounded[lower=0, upper=1]]]; [TypedParameter[name=left, type=NUMBER, multiplicity=Bounded[lower=0, upper=1]], TypedParameter[name=right, type=NUMBER, multiplicity=Bounded[lower=1, upper=1]]]; [TypedParameter[name=left, type=NUMBER, multiplicity=Bounded[lower=1, upper=1]], TypedParameter[name=right, type=NUMBER, multiplicity=Bounded[lower=0, upper=1]]]; [TypedParameter[name=left, type=NUMBER, multiplicity=Bounded[lower=1, upper=1]], TypedParameter[name=right, type=NUMBER, multiplicity=Bounded[lower=1, upper=1]]]; [TypedParameter[name=left, type=STRING, multiplicity=Bounded[lower=0, upper=1]], TypedParameter[name=right, type=STRING, multiplicity=Bounded[lower=0, upper=1]]]; [TypedParameter[name=left, type=STRING, multiplicity=Bounded[lower=0, upper=1]], TypedParameter[name=right, type=STRING, multiplicity=Bounded[lower=1, upper=1]]]; [TypedParameter[name=left, type=STRING, multiplicity=Bounded[lower=1, upper=1]], TypedParameter[name=right, type=STRING, multiplicity=Bounded[lower=0, upper=1]]]; [TypedParameter[name=left, type=STRING, multiplicity=Bounded[lower=1, upper=1]], TypedParameter[name=right, type=STRING, multiplicity=Bounded[lower=1, upper=1]]]; [TypedParameter[name=left, type=BOOLEAN, multiplicity=Bounded[lower=0, upper=1]], TypedParameter[name=right, type=BOOLEAN, multiplicity=Bounded[lower=0, upper=1]]]	G-REJECT
cx.le.Bool.Dec	cross	|true <= 1.0d						G-ERR:TypeInferenceException: no overload of 'meta::pure::functions::boolean::lessThanEqual' structurally matches the argument types (ExprType[type=BOOLEAN, multiplicity=Bounded[lower=1, upper=1]], ExprType[type=PrecisionDecimal[precision=38, scale=1], multiplicity=Bounded[lower=1, upper=1]]); [TypedParameter[name=left, type=DATE, multiplicity=Bounded[lower=0, upper=1]], TypedParameter[name=right, type=DATE, multiplicity=Bounded[lower=0, upper=1]]]; [TypedParameter[name=left, type=DATE, multiplicity=Bounded[lower=0, upper=1]], TypedParameter[name=right, type=DATE, multiplicity=Bounded[lower=1, upper=1]]]; [TypedParameter[name=left, type=DATE, multiplicity=Bounded[lower=1, upper=1]], TypedParameter[name=right, type=DATE, multiplicity=Bounded[lower=0, upper=1]]]; [TypedParameter[name=left, type=DATE, multiplicity=Bounded[lower=1, upper=1]], TypedParameter[name=right, type=DATE, multiplicity=Bounded[lower=1, upper=1]]]; [TypedParameter[name=left, type=NUMBER, multiplicity=Bounded[lower=0, upper=1]], TypedParameter[name=right, type=NUMBER, multiplicity=Bounded[lower=0, upper=1]]]; [TypedParameter[name=left, type=NUMBER, multiplicity=Bounded[lower=0, upper=1]], TypedParameter[name=right, type=NUMBER, multiplicity=Bounded[lower=1, upper=1]]]; [TypedParameter[name=left, type=NUMBER, multiplicity=Bounded[lower=1, upper=1]], TypedParameter[name=right, type=NUMBER, multiplicity=Bounded[lower=0, upper=1]]]; [TypedParameter[name=left, type=NUMBER, multiplicity=Bounded[lower=1, upper=1]], TypedParameter[name=right, type=NUMBER, multiplicity=Bounded[lower=1, upper=1]]]; [TypedParameter[name=left, type=STRING, multiplicity=Bounded[lower=0, upper=1]], TypedParameter[name=right, type=STRING, multiplicity=Bounded[lower=0, upper=1]]]; [TypedParameter[name=left, type=STRING, multiplicity=Bounded[lower=0, upper=1]], TypedParameter[name=right, type=STRING, multiplicity=Bounded[lower=1, upper=1]]]; [TypedParameter[name=left, type=STRING, multiplicity=Bounded[lower=1, upper=1]], TypedParameter[name=right, type=STRING, multiplicity=Bounded[lower=0, upper=1]]]; [TypedParameter[name=left, type=STRING, multiplicity=Bounded[lower=1, upper=1]], TypedParameter[name=right, type=STRING, multiplicity=Bounded[lower=1, upper=1]]]; [TypedParameter[name=left, type=BOOLEAN, multiplicity=Bounded[lower=0, upper=1]], TypedParameter[name=right, type=BOOLEAN, multiplicity=Bounded[lower=0, upper=1]]]	G-REJECT
cx.ge.Bool.Dec	cross	|true >= 1.0d						G-ERR:TypeInferenceException: no overload of 'meta::pure::functions::boolean::greaterThanEqual' structurally matches the argument types (ExprType[type=BOOLEAN, multiplicity=Bounded[lower=1, upper=1]], ExprType[type=PrecisionDecimal[precision=38, scale=1], multiplicity=Bounded[lower=1, upper=1]]); [TypedParameter[name=left, type=DATE, multiplicity=Bounded[lower=0, upper=1]], TypedParameter[name=right, type=DATE, multiplicity=Bounded[lower=0, upper=1]]]; [TypedParameter[name=left, type=DATE, multiplicity=Bounded[lower=0, upper=1]], TypedParameter[name=right, type=DATE, multiplicity=Bounded[lower=1, upper=1]]]; [TypedParameter[name=left, type=DATE, multiplicity=Bounded[lower=1, upper=1]], TypedParameter[name=right, type=DATE, multiplicity=Bounded[lower=0, upper=1]]]; [TypedParameter[name=left, type=DATE, multiplicity=Bounded[lower=1, upper=1]], TypedParameter[name=right, type=DATE, multiplicity=Bounded[lower=1, upper=1]]]; [TypedParameter[name=left, type=NUMBER, multiplicity=Bounded[lower=0, upper=1]], TypedParameter[name=right, type=NUMBER, multiplicity=Bounded[lower=0, upper=1]]]; [TypedParameter[name=left, type=NUMBER, multiplicity=Bounded[lower=0, upper=1]], TypedParameter[name=right, type=NUMBER, multiplicity=Bounded[lower=1, upper=1]]]; [TypedParameter[name=left, type=NUMBER, multiplicity=Bounded[lower=1, upper=1]], TypedParameter[name=right, type=NUMBER, multiplicity=Bounded[lower=0, upper=1]]]; [TypedParameter[name=left, type=NUMBER, multiplicity=Bounded[lower=1, upper=1]], TypedParameter[name=right, type=NUMBER, multiplicity=Bounded[lower=1, upper=1]]]; [TypedParameter[name=left, type=STRING, multiplicity=Bounded[lower=0, upper=1]], TypedParameter[name=right, type=STRING, multiplicity=Bounded[lower=0, upper=1]]]; [TypedParameter[name=left, type=STRING, multiplicity=Bounded[lower=0, upper=1]], TypedParameter[name=right, type=STRING, multiplicity=Bounded[lower=1, upper=1]]]; [TypedParameter[name=left, type=STRING, multiplicity=Bounded[lower=1, upper=1]], TypedParameter[name=right, type=STRING, multiplicity=Bounded[lower=0, upper=1]]]; [TypedParameter[name=left, type=STRING, multiplicity=Bounded[lower=1, upper=1]], TypedParameter[name=right, type=STRING, multiplicity=Bounded[lower=1, upper=1]]]; [TypedParameter[name=left, type=BOOLEAN, multiplicity=Bounded[lower=0, upper=1]], TypedParameter[name=right, type=BOOLEAN, multiplicity=Bounded[lower=0, upper=1]]]	G-REJECT
cx.eq.Bool.Str	cross	|true == '1'	Boolean	[1]	SELECT TRUE = '1' AS value	Boolean	true	OK	OK
cx.ne.Bool.Str	cross	|true != '1'	Boolean	[1]	SELECT TRUE <> '1' AS value	Boolean	false	OK	OK
cx.lt.Bool.Str	cross	|true < '1'						G-ERR:TypeInferenceException: no overload of 'meta::pure::functions::boolean::lessThan' structurally matches the argument types (ExprType[type=BOOLEAN, multiplicity=Bounded[lower=1, upper=1]], ExprType[type=STRING, multiplicity=Bounded[lower=1, upper=1]]); [TypedParameter[name=left, type=DATE, multiplicity=Bounded[lower=0, upper=1]], TypedParameter[name=right, type=DATE, multiplicity=Bounded[lower=0, upper=1]]]; [TypedParameter[name=left, type=BOOLEAN, multiplicity=Bounded[lower=0, upper=1]], TypedParameter[name=right, type=BOOLEAN, multiplicity=Bounded[lower=0, upper=1]]]; [TypedParameter[name=left, type=DATE, multiplicity=Bounded[lower=0, upper=1]], TypedParameter[name=right, type=DATE, multiplicity=Bounded[lower=1, upper=1]]]; [TypedParameter[name=left, type=DATE, multiplicity=Bounded[lower=1, upper=1]], TypedParameter[name=right, type=DATE, multiplicity=Bounded[lower=0, upper=1]]]; [TypedParameter[name=left, type=DATE, multiplicity=Bounded[lower=1, upper=1]], TypedParameter[name=right, type=DATE, multiplicity=Bounded[lower=1, upper=1]]]; [TypedParameter[name=left, type=NUMBER, multiplicity=Bounded[lower=0, upper=1]], TypedParameter[name=right, type=NUMBER, multiplicity=Bounded[lower=0, upper=1]]]; [TypedParameter[name=left, type=NUMBER, multiplicity=Bounded[lower=0, upper=1]], TypedParameter[name=right, type=NUMBER, multiplicity=Bounded[lower=1, upper=1]]]; [TypedParameter[name=left, type=NUMBER, multiplicity=Bounded[lower=1, upper=1]], TypedParameter[name=right, type=NUMBER, multiplicity=Bounded[lower=0, upper=1]]]; [TypedParameter[name=left, type=NUMBER, multiplicity=Bounded[lower=1, upper=1]], TypedParameter[name=right, type=NUMBER, multiplicity=Bounded[lower=1, upper=1]]]; [TypedParameter[name=left, type=STRING, multiplicity=Bounded[lower=0, upper=1]], TypedParameter[name=right, type=STRING, multiplicity=Bounded[lower=0, upper=1]]]; [TypedParameter[name=left, type=STRING, multiplicity=Bounded[lower=0, upper=1]], TypedParameter[name=right, type=STRING, multiplicity=Bounded[lower=1, upper=1]]]; [TypedParameter[name=left, type=STRING, multiplicity=Bounded[lower=1, upper=1]], TypedParameter[name=right, type=STRING, multiplicity=Bounded[lower=0, upper=1]]]; [TypedParameter[name=left, type=STRING, multiplicity=Bounded[lower=1, upper=1]], TypedParameter[name=right, type=STRING, multiplicity=Bounded[lower=1, upper=1]]]	G-REJECT
cx.gt.Bool.Str	cross	|true > '1'						G-ERR:TypeInferenceException: no overload of 'meta::pure::functions::boolean::greaterThan' structurally matches the argument types (ExprType[type=BOOLEAN, multiplicity=Bounded[lower=1, upper=1]], ExprType[type=STRING, multiplicity=Bounded[lower=1, upper=1]]); [TypedParameter[name=left, type=DATE, multiplicity=Bounded[lower=0, upper=1]], TypedParameter[name=right, type=DATE, multiplicity=Bounded[lower=0, upper=1]]]; [TypedParameter[name=left, type=DATE, multiplicity=Bounded[lower=0, upper=1]], TypedParameter[name=right, type=DATE, multiplicity=Bounded[lower=1, upper=1]]]; [TypedParameter[name=left, type=DATE, multiplicity=Bounded[lower=1, upper=1]], TypedParameter[name=right, type=DATE, multiplicity=Bounded[lower=0, upper=1]]]; [TypedParameter[name=left, type=DATE, multiplicity=Bounded[lower=1, upper=1]], TypedParameter[name=right, type=DATE, multiplicity=Bounded[lower=1, upper=1]]]; [TypedParameter[name=left, type=NUMBER, multiplicity=Bounded[lower=0, upper=1]], TypedParameter[name=right, type=NUMBER, multiplicity=Bounded[lower=0, upper=1]]]; [TypedParameter[name=left, type=NUMBER, multiplicity=Bounded[lower=0, upper=1]], TypedParameter[name=right, type=NUMBER, multiplicity=Bounded[lower=1, upper=1]]]; [TypedParameter[name=left, type=NUMBER, multiplicity=Bounded[lower=1, upper=1]], TypedParameter[name=right, type=NUMBER, multiplicity=Bounded[lower=0, upper=1]]]; [TypedParameter[name=left, type=NUMBER, multiplicity=Bounded[lower=1, upper=1]], TypedParameter[name=right, type=NUMBER, multiplicity=Bounded[lower=1, upper=1]]]; [TypedParameter[name=left, type=STRING, multiplicity=Bounded[lower=0, upper=1]], TypedParameter[name=right, type=STRING, multiplicity=Bounded[lower=0, upper=1]]]; [TypedParameter[name=left, type=STRING, multiplicity=Bounded[lower=0, upper=1]], TypedParameter[name=right, type=STRING, multiplicity=Bounded[lower=1, upper=1]]]; [TypedParameter[name=left, type=STRING, multiplicity=Bounded[lower=1, upper=1]], TypedParameter[name=right, type=STRING, multiplicity=Bounded[lower=0, upper=1]]]; [TypedParameter[name=left, type=STRING, multiplicity=Bounded[lower=1, upper=1]], TypedParameter[name=right, type=STRING, multiplicity=Bounded[lower=1, upper=1]]]; [TypedParameter[name=left, type=BOOLEAN, multiplicity=Bounded[lower=0, upper=1]], TypedParameter[name=right, type=BOOLEAN, multiplicity=Bounded[lower=0, upper=1]]]	G-REJECT
cx.le.Bool.Str	cross	|true <= '1'						G-ERR:TypeInferenceException: no overload of 'meta::pure::functions::boolean::lessThanEqual' structurally matches the argument types (ExprType[type=BOOLEAN, multiplicity=Bounded[lower=1, upper=1]], ExprType[type=STRING, multiplicity=Bounded[lower=1, upper=1]]); [TypedParameter[name=left, type=DATE, multiplicity=Bounded[lower=0, upper=1]], TypedParameter[name=right, type=DATE, multiplicity=Bounded[lower=0, upper=1]]]; [TypedParameter[name=left, type=DATE, multiplicity=Bounded[lower=0, upper=1]], TypedParameter[name=right, type=DATE, multiplicity=Bounded[lower=1, upper=1]]]; [TypedParameter[name=left, type=DATE, multiplicity=Bounded[lower=1, upper=1]], TypedParameter[name=right, type=DATE, multiplicity=Bounded[lower=0, upper=1]]]; [TypedParameter[name=left, type=DATE, multiplicity=Bounded[lower=1, upper=1]], TypedParameter[name=right, type=DATE, multiplicity=Bounded[lower=1, upper=1]]]; [TypedParameter[name=left, type=NUMBER, multiplicity=Bounded[lower=0, upper=1]], TypedParameter[name=right, type=NUMBER, multiplicity=Bounded[lower=0, upper=1]]]; [TypedParameter[name=left, type=NUMBER, multiplicity=Bounded[lower=0, upper=1]], TypedParameter[name=right, type=NUMBER, multiplicity=Bounded[lower=1, upper=1]]]; [TypedParameter[name=left, type=NUMBER, multiplicity=Bounded[lower=1, upper=1]], TypedParameter[name=right, type=NUMBER, multiplicity=Bounded[lower=0, upper=1]]]; [TypedParameter[name=left, type=NUMBER, multiplicity=Bounded[lower=1, upper=1]], TypedParameter[name=right, type=NUMBER, multiplicity=Bounded[lower=1, upper=1]]]; [TypedParameter[name=left, type=STRING, multiplicity=Bounded[lower=0, upper=1]], TypedParameter[name=right, type=STRING, multiplicity=Bounded[lower=0, upper=1]]]; [TypedParameter[name=left, type=STRING, multiplicity=Bounded[lower=0, upper=1]], TypedParameter[name=right, type=STRING, multiplicity=Bounded[lower=1, upper=1]]]; [TypedParameter[name=left, type=STRING, multiplicity=Bounded[lower=1, upper=1]], TypedParameter[name=right, type=STRING, multiplicity=Bounded[lower=0, upper=1]]]; [TypedParameter[name=left, type=STRING, multiplicity=Bounded[lower=1, upper=1]], TypedParameter[name=right, type=STRING, multiplicity=Bounded[lower=1, upper=1]]]; [TypedParameter[name=left, type=BOOLEAN, multiplicity=Bounded[lower=0, upper=1]], TypedParameter[name=right, type=BOOLEAN, multiplicity=Bounded[lower=0, upper=1]]]	G-REJECT
cx.ge.Bool.Str	cross	|true >= '1'						G-ERR:TypeInferenceException: no overload of 'meta::pure::functions::boolean::greaterThanEqual' structurally matches the argument types (ExprType[type=BOOLEAN, multiplicity=Bounded[lower=1, upper=1]], ExprType[type=STRING, multiplicity=Bounded[lower=1, upper=1]]); [TypedParameter[name=left, type=DATE, multiplicity=Bounded[lower=0, upper=1]], TypedParameter[name=right, type=DATE, multiplicity=Bounded[lower=0, upper=1]]]; [TypedParameter[name=left, type=DATE, multiplicity=Bounded[lower=0, upper=1]], TypedParameter[name=right, type=DATE, multiplicity=Bounded[lower=1, upper=1]]]; [TypedParameter[name=left, type=DATE, multiplicity=Bounded[lower=1, upper=1]], TypedParameter[name=right, type=DATE, multiplicity=Bounded[lower=0, upper=1]]]; [TypedParameter[name=left, type=DATE, multiplicity=Bounded[lower=1, upper=1]], TypedParameter[name=right, type=DATE, multiplicity=Bounded[lower=1, upper=1]]]; [TypedParameter[name=left, type=NUMBER, multiplicity=Bounded[lower=0, upper=1]], TypedParameter[name=right, type=NUMBER, multiplicity=Bounded[lower=0, upper=1]]]; [TypedParameter[name=left, type=NUMBER, multiplicity=Bounded[lower=0, upper=1]], TypedParameter[name=right, type=NUMBER, multiplicity=Bounded[lower=1, upper=1]]]; [TypedParameter[name=left, type=NUMBER, multiplicity=Bounded[lower=1, upper=1]], TypedParameter[name=right, type=NUMBER, multiplicity=Bounded[lower=0, upper=1]]]; [TypedParameter[name=left, type=NUMBER, multiplicity=Bounded[lower=1, upper=1]], TypedParameter[name=right, type=NUMBER, multiplicity=Bounded[lower=1, upper=1]]]; [TypedParameter[name=left, type=STRING, multiplicity=Bounded[lower=0, upper=1]], TypedParameter[name=right, type=STRING, multiplicity=Bounded[lower=0, upper=1]]]; [TypedParameter[name=left, type=STRING, multiplicity=Bounded[lower=0, upper=1]], TypedParameter[name=right, type=STRING, multiplicity=Bounded[lower=1, upper=1]]]; [TypedParameter[name=left, type=STRING, multiplicity=Bounded[lower=1, upper=1]], TypedParameter[name=right, type=STRING, multiplicity=Bounded[lower=0, upper=1]]]; [TypedParameter[name=left, type=STRING, multiplicity=Bounded[lower=1, upper=1]], TypedParameter[name=right, type=STRING, multiplicity=Bounded[lower=1, upper=1]]]; [TypedParameter[name=left, type=BOOLEAN, multiplicity=Bounded[lower=0, upper=1]], TypedParameter[name=right, type=BOOLEAN, multiplicity=Bounded[lower=0, upper=1]]]	G-REJECT
cx.eq.Bool.SDate	cross	|true == %2024-03-15	Boolean	[1]	SELECT TRUE = DATE '2024-03-15' AS value			EXEC-ERR:SQLException: Conversion Error: Unimplemented type for cast (BOOLEAN -> DATE)	DB-ERROR
cx.ne.Bool.SDate	cross	|true != %2024-03-15	Boolean	[1]	SELECT TRUE <> DATE '2024-03-15' AS value			EXEC-ERR:SQLException: Conversion Error: Unimplemented type for cast (BOOLEAN -> DATE)	DB-ERROR
cx.lt.Bool.SDate	cross	|true < %2024-03-15						G-ERR:TypeInferenceException: no overload of 'meta::pure::functions::boolean::lessThan' structurally matches the argument types (ExprType[type=BOOLEAN, multiplicity=Bounded[lower=1, upper=1]], ExprType[type=STRICT_DATE, multiplicity=Bounded[lower=1, upper=1]]); [TypedParameter[name=left, type=DATE, multiplicity=Bounded[lower=0, upper=1]], TypedParameter[name=right, type=DATE, multiplicity=Bounded[lower=0, upper=1]]]; [TypedParameter[name=left, type=BOOLEAN, multiplicity=Bounded[lower=0, upper=1]], TypedParameter[name=right, type=BOOLEAN, multiplicity=Bounded[lower=0, upper=1]]]; [TypedParameter[name=left, type=DATE, multiplicity=Bounded[lower=0, upper=1]], TypedParameter[name=right, type=DATE, multiplicity=Bounded[lower=1, upper=1]]]; [TypedParameter[name=left, type=DATE, multiplicity=Bounded[lower=1, upper=1]], TypedParameter[name=right, type=DATE, multiplicity=Bounded[lower=0, upper=1]]]; [TypedParameter[name=left, type=DATE, multiplicity=Bounded[lower=1, upper=1]], TypedParameter[name=right, type=DATE, multiplicity=Bounded[lower=1, upper=1]]]; [TypedParameter[name=left, type=NUMBER, multiplicity=Bounded[lower=0, upper=1]], TypedParameter[name=right, type=NUMBER, multiplicity=Bounded[lower=0, upper=1]]]; [TypedParameter[name=left, type=NUMBER, multiplicity=Bounded[lower=0, upper=1]], TypedParameter[name=right, type=NUMBER, multiplicity=Bounded[lower=1, upper=1]]]; [TypedParameter[name=left, type=NUMBER, multiplicity=Bounded[lower=1, upper=1]], TypedParameter[name=right, type=NUMBER, multiplicity=Bounded[lower=0, upper=1]]]; [TypedParameter[name=left, type=NUMBER, multiplicity=Bounded[lower=1, upper=1]], TypedParameter[name=right, type=NUMBER, multiplicity=Bounded[lower=1, upper=1]]]; [TypedParameter[name=left, type=STRING, multiplicity=Bounded[lower=0, upper=1]], TypedParameter[name=right, type=STRING, multiplicity=Bounded[lower=0, upper=1]]]; [TypedParameter[name=left, type=STRING, multiplicity=Bounded[lower=0, upper=1]], TypedParameter[name=right, type=STRING, multiplicity=Bounded[lower=1, upper=1]]]; [TypedParameter[name=left, type=STRING, multiplicity=Bounded[lower=1, upper=1]], TypedParameter[name=right, type=STRING, multiplicity=Bounded[lower=0, upper=1]]]; [TypedParameter[name=left, type=STRING, multiplicity=Bounded[lower=1, upper=1]], TypedParameter[name=right, type=STRING, multiplicity=Bounded[lower=1, upper=1]]]	G-REJECT
cx.gt.Bool.SDate	cross	|true > %2024-03-15						G-ERR:TypeInferenceException: no overload of 'meta::pure::functions::boolean::greaterThan' structurally matches the argument types (ExprType[type=BOOLEAN, multiplicity=Bounded[lower=1, upper=1]], ExprType[type=STRICT_DATE, multiplicity=Bounded[lower=1, upper=1]]); [TypedParameter[name=left, type=DATE, multiplicity=Bounded[lower=0, upper=1]], TypedParameter[name=right, type=DATE, multiplicity=Bounded[lower=0, upper=1]]]; [TypedParameter[name=left, type=DATE, multiplicity=Bounded[lower=0, upper=1]], TypedParameter[name=right, type=DATE, multiplicity=Bounded[lower=1, upper=1]]]; [TypedParameter[name=left, type=DATE, multiplicity=Bounded[lower=1, upper=1]], TypedParameter[name=right, type=DATE, multiplicity=Bounded[lower=0, upper=1]]]; [TypedParameter[name=left, type=DATE, multiplicity=Bounded[lower=1, upper=1]], TypedParameter[name=right, type=DATE, multiplicity=Bounded[lower=1, upper=1]]]; [TypedParameter[name=left, type=NUMBER, multiplicity=Bounded[lower=0, upper=1]], TypedParameter[name=right, type=NUMBER, multiplicity=Bounded[lower=0, upper=1]]]; [TypedParameter[name=left, type=NUMBER, multiplicity=Bounded[lower=0, upper=1]], TypedParameter[name=right, type=NUMBER, multiplicity=Bounded[lower=1, upper=1]]]; [TypedParameter[name=left, type=NUMBER, multiplicity=Bounded[lower=1, upper=1]], TypedParameter[name=right, type=NUMBER, multiplicity=Bounded[lower=0, upper=1]]]; [TypedParameter[name=left, type=NUMBER, multiplicity=Bounded[lower=1, upper=1]], TypedParameter[name=right, type=NUMBER, multiplicity=Bounded[lower=1, upper=1]]]; [TypedParameter[name=left, type=STRING, multiplicity=Bounded[lower=0, upper=1]], TypedParameter[name=right, type=STRING, multiplicity=Bounded[lower=0, upper=1]]]; [TypedParameter[name=left, type=STRING, multiplicity=Bounded[lower=0, upper=1]], TypedParameter[name=right, type=STRING, multiplicity=Bounded[lower=1, upper=1]]]; [TypedParameter[name=left, type=STRING, multiplicity=Bounded[lower=1, upper=1]], TypedParameter[name=right, type=STRING, multiplicity=Bounded[lower=0, upper=1]]]; [TypedParameter[name=left, type=STRING, multiplicity=Bounded[lower=1, upper=1]], TypedParameter[name=right, type=STRING, multiplicity=Bounded[lower=1, upper=1]]]; [TypedParameter[name=left, type=BOOLEAN, multiplicity=Bounded[lower=0, upper=1]], TypedParameter[name=right, type=BOOLEAN, multiplicity=Bounded[lower=0, upper=1]]]	G-REJECT
cx.le.Bool.SDate	cross	|true <= %2024-03-15						G-ERR:TypeInferenceException: no overload of 'meta::pure::functions::boolean::lessThanEqual' structurally matches the argument types (ExprType[type=BOOLEAN, multiplicity=Bounded[lower=1, upper=1]], ExprType[type=STRICT_DATE, multiplicity=Bounded[lower=1, upper=1]]); [TypedParameter[name=left, type=DATE, multiplicity=Bounded[lower=0, upper=1]], TypedParameter[name=right, type=DATE, multiplicity=Bounded[lower=0, upper=1]]]; [TypedParameter[name=left, type=DATE, multiplicity=Bounded[lower=0, upper=1]], TypedParameter[name=right, type=DATE, multiplicity=Bounded[lower=1, upper=1]]]; [TypedParameter[name=left, type=DATE, multiplicity=Bounded[lower=1, upper=1]], TypedParameter[name=right, type=DATE, multiplicity=Bounded[lower=0, upper=1]]]; [TypedParameter[name=left, type=DATE, multiplicity=Bounded[lower=1, upper=1]], TypedParameter[name=right, type=DATE, multiplicity=Bounded[lower=1, upper=1]]]; [TypedParameter[name=left, type=NUMBER, multiplicity=Bounded[lower=0, upper=1]], TypedParameter[name=right, type=NUMBER, multiplicity=Bounded[lower=0, upper=1]]]; [TypedParameter[name=left, type=NUMBER, multiplicity=Bounded[lower=0, upper=1]], TypedParameter[name=right, type=NUMBER, multiplicity=Bounded[lower=1, upper=1]]]; [TypedParameter[name=left, type=NUMBER, multiplicity=Bounded[lower=1, upper=1]], TypedParameter[name=right, type=NUMBER, multiplicity=Bounded[lower=0, upper=1]]]; [TypedParameter[name=left, type=NUMBER, multiplicity=Bounded[lower=1, upper=1]], TypedParameter[name=right, type=NUMBER, multiplicity=Bounded[lower=1, upper=1]]]; [TypedParameter[name=left, type=STRING, multiplicity=Bounded[lower=0, upper=1]], TypedParameter[name=right, type=STRING, multiplicity=Bounded[lower=0, upper=1]]]; [TypedParameter[name=left, type=STRING, multiplicity=Bounded[lower=0, upper=1]], TypedParameter[name=right, type=STRING, multiplicity=Bounded[lower=1, upper=1]]]; [TypedParameter[name=left, type=STRING, multiplicity=Bounded[lower=1, upper=1]], TypedParameter[name=right, type=STRING, multiplicity=Bounded[lower=0, upper=1]]]; [TypedParameter[name=left, type=STRING, multiplicity=Bounded[lower=1, upper=1]], TypedParameter[name=right, type=STRING, multiplicity=Bounded[lower=1, upper=1]]]; [TypedParameter[name=left, type=BOOLEAN, multiplicity=Bounded[lower=0, upper=1]], TypedParameter[name=right, type=BOOLEAN, multiplicity=Bounded[lower=0, upper=1]]]	G-REJECT
cx.ge.Bool.SDate	cross	|true >= %2024-03-15						G-ERR:TypeInferenceException: no overload of 'meta::pure::functions::boolean::greaterThanEqual' structurally matches the argument types (ExprType[type=BOOLEAN, multiplicity=Bounded[lower=1, upper=1]], ExprType[type=STRICT_DATE, multiplicity=Bounded[lower=1, upper=1]]); [TypedParameter[name=left, type=DATE, multiplicity=Bounded[lower=0, upper=1]], TypedParameter[name=right, type=DATE, multiplicity=Bounded[lower=0, upper=1]]]; [TypedParameter[name=left, type=DATE, multiplicity=Bounded[lower=0, upper=1]], TypedParameter[name=right, type=DATE, multiplicity=Bounded[lower=1, upper=1]]]; [TypedParameter[name=left, type=DATE, multiplicity=Bounded[lower=1, upper=1]], TypedParameter[name=right, type=DATE, multiplicity=Bounded[lower=0, upper=1]]]; [TypedParameter[name=left, type=DATE, multiplicity=Bounded[lower=1, upper=1]], TypedParameter[name=right, type=DATE, multiplicity=Bounded[lower=1, upper=1]]]; [TypedParameter[name=left, type=NUMBER, multiplicity=Bounded[lower=0, upper=1]], TypedParameter[name=right, type=NUMBER, multiplicity=Bounded[lower=0, upper=1]]]; [TypedParameter[name=left, type=NUMBER, multiplicity=Bounded[lower=0, upper=1]], TypedParameter[name=right, type=NUMBER, multiplicity=Bounded[lower=1, upper=1]]]; [TypedParameter[name=left, type=NUMBER, multiplicity=Bounded[lower=1, upper=1]], TypedParameter[name=right, type=NUMBER, multiplicity=Bounded[lower=0, upper=1]]]; [TypedParameter[name=left, type=NUMBER, multiplicity=Bounded[lower=1, upper=1]], TypedParameter[name=right, type=NUMBER, multiplicity=Bounded[lower=1, upper=1]]]; [TypedParameter[name=left, type=STRING, multiplicity=Bounded[lower=0, upper=1]], TypedParameter[name=right, type=STRING, multiplicity=Bounded[lower=0, upper=1]]]; [TypedParameter[name=left, type=STRING, multiplicity=Bounded[lower=0, upper=1]], TypedParameter[name=right, type=STRING, multiplicity=Bounded[lower=1, upper=1]]]; [TypedParameter[name=left, type=STRING, multiplicity=Bounded[lower=1, upper=1]], TypedParameter[name=right, type=STRING, multiplicity=Bounded[lower=0, upper=1]]]; [TypedParameter[name=left, type=STRING, multiplicity=Bounded[lower=1, upper=1]], TypedParameter[name=right, type=STRING, multiplicity=Bounded[lower=1, upper=1]]]; [TypedParameter[name=left, type=BOOLEAN, multiplicity=Bounded[lower=0, upper=1]], TypedParameter[name=right, type=BOOLEAN, multiplicity=Bounded[lower=0, upper=1]]]	G-REJECT
cx.eq.Bool.DTime	cross	|true == %2024-03-15T10:30:45	Boolean	[1]	SELECT TRUE = TIMESTAMP '2024-03-15T10:30:45' AS value			EXEC-ERR:SQLException: Conversion Error: Unimplemented type for cast (BOOLEAN -> TIMESTAMP)	DB-ERROR
cx.ne.Bool.DTime	cross	|true != %2024-03-15T10:30:45	Boolean	[1]	SELECT TRUE <> TIMESTAMP '2024-03-15T10:30:45' AS value			EXEC-ERR:SQLException: Conversion Error: Unimplemented type for cast (BOOLEAN -> TIMESTAMP)	DB-ERROR
cx.lt.Bool.DTime	cross	|true < %2024-03-15T10:30:45						G-ERR:TypeInferenceException: no overload of 'meta::pure::functions::boolean::lessThan' structurally matches the argument types (ExprType[type=BOOLEAN, multiplicity=Bounded[lower=1, upper=1]], ExprType[type=DATE_TIME, multiplicity=Bounded[lower=1, upper=1]]); [TypedParameter[name=left, type=DATE, multiplicity=Bounded[lower=0, upper=1]], TypedParameter[name=right, type=DATE, multiplicity=Bounded[lower=0, upper=1]]]; [TypedParameter[name=left, type=BOOLEAN, multiplicity=Bounded[lower=0, upper=1]], TypedParameter[name=right, type=BOOLEAN, multiplicity=Bounded[lower=0, upper=1]]]; [TypedParameter[name=left, type=DATE, multiplicity=Bounded[lower=0, upper=1]], TypedParameter[name=right, type=DATE, multiplicity=Bounded[lower=1, upper=1]]]; [TypedParameter[name=left, type=DATE, multiplicity=Bounded[lower=1, upper=1]], TypedParameter[name=right, type=DATE, multiplicity=Bounded[lower=0, upper=1]]]; [TypedParameter[name=left, type=DATE, multiplicity=Bounded[lower=1, upper=1]], TypedParameter[name=right, type=DATE, multiplicity=Bounded[lower=1, upper=1]]]; [TypedParameter[name=left, type=NUMBER, multiplicity=Bounded[lower=0, upper=1]], TypedParameter[name=right, type=NUMBER, multiplicity=Bounded[lower=0, upper=1]]]; [TypedParameter[name=left, type=NUMBER, multiplicity=Bounded[lower=0, upper=1]], TypedParameter[name=right, type=NUMBER, multiplicity=Bounded[lower=1, upper=1]]]; [TypedParameter[name=left, type=NUMBER, multiplicity=Bounded[lower=1, upper=1]], TypedParameter[name=right, type=NUMBER, multiplicity=Bounded[lower=0, upper=1]]]; [TypedParameter[name=left, type=NUMBER, multiplicity=Bounded[lower=1, upper=1]], TypedParameter[name=right, type=NUMBER, multiplicity=Bounded[lower=1, upper=1]]]; [TypedParameter[name=left, type=STRING, multiplicity=Bounded[lower=0, upper=1]], TypedParameter[name=right, type=STRING, multiplicity=Bounded[lower=0, upper=1]]]; [TypedParameter[name=left, type=STRING, multiplicity=Bounded[lower=0, upper=1]], TypedParameter[name=right, type=STRING, multiplicity=Bounded[lower=1, upper=1]]]; [TypedParameter[name=left, type=STRING, multiplicity=Bounded[lower=1, upper=1]], TypedParameter[name=right, type=STRING, multiplicity=Bounded[lower=0, upper=1]]]; [TypedParameter[name=left, type=STRING, multiplicity=Bounded[lower=1, upper=1]], TypedParameter[name=right, type=STRING, multiplicity=Bounded[lower=1, upper=1]]]	G-REJECT
cx.gt.Bool.DTime	cross	|true > %2024-03-15T10:30:45						G-ERR:TypeInferenceException: no overload of 'meta::pure::functions::boolean::greaterThan' structurally matches the argument types (ExprType[type=BOOLEAN, multiplicity=Bounded[lower=1, upper=1]], ExprType[type=DATE_TIME, multiplicity=Bounded[lower=1, upper=1]]); [TypedParameter[name=left, type=DATE, multiplicity=Bounded[lower=0, upper=1]], TypedParameter[name=right, type=DATE, multiplicity=Bounded[lower=0, upper=1]]]; [TypedParameter[name=left, type=DATE, multiplicity=Bounded[lower=0, upper=1]], TypedParameter[name=right, type=DATE, multiplicity=Bounded[lower=1, upper=1]]]; [TypedParameter[name=left, type=DATE, multiplicity=Bounded[lower=1, upper=1]], TypedParameter[name=right, type=DATE, multiplicity=Bounded[lower=0, upper=1]]]; [TypedParameter[name=left, type=DATE, multiplicity=Bounded[lower=1, upper=1]], TypedParameter[name=right, type=DATE, multiplicity=Bounded[lower=1, upper=1]]]; [TypedParameter[name=left, type=NUMBER, multiplicity=Bounded[lower=0, upper=1]], TypedParameter[name=right, type=NUMBER, multiplicity=Bounded[lower=0, upper=1]]]; [TypedParameter[name=left, type=NUMBER, multiplicity=Bounded[lower=0, upper=1]], TypedParameter[name=right, type=NUMBER, multiplicity=Bounded[lower=1, upper=1]]]; [TypedParameter[name=left, type=NUMBER, multiplicity=Bounded[lower=1, upper=1]], TypedParameter[name=right, type=NUMBER, multiplicity=Bounded[lower=0, upper=1]]]; [TypedParameter[name=left, type=NUMBER, multiplicity=Bounded[lower=1, upper=1]], TypedParameter[name=right, type=NUMBER, multiplicity=Bounded[lower=1, upper=1]]]; [TypedParameter[name=left, type=STRING, multiplicity=Bounded[lower=0, upper=1]], TypedParameter[name=right, type=STRING, multiplicity=Bounded[lower=0, upper=1]]]; [TypedParameter[name=left, type=STRING, multiplicity=Bounded[lower=0, upper=1]], TypedParameter[name=right, type=STRING, multiplicity=Bounded[lower=1, upper=1]]]; [TypedParameter[name=left, type=STRING, multiplicity=Bounded[lower=1, upper=1]], TypedParameter[name=right, type=STRING, multiplicity=Bounded[lower=0, upper=1]]]; [TypedParameter[name=left, type=STRING, multiplicity=Bounded[lower=1, upper=1]], TypedParameter[name=right, type=STRING, multiplicity=Bounded[lower=1, upper=1]]]; [TypedParameter[name=left, type=BOOLEAN, multiplicity=Bounded[lower=0, upper=1]], TypedParameter[name=right, type=BOOLEAN, multiplicity=Bounded[lower=0, upper=1]]]	G-REJECT
cx.le.Bool.DTime	cross	|true <= %2024-03-15T10:30:45						G-ERR:TypeInferenceException: no overload of 'meta::pure::functions::boolean::lessThanEqual' structurally matches the argument types (ExprType[type=BOOLEAN, multiplicity=Bounded[lower=1, upper=1]], ExprType[type=DATE_TIME, multiplicity=Bounded[lower=1, upper=1]]); [TypedParameter[name=left, type=DATE, multiplicity=Bounded[lower=0, upper=1]], TypedParameter[name=right, type=DATE, multiplicity=Bounded[lower=0, upper=1]]]; [TypedParameter[name=left, type=DATE, multiplicity=Bounded[lower=0, upper=1]], TypedParameter[name=right, type=DATE, multiplicity=Bounded[lower=1, upper=1]]]; [TypedParameter[name=left, type=DATE, multiplicity=Bounded[lower=1, upper=1]], TypedParameter[name=right, type=DATE, multiplicity=Bounded[lower=0, upper=1]]]; [TypedParameter[name=left, type=DATE, multiplicity=Bounded[lower=1, upper=1]], TypedParameter[name=right, type=DATE, multiplicity=Bounded[lower=1, upper=1]]]; [TypedParameter[name=left, type=NUMBER, multiplicity=Bounded[lower=0, upper=1]], TypedParameter[name=right, type=NUMBER, multiplicity=Bounded[lower=0, upper=1]]]; [TypedParameter[name=left, type=NUMBER, multiplicity=Bounded[lower=0, upper=1]], TypedParameter[name=right, type=NUMBER, multiplicity=Bounded[lower=1, upper=1]]]; [TypedParameter[name=left, type=NUMBER, multiplicity=Bounded[lower=1, upper=1]], TypedParameter[name=right, type=NUMBER, multiplicity=Bounded[lower=0, upper=1]]]; [TypedParameter[name=left, type=NUMBER, multiplicity=Bounded[lower=1, upper=1]], TypedParameter[name=right, type=NUMBER, multiplicity=Bounded[lower=1, upper=1]]]; [TypedParameter[name=left, type=STRING, multiplicity=Bounded[lower=0, upper=1]], TypedParameter[name=right, type=STRING, multiplicity=Bounded[lower=0, upper=1]]]; [TypedParameter[name=left, type=STRING, multiplicity=Bounded[lower=0, upper=1]], TypedParameter[name=right, type=STRING, multiplicity=Bounded[lower=1, upper=1]]]; [TypedParameter[name=left, type=STRING, multiplicity=Bounded[lower=1, upper=1]], TypedParameter[name=right, type=STRING, multiplicity=Bounded[lower=0, upper=1]]]; [TypedParameter[name=left, type=STRING, multiplicity=Bounded[lower=1, upper=1]], TypedParameter[name=right, type=STRING, multiplicity=Bounded[lower=1, upper=1]]]; [TypedParameter[name=left, type=BOOLEAN, multiplicity=Bounded[lower=0, upper=1]], TypedParameter[name=right, type=BOOLEAN, multiplicity=Bounded[lower=0, upper=1]]]	G-REJECT
cx.ge.Bool.DTime	cross	|true >= %2024-03-15T10:30:45						G-ERR:TypeInferenceException: no overload of 'meta::pure::functions::boolean::greaterThanEqual' structurally matches the argument types (ExprType[type=BOOLEAN, multiplicity=Bounded[lower=1, upper=1]], ExprType[type=DATE_TIME, multiplicity=Bounded[lower=1, upper=1]]); [TypedParameter[name=left, type=DATE, multiplicity=Bounded[lower=0, upper=1]], TypedParameter[name=right, type=DATE, multiplicity=Bounded[lower=0, upper=1]]]; [TypedParameter[name=left, type=DATE, multiplicity=Bounded[lower=0, upper=1]], TypedParameter[name=right, type=DATE, multiplicity=Bounded[lower=1, upper=1]]]; [TypedParameter[name=left, type=DATE, multiplicity=Bounded[lower=1, upper=1]], TypedParameter[name=right, type=DATE, multiplicity=Bounded[lower=0, upper=1]]]; [TypedParameter[name=left, type=DATE, multiplicity=Bounded[lower=1, upper=1]], TypedParameter[name=right, type=DATE, multiplicity=Bounded[lower=1, upper=1]]]; [TypedParameter[name=left, type=NUMBER, multiplicity=Bounded[lower=0, upper=1]], TypedParameter[name=right, type=NUMBER, multiplicity=Bounded[lower=0, upper=1]]]; [TypedParameter[name=left, type=NUMBER, multiplicity=Bounded[lower=0, upper=1]], TypedParameter[name=right, type=NUMBER, multiplicity=Bounded[lower=1, upper=1]]]; [TypedParameter[name=left, type=NUMBER, multiplicity=Bounded[lower=1, upper=1]], TypedParameter[name=right, type=NUMBER, multiplicity=Bounded[lower=0, upper=1]]]; [TypedParameter[name=left, type=NUMBER, multiplicity=Bounded[lower=1, upper=1]], TypedParameter[name=right, type=NUMBER, multiplicity=Bounded[lower=1, upper=1]]]; [TypedParameter[name=left, type=STRING, multiplicity=Bounded[lower=0, upper=1]], TypedParameter[name=right, type=STRING, multiplicity=Bounded[lower=0, upper=1]]]; [TypedParameter[name=left, type=STRING, multiplicity=Bounded[lower=0, upper=1]], TypedParameter[name=right, type=STRING, multiplicity=Bounded[lower=1, upper=1]]]; [TypedParameter[name=left, type=STRING, multiplicity=Bounded[lower=1, upper=1]], TypedParameter[name=right, type=STRING, multiplicity=Bounded[lower=0, upper=1]]]; [TypedParameter[name=left, type=STRING, multiplicity=Bounded[lower=1, upper=1]], TypedParameter[name=right, type=STRING, multiplicity=Bounded[lower=1, upper=1]]]; [TypedParameter[name=left, type=BOOLEAN, multiplicity=Bounded[lower=0, upper=1]], TypedParameter[name=right, type=BOOLEAN, multiplicity=Bounded[lower=0, upper=1]]]	G-REJECT
cx.eq.Bool.Bool	cross	|true == true	Boolean	[1]	SELECT TRUE = TRUE AS value	Boolean	true	OK	OK
cx.ne.Bool.Bool	cross	|true != true	Boolean	[1]	SELECT TRUE <> TRUE AS value	Boolean	false	OK	OK
cx.lt.Bool.Bool	cross	|true < true	Boolean	[1]	SELECT TRUE < TRUE AS value	Boolean	false	OK	OK
cx.gt.Bool.Bool	cross	|true > true	Boolean	[1]	SELECT TRUE > TRUE AS value	Boolean	false	OK	OK
cx.le.Bool.Bool	cross	|true <= true	Boolean	[1]	SELECT TRUE <= TRUE AS value	Boolean	true	OK	OK
cx.ge.Bool.Bool	cross	|true >= true	Boolean	[1]	SELECT TRUE >= TRUE AS value	Boolean	true	OK	OK
cx.eq.Bool.Enum	cross	|true == t::Color.RED	Boolean	[1]	SELECT FALSE AS value	Boolean	false	OK	OK
cx.ne.Bool.Enum	cross	|true != t::Color.RED	Boolean	[1]	SELECT NOT FALSE AS value	Boolean	true	OK	OK
cx.lt.Bool.Enum	cross	|true < t::Color.RED						G-ERR:TypeInferenceException: no overload of 'meta::pure::functions::boolean::lessThan' structurally matches the argument types (ExprType[type=BOOLEAN, multiplicity=Bounded[lower=1, upper=1]], ExprType[type=EnumType[fqn=t::Color], multiplicity=Bounded[lower=1, upper=1]]); [TypedParameter[name=left, type=DATE, multiplicity=Bounded[lower=0, upper=1]], TypedParameter[name=right, type=DATE, multiplicity=Bounded[lower=0, upper=1]]]; [TypedParameter[name=left, type=BOOLEAN, multiplicity=Bounded[lower=0, upper=1]], TypedParameter[name=right, type=BOOLEAN, multiplicity=Bounded[lower=0, upper=1]]]; [TypedParameter[name=left, type=DATE, multiplicity=Bounded[lower=0, upper=1]], TypedParameter[name=right, type=DATE, multiplicity=Bounded[lower=1, upper=1]]]; [TypedParameter[name=left, type=DATE, multiplicity=Bounded[lower=1, upper=1]], TypedParameter[name=right, type=DATE, multiplicity=Bounded[lower=0, upper=1]]]; [TypedParameter[name=left, type=DATE, multiplicity=Bounded[lower=1, upper=1]], TypedParameter[name=right, type=DATE, multiplicity=Bounded[lower=1, upper=1]]]; [TypedParameter[name=left, type=NUMBER, multiplicity=Bounded[lower=0, upper=1]], TypedParameter[name=right, type=NUMBER, multiplicity=Bounded[lower=0, upper=1]]]; [TypedParameter[name=left, type=NUMBER, multiplicity=Bounded[lower=0, upper=1]], TypedParameter[name=right, type=NUMBER, multiplicity=Bounded[lower=1, upper=1]]]; [TypedParameter[name=left, type=NUMBER, multiplicity=Bounded[lower=1, upper=1]], TypedParameter[name=right, type=NUMBER, multiplicity=Bounded[lower=0, upper=1]]]; [TypedParameter[name=left, type=NUMBER, multiplicity=Bounded[lower=1, upper=1]], TypedParameter[name=right, type=NUMBER, multiplicity=Bounded[lower=1, upper=1]]]; [TypedParameter[name=left, type=STRING, multiplicity=Bounded[lower=0, upper=1]], TypedParameter[name=right, type=STRING, multiplicity=Bounded[lower=0, upper=1]]]; [TypedParameter[name=left, type=STRING, multiplicity=Bounded[lower=0, upper=1]], TypedParameter[name=right, type=STRING, multiplicity=Bounded[lower=1, upper=1]]]; [TypedParameter[name=left, type=STRING, multiplicity=Bounded[lower=1, upper=1]], TypedParameter[name=right, type=STRING, multiplicity=Bounded[lower=0, upper=1]]]; [TypedParameter[name=left, type=STRING, multiplicity=Bounded[lower=1, upper=1]], TypedParameter[name=right, type=STRING, multiplicity=Bounded[lower=1, upper=1]]]	G-REJECT
cx.gt.Bool.Enum	cross	|true > t::Color.RED						G-ERR:TypeInferenceException: no overload of 'meta::pure::functions::boolean::greaterThan' structurally matches the argument types (ExprType[type=BOOLEAN, multiplicity=Bounded[lower=1, upper=1]], ExprType[type=EnumType[fqn=t::Color], multiplicity=Bounded[lower=1, upper=1]]); [TypedParameter[name=left, type=DATE, multiplicity=Bounded[lower=0, upper=1]], TypedParameter[name=right, type=DATE, multiplicity=Bounded[lower=0, upper=1]]]; [TypedParameter[name=left, type=DATE, multiplicity=Bounded[lower=0, upper=1]], TypedParameter[name=right, type=DATE, multiplicity=Bounded[lower=1, upper=1]]]; [TypedParameter[name=left, type=DATE, multiplicity=Bounded[lower=1, upper=1]], TypedParameter[name=right, type=DATE, multiplicity=Bounded[lower=0, upper=1]]]; [TypedParameter[name=left, type=DATE, multiplicity=Bounded[lower=1, upper=1]], TypedParameter[name=right, type=DATE, multiplicity=Bounded[lower=1, upper=1]]]; [TypedParameter[name=left, type=NUMBER, multiplicity=Bounded[lower=0, upper=1]], TypedParameter[name=right, type=NUMBER, multiplicity=Bounded[lower=0, upper=1]]]; [TypedParameter[name=left, type=NUMBER, multiplicity=Bounded[lower=0, upper=1]], TypedParameter[name=right, type=NUMBER, multiplicity=Bounded[lower=1, upper=1]]]; [TypedParameter[name=left, type=NUMBER, multiplicity=Bounded[lower=1, upper=1]], TypedParameter[name=right, type=NUMBER, multiplicity=Bounded[lower=0, upper=1]]]; [TypedParameter[name=left, type=NUMBER, multiplicity=Bounded[lower=1, upper=1]], TypedParameter[name=right, type=NUMBER, multiplicity=Bounded[lower=1, upper=1]]]; [TypedParameter[name=left, type=STRING, multiplicity=Bounded[lower=0, upper=1]], TypedParameter[name=right, type=STRING, multiplicity=Bounded[lower=0, upper=1]]]; [TypedParameter[name=left, type=STRING, multiplicity=Bounded[lower=0, upper=1]], TypedParameter[name=right, type=STRING, multiplicity=Bounded[lower=1, upper=1]]]; [TypedParameter[name=left, type=STRING, multiplicity=Bounded[lower=1, upper=1]], TypedParameter[name=right, type=STRING, multiplicity=Bounded[lower=0, upper=1]]]; [TypedParameter[name=left, type=STRING, multiplicity=Bounded[lower=1, upper=1]], TypedParameter[name=right, type=STRING, multiplicity=Bounded[lower=1, upper=1]]]; [TypedParameter[name=left, type=BOOLEAN, multiplicity=Bounded[lower=0, upper=1]], TypedParameter[name=right, type=BOOLEAN, multiplicity=Bounded[lower=0, upper=1]]]	G-REJECT
cx.le.Bool.Enum	cross	|true <= t::Color.RED						G-ERR:TypeInferenceException: no overload of 'meta::pure::functions::boolean::lessThanEqual' structurally matches the argument types (ExprType[type=BOOLEAN, multiplicity=Bounded[lower=1, upper=1]], ExprType[type=EnumType[fqn=t::Color], multiplicity=Bounded[lower=1, upper=1]]); [TypedParameter[name=left, type=DATE, multiplicity=Bounded[lower=0, upper=1]], TypedParameter[name=right, type=DATE, multiplicity=Bounded[lower=0, upper=1]]]; [TypedParameter[name=left, type=DATE, multiplicity=Bounded[lower=0, upper=1]], TypedParameter[name=right, type=DATE, multiplicity=Bounded[lower=1, upper=1]]]; [TypedParameter[name=left, type=DATE, multiplicity=Bounded[lower=1, upper=1]], TypedParameter[name=right, type=DATE, multiplicity=Bounded[lower=0, upper=1]]]; [TypedParameter[name=left, type=DATE, multiplicity=Bounded[lower=1, upper=1]], TypedParameter[name=right, type=DATE, multiplicity=Bounded[lower=1, upper=1]]]; [TypedParameter[name=left, type=NUMBER, multiplicity=Bounded[lower=0, upper=1]], TypedParameter[name=right, type=NUMBER, multiplicity=Bounded[lower=0, upper=1]]]; [TypedParameter[name=left, type=NUMBER, multiplicity=Bounded[lower=0, upper=1]], TypedParameter[name=right, type=NUMBER, multiplicity=Bounded[lower=1, upper=1]]]; [TypedParameter[name=left, type=NUMBER, multiplicity=Bounded[lower=1, upper=1]], TypedParameter[name=right, type=NUMBER, multiplicity=Bounded[lower=0, upper=1]]]; [TypedParameter[name=left, type=NUMBER, multiplicity=Bounded[lower=1, upper=1]], TypedParameter[name=right, type=NUMBER, multiplicity=Bounded[lower=1, upper=1]]]; [TypedParameter[name=left, type=STRING, multiplicity=Bounded[lower=0, upper=1]], TypedParameter[name=right, type=STRING, multiplicity=Bounded[lower=0, upper=1]]]; [TypedParameter[name=left, type=STRING, multiplicity=Bounded[lower=0, upper=1]], TypedParameter[name=right, type=STRING, multiplicity=Bounded[lower=1, upper=1]]]; [TypedParameter[name=left, type=STRING, multiplicity=Bounded[lower=1, upper=1]], TypedParameter[name=right, type=STRING, multiplicity=Bounded[lower=0, upper=1]]]; [TypedParameter[name=left, type=STRING, multiplicity=Bounded[lower=1, upper=1]], TypedParameter[name=right, type=STRING, multiplicity=Bounded[lower=1, upper=1]]]; [TypedParameter[name=left, type=BOOLEAN, multiplicity=Bounded[lower=0, upper=1]], TypedParameter[name=right, type=BOOLEAN, multiplicity=Bounded[lower=0, upper=1]]]	G-REJECT
cx.ge.Bool.Enum	cross	|true >= t::Color.RED						G-ERR:TypeInferenceException: no overload of 'meta::pure::functions::boolean::greaterThanEqual' structurally matches the argument types (ExprType[type=BOOLEAN, multiplicity=Bounded[lower=1, upper=1]], ExprType[type=EnumType[fqn=t::Color], multiplicity=Bounded[lower=1, upper=1]]); [TypedParameter[name=left, type=DATE, multiplicity=Bounded[lower=0, upper=1]], TypedParameter[name=right, type=DATE, multiplicity=Bounded[lower=0, upper=1]]]; [TypedParameter[name=left, type=DATE, multiplicity=Bounded[lower=0, upper=1]], TypedParameter[name=right, type=DATE, multiplicity=Bounded[lower=1, upper=1]]]; [TypedParameter[name=left, type=DATE, multiplicity=Bounded[lower=1, upper=1]], TypedParameter[name=right, type=DATE, multiplicity=Bounded[lower=0, upper=1]]]; [TypedParameter[name=left, type=DATE, multiplicity=Bounded[lower=1, upper=1]], TypedParameter[name=right, type=DATE, multiplicity=Bounded[lower=1, upper=1]]]; [TypedParameter[name=left, type=NUMBER, multiplicity=Bounded[lower=0, upper=1]], TypedParameter[name=right, type=NUMBER, multiplicity=Bounded[lower=0, upper=1]]]; [TypedParameter[name=left, type=NUMBER, multiplicity=Bounded[lower=0, upper=1]], TypedParameter[name=right, type=NUMBER, multiplicity=Bounded[lower=1, upper=1]]]; [TypedParameter[name=left, type=NUMBER, multiplicity=Bounded[lower=1, upper=1]], TypedParameter[name=right, type=NUMBER, multiplicity=Bounded[lower=0, upper=1]]]; [TypedParameter[name=left, type=NUMBER, multiplicity=Bounded[lower=1, upper=1]], TypedParameter[name=right, type=NUMBER, multiplicity=Bounded[lower=1, upper=1]]]; [TypedParameter[name=left, type=STRING, multiplicity=Bounded[lower=0, upper=1]], TypedParameter[name=right, type=STRING, multiplicity=Bounded[lower=0, upper=1]]]; [TypedParameter[name=left, type=STRING, multiplicity=Bounded[lower=0, upper=1]], TypedParameter[name=right, type=STRING, multiplicity=Bounded[lower=1, upper=1]]]; [TypedParameter[name=left, type=STRING, multiplicity=Bounded[lower=1, upper=1]], TypedParameter[name=right, type=STRING, multiplicity=Bounded[lower=0, upper=1]]]; [TypedParameter[name=left, type=STRING, multiplicity=Bounded[lower=1, upper=1]], TypedParameter[name=right, type=STRING, multiplicity=Bounded[lower=1, upper=1]]]; [TypedParameter[name=left, type=BOOLEAN, multiplicity=Bounded[lower=0, upper=1]], TypedParameter[name=right, type=BOOLEAN, multiplicity=Bounded[lower=0, upper=1]]]	G-REJECT
cx.eq.Enum.Int	cross	|t::Color.RED == 1	Boolean	[1]	SELECT FALSE AS value	Boolean	false	OK	OK
cx.ne.Enum.Int	cross	|t::Color.RED != 1	Boolean	[1]	SELECT NOT FALSE AS value	Boolean	true	OK	OK
cx.lt.Enum.Int	cross	|t::Color.RED < 1						G-ERR:TypeInferenceException: no overload of 'meta::pure::functions::boolean::lessThan' structurally matches the argument types (ExprType[type=EnumType[fqn=t::Color], multiplicity=Bounded[lower=1, upper=1]], ExprType[type=INTEGER, multiplicity=Bounded[lower=1, upper=1]]); [TypedParameter[name=left, type=DATE, multiplicity=Bounded[lower=0, upper=1]], TypedParameter[name=right, type=DATE, multiplicity=Bounded[lower=0, upper=1]]]; [TypedParameter[name=left, type=BOOLEAN, multiplicity=Bounded[lower=0, upper=1]], TypedParameter[name=right, type=BOOLEAN, multiplicity=Bounded[lower=0, upper=1]]]; [TypedParameter[name=left, type=DATE, multiplicity=Bounded[lower=0, upper=1]], TypedParameter[name=right, type=DATE, multiplicity=Bounded[lower=1, upper=1]]]; [TypedParameter[name=left, type=DATE, multiplicity=Bounded[lower=1, upper=1]], TypedParameter[name=right, type=DATE, multiplicity=Bounded[lower=0, upper=1]]]; [TypedParameter[name=left, type=DATE, multiplicity=Bounded[lower=1, upper=1]], TypedParameter[name=right, type=DATE, multiplicity=Bounded[lower=1, upper=1]]]; [TypedParameter[name=left, type=NUMBER, multiplicity=Bounded[lower=0, upper=1]], TypedParameter[name=right, type=NUMBER, multiplicity=Bounded[lower=0, upper=1]]]; [TypedParameter[name=left, type=NUMBER, multiplicity=Bounded[lower=0, upper=1]], TypedParameter[name=right, type=NUMBER, multiplicity=Bounded[lower=1, upper=1]]]; [TypedParameter[name=left, type=NUMBER, multiplicity=Bounded[lower=1, upper=1]], TypedParameter[name=right, type=NUMBER, multiplicity=Bounded[lower=0, upper=1]]]; [TypedParameter[name=left, type=NUMBER, multiplicity=Bounded[lower=1, upper=1]], TypedParameter[name=right, type=NUMBER, multiplicity=Bounded[lower=1, upper=1]]]; [TypedParameter[name=left, type=STRING, multiplicity=Bounded[lower=0, upper=1]], TypedParameter[name=right, type=STRING, multiplicity=Bounded[lower=0, upper=1]]]; [TypedParameter[name=left, type=STRING, multiplicity=Bounded[lower=0, upper=1]], TypedParameter[name=right, type=STRING, multiplicity=Bounded[lower=1, upper=1]]]; [TypedParameter[name=left, type=STRING, multiplicity=Bounded[lower=1, upper=1]], TypedParameter[name=right, type=STRING, multiplicity=Bounded[lower=0, upper=1]]]; [TypedParameter[name=left, type=STRING, multiplicity=Bounded[lower=1, upper=1]], TypedParameter[name=right, type=STRING, multiplicity=Bounded[lower=1, upper=1]]]	G-REJECT
cx.gt.Enum.Int	cross	|t::Color.RED > 1						G-ERR:TypeInferenceException: no overload of 'meta::pure::functions::boolean::greaterThan' structurally matches the argument types (ExprType[type=EnumType[fqn=t::Color], multiplicity=Bounded[lower=1, upper=1]], ExprType[type=INTEGER, multiplicity=Bounded[lower=1, upper=1]]); [TypedParameter[name=left, type=DATE, multiplicity=Bounded[lower=0, upper=1]], TypedParameter[name=right, type=DATE, multiplicity=Bounded[lower=0, upper=1]]]; [TypedParameter[name=left, type=DATE, multiplicity=Bounded[lower=0, upper=1]], TypedParameter[name=right, type=DATE, multiplicity=Bounded[lower=1, upper=1]]]; [TypedParameter[name=left, type=DATE, multiplicity=Bounded[lower=1, upper=1]], TypedParameter[name=right, type=DATE, multiplicity=Bounded[lower=0, upper=1]]]; [TypedParameter[name=left, type=DATE, multiplicity=Bounded[lower=1, upper=1]], TypedParameter[name=right, type=DATE, multiplicity=Bounded[lower=1, upper=1]]]; [TypedParameter[name=left, type=NUMBER, multiplicity=Bounded[lower=0, upper=1]], TypedParameter[name=right, type=NUMBER, multiplicity=Bounded[lower=0, upper=1]]]; [TypedParameter[name=left, type=NUMBER, multiplicity=Bounded[lower=0, upper=1]], TypedParameter[name=right, type=NUMBER, multiplicity=Bounded[lower=1, upper=1]]]; [TypedParameter[name=left, type=NUMBER, multiplicity=Bounded[lower=1, upper=1]], TypedParameter[name=right, type=NUMBER, multiplicity=Bounded[lower=0, upper=1]]]; [TypedParameter[name=left, type=NUMBER, multiplicity=Bounded[lower=1, upper=1]], TypedParameter[name=right, type=NUMBER, multiplicity=Bounded[lower=1, upper=1]]]; [TypedParameter[name=left, type=STRING, multiplicity=Bounded[lower=0, upper=1]], TypedParameter[name=right, type=STRING, multiplicity=Bounded[lower=0, upper=1]]]; [TypedParameter[name=left, type=STRING, multiplicity=Bounded[lower=0, upper=1]], TypedParameter[name=right, type=STRING, multiplicity=Bounded[lower=1, upper=1]]]; [TypedParameter[name=left, type=STRING, multiplicity=Bounded[lower=1, upper=1]], TypedParameter[name=right, type=STRING, multiplicity=Bounded[lower=0, upper=1]]]; [TypedParameter[name=left, type=STRING, multiplicity=Bounded[lower=1, upper=1]], TypedParameter[name=right, type=STRING, multiplicity=Bounded[lower=1, upper=1]]]; [TypedParameter[name=left, type=BOOLEAN, multiplicity=Bounded[lower=0, upper=1]], TypedParameter[name=right, type=BOOLEAN, multiplicity=Bounded[lower=0, upper=1]]]	G-REJECT
cx.le.Enum.Int	cross	|t::Color.RED <= 1						G-ERR:TypeInferenceException: no overload of 'meta::pure::functions::boolean::lessThanEqual' structurally matches the argument types (ExprType[type=EnumType[fqn=t::Color], multiplicity=Bounded[lower=1, upper=1]], ExprType[type=INTEGER, multiplicity=Bounded[lower=1, upper=1]]); [TypedParameter[name=left, type=DATE, multiplicity=Bounded[lower=0, upper=1]], TypedParameter[name=right, type=DATE, multiplicity=Bounded[lower=0, upper=1]]]; [TypedParameter[name=left, type=DATE, multiplicity=Bounded[lower=0, upper=1]], TypedParameter[name=right, type=DATE, multiplicity=Bounded[lower=1, upper=1]]]; [TypedParameter[name=left, type=DATE, multiplicity=Bounded[lower=1, upper=1]], TypedParameter[name=right, type=DATE, multiplicity=Bounded[lower=0, upper=1]]]; [TypedParameter[name=left, type=DATE, multiplicity=Bounded[lower=1, upper=1]], TypedParameter[name=right, type=DATE, multiplicity=Bounded[lower=1, upper=1]]]; [TypedParameter[name=left, type=NUMBER, multiplicity=Bounded[lower=0, upper=1]], TypedParameter[name=right, type=NUMBER, multiplicity=Bounded[lower=0, upper=1]]]; [TypedParameter[name=left, type=NUMBER, multiplicity=Bounded[lower=0, upper=1]], TypedParameter[name=right, type=NUMBER, multiplicity=Bounded[lower=1, upper=1]]]; [TypedParameter[name=left, type=NUMBER, multiplicity=Bounded[lower=1, upper=1]], TypedParameter[name=right, type=NUMBER, multiplicity=Bounded[lower=0, upper=1]]]; [TypedParameter[name=left, type=NUMBER, multiplicity=Bounded[lower=1, upper=1]], TypedParameter[name=right, type=NUMBER, multiplicity=Bounded[lower=1, upper=1]]]; [TypedParameter[name=left, type=STRING, multiplicity=Bounded[lower=0, upper=1]], TypedParameter[name=right, type=STRING, multiplicity=Bounded[lower=0, upper=1]]]; [TypedParameter[name=left, type=STRING, multiplicity=Bounded[lower=0, upper=1]], TypedParameter[name=right, type=STRING, multiplicity=Bounded[lower=1, upper=1]]]; [TypedParameter[name=left, type=STRING, multiplicity=Bounded[lower=1, upper=1]], TypedParameter[name=right, type=STRING, multiplicity=Bounded[lower=0, upper=1]]]; [TypedParameter[name=left, type=STRING, multiplicity=Bounded[lower=1, upper=1]], TypedParameter[name=right, type=STRING, multiplicity=Bounded[lower=1, upper=1]]]; [TypedParameter[name=left, type=BOOLEAN, multiplicity=Bounded[lower=0, upper=1]], TypedParameter[name=right, type=BOOLEAN, multiplicity=Bounded[lower=0, upper=1]]]	G-REJECT
cx.ge.Enum.Int	cross	|t::Color.RED >= 1						G-ERR:TypeInferenceException: no overload of 'meta::pure::functions::boolean::greaterThanEqual' structurally matches the argument types (ExprType[type=EnumType[fqn=t::Color], multiplicity=Bounded[lower=1, upper=1]], ExprType[type=INTEGER, multiplicity=Bounded[lower=1, upper=1]]); [TypedParameter[name=left, type=DATE, multiplicity=Bounded[lower=0, upper=1]], TypedParameter[name=right, type=DATE, multiplicity=Bounded[lower=0, upper=1]]]; [TypedParameter[name=left, type=DATE, multiplicity=Bounded[lower=0, upper=1]], TypedParameter[name=right, type=DATE, multiplicity=Bounded[lower=1, upper=1]]]; [TypedParameter[name=left, type=DATE, multiplicity=Bounded[lower=1, upper=1]], TypedParameter[name=right, type=DATE, multiplicity=Bounded[lower=0, upper=1]]]; [TypedParameter[name=left, type=DATE, multiplicity=Bounded[lower=1, upper=1]], TypedParameter[name=right, type=DATE, multiplicity=Bounded[lower=1, upper=1]]]; [TypedParameter[name=left, type=NUMBER, multiplicity=Bounded[lower=0, upper=1]], TypedParameter[name=right, type=NUMBER, multiplicity=Bounded[lower=0, upper=1]]]; [TypedParameter[name=left, type=NUMBER, multiplicity=Bounded[lower=0, upper=1]], TypedParameter[name=right, type=NUMBER, multiplicity=Bounded[lower=1, upper=1]]]; [TypedParameter[name=left, type=NUMBER, multiplicity=Bounded[lower=1, upper=1]], TypedParameter[name=right, type=NUMBER, multiplicity=Bounded[lower=0, upper=1]]]; [TypedParameter[name=left, type=NUMBER, multiplicity=Bounded[lower=1, upper=1]], TypedParameter[name=right, type=NUMBER, multiplicity=Bounded[lower=1, upper=1]]]; [TypedParameter[name=left, type=STRING, multiplicity=Bounded[lower=0, upper=1]], TypedParameter[name=right, type=STRING, multiplicity=Bounded[lower=0, upper=1]]]; [TypedParameter[name=left, type=STRING, multiplicity=Bounded[lower=0, upper=1]], TypedParameter[name=right, type=STRING, multiplicity=Bounded[lower=1, upper=1]]]; [TypedParameter[name=left, type=STRING, multiplicity=Bounded[lower=1, upper=1]], TypedParameter[name=right, type=STRING, multiplicity=Bounded[lower=0, upper=1]]]; [TypedParameter[name=left, type=STRING, multiplicity=Bounded[lower=1, upper=1]], TypedParameter[name=right, type=STRING, multiplicity=Bounded[lower=1, upper=1]]]; [TypedParameter[name=left, type=BOOLEAN, multiplicity=Bounded[lower=0, upper=1]], TypedParameter[name=right, type=BOOLEAN, multiplicity=Bounded[lower=0, upper=1]]]	G-REJECT
cx.eq.Enum.Float	cross	|t::Color.RED == 1.0	Boolean	[1]	SELECT FALSE AS value	Boolean	false	OK	OK
cx.ne.Enum.Float	cross	|t::Color.RED != 1.0	Boolean	[1]	SELECT NOT FALSE AS value	Boolean	true	OK	OK
cx.lt.Enum.Float	cross	|t::Color.RED < 1.0						G-ERR:TypeInferenceException: no overload of 'meta::pure::functions::boolean::lessThan' structurally matches the argument types (ExprType[type=EnumType[fqn=t::Color], multiplicity=Bounded[lower=1, upper=1]], ExprType[type=FLOAT, multiplicity=Bounded[lower=1, upper=1]]); [TypedParameter[name=left, type=DATE, multiplicity=Bounded[lower=0, upper=1]], TypedParameter[name=right, type=DATE, multiplicity=Bounded[lower=0, upper=1]]]; [TypedParameter[name=left, type=BOOLEAN, multiplicity=Bounded[lower=0, upper=1]], TypedParameter[name=right, type=BOOLEAN, multiplicity=Bounded[lower=0, upper=1]]]; [TypedParameter[name=left, type=DATE, multiplicity=Bounded[lower=0, upper=1]], TypedParameter[name=right, type=DATE, multiplicity=Bounded[lower=1, upper=1]]]; [TypedParameter[name=left, type=DATE, multiplicity=Bounded[lower=1, upper=1]], TypedParameter[name=right, type=DATE, multiplicity=Bounded[lower=0, upper=1]]]; [TypedParameter[name=left, type=DATE, multiplicity=Bounded[lower=1, upper=1]], TypedParameter[name=right, type=DATE, multiplicity=Bounded[lower=1, upper=1]]]; [TypedParameter[name=left, type=NUMBER, multiplicity=Bounded[lower=0, upper=1]], TypedParameter[name=right, type=NUMBER, multiplicity=Bounded[lower=0, upper=1]]]; [TypedParameter[name=left, type=NUMBER, multiplicity=Bounded[lower=0, upper=1]], TypedParameter[name=right, type=NUMBER, multiplicity=Bounded[lower=1, upper=1]]]; [TypedParameter[name=left, type=NUMBER, multiplicity=Bounded[lower=1, upper=1]], TypedParameter[name=right, type=NUMBER, multiplicity=Bounded[lower=0, upper=1]]]; [TypedParameter[name=left, type=NUMBER, multiplicity=Bounded[lower=1, upper=1]], TypedParameter[name=right, type=NUMBER, multiplicity=Bounded[lower=1, upper=1]]]; [TypedParameter[name=left, type=STRING, multiplicity=Bounded[lower=0, upper=1]], TypedParameter[name=right, type=STRING, multiplicity=Bounded[lower=0, upper=1]]]; [TypedParameter[name=left, type=STRING, multiplicity=Bounded[lower=0, upper=1]], TypedParameter[name=right, type=STRING, multiplicity=Bounded[lower=1, upper=1]]]; [TypedParameter[name=left, type=STRING, multiplicity=Bounded[lower=1, upper=1]], TypedParameter[name=right, type=STRING, multiplicity=Bounded[lower=0, upper=1]]]; [TypedParameter[name=left, type=STRING, multiplicity=Bounded[lower=1, upper=1]], TypedParameter[name=right, type=STRING, multiplicity=Bounded[lower=1, upper=1]]]	G-REJECT
cx.gt.Enum.Float	cross	|t::Color.RED > 1.0						G-ERR:TypeInferenceException: no overload of 'meta::pure::functions::boolean::greaterThan' structurally matches the argument types (ExprType[type=EnumType[fqn=t::Color], multiplicity=Bounded[lower=1, upper=1]], ExprType[type=FLOAT, multiplicity=Bounded[lower=1, upper=1]]); [TypedParameter[name=left, type=DATE, multiplicity=Bounded[lower=0, upper=1]], TypedParameter[name=right, type=DATE, multiplicity=Bounded[lower=0, upper=1]]]; [TypedParameter[name=left, type=DATE, multiplicity=Bounded[lower=0, upper=1]], TypedParameter[name=right, type=DATE, multiplicity=Bounded[lower=1, upper=1]]]; [TypedParameter[name=left, type=DATE, multiplicity=Bounded[lower=1, upper=1]], TypedParameter[name=right, type=DATE, multiplicity=Bounded[lower=0, upper=1]]]; [TypedParameter[name=left, type=DATE, multiplicity=Bounded[lower=1, upper=1]], TypedParameter[name=right, type=DATE, multiplicity=Bounded[lower=1, upper=1]]]; [TypedParameter[name=left, type=NUMBER, multiplicity=Bounded[lower=0, upper=1]], TypedParameter[name=right, type=NUMBER, multiplicity=Bounded[lower=0, upper=1]]]; [TypedParameter[name=left, type=NUMBER, multiplicity=Bounded[lower=0, upper=1]], TypedParameter[name=right, type=NUMBER, multiplicity=Bounded[lower=1, upper=1]]]; [TypedParameter[name=left, type=NUMBER, multiplicity=Bounded[lower=1, upper=1]], TypedParameter[name=right, type=NUMBER, multiplicity=Bounded[lower=0, upper=1]]]; [TypedParameter[name=left, type=NUMBER, multiplicity=Bounded[lower=1, upper=1]], TypedParameter[name=right, type=NUMBER, multiplicity=Bounded[lower=1, upper=1]]]; [TypedParameter[name=left, type=STRING, multiplicity=Bounded[lower=0, upper=1]], TypedParameter[name=right, type=STRING, multiplicity=Bounded[lower=0, upper=1]]]; [TypedParameter[name=left, type=STRING, multiplicity=Bounded[lower=0, upper=1]], TypedParameter[name=right, type=STRING, multiplicity=Bounded[lower=1, upper=1]]]; [TypedParameter[name=left, type=STRING, multiplicity=Bounded[lower=1, upper=1]], TypedParameter[name=right, type=STRING, multiplicity=Bounded[lower=0, upper=1]]]; [TypedParameter[name=left, type=STRING, multiplicity=Bounded[lower=1, upper=1]], TypedParameter[name=right, type=STRING, multiplicity=Bounded[lower=1, upper=1]]]; [TypedParameter[name=left, type=BOOLEAN, multiplicity=Bounded[lower=0, upper=1]], TypedParameter[name=right, type=BOOLEAN, multiplicity=Bounded[lower=0, upper=1]]]	G-REJECT
cx.le.Enum.Float	cross	|t::Color.RED <= 1.0						G-ERR:TypeInferenceException: no overload of 'meta::pure::functions::boolean::lessThanEqual' structurally matches the argument types (ExprType[type=EnumType[fqn=t::Color], multiplicity=Bounded[lower=1, upper=1]], ExprType[type=FLOAT, multiplicity=Bounded[lower=1, upper=1]]); [TypedParameter[name=left, type=DATE, multiplicity=Bounded[lower=0, upper=1]], TypedParameter[name=right, type=DATE, multiplicity=Bounded[lower=0, upper=1]]]; [TypedParameter[name=left, type=DATE, multiplicity=Bounded[lower=0, upper=1]], TypedParameter[name=right, type=DATE, multiplicity=Bounded[lower=1, upper=1]]]; [TypedParameter[name=left, type=DATE, multiplicity=Bounded[lower=1, upper=1]], TypedParameter[name=right, type=DATE, multiplicity=Bounded[lower=0, upper=1]]]; [TypedParameter[name=left, type=DATE, multiplicity=Bounded[lower=1, upper=1]], TypedParameter[name=right, type=DATE, multiplicity=Bounded[lower=1, upper=1]]]; [TypedParameter[name=left, type=NUMBER, multiplicity=Bounded[lower=0, upper=1]], TypedParameter[name=right, type=NUMBER, multiplicity=Bounded[lower=0, upper=1]]]; [TypedParameter[name=left, type=NUMBER, multiplicity=Bounded[lower=0, upper=1]], TypedParameter[name=right, type=NUMBER, multiplicity=Bounded[lower=1, upper=1]]]; [TypedParameter[name=left, type=NUMBER, multiplicity=Bounded[lower=1, upper=1]], TypedParameter[name=right, type=NUMBER, multiplicity=Bounded[lower=0, upper=1]]]; [TypedParameter[name=left, type=NUMBER, multiplicity=Bounded[lower=1, upper=1]], TypedParameter[name=right, type=NUMBER, multiplicity=Bounded[lower=1, upper=1]]]; [TypedParameter[name=left, type=STRING, multiplicity=Bounded[lower=0, upper=1]], TypedParameter[name=right, type=STRING, multiplicity=Bounded[lower=0, upper=1]]]; [TypedParameter[name=left, type=STRING, multiplicity=Bounded[lower=0, upper=1]], TypedParameter[name=right, type=STRING, multiplicity=Bounded[lower=1, upper=1]]]; [TypedParameter[name=left, type=STRING, multiplicity=Bounded[lower=1, upper=1]], TypedParameter[name=right, type=STRING, multiplicity=Bounded[lower=0, upper=1]]]; [TypedParameter[name=left, type=STRING, multiplicity=Bounded[lower=1, upper=1]], TypedParameter[name=right, type=STRING, multiplicity=Bounded[lower=1, upper=1]]]; [TypedParameter[name=left, type=BOOLEAN, multiplicity=Bounded[lower=0, upper=1]], TypedParameter[name=right, type=BOOLEAN, multiplicity=Bounded[lower=0, upper=1]]]	G-REJECT
cx.ge.Enum.Float	cross	|t::Color.RED >= 1.0						G-ERR:TypeInferenceException: no overload of 'meta::pure::functions::boolean::greaterThanEqual' structurally matches the argument types (ExprType[type=EnumType[fqn=t::Color], multiplicity=Bounded[lower=1, upper=1]], ExprType[type=FLOAT, multiplicity=Bounded[lower=1, upper=1]]); [TypedParameter[name=left, type=DATE, multiplicity=Bounded[lower=0, upper=1]], TypedParameter[name=right, type=DATE, multiplicity=Bounded[lower=0, upper=1]]]; [TypedParameter[name=left, type=DATE, multiplicity=Bounded[lower=0, upper=1]], TypedParameter[name=right, type=DATE, multiplicity=Bounded[lower=1, upper=1]]]; [TypedParameter[name=left, type=DATE, multiplicity=Bounded[lower=1, upper=1]], TypedParameter[name=right, type=DATE, multiplicity=Bounded[lower=0, upper=1]]]; [TypedParameter[name=left, type=DATE, multiplicity=Bounded[lower=1, upper=1]], TypedParameter[name=right, type=DATE, multiplicity=Bounded[lower=1, upper=1]]]; [TypedParameter[name=left, type=NUMBER, multiplicity=Bounded[lower=0, upper=1]], TypedParameter[name=right, type=NUMBER, multiplicity=Bounded[lower=0, upper=1]]]; [TypedParameter[name=left, type=NUMBER, multiplicity=Bounded[lower=0, upper=1]], TypedParameter[name=right, type=NUMBER, multiplicity=Bounded[lower=1, upper=1]]]; [TypedParameter[name=left, type=NUMBER, multiplicity=Bounded[lower=1, upper=1]], TypedParameter[name=right, type=NUMBER, multiplicity=Bounded[lower=0, upper=1]]]; [TypedParameter[name=left, type=NUMBER, multiplicity=Bounded[lower=1, upper=1]], TypedParameter[name=right, type=NUMBER, multiplicity=Bounded[lower=1, upper=1]]]; [TypedParameter[name=left, type=STRING, multiplicity=Bounded[lower=0, upper=1]], TypedParameter[name=right, type=STRING, multiplicity=Bounded[lower=0, upper=1]]]; [TypedParameter[name=left, type=STRING, multiplicity=Bounded[lower=0, upper=1]], TypedParameter[name=right, type=STRING, multiplicity=Bounded[lower=1, upper=1]]]; [TypedParameter[name=left, type=STRING, multiplicity=Bounded[lower=1, upper=1]], TypedParameter[name=right, type=STRING, multiplicity=Bounded[lower=0, upper=1]]]; [TypedParameter[name=left, type=STRING, multiplicity=Bounded[lower=1, upper=1]], TypedParameter[name=right, type=STRING, multiplicity=Bounded[lower=1, upper=1]]]; [TypedParameter[name=left, type=BOOLEAN, multiplicity=Bounded[lower=0, upper=1]], TypedParameter[name=right, type=BOOLEAN, multiplicity=Bounded[lower=0, upper=1]]]	G-REJECT
cx.eq.Enum.Dec	cross	|t::Color.RED == 1.0d	Boolean	[1]	SELECT FALSE AS value	Boolean	false	OK	OK
cx.ne.Enum.Dec	cross	|t::Color.RED != 1.0d	Boolean	[1]	SELECT NOT FALSE AS value	Boolean	true	OK	OK
cx.lt.Enum.Dec	cross	|t::Color.RED < 1.0d						G-ERR:TypeInferenceException: no overload of 'meta::pure::functions::boolean::lessThan' structurally matches the argument types (ExprType[type=EnumType[fqn=t::Color], multiplicity=Bounded[lower=1, upper=1]], ExprType[type=PrecisionDecimal[precision=38, scale=1], multiplicity=Bounded[lower=1, upper=1]]); [TypedParameter[name=left, type=DATE, multiplicity=Bounded[lower=0, upper=1]], TypedParameter[name=right, type=DATE, multiplicity=Bounded[lower=0, upper=1]]]; [TypedParameter[name=left, type=BOOLEAN, multiplicity=Bounded[lower=0, upper=1]], TypedParameter[name=right, type=BOOLEAN, multiplicity=Bounded[lower=0, upper=1]]]; [TypedParameter[name=left, type=DATE, multiplicity=Bounded[lower=0, upper=1]], TypedParameter[name=right, type=DATE, multiplicity=Bounded[lower=1, upper=1]]]; [TypedParameter[name=left, type=DATE, multiplicity=Bounded[lower=1, upper=1]], TypedParameter[name=right, type=DATE, multiplicity=Bounded[lower=0, upper=1]]]; [TypedParameter[name=left, type=DATE, multiplicity=Bounded[lower=1, upper=1]], TypedParameter[name=right, type=DATE, multiplicity=Bounded[lower=1, upper=1]]]; [TypedParameter[name=left, type=NUMBER, multiplicity=Bounded[lower=0, upper=1]], TypedParameter[name=right, type=NUMBER, multiplicity=Bounded[lower=0, upper=1]]]; [TypedParameter[name=left, type=NUMBER, multiplicity=Bounded[lower=0, upper=1]], TypedParameter[name=right, type=NUMBER, multiplicity=Bounded[lower=1, upper=1]]]; [TypedParameter[name=left, type=NUMBER, multiplicity=Bounded[lower=1, upper=1]], TypedParameter[name=right, type=NUMBER, multiplicity=Bounded[lower=0, upper=1]]]; [TypedParameter[name=left, type=NUMBER, multiplicity=Bounded[lower=1, upper=1]], TypedParameter[name=right, type=NUMBER, multiplicity=Bounded[lower=1, upper=1]]]; [TypedParameter[name=left, type=STRING, multiplicity=Bounded[lower=0, upper=1]], TypedParameter[name=right, type=STRING, multiplicity=Bounded[lower=0, upper=1]]]; [TypedParameter[name=left, type=STRING, multiplicity=Bounded[lower=0, upper=1]], TypedParameter[name=right, type=STRING, multiplicity=Bounded[lower=1, upper=1]]]; [TypedParameter[name=left, type=STRING, multiplicity=Bounded[lower=1, upper=1]], TypedParameter[name=right, type=STRING, multiplicity=Bounded[lower=0, upper=1]]]; [TypedParameter[name=left, type=STRING, multiplicity=Bounded[lower=1, upper=1]], TypedParameter[name=right, type=STRING, multiplicity=Bounded[lower=1, upper=1]]]	G-REJECT
cx.gt.Enum.Dec	cross	|t::Color.RED > 1.0d						G-ERR:TypeInferenceException: no overload of 'meta::pure::functions::boolean::greaterThan' structurally matches the argument types (ExprType[type=EnumType[fqn=t::Color], multiplicity=Bounded[lower=1, upper=1]], ExprType[type=PrecisionDecimal[precision=38, scale=1], multiplicity=Bounded[lower=1, upper=1]]); [TypedParameter[name=left, type=DATE, multiplicity=Bounded[lower=0, upper=1]], TypedParameter[name=right, type=DATE, multiplicity=Bounded[lower=0, upper=1]]]; [TypedParameter[name=left, type=DATE, multiplicity=Bounded[lower=0, upper=1]], TypedParameter[name=right, type=DATE, multiplicity=Bounded[lower=1, upper=1]]]; [TypedParameter[name=left, type=DATE, multiplicity=Bounded[lower=1, upper=1]], TypedParameter[name=right, type=DATE, multiplicity=Bounded[lower=0, upper=1]]]; [TypedParameter[name=left, type=DATE, multiplicity=Bounded[lower=1, upper=1]], TypedParameter[name=right, type=DATE, multiplicity=Bounded[lower=1, upper=1]]]; [TypedParameter[name=left, type=NUMBER, multiplicity=Bounded[lower=0, upper=1]], TypedParameter[name=right, type=NUMBER, multiplicity=Bounded[lower=0, upper=1]]]; [TypedParameter[name=left, type=NUMBER, multiplicity=Bounded[lower=0, upper=1]], TypedParameter[name=right, type=NUMBER, multiplicity=Bounded[lower=1, upper=1]]]; [TypedParameter[name=left, type=NUMBER, multiplicity=Bounded[lower=1, upper=1]], TypedParameter[name=right, type=NUMBER, multiplicity=Bounded[lower=0, upper=1]]]; [TypedParameter[name=left, type=NUMBER, multiplicity=Bounded[lower=1, upper=1]], TypedParameter[name=right, type=NUMBER, multiplicity=Bounded[lower=1, upper=1]]]; [TypedParameter[name=left, type=STRING, multiplicity=Bounded[lower=0, upper=1]], TypedParameter[name=right, type=STRING, multiplicity=Bounded[lower=0, upper=1]]]; [TypedParameter[name=left, type=STRING, multiplicity=Bounded[lower=0, upper=1]], TypedParameter[name=right, type=STRING, multiplicity=Bounded[lower=1, upper=1]]]; [TypedParameter[name=left, type=STRING, multiplicity=Bounded[lower=1, upper=1]], TypedParameter[name=right, type=STRING, multiplicity=Bounded[lower=0, upper=1]]]; [TypedParameter[name=left, type=STRING, multiplicity=Bounded[lower=1, upper=1]], TypedParameter[name=right, type=STRING, multiplicity=Bounded[lower=1, upper=1]]]; [TypedParameter[name=left, type=BOOLEAN, multiplicity=Bounded[lower=0, upper=1]], TypedParameter[name=right, type=BOOLEAN, multiplicity=Bounded[lower=0, upper=1]]]	G-REJECT
cx.le.Enum.Dec	cross	|t::Color.RED <= 1.0d						G-ERR:TypeInferenceException: no overload of 'meta::pure::functions::boolean::lessThanEqual' structurally matches the argument types (ExprType[type=EnumType[fqn=t::Color], multiplicity=Bounded[lower=1, upper=1]], ExprType[type=PrecisionDecimal[precision=38, scale=1], multiplicity=Bounded[lower=1, upper=1]]); [TypedParameter[name=left, type=DATE, multiplicity=Bounded[lower=0, upper=1]], TypedParameter[name=right, type=DATE, multiplicity=Bounded[lower=0, upper=1]]]; [TypedParameter[name=left, type=DATE, multiplicity=Bounded[lower=0, upper=1]], TypedParameter[name=right, type=DATE, multiplicity=Bounded[lower=1, upper=1]]]; [TypedParameter[name=left, type=DATE, multiplicity=Bounded[lower=1, upper=1]], TypedParameter[name=right, type=DATE, multiplicity=Bounded[lower=0, upper=1]]]; [TypedParameter[name=left, type=DATE, multiplicity=Bounded[lower=1, upper=1]], TypedParameter[name=right, type=DATE, multiplicity=Bounded[lower=1, upper=1]]]; [TypedParameter[name=left, type=NUMBER, multiplicity=Bounded[lower=0, upper=1]], TypedParameter[name=right, type=NUMBER, multiplicity=Bounded[lower=0, upper=1]]]; [TypedParameter[name=left, type=NUMBER, multiplicity=Bounded[lower=0, upper=1]], TypedParameter[name=right, type=NUMBER, multiplicity=Bounded[lower=1, upper=1]]]; [TypedParameter[name=left, type=NUMBER, multiplicity=Bounded[lower=1, upper=1]], TypedParameter[name=right, type=NUMBER, multiplicity=Bounded[lower=0, upper=1]]]; [TypedParameter[name=left, type=NUMBER, multiplicity=Bounded[lower=1, upper=1]], TypedParameter[name=right, type=NUMBER, multiplicity=Bounded[lower=1, upper=1]]]; [TypedParameter[name=left, type=STRING, multiplicity=Bounded[lower=0, upper=1]], TypedParameter[name=right, type=STRING, multiplicity=Bounded[lower=0, upper=1]]]; [TypedParameter[name=left, type=STRING, multiplicity=Bounded[lower=0, upper=1]], TypedParameter[name=right, type=STRING, multiplicity=Bounded[lower=1, upper=1]]]; [TypedParameter[name=left, type=STRING, multiplicity=Bounded[lower=1, upper=1]], TypedParameter[name=right, type=STRING, multiplicity=Bounded[lower=0, upper=1]]]; [TypedParameter[name=left, type=STRING, multiplicity=Bounded[lower=1, upper=1]], TypedParameter[name=right, type=STRING, multiplicity=Bounded[lower=1, upper=1]]]; [TypedParameter[name=left, type=BOOLEAN, multiplicity=Bounded[lower=0, upper=1]], TypedParameter[name=right, type=BOOLEAN, multiplicity=Bounded[lower=0, upper=1]]]	G-REJECT
cx.ge.Enum.Dec	cross	|t::Color.RED >= 1.0d						G-ERR:TypeInferenceException: no overload of 'meta::pure::functions::boolean::greaterThanEqual' structurally matches the argument types (ExprType[type=EnumType[fqn=t::Color], multiplicity=Bounded[lower=1, upper=1]], ExprType[type=PrecisionDecimal[precision=38, scale=1], multiplicity=Bounded[lower=1, upper=1]]); [TypedParameter[name=left, type=DATE, multiplicity=Bounded[lower=0, upper=1]], TypedParameter[name=right, type=DATE, multiplicity=Bounded[lower=0, upper=1]]]; [TypedParameter[name=left, type=DATE, multiplicity=Bounded[lower=0, upper=1]], TypedParameter[name=right, type=DATE, multiplicity=Bounded[lower=1, upper=1]]]; [TypedParameter[name=left, type=DATE, multiplicity=Bounded[lower=1, upper=1]], TypedParameter[name=right, type=DATE, multiplicity=Bounded[lower=0, upper=1]]]; [TypedParameter[name=left, type=DATE, multiplicity=Bounded[lower=1, upper=1]], TypedParameter[name=right, type=DATE, multiplicity=Bounded[lower=1, upper=1]]]; [TypedParameter[name=left, type=NUMBER, multiplicity=Bounded[lower=0, upper=1]], TypedParameter[name=right, type=NUMBER, multiplicity=Bounded[lower=0, upper=1]]]; [TypedParameter[name=left, type=NUMBER, multiplicity=Bounded[lower=0, upper=1]], TypedParameter[name=right, type=NUMBER, multiplicity=Bounded[lower=1, upper=1]]]; [TypedParameter[name=left, type=NUMBER, multiplicity=Bounded[lower=1, upper=1]], TypedParameter[name=right, type=NUMBER, multiplicity=Bounded[lower=0, upper=1]]]; [TypedParameter[name=left, type=NUMBER, multiplicity=Bounded[lower=1, upper=1]], TypedParameter[name=right, type=NUMBER, multiplicity=Bounded[lower=1, upper=1]]]; [TypedParameter[name=left, type=STRING, multiplicity=Bounded[lower=0, upper=1]], TypedParameter[name=right, type=STRING, multiplicity=Bounded[lower=0, upper=1]]]; [TypedParameter[name=left, type=STRING, multiplicity=Bounded[lower=0, upper=1]], TypedParameter[name=right, type=STRING, multiplicity=Bounded[lower=1, upper=1]]]; [TypedParameter[name=left, type=STRING, multiplicity=Bounded[lower=1, upper=1]], TypedParameter[name=right, type=STRING, multiplicity=Bounded[lower=0, upper=1]]]; [TypedParameter[name=left, type=STRING, multiplicity=Bounded[lower=1, upper=1]], TypedParameter[name=right, type=STRING, multiplicity=Bounded[lower=1, upper=1]]]; [TypedParameter[name=left, type=BOOLEAN, multiplicity=Bounded[lower=0, upper=1]], TypedParameter[name=right, type=BOOLEAN, multiplicity=Bounded[lower=0, upper=1]]]	G-REJECT
cx.eq.Enum.Str	cross	|t::Color.RED == '1'	Boolean	[1]	SELECT 'RED' = '1' AS value	Boolean	false	OK	OK
cx.ne.Enum.Str	cross	|t::Color.RED != '1'	Boolean	[1]	SELECT 'RED' <> '1' AS value	Boolean	true	OK	OK
cx.lt.Enum.Str	cross	|t::Color.RED < '1'						G-ERR:TypeInferenceException: no overload of 'meta::pure::functions::boolean::lessThan' structurally matches the argument types (ExprType[type=EnumType[fqn=t::Color], multiplicity=Bounded[lower=1, upper=1]], ExprType[type=STRING, multiplicity=Bounded[lower=1, upper=1]]); [TypedParameter[name=left, type=DATE, multiplicity=Bounded[lower=0, upper=1]], TypedParameter[name=right, type=DATE, multiplicity=Bounded[lower=0, upper=1]]]; [TypedParameter[name=left, type=BOOLEAN, multiplicity=Bounded[lower=0, upper=1]], TypedParameter[name=right, type=BOOLEAN, multiplicity=Bounded[lower=0, upper=1]]]; [TypedParameter[name=left, type=DATE, multiplicity=Bounded[lower=0, upper=1]], TypedParameter[name=right, type=DATE, multiplicity=Bounded[lower=1, upper=1]]]; [TypedParameter[name=left, type=DATE, multiplicity=Bounded[lower=1, upper=1]], TypedParameter[name=right, type=DATE, multiplicity=Bounded[lower=0, upper=1]]]; [TypedParameter[name=left, type=DATE, multiplicity=Bounded[lower=1, upper=1]], TypedParameter[name=right, type=DATE, multiplicity=Bounded[lower=1, upper=1]]]; [TypedParameter[name=left, type=NUMBER, multiplicity=Bounded[lower=0, upper=1]], TypedParameter[name=right, type=NUMBER, multiplicity=Bounded[lower=0, upper=1]]]; [TypedParameter[name=left, type=NUMBER, multiplicity=Bounded[lower=0, upper=1]], TypedParameter[name=right, type=NUMBER, multiplicity=Bounded[lower=1, upper=1]]]; [TypedParameter[name=left, type=NUMBER, multiplicity=Bounded[lower=1, upper=1]], TypedParameter[name=right, type=NUMBER, multiplicity=Bounded[lower=0, upper=1]]]; [TypedParameter[name=left, type=NUMBER, multiplicity=Bounded[lower=1, upper=1]], TypedParameter[name=right, type=NUMBER, multiplicity=Bounded[lower=1, upper=1]]]; [TypedParameter[name=left, type=STRING, multiplicity=Bounded[lower=0, upper=1]], TypedParameter[name=right, type=STRING, multiplicity=Bounded[lower=0, upper=1]]]; [TypedParameter[name=left, type=STRING, multiplicity=Bounded[lower=0, upper=1]], TypedParameter[name=right, type=STRING, multiplicity=Bounded[lower=1, upper=1]]]; [TypedParameter[name=left, type=STRING, multiplicity=Bounded[lower=1, upper=1]], TypedParameter[name=right, type=STRING, multiplicity=Bounded[lower=0, upper=1]]]; [TypedParameter[name=left, type=STRING, multiplicity=Bounded[lower=1, upper=1]], TypedParameter[name=right, type=STRING, multiplicity=Bounded[lower=1, upper=1]]]	G-REJECT
cx.gt.Enum.Str	cross	|t::Color.RED > '1'						G-ERR:TypeInferenceException: no overload of 'meta::pure::functions::boolean::greaterThan' structurally matches the argument types (ExprType[type=EnumType[fqn=t::Color], multiplicity=Bounded[lower=1, upper=1]], ExprType[type=STRING, multiplicity=Bounded[lower=1, upper=1]]); [TypedParameter[name=left, type=DATE, multiplicity=Bounded[lower=0, upper=1]], TypedParameter[name=right, type=DATE, multiplicity=Bounded[lower=0, upper=1]]]; [TypedParameter[name=left, type=DATE, multiplicity=Bounded[lower=0, upper=1]], TypedParameter[name=right, type=DATE, multiplicity=Bounded[lower=1, upper=1]]]; [TypedParameter[name=left, type=DATE, multiplicity=Bounded[lower=1, upper=1]], TypedParameter[name=right, type=DATE, multiplicity=Bounded[lower=0, upper=1]]]; [TypedParameter[name=left, type=DATE, multiplicity=Bounded[lower=1, upper=1]], TypedParameter[name=right, type=DATE, multiplicity=Bounded[lower=1, upper=1]]]; [TypedParameter[name=left, type=NUMBER, multiplicity=Bounded[lower=0, upper=1]], TypedParameter[name=right, type=NUMBER, multiplicity=Bounded[lower=0, upper=1]]]; [TypedParameter[name=left, type=NUMBER, multiplicity=Bounded[lower=0, upper=1]], TypedParameter[name=right, type=NUMBER, multiplicity=Bounded[lower=1, upper=1]]]; [TypedParameter[name=left, type=NUMBER, multiplicity=Bounded[lower=1, upper=1]], TypedParameter[name=right, type=NUMBER, multiplicity=Bounded[lower=0, upper=1]]]; [TypedParameter[name=left, type=NUMBER, multiplicity=Bounded[lower=1, upper=1]], TypedParameter[name=right, type=NUMBER, multiplicity=Bounded[lower=1, upper=1]]]; [TypedParameter[name=left, type=STRING, multiplicity=Bounded[lower=0, upper=1]], TypedParameter[name=right, type=STRING, multiplicity=Bounded[lower=0, upper=1]]]; [TypedParameter[name=left, type=STRING, multiplicity=Bounded[lower=0, upper=1]], TypedParameter[name=right, type=STRING, multiplicity=Bounded[lower=1, upper=1]]]; [TypedParameter[name=left, type=STRING, multiplicity=Bounded[lower=1, upper=1]], TypedParameter[name=right, type=STRING, multiplicity=Bounded[lower=0, upper=1]]]; [TypedParameter[name=left, type=STRING, multiplicity=Bounded[lower=1, upper=1]], TypedParameter[name=right, type=STRING, multiplicity=Bounded[lower=1, upper=1]]]; [TypedParameter[name=left, type=BOOLEAN, multiplicity=Bounded[lower=0, upper=1]], TypedParameter[name=right, type=BOOLEAN, multiplicity=Bounded[lower=0, upper=1]]]	G-REJECT
cx.le.Enum.Str	cross	|t::Color.RED <= '1'						G-ERR:TypeInferenceException: no overload of 'meta::pure::functions::boolean::lessThanEqual' structurally matches the argument types (ExprType[type=EnumType[fqn=t::Color], multiplicity=Bounded[lower=1, upper=1]], ExprType[type=STRING, multiplicity=Bounded[lower=1, upper=1]]); [TypedParameter[name=left, type=DATE, multiplicity=Bounded[lower=0, upper=1]], TypedParameter[name=right, type=DATE, multiplicity=Bounded[lower=0, upper=1]]]; [TypedParameter[name=left, type=DATE, multiplicity=Bounded[lower=0, upper=1]], TypedParameter[name=right, type=DATE, multiplicity=Bounded[lower=1, upper=1]]]; [TypedParameter[name=left, type=DATE, multiplicity=Bounded[lower=1, upper=1]], TypedParameter[name=right, type=DATE, multiplicity=Bounded[lower=0, upper=1]]]; [TypedParameter[name=left, type=DATE, multiplicity=Bounded[lower=1, upper=1]], TypedParameter[name=right, type=DATE, multiplicity=Bounded[lower=1, upper=1]]]; [TypedParameter[name=left, type=NUMBER, multiplicity=Bounded[lower=0, upper=1]], TypedParameter[name=right, type=NUMBER, multiplicity=Bounded[lower=0, upper=1]]]; [TypedParameter[name=left, type=NUMBER, multiplicity=Bounded[lower=0, upper=1]], TypedParameter[name=right, type=NUMBER, multiplicity=Bounded[lower=1, upper=1]]]; [TypedParameter[name=left, type=NUMBER, multiplicity=Bounded[lower=1, upper=1]], TypedParameter[name=right, type=NUMBER, multiplicity=Bounded[lower=0, upper=1]]]; [TypedParameter[name=left, type=NUMBER, multiplicity=Bounded[lower=1, upper=1]], TypedParameter[name=right, type=NUMBER, multiplicity=Bounded[lower=1, upper=1]]]; [TypedParameter[name=left, type=STRING, multiplicity=Bounded[lower=0, upper=1]], TypedParameter[name=right, type=STRING, multiplicity=Bounded[lower=0, upper=1]]]; [TypedParameter[name=left, type=STRING, multiplicity=Bounded[lower=0, upper=1]], TypedParameter[name=right, type=STRING, multiplicity=Bounded[lower=1, upper=1]]]; [TypedParameter[name=left, type=STRING, multiplicity=Bounded[lower=1, upper=1]], TypedParameter[name=right, type=STRING, multiplicity=Bounded[lower=0, upper=1]]]; [TypedParameter[name=left, type=STRING, multiplicity=Bounded[lower=1, upper=1]], TypedParameter[name=right, type=STRING, multiplicity=Bounded[lower=1, upper=1]]]; [TypedParameter[name=left, type=BOOLEAN, multiplicity=Bounded[lower=0, upper=1]], TypedParameter[name=right, type=BOOLEAN, multiplicity=Bounded[lower=0, upper=1]]]	G-REJECT
cx.ge.Enum.Str	cross	|t::Color.RED >= '1'						G-ERR:TypeInferenceException: no overload of 'meta::pure::functions::boolean::greaterThanEqual' structurally matches the argument types (ExprType[type=EnumType[fqn=t::Color], multiplicity=Bounded[lower=1, upper=1]], ExprType[type=STRING, multiplicity=Bounded[lower=1, upper=1]]); [TypedParameter[name=left, type=DATE, multiplicity=Bounded[lower=0, upper=1]], TypedParameter[name=right, type=DATE, multiplicity=Bounded[lower=0, upper=1]]]; [TypedParameter[name=left, type=DATE, multiplicity=Bounded[lower=0, upper=1]], TypedParameter[name=right, type=DATE, multiplicity=Bounded[lower=1, upper=1]]]; [TypedParameter[name=left, type=DATE, multiplicity=Bounded[lower=1, upper=1]], TypedParameter[name=right, type=DATE, multiplicity=Bounded[lower=0, upper=1]]]; [TypedParameter[name=left, type=DATE, multiplicity=Bounded[lower=1, upper=1]], TypedParameter[name=right, type=DATE, multiplicity=Bounded[lower=1, upper=1]]]; [TypedParameter[name=left, type=NUMBER, multiplicity=Bounded[lower=0, upper=1]], TypedParameter[name=right, type=NUMBER, multiplicity=Bounded[lower=0, upper=1]]]; [TypedParameter[name=left, type=NUMBER, multiplicity=Bounded[lower=0, upper=1]], TypedParameter[name=right, type=NUMBER, multiplicity=Bounded[lower=1, upper=1]]]; [TypedParameter[name=left, type=NUMBER, multiplicity=Bounded[lower=1, upper=1]], TypedParameter[name=right, type=NUMBER, multiplicity=Bounded[lower=0, upper=1]]]; [TypedParameter[name=left, type=NUMBER, multiplicity=Bounded[lower=1, upper=1]], TypedParameter[name=right, type=NUMBER, multiplicity=Bounded[lower=1, upper=1]]]; [TypedParameter[name=left, type=STRING, multiplicity=Bounded[lower=0, upper=1]], TypedParameter[name=right, type=STRING, multiplicity=Bounded[lower=0, upper=1]]]; [TypedParameter[name=left, type=STRING, multiplicity=Bounded[lower=0, upper=1]], TypedParameter[name=right, type=STRING, multiplicity=Bounded[lower=1, upper=1]]]; [TypedParameter[name=left, type=STRING, multiplicity=Bounded[lower=1, upper=1]], TypedParameter[name=right, type=STRING, multiplicity=Bounded[lower=0, upper=1]]]; [TypedParameter[name=left, type=STRING, multiplicity=Bounded[lower=1, upper=1]], TypedParameter[name=right, type=STRING, multiplicity=Bounded[lower=1, upper=1]]]; [TypedParameter[name=left, type=BOOLEAN, multiplicity=Bounded[lower=0, upper=1]], TypedParameter[name=right, type=BOOLEAN, multiplicity=Bounded[lower=0, upper=1]]]	G-REJECT
cx.eq.Enum.SDate	cross	|t::Color.RED == %2024-03-15	Boolean	[1]	SELECT FALSE AS value	Boolean	false	OK	OK
cx.ne.Enum.SDate	cross	|t::Color.RED != %2024-03-15	Boolean	[1]	SELECT NOT FALSE AS value	Boolean	true	OK	OK
cx.lt.Enum.SDate	cross	|t::Color.RED < %2024-03-15						G-ERR:TypeInferenceException: no overload of 'meta::pure::functions::boolean::lessThan' structurally matches the argument types (ExprType[type=EnumType[fqn=t::Color], multiplicity=Bounded[lower=1, upper=1]], ExprType[type=STRICT_DATE, multiplicity=Bounded[lower=1, upper=1]]); [TypedParameter[name=left, type=DATE, multiplicity=Bounded[lower=0, upper=1]], TypedParameter[name=right, type=DATE, multiplicity=Bounded[lower=0, upper=1]]]; [TypedParameter[name=left, type=BOOLEAN, multiplicity=Bounded[lower=0, upper=1]], TypedParameter[name=right, type=BOOLEAN, multiplicity=Bounded[lower=0, upper=1]]]; [TypedParameter[name=left, type=DATE, multiplicity=Bounded[lower=0, upper=1]], TypedParameter[name=right, type=DATE, multiplicity=Bounded[lower=1, upper=1]]]; [TypedParameter[name=left, type=DATE, multiplicity=Bounded[lower=1, upper=1]], TypedParameter[name=right, type=DATE, multiplicity=Bounded[lower=0, upper=1]]]; [TypedParameter[name=left, type=DATE, multiplicity=Bounded[lower=1, upper=1]], TypedParameter[name=right, type=DATE, multiplicity=Bounded[lower=1, upper=1]]]; [TypedParameter[name=left, type=NUMBER, multiplicity=Bounded[lower=0, upper=1]], TypedParameter[name=right, type=NUMBER, multiplicity=Bounded[lower=0, upper=1]]]; [TypedParameter[name=left, type=NUMBER, multiplicity=Bounded[lower=0, upper=1]], TypedParameter[name=right, type=NUMBER, multiplicity=Bounded[lower=1, upper=1]]]; [TypedParameter[name=left, type=NUMBER, multiplicity=Bounded[lower=1, upper=1]], TypedParameter[name=right, type=NUMBER, multiplicity=Bounded[lower=0, upper=1]]]; [TypedParameter[name=left, type=NUMBER, multiplicity=Bounded[lower=1, upper=1]], TypedParameter[name=right, type=NUMBER, multiplicity=Bounded[lower=1, upper=1]]]; [TypedParameter[name=left, type=STRING, multiplicity=Bounded[lower=0, upper=1]], TypedParameter[name=right, type=STRING, multiplicity=Bounded[lower=0, upper=1]]]; [TypedParameter[name=left, type=STRING, multiplicity=Bounded[lower=0, upper=1]], TypedParameter[name=right, type=STRING, multiplicity=Bounded[lower=1, upper=1]]]; [TypedParameter[name=left, type=STRING, multiplicity=Bounded[lower=1, upper=1]], TypedParameter[name=right, type=STRING, multiplicity=Bounded[lower=0, upper=1]]]; [TypedParameter[name=left, type=STRING, multiplicity=Bounded[lower=1, upper=1]], TypedParameter[name=right, type=STRING, multiplicity=Bounded[lower=1, upper=1]]]	G-REJECT
cx.gt.Enum.SDate	cross	|t::Color.RED > %2024-03-15						G-ERR:TypeInferenceException: no overload of 'meta::pure::functions::boolean::greaterThan' structurally matches the argument types (ExprType[type=EnumType[fqn=t::Color], multiplicity=Bounded[lower=1, upper=1]], ExprType[type=STRICT_DATE, multiplicity=Bounded[lower=1, upper=1]]); [TypedParameter[name=left, type=DATE, multiplicity=Bounded[lower=0, upper=1]], TypedParameter[name=right, type=DATE, multiplicity=Bounded[lower=0, upper=1]]]; [TypedParameter[name=left, type=DATE, multiplicity=Bounded[lower=0, upper=1]], TypedParameter[name=right, type=DATE, multiplicity=Bounded[lower=1, upper=1]]]; [TypedParameter[name=left, type=DATE, multiplicity=Bounded[lower=1, upper=1]], TypedParameter[name=right, type=DATE, multiplicity=Bounded[lower=0, upper=1]]]; [TypedParameter[name=left, type=DATE, multiplicity=Bounded[lower=1, upper=1]], TypedParameter[name=right, type=DATE, multiplicity=Bounded[lower=1, upper=1]]]; [TypedParameter[name=left, type=NUMBER, multiplicity=Bounded[lower=0, upper=1]], TypedParameter[name=right, type=NUMBER, multiplicity=Bounded[lower=0, upper=1]]]; [TypedParameter[name=left, type=NUMBER, multiplicity=Bounded[lower=0, upper=1]], TypedParameter[name=right, type=NUMBER, multiplicity=Bounded[lower=1, upper=1]]]; [TypedParameter[name=left, type=NUMBER, multiplicity=Bounded[lower=1, upper=1]], TypedParameter[name=right, type=NUMBER, multiplicity=Bounded[lower=0, upper=1]]]; [TypedParameter[name=left, type=NUMBER, multiplicity=Bounded[lower=1, upper=1]], TypedParameter[name=right, type=NUMBER, multiplicity=Bounded[lower=1, upper=1]]]; [TypedParameter[name=left, type=STRING, multiplicity=Bounded[lower=0, upper=1]], TypedParameter[name=right, type=STRING, multiplicity=Bounded[lower=0, upper=1]]]; [TypedParameter[name=left, type=STRING, multiplicity=Bounded[lower=0, upper=1]], TypedParameter[name=right, type=STRING, multiplicity=Bounded[lower=1, upper=1]]]; [TypedParameter[name=left, type=STRING, multiplicity=Bounded[lower=1, upper=1]], TypedParameter[name=right, type=STRING, multiplicity=Bounded[lower=0, upper=1]]]; [TypedParameter[name=left, type=STRING, multiplicity=Bounded[lower=1, upper=1]], TypedParameter[name=right, type=STRING, multiplicity=Bounded[lower=1, upper=1]]]; [TypedParameter[name=left, type=BOOLEAN, multiplicity=Bounded[lower=0, upper=1]], TypedParameter[name=right, type=BOOLEAN, multiplicity=Bounded[lower=0, upper=1]]]	G-REJECT
cx.le.Enum.SDate	cross	|t::Color.RED <= %2024-03-15						G-ERR:TypeInferenceException: no overload of 'meta::pure::functions::boolean::lessThanEqual' structurally matches the argument types (ExprType[type=EnumType[fqn=t::Color], multiplicity=Bounded[lower=1, upper=1]], ExprType[type=STRICT_DATE, multiplicity=Bounded[lower=1, upper=1]]); [TypedParameter[name=left, type=DATE, multiplicity=Bounded[lower=0, upper=1]], TypedParameter[name=right, type=DATE, multiplicity=Bounded[lower=0, upper=1]]]; [TypedParameter[name=left, type=DATE, multiplicity=Bounded[lower=0, upper=1]], TypedParameter[name=right, type=DATE, multiplicity=Bounded[lower=1, upper=1]]]; [TypedParameter[name=left, type=DATE, multiplicity=Bounded[lower=1, upper=1]], TypedParameter[name=right, type=DATE, multiplicity=Bounded[lower=0, upper=1]]]; [TypedParameter[name=left, type=DATE, multiplicity=Bounded[lower=1, upper=1]], TypedParameter[name=right, type=DATE, multiplicity=Bounded[lower=1, upper=1]]]; [TypedParameter[name=left, type=NUMBER, multiplicity=Bounded[lower=0, upper=1]], TypedParameter[name=right, type=NUMBER, multiplicity=Bounded[lower=0, upper=1]]]; [TypedParameter[name=left, type=NUMBER, multiplicity=Bounded[lower=0, upper=1]], TypedParameter[name=right, type=NUMBER, multiplicity=Bounded[lower=1, upper=1]]]; [TypedParameter[name=left, type=NUMBER, multiplicity=Bounded[lower=1, upper=1]], TypedParameter[name=right, type=NUMBER, multiplicity=Bounded[lower=0, upper=1]]]; [TypedParameter[name=left, type=NUMBER, multiplicity=Bounded[lower=1, upper=1]], TypedParameter[name=right, type=NUMBER, multiplicity=Bounded[lower=1, upper=1]]]; [TypedParameter[name=left, type=STRING, multiplicity=Bounded[lower=0, upper=1]], TypedParameter[name=right, type=STRING, multiplicity=Bounded[lower=0, upper=1]]]; [TypedParameter[name=left, type=STRING, multiplicity=Bounded[lower=0, upper=1]], TypedParameter[name=right, type=STRING, multiplicity=Bounded[lower=1, upper=1]]]; [TypedParameter[name=left, type=STRING, multiplicity=Bounded[lower=1, upper=1]], TypedParameter[name=right, type=STRING, multiplicity=Bounded[lower=0, upper=1]]]; [TypedParameter[name=left, type=STRING, multiplicity=Bounded[lower=1, upper=1]], TypedParameter[name=right, type=STRING, multiplicity=Bounded[lower=1, upper=1]]]; [TypedParameter[name=left, type=BOOLEAN, multiplicity=Bounded[lower=0, upper=1]], TypedParameter[name=right, type=BOOLEAN, multiplicity=Bounded[lower=0, upper=1]]]	G-REJECT
cx.ge.Enum.SDate	cross	|t::Color.RED >= %2024-03-15						G-ERR:TypeInferenceException: no overload of 'meta::pure::functions::boolean::greaterThanEqual' structurally matches the argument types (ExprType[type=EnumType[fqn=t::Color], multiplicity=Bounded[lower=1, upper=1]], ExprType[type=STRICT_DATE, multiplicity=Bounded[lower=1, upper=1]]); [TypedParameter[name=left, type=DATE, multiplicity=Bounded[lower=0, upper=1]], TypedParameter[name=right, type=DATE, multiplicity=Bounded[lower=0, upper=1]]]; [TypedParameter[name=left, type=DATE, multiplicity=Bounded[lower=0, upper=1]], TypedParameter[name=right, type=DATE, multiplicity=Bounded[lower=1, upper=1]]]; [TypedParameter[name=left, type=DATE, multiplicity=Bounded[lower=1, upper=1]], TypedParameter[name=right, type=DATE, multiplicity=Bounded[lower=0, upper=1]]]; [TypedParameter[name=left, type=DATE, multiplicity=Bounded[lower=1, upper=1]], TypedParameter[name=right, type=DATE, multiplicity=Bounded[lower=1, upper=1]]]; [TypedParameter[name=left, type=NUMBER, multiplicity=Bounded[lower=0, upper=1]], TypedParameter[name=right, type=NUMBER, multiplicity=Bounded[lower=0, upper=1]]]; [TypedParameter[name=left, type=NUMBER, multiplicity=Bounded[lower=0, upper=1]], TypedParameter[name=right, type=NUMBER, multiplicity=Bounded[lower=1, upper=1]]]; [TypedParameter[name=left, type=NUMBER, multiplicity=Bounded[lower=1, upper=1]], TypedParameter[name=right, type=NUMBER, multiplicity=Bounded[lower=0, upper=1]]]; [TypedParameter[name=left, type=NUMBER, multiplicity=Bounded[lower=1, upper=1]], TypedParameter[name=right, type=NUMBER, multiplicity=Bounded[lower=1, upper=1]]]; [TypedParameter[name=left, type=STRING, multiplicity=Bounded[lower=0, upper=1]], TypedParameter[name=right, type=STRING, multiplicity=Bounded[lower=0, upper=1]]]; [TypedParameter[name=left, type=STRING, multiplicity=Bounded[lower=0, upper=1]], TypedParameter[name=right, type=STRING, multiplicity=Bounded[lower=1, upper=1]]]; [TypedParameter[name=left, type=STRING, multiplicity=Bounded[lower=1, upper=1]], TypedParameter[name=right, type=STRING, multiplicity=Bounded[lower=0, upper=1]]]; [TypedParameter[name=left, type=STRING, multiplicity=Bounded[lower=1, upper=1]], TypedParameter[name=right, type=STRING, multiplicity=Bounded[lower=1, upper=1]]]; [TypedParameter[name=left, type=BOOLEAN, multiplicity=Bounded[lower=0, upper=1]], TypedParameter[name=right, type=BOOLEAN, multiplicity=Bounded[lower=0, upper=1]]]	G-REJECT
cx.eq.Enum.DTime	cross	|t::Color.RED == %2024-03-15T10:30:45	Boolean	[1]	SELECT FALSE AS value	Boolean	false	OK	OK
cx.ne.Enum.DTime	cross	|t::Color.RED != %2024-03-15T10:30:45	Boolean	[1]	SELECT NOT FALSE AS value	Boolean	true	OK	OK
cx.lt.Enum.DTime	cross	|t::Color.RED < %2024-03-15T10:30:45						G-ERR:TypeInferenceException: no overload of 'meta::pure::functions::boolean::lessThan' structurally matches the argument types (ExprType[type=EnumType[fqn=t::Color], multiplicity=Bounded[lower=1, upper=1]], ExprType[type=DATE_TIME, multiplicity=Bounded[lower=1, upper=1]]); [TypedParameter[name=left, type=DATE, multiplicity=Bounded[lower=0, upper=1]], TypedParameter[name=right, type=DATE, multiplicity=Bounded[lower=0, upper=1]]]; [TypedParameter[name=left, type=BOOLEAN, multiplicity=Bounded[lower=0, upper=1]], TypedParameter[name=right, type=BOOLEAN, multiplicity=Bounded[lower=0, upper=1]]]; [TypedParameter[name=left, type=DATE, multiplicity=Bounded[lower=0, upper=1]], TypedParameter[name=right, type=DATE, multiplicity=Bounded[lower=1, upper=1]]]; [TypedParameter[name=left, type=DATE, multiplicity=Bounded[lower=1, upper=1]], TypedParameter[name=right, type=DATE, multiplicity=Bounded[lower=0, upper=1]]]; [TypedParameter[name=left, type=DATE, multiplicity=Bounded[lower=1, upper=1]], TypedParameter[name=right, type=DATE, multiplicity=Bounded[lower=1, upper=1]]]; [TypedParameter[name=left, type=NUMBER, multiplicity=Bounded[lower=0, upper=1]], TypedParameter[name=right, type=NUMBER, multiplicity=Bounded[lower=0, upper=1]]]; [TypedParameter[name=left, type=NUMBER, multiplicity=Bounded[lower=0, upper=1]], TypedParameter[name=right, type=NUMBER, multiplicity=Bounded[lower=1, upper=1]]]; [TypedParameter[name=left, type=NUMBER, multiplicity=Bounded[lower=1, upper=1]], TypedParameter[name=right, type=NUMBER, multiplicity=Bounded[lower=0, upper=1]]]; [TypedParameter[name=left, type=NUMBER, multiplicity=Bounded[lower=1, upper=1]], TypedParameter[name=right, type=NUMBER, multiplicity=Bounded[lower=1, upper=1]]]; [TypedParameter[name=left, type=STRING, multiplicity=Bounded[lower=0, upper=1]], TypedParameter[name=right, type=STRING, multiplicity=Bounded[lower=0, upper=1]]]; [TypedParameter[name=left, type=STRING, multiplicity=Bounded[lower=0, upper=1]], TypedParameter[name=right, type=STRING, multiplicity=Bounded[lower=1, upper=1]]]; [TypedParameter[name=left, type=STRING, multiplicity=Bounded[lower=1, upper=1]], TypedParameter[name=right, type=STRING, multiplicity=Bounded[lower=0, upper=1]]]; [TypedParameter[name=left, type=STRING, multiplicity=Bounded[lower=1, upper=1]], TypedParameter[name=right, type=STRING, multiplicity=Bounded[lower=1, upper=1]]]	G-REJECT
cx.gt.Enum.DTime	cross	|t::Color.RED > %2024-03-15T10:30:45						G-ERR:TypeInferenceException: no overload of 'meta::pure::functions::boolean::greaterThan' structurally matches the argument types (ExprType[type=EnumType[fqn=t::Color], multiplicity=Bounded[lower=1, upper=1]], ExprType[type=DATE_TIME, multiplicity=Bounded[lower=1, upper=1]]); [TypedParameter[name=left, type=DATE, multiplicity=Bounded[lower=0, upper=1]], TypedParameter[name=right, type=DATE, multiplicity=Bounded[lower=0, upper=1]]]; [TypedParameter[name=left, type=DATE, multiplicity=Bounded[lower=0, upper=1]], TypedParameter[name=right, type=DATE, multiplicity=Bounded[lower=1, upper=1]]]; [TypedParameter[name=left, type=DATE, multiplicity=Bounded[lower=1, upper=1]], TypedParameter[name=right, type=DATE, multiplicity=Bounded[lower=0, upper=1]]]; [TypedParameter[name=left, type=DATE, multiplicity=Bounded[lower=1, upper=1]], TypedParameter[name=right, type=DATE, multiplicity=Bounded[lower=1, upper=1]]]; [TypedParameter[name=left, type=NUMBER, multiplicity=Bounded[lower=0, upper=1]], TypedParameter[name=right, type=NUMBER, multiplicity=Bounded[lower=0, upper=1]]]; [TypedParameter[name=left, type=NUMBER, multiplicity=Bounded[lower=0, upper=1]], TypedParameter[name=right, type=NUMBER, multiplicity=Bounded[lower=1, upper=1]]]; [TypedParameter[name=left, type=NUMBER, multiplicity=Bounded[lower=1, upper=1]], TypedParameter[name=right, type=NUMBER, multiplicity=Bounded[lower=0, upper=1]]]; [TypedParameter[name=left, type=NUMBER, multiplicity=Bounded[lower=1, upper=1]], TypedParameter[name=right, type=NUMBER, multiplicity=Bounded[lower=1, upper=1]]]; [TypedParameter[name=left, type=STRING, multiplicity=Bounded[lower=0, upper=1]], TypedParameter[name=right, type=STRING, multiplicity=Bounded[lower=0, upper=1]]]; [TypedParameter[name=left, type=STRING, multiplicity=Bounded[lower=0, upper=1]], TypedParameter[name=right, type=STRING, multiplicity=Bounded[lower=1, upper=1]]]; [TypedParameter[name=left, type=STRING, multiplicity=Bounded[lower=1, upper=1]], TypedParameter[name=right, type=STRING, multiplicity=Bounded[lower=0, upper=1]]]; [TypedParameter[name=left, type=STRING, multiplicity=Bounded[lower=1, upper=1]], TypedParameter[name=right, type=STRING, multiplicity=Bounded[lower=1, upper=1]]]; [TypedParameter[name=left, type=BOOLEAN, multiplicity=Bounded[lower=0, upper=1]], TypedParameter[name=right, type=BOOLEAN, multiplicity=Bounded[lower=0, upper=1]]]	G-REJECT
cx.le.Enum.DTime	cross	|t::Color.RED <= %2024-03-15T10:30:45						G-ERR:TypeInferenceException: no overload of 'meta::pure::functions::boolean::lessThanEqual' structurally matches the argument types (ExprType[type=EnumType[fqn=t::Color], multiplicity=Bounded[lower=1, upper=1]], ExprType[type=DATE_TIME, multiplicity=Bounded[lower=1, upper=1]]); [TypedParameter[name=left, type=DATE, multiplicity=Bounded[lower=0, upper=1]], TypedParameter[name=right, type=DATE, multiplicity=Bounded[lower=0, upper=1]]]; [TypedParameter[name=left, type=DATE, multiplicity=Bounded[lower=0, upper=1]], TypedParameter[name=right, type=DATE, multiplicity=Bounded[lower=1, upper=1]]]; [TypedParameter[name=left, type=DATE, multiplicity=Bounded[lower=1, upper=1]], TypedParameter[name=right, type=DATE, multiplicity=Bounded[lower=0, upper=1]]]; [TypedParameter[name=left, type=DATE, multiplicity=Bounded[lower=1, upper=1]], TypedParameter[name=right, type=DATE, multiplicity=Bounded[lower=1, upper=1]]]; [TypedParameter[name=left, type=NUMBER, multiplicity=Bounded[lower=0, upper=1]], TypedParameter[name=right, type=NUMBER, multiplicity=Bounded[lower=0, upper=1]]]; [TypedParameter[name=left, type=NUMBER, multiplicity=Bounded[lower=0, upper=1]], TypedParameter[name=right, type=NUMBER, multiplicity=Bounded[lower=1, upper=1]]]; [TypedParameter[name=left, type=NUMBER, multiplicity=Bounded[lower=1, upper=1]], TypedParameter[name=right, type=NUMBER, multiplicity=Bounded[lower=0, upper=1]]]; [TypedParameter[name=left, type=NUMBER, multiplicity=Bounded[lower=1, upper=1]], TypedParameter[name=right, type=NUMBER, multiplicity=Bounded[lower=1, upper=1]]]; [TypedParameter[name=left, type=STRING, multiplicity=Bounded[lower=0, upper=1]], TypedParameter[name=right, type=STRING, multiplicity=Bounded[lower=0, upper=1]]]; [TypedParameter[name=left, type=STRING, multiplicity=Bounded[lower=0, upper=1]], TypedParameter[name=right, type=STRING, multiplicity=Bounded[lower=1, upper=1]]]; [TypedParameter[name=left, type=STRING, multiplicity=Bounded[lower=1, upper=1]], TypedParameter[name=right, type=STRING, multiplicity=Bounded[lower=0, upper=1]]]; [TypedParameter[name=left, type=STRING, multiplicity=Bounded[lower=1, upper=1]], TypedParameter[name=right, type=STRING, multiplicity=Bounded[lower=1, upper=1]]]; [TypedParameter[name=left, type=BOOLEAN, multiplicity=Bounded[lower=0, upper=1]], TypedParameter[name=right, type=BOOLEAN, multiplicity=Bounded[lower=0, upper=1]]]	G-REJECT
cx.ge.Enum.DTime	cross	|t::Color.RED >= %2024-03-15T10:30:45						G-ERR:TypeInferenceException: no overload of 'meta::pure::functions::boolean::greaterThanEqual' structurally matches the argument types (ExprType[type=EnumType[fqn=t::Color], multiplicity=Bounded[lower=1, upper=1]], ExprType[type=DATE_TIME, multiplicity=Bounded[lower=1, upper=1]]); [TypedParameter[name=left, type=DATE, multiplicity=Bounded[lower=0, upper=1]], TypedParameter[name=right, type=DATE, multiplicity=Bounded[lower=0, upper=1]]]; [TypedParameter[name=left, type=DATE, multiplicity=Bounded[lower=0, upper=1]], TypedParameter[name=right, type=DATE, multiplicity=Bounded[lower=1, upper=1]]]; [TypedParameter[name=left, type=DATE, multiplicity=Bounded[lower=1, upper=1]], TypedParameter[name=right, type=DATE, multiplicity=Bounded[lower=0, upper=1]]]; [TypedParameter[name=left, type=DATE, multiplicity=Bounded[lower=1, upper=1]], TypedParameter[name=right, type=DATE, multiplicity=Bounded[lower=1, upper=1]]]; [TypedParameter[name=left, type=NUMBER, multiplicity=Bounded[lower=0, upper=1]], TypedParameter[name=right, type=NUMBER, multiplicity=Bounded[lower=0, upper=1]]]; [TypedParameter[name=left, type=NUMBER, multiplicity=Bounded[lower=0, upper=1]], TypedParameter[name=right, type=NUMBER, multiplicity=Bounded[lower=1, upper=1]]]; [TypedParameter[name=left, type=NUMBER, multiplicity=Bounded[lower=1, upper=1]], TypedParameter[name=right, type=NUMBER, multiplicity=Bounded[lower=0, upper=1]]]; [TypedParameter[name=left, type=NUMBER, multiplicity=Bounded[lower=1, upper=1]], TypedParameter[name=right, type=NUMBER, multiplicity=Bounded[lower=1, upper=1]]]; [TypedParameter[name=left, type=STRING, multiplicity=Bounded[lower=0, upper=1]], TypedParameter[name=right, type=STRING, multiplicity=Bounded[lower=0, upper=1]]]; [TypedParameter[name=left, type=STRING, multiplicity=Bounded[lower=0, upper=1]], TypedParameter[name=right, type=STRING, multiplicity=Bounded[lower=1, upper=1]]]; [TypedParameter[name=left, type=STRING, multiplicity=Bounded[lower=1, upper=1]], TypedParameter[name=right, type=STRING, multiplicity=Bounded[lower=0, upper=1]]]; [TypedParameter[name=left, type=STRING, multiplicity=Bounded[lower=1, upper=1]], TypedParameter[name=right, type=STRING, multiplicity=Bounded[lower=1, upper=1]]]; [TypedParameter[name=left, type=BOOLEAN, multiplicity=Bounded[lower=0, upper=1]], TypedParameter[name=right, type=BOOLEAN, multiplicity=Bounded[lower=0, upper=1]]]	G-REJECT
cx.eq.Enum.Bool	cross	|t::Color.RED == true	Boolean	[1]	SELECT FALSE AS value	Boolean	false	OK	OK
cx.ne.Enum.Bool	cross	|t::Color.RED != true	Boolean	[1]	SELECT NOT FALSE AS value	Boolean	true	OK	OK
cx.lt.Enum.Bool	cross	|t::Color.RED < true						G-ERR:TypeInferenceException: no overload of 'meta::pure::functions::boolean::lessThan' structurally matches the argument types (ExprType[type=EnumType[fqn=t::Color], multiplicity=Bounded[lower=1, upper=1]], ExprType[type=BOOLEAN, multiplicity=Bounded[lower=1, upper=1]]); [TypedParameter[name=left, type=DATE, multiplicity=Bounded[lower=0, upper=1]], TypedParameter[name=right, type=DATE, multiplicity=Bounded[lower=0, upper=1]]]; [TypedParameter[name=left, type=BOOLEAN, multiplicity=Bounded[lower=0, upper=1]], TypedParameter[name=right, type=BOOLEAN, multiplicity=Bounded[lower=0, upper=1]]]; [TypedParameter[name=left, type=DATE, multiplicity=Bounded[lower=0, upper=1]], TypedParameter[name=right, type=DATE, multiplicity=Bounded[lower=1, upper=1]]]; [TypedParameter[name=left, type=DATE, multiplicity=Bounded[lower=1, upper=1]], TypedParameter[name=right, type=DATE, multiplicity=Bounded[lower=0, upper=1]]]; [TypedParameter[name=left, type=DATE, multiplicity=Bounded[lower=1, upper=1]], TypedParameter[name=right, type=DATE, multiplicity=Bounded[lower=1, upper=1]]]; [TypedParameter[name=left, type=NUMBER, multiplicity=Bounded[lower=0, upper=1]], TypedParameter[name=right, type=NUMBER, multiplicity=Bounded[lower=0, upper=1]]]; [TypedParameter[name=left, type=NUMBER, multiplicity=Bounded[lower=0, upper=1]], TypedParameter[name=right, type=NUMBER, multiplicity=Bounded[lower=1, upper=1]]]; [TypedParameter[name=left, type=NUMBER, multiplicity=Bounded[lower=1, upper=1]], TypedParameter[name=right, type=NUMBER, multiplicity=Bounded[lower=0, upper=1]]]; [TypedParameter[name=left, type=NUMBER, multiplicity=Bounded[lower=1, upper=1]], TypedParameter[name=right, type=NUMBER, multiplicity=Bounded[lower=1, upper=1]]]; [TypedParameter[name=left, type=STRING, multiplicity=Bounded[lower=0, upper=1]], TypedParameter[name=right, type=STRING, multiplicity=Bounded[lower=0, upper=1]]]; [TypedParameter[name=left, type=STRING, multiplicity=Bounded[lower=0, upper=1]], TypedParameter[name=right, type=STRING, multiplicity=Bounded[lower=1, upper=1]]]; [TypedParameter[name=left, type=STRING, multiplicity=Bounded[lower=1, upper=1]], TypedParameter[name=right, type=STRING, multiplicity=Bounded[lower=0, upper=1]]]; [TypedParameter[name=left, type=STRING, multiplicity=Bounded[lower=1, upper=1]], TypedParameter[name=right, type=STRING, multiplicity=Bounded[lower=1, upper=1]]]	G-REJECT
cx.gt.Enum.Bool	cross	|t::Color.RED > true						G-ERR:TypeInferenceException: no overload of 'meta::pure::functions::boolean::greaterThan' structurally matches the argument types (ExprType[type=EnumType[fqn=t::Color], multiplicity=Bounded[lower=1, upper=1]], ExprType[type=BOOLEAN, multiplicity=Bounded[lower=1, upper=1]]); [TypedParameter[name=left, type=DATE, multiplicity=Bounded[lower=0, upper=1]], TypedParameter[name=right, type=DATE, multiplicity=Bounded[lower=0, upper=1]]]; [TypedParameter[name=left, type=DATE, multiplicity=Bounded[lower=0, upper=1]], TypedParameter[name=right, type=DATE, multiplicity=Bounded[lower=1, upper=1]]]; [TypedParameter[name=left, type=DATE, multiplicity=Bounded[lower=1, upper=1]], TypedParameter[name=right, type=DATE, multiplicity=Bounded[lower=0, upper=1]]]; [TypedParameter[name=left, type=DATE, multiplicity=Bounded[lower=1, upper=1]], TypedParameter[name=right, type=DATE, multiplicity=Bounded[lower=1, upper=1]]]; [TypedParameter[name=left, type=NUMBER, multiplicity=Bounded[lower=0, upper=1]], TypedParameter[name=right, type=NUMBER, multiplicity=Bounded[lower=0, upper=1]]]; [TypedParameter[name=left, type=NUMBER, multiplicity=Bounded[lower=0, upper=1]], TypedParameter[name=right, type=NUMBER, multiplicity=Bounded[lower=1, upper=1]]]; [TypedParameter[name=left, type=NUMBER, multiplicity=Bounded[lower=1, upper=1]], TypedParameter[name=right, type=NUMBER, multiplicity=Bounded[lower=0, upper=1]]]; [TypedParameter[name=left, type=NUMBER, multiplicity=Bounded[lower=1, upper=1]], TypedParameter[name=right, type=NUMBER, multiplicity=Bounded[lower=1, upper=1]]]; [TypedParameter[name=left, type=STRING, multiplicity=Bounded[lower=0, upper=1]], TypedParameter[name=right, type=STRING, multiplicity=Bounded[lower=0, upper=1]]]; [TypedParameter[name=left, type=STRING, multiplicity=Bounded[lower=0, upper=1]], TypedParameter[name=right, type=STRING, multiplicity=Bounded[lower=1, upper=1]]]; [TypedParameter[name=left, type=STRING, multiplicity=Bounded[lower=1, upper=1]], TypedParameter[name=right, type=STRING, multiplicity=Bounded[lower=0, upper=1]]]; [TypedParameter[name=left, type=STRING, multiplicity=Bounded[lower=1, upper=1]], TypedParameter[name=right, type=STRING, multiplicity=Bounded[lower=1, upper=1]]]; [TypedParameter[name=left, type=BOOLEAN, multiplicity=Bounded[lower=0, upper=1]], TypedParameter[name=right, type=BOOLEAN, multiplicity=Bounded[lower=0, upper=1]]]	G-REJECT
cx.le.Enum.Bool	cross	|t::Color.RED <= true						G-ERR:TypeInferenceException: no overload of 'meta::pure::functions::boolean::lessThanEqual' structurally matches the argument types (ExprType[type=EnumType[fqn=t::Color], multiplicity=Bounded[lower=1, upper=1]], ExprType[type=BOOLEAN, multiplicity=Bounded[lower=1, upper=1]]); [TypedParameter[name=left, type=DATE, multiplicity=Bounded[lower=0, upper=1]], TypedParameter[name=right, type=DATE, multiplicity=Bounded[lower=0, upper=1]]]; [TypedParameter[name=left, type=DATE, multiplicity=Bounded[lower=0, upper=1]], TypedParameter[name=right, type=DATE, multiplicity=Bounded[lower=1, upper=1]]]; [TypedParameter[name=left, type=DATE, multiplicity=Bounded[lower=1, upper=1]], TypedParameter[name=right, type=DATE, multiplicity=Bounded[lower=0, upper=1]]]; [TypedParameter[name=left, type=DATE, multiplicity=Bounded[lower=1, upper=1]], TypedParameter[name=right, type=DATE, multiplicity=Bounded[lower=1, upper=1]]]; [TypedParameter[name=left, type=NUMBER, multiplicity=Bounded[lower=0, upper=1]], TypedParameter[name=right, type=NUMBER, multiplicity=Bounded[lower=0, upper=1]]]; [TypedParameter[name=left, type=NUMBER, multiplicity=Bounded[lower=0, upper=1]], TypedParameter[name=right, type=NUMBER, multiplicity=Bounded[lower=1, upper=1]]]; [TypedParameter[name=left, type=NUMBER, multiplicity=Bounded[lower=1, upper=1]], TypedParameter[name=right, type=NUMBER, multiplicity=Bounded[lower=0, upper=1]]]; [TypedParameter[name=left, type=NUMBER, multiplicity=Bounded[lower=1, upper=1]], TypedParameter[name=right, type=NUMBER, multiplicity=Bounded[lower=1, upper=1]]]; [TypedParameter[name=left, type=STRING, multiplicity=Bounded[lower=0, upper=1]], TypedParameter[name=right, type=STRING, multiplicity=Bounded[lower=0, upper=1]]]; [TypedParameter[name=left, type=STRING, multiplicity=Bounded[lower=0, upper=1]], TypedParameter[name=right, type=STRING, multiplicity=Bounded[lower=1, upper=1]]]; [TypedParameter[name=left, type=STRING, multiplicity=Bounded[lower=1, upper=1]], TypedParameter[name=right, type=STRING, multiplicity=Bounded[lower=0, upper=1]]]; [TypedParameter[name=left, type=STRING, multiplicity=Bounded[lower=1, upper=1]], TypedParameter[name=right, type=STRING, multiplicity=Bounded[lower=1, upper=1]]]; [TypedParameter[name=left, type=BOOLEAN, multiplicity=Bounded[lower=0, upper=1]], TypedParameter[name=right, type=BOOLEAN, multiplicity=Bounded[lower=0, upper=1]]]	G-REJECT
cx.ge.Enum.Bool	cross	|t::Color.RED >= true						G-ERR:TypeInferenceException: no overload of 'meta::pure::functions::boolean::greaterThanEqual' structurally matches the argument types (ExprType[type=EnumType[fqn=t::Color], multiplicity=Bounded[lower=1, upper=1]], ExprType[type=BOOLEAN, multiplicity=Bounded[lower=1, upper=1]]); [TypedParameter[name=left, type=DATE, multiplicity=Bounded[lower=0, upper=1]], TypedParameter[name=right, type=DATE, multiplicity=Bounded[lower=0, upper=1]]]; [TypedParameter[name=left, type=DATE, multiplicity=Bounded[lower=0, upper=1]], TypedParameter[name=right, type=DATE, multiplicity=Bounded[lower=1, upper=1]]]; [TypedParameter[name=left, type=DATE, multiplicity=Bounded[lower=1, upper=1]], TypedParameter[name=right, type=DATE, multiplicity=Bounded[lower=0, upper=1]]]; [TypedParameter[name=left, type=DATE, multiplicity=Bounded[lower=1, upper=1]], TypedParameter[name=right, type=DATE, multiplicity=Bounded[lower=1, upper=1]]]; [TypedParameter[name=left, type=NUMBER, multiplicity=Bounded[lower=0, upper=1]], TypedParameter[name=right, type=NUMBER, multiplicity=Bounded[lower=0, upper=1]]]; [TypedParameter[name=left, type=NUMBER, multiplicity=Bounded[lower=0, upper=1]], TypedParameter[name=right, type=NUMBER, multiplicity=Bounded[lower=1, upper=1]]]; [TypedParameter[name=left, type=NUMBER, multiplicity=Bounded[lower=1, upper=1]], TypedParameter[name=right, type=NUMBER, multiplicity=Bounded[lower=0, upper=1]]]; [TypedParameter[name=left, type=NUMBER, multiplicity=Bounded[lower=1, upper=1]], TypedParameter[name=right, type=NUMBER, multiplicity=Bounded[lower=1, upper=1]]]; [TypedParameter[name=left, type=STRING, multiplicity=Bounded[lower=0, upper=1]], TypedParameter[name=right, type=STRING, multiplicity=Bounded[lower=0, upper=1]]]; [TypedParameter[name=left, type=STRING, multiplicity=Bounded[lower=0, upper=1]], TypedParameter[name=right, type=STRING, multiplicity=Bounded[lower=1, upper=1]]]; [TypedParameter[name=left, type=STRING, multiplicity=Bounded[lower=1, upper=1]], TypedParameter[name=right, type=STRING, multiplicity=Bounded[lower=0, upper=1]]]; [TypedParameter[name=left, type=STRING, multiplicity=Bounded[lower=1, upper=1]], TypedParameter[name=right, type=STRING, multiplicity=Bounded[lower=1, upper=1]]]; [TypedParameter[name=left, type=BOOLEAN, multiplicity=Bounded[lower=0, upper=1]], TypedParameter[name=right, type=BOOLEAN, multiplicity=Bounded[lower=0, upper=1]]]	G-REJECT
cx.eq.Enum.Enum	cross	|t::Color.RED == t::Color.RED	Boolean	[1]	SELECT 'RED' = 'RED' AS value	Boolean	true	OK	OK
cx.ne.Enum.Enum	cross	|t::Color.RED != t::Color.RED	Boolean	[1]	SELECT 'RED' <> 'RED' AS value	Boolean	false	OK	OK
cx.lt.Enum.Enum	cross	|t::Color.RED < t::Color.RED						G-ERR:TypeInferenceException: no overload of 'meta::pure::functions::boolean::lessThan' structurally matches the argument types (ExprType[type=EnumType[fqn=t::Color], multiplicity=Bounded[lower=1, upper=1]], ExprType[type=EnumType[fqn=t::Color], multiplicity=Bounded[lower=1, upper=1]]); [TypedParameter[name=left, type=DATE, multiplicity=Bounded[lower=0, upper=1]], TypedParameter[name=right, type=DATE, multiplicity=Bounded[lower=0, upper=1]]]; [TypedParameter[name=left, type=BOOLEAN, multiplicity=Bounded[lower=0, upper=1]], TypedParameter[name=right, type=BOOLEAN, multiplicity=Bounded[lower=0, upper=1]]]; [TypedParameter[name=left, type=DATE, multiplicity=Bounded[lower=0, upper=1]], TypedParameter[name=right, type=DATE, multiplicity=Bounded[lower=1, upper=1]]]; [TypedParameter[name=left, type=DATE, multiplicity=Bounded[lower=1, upper=1]], TypedParameter[name=right, type=DATE, multiplicity=Bounded[lower=0, upper=1]]]; [TypedParameter[name=left, type=DATE, multiplicity=Bounded[lower=1, upper=1]], TypedParameter[name=right, type=DATE, multiplicity=Bounded[lower=1, upper=1]]]; [TypedParameter[name=left, type=NUMBER, multiplicity=Bounded[lower=0, upper=1]], TypedParameter[name=right, type=NUMBER, multiplicity=Bounded[lower=0, upper=1]]]; [TypedParameter[name=left, type=NUMBER, multiplicity=Bounded[lower=0, upper=1]], TypedParameter[name=right, type=NUMBER, multiplicity=Bounded[lower=1, upper=1]]]; [TypedParameter[name=left, type=NUMBER, multiplicity=Bounded[lower=1, upper=1]], TypedParameter[name=right, type=NUMBER, multiplicity=Bounded[lower=0, upper=1]]]; [TypedParameter[name=left, type=NUMBER, multiplicity=Bounded[lower=1, upper=1]], TypedParameter[name=right, type=NUMBER, multiplicity=Bounded[lower=1, upper=1]]]; [TypedParameter[name=left, type=STRING, multiplicity=Bounded[lower=0, upper=1]], TypedParameter[name=right, type=STRING, multiplicity=Bounded[lower=0, upper=1]]]; [TypedParameter[name=left, type=STRING, multiplicity=Bounded[lower=0, upper=1]], TypedParameter[name=right, type=STRING, multiplicity=Bounded[lower=1, upper=1]]]; [TypedParameter[name=left, type=STRING, multiplicity=Bounded[lower=1, upper=1]], TypedParameter[name=right, type=STRING, multiplicity=Bounded[lower=0, upper=1]]]; [TypedParameter[name=left, type=STRING, multiplicity=Bounded[lower=1, upper=1]], TypedParameter[name=right, type=STRING, multiplicity=Bounded[lower=1, upper=1]]]	G-REJECT
cx.gt.Enum.Enum	cross	|t::Color.RED > t::Color.RED						G-ERR:TypeInferenceException: no overload of 'meta::pure::functions::boolean::greaterThan' structurally matches the argument types (ExprType[type=EnumType[fqn=t::Color], multiplicity=Bounded[lower=1, upper=1]], ExprType[type=EnumType[fqn=t::Color], multiplicity=Bounded[lower=1, upper=1]]); [TypedParameter[name=left, type=DATE, multiplicity=Bounded[lower=0, upper=1]], TypedParameter[name=right, type=DATE, multiplicity=Bounded[lower=0, upper=1]]]; [TypedParameter[name=left, type=DATE, multiplicity=Bounded[lower=0, upper=1]], TypedParameter[name=right, type=DATE, multiplicity=Bounded[lower=1, upper=1]]]; [TypedParameter[name=left, type=DATE, multiplicity=Bounded[lower=1, upper=1]], TypedParameter[name=right, type=DATE, multiplicity=Bounded[lower=0, upper=1]]]; [TypedParameter[name=left, type=DATE, multiplicity=Bounded[lower=1, upper=1]], TypedParameter[name=right, type=DATE, multiplicity=Bounded[lower=1, upper=1]]]; [TypedParameter[name=left, type=NUMBER, multiplicity=Bounded[lower=0, upper=1]], TypedParameter[name=right, type=NUMBER, multiplicity=Bounded[lower=0, upper=1]]]; [TypedParameter[name=left, type=NUMBER, multiplicity=Bounded[lower=0, upper=1]], TypedParameter[name=right, type=NUMBER, multiplicity=Bounded[lower=1, upper=1]]]; [TypedParameter[name=left, type=NUMBER, multiplicity=Bounded[lower=1, upper=1]], TypedParameter[name=right, type=NUMBER, multiplicity=Bounded[lower=0, upper=1]]]; [TypedParameter[name=left, type=NUMBER, multiplicity=Bounded[lower=1, upper=1]], TypedParameter[name=right, type=NUMBER, multiplicity=Bounded[lower=1, upper=1]]]; [TypedParameter[name=left, type=STRING, multiplicity=Bounded[lower=0, upper=1]], TypedParameter[name=right, type=STRING, multiplicity=Bounded[lower=0, upper=1]]]; [TypedParameter[name=left, type=STRING, multiplicity=Bounded[lower=0, upper=1]], TypedParameter[name=right, type=STRING, multiplicity=Bounded[lower=1, upper=1]]]; [TypedParameter[name=left, type=STRING, multiplicity=Bounded[lower=1, upper=1]], TypedParameter[name=right, type=STRING, multiplicity=Bounded[lower=0, upper=1]]]; [TypedParameter[name=left, type=STRING, multiplicity=Bounded[lower=1, upper=1]], TypedParameter[name=right, type=STRING, multiplicity=Bounded[lower=1, upper=1]]]; [TypedParameter[name=left, type=BOOLEAN, multiplicity=Bounded[lower=0, upper=1]], TypedParameter[name=right, type=BOOLEAN, multiplicity=Bounded[lower=0, upper=1]]]	G-REJECT
cx.le.Enum.Enum	cross	|t::Color.RED <= t::Color.RED						G-ERR:TypeInferenceException: no overload of 'meta::pure::functions::boolean::lessThanEqual' structurally matches the argument types (ExprType[type=EnumType[fqn=t::Color], multiplicity=Bounded[lower=1, upper=1]], ExprType[type=EnumType[fqn=t::Color], multiplicity=Bounded[lower=1, upper=1]]); [TypedParameter[name=left, type=DATE, multiplicity=Bounded[lower=0, upper=1]], TypedParameter[name=right, type=DATE, multiplicity=Bounded[lower=0, upper=1]]]; [TypedParameter[name=left, type=DATE, multiplicity=Bounded[lower=0, upper=1]], TypedParameter[name=right, type=DATE, multiplicity=Bounded[lower=1, upper=1]]]; [TypedParameter[name=left, type=DATE, multiplicity=Bounded[lower=1, upper=1]], TypedParameter[name=right, type=DATE, multiplicity=Bounded[lower=0, upper=1]]]; [TypedParameter[name=left, type=DATE, multiplicity=Bounded[lower=1, upper=1]], TypedParameter[name=right, type=DATE, multiplicity=Bounded[lower=1, upper=1]]]; [TypedParameter[name=left, type=NUMBER, multiplicity=Bounded[lower=0, upper=1]], TypedParameter[name=right, type=NUMBER, multiplicity=Bounded[lower=0, upper=1]]]; [TypedParameter[name=left, type=NUMBER, multiplicity=Bounded[lower=0, upper=1]], TypedParameter[name=right, type=NUMBER, multiplicity=Bounded[lower=1, upper=1]]]; [TypedParameter[name=left, type=NUMBER, multiplicity=Bounded[lower=1, upper=1]], TypedParameter[name=right, type=NUMBER, multiplicity=Bounded[lower=0, upper=1]]]; [TypedParameter[name=left, type=NUMBER, multiplicity=Bounded[lower=1, upper=1]], TypedParameter[name=right, type=NUMBER, multiplicity=Bounded[lower=1, upper=1]]]; [TypedParameter[name=left, type=STRING, multiplicity=Bounded[lower=0, upper=1]], TypedParameter[name=right, type=STRING, multiplicity=Bounded[lower=0, upper=1]]]; [TypedParameter[name=left, type=STRING, multiplicity=Bounded[lower=0, upper=1]], TypedParameter[name=right, type=STRING, multiplicity=Bounded[lower=1, upper=1]]]; [TypedParameter[name=left, type=STRING, multiplicity=Bounded[lower=1, upper=1]], TypedParameter[name=right, type=STRING, multiplicity=Bounded[lower=0, upper=1]]]; [TypedParameter[name=left, type=STRING, multiplicity=Bounded[lower=1, upper=1]], TypedParameter[name=right, type=STRING, multiplicity=Bounded[lower=1, upper=1]]]; [TypedParameter[name=left, type=BOOLEAN, multiplicity=Bounded[lower=0, upper=1]], TypedParameter[name=right, type=BOOLEAN, multiplicity=Bounded[lower=0, upper=1]]]	G-REJECT
cx.ge.Enum.Enum	cross	|t::Color.RED >= t::Color.RED						G-ERR:TypeInferenceException: no overload of 'meta::pure::functions::boolean::greaterThanEqual' structurally matches the argument types (ExprType[type=EnumType[fqn=t::Color], multiplicity=Bounded[lower=1, upper=1]], ExprType[type=EnumType[fqn=t::Color], multiplicity=Bounded[lower=1, upper=1]]); [TypedParameter[name=left, type=DATE, multiplicity=Bounded[lower=0, upper=1]], TypedParameter[name=right, type=DATE, multiplicity=Bounded[lower=0, upper=1]]]; [TypedParameter[name=left, type=DATE, multiplicity=Bounded[lower=0, upper=1]], TypedParameter[name=right, type=DATE, multiplicity=Bounded[lower=1, upper=1]]]; [TypedParameter[name=left, type=DATE, multiplicity=Bounded[lower=1, upper=1]], TypedParameter[name=right, type=DATE, multiplicity=Bounded[lower=0, upper=1]]]; [TypedParameter[name=left, type=DATE, multiplicity=Bounded[lower=1, upper=1]], TypedParameter[name=right, type=DATE, multiplicity=Bounded[lower=1, upper=1]]]; [TypedParameter[name=left, type=NUMBER, multiplicity=Bounded[lower=0, upper=1]], TypedParameter[name=right, type=NUMBER, multiplicity=Bounded[lower=0, upper=1]]]; [TypedParameter[name=left, type=NUMBER, multiplicity=Bounded[lower=0, upper=1]], TypedParameter[name=right, type=NUMBER, multiplicity=Bounded[lower=1, upper=1]]]; [TypedParameter[name=left, type=NUMBER, multiplicity=Bounded[lower=1, upper=1]], TypedParameter[name=right, type=NUMBER, multiplicity=Bounded[lower=0, upper=1]]]; [TypedParameter[name=left, type=NUMBER, multiplicity=Bounded[lower=1, upper=1]], TypedParameter[name=right, type=NUMBER, multiplicity=Bounded[lower=1, upper=1]]]; [TypedParameter[name=left, type=STRING, multiplicity=Bounded[lower=0, upper=1]], TypedParameter[name=right, type=STRING, multiplicity=Bounded[lower=0, upper=1]]]; [TypedParameter[name=left, type=STRING, multiplicity=Bounded[lower=0, upper=1]], TypedParameter[name=right, type=STRING, multiplicity=Bounded[lower=1, upper=1]]]; [TypedParameter[name=left, type=STRING, multiplicity=Bounded[lower=1, upper=1]], TypedParameter[name=right, type=STRING, multiplicity=Bounded[lower=0, upper=1]]]; [TypedParameter[name=left, type=STRING, multiplicity=Bounded[lower=1, upper=1]], TypedParameter[name=right, type=STRING, multiplicity=Bounded[lower=1, upper=1]]]; [TypedParameter[name=left, type=BOOLEAN, multiplicity=Bounded[lower=0, upper=1]], TypedParameter[name=right, type=BOOLEAN, multiplicity=Bounded[lower=0, upper=1]]]	G-REJECT
cxf.eq.ii	cross	|eq(1,2)	Boolean	[1]	SELECT 1 = 2 AS value	Boolean	false	OK	OK
cxf.eq.is	cross	|eq(1,'2')	Boolean	[1]	SELECT 1 = '2' AS value	Boolean	false	OK	OK
cxf.eq.sd	cross	|eq('2024-03-15',%2024-03-15)	Boolean	[1]	SELECT '2024-03-15' = DATE '2024-03-15' AS value	Boolean	true	OK	OK
cxf.eq.bi	cross	|eq(true,1)	Boolean	[1]	SELECT TRUE = 1 AS value	Boolean	true	OK	OK
cxf.equal.ii	cross	|equal(1,2)	Boolean	[1]	SELECT 1 = 2 AS value	Boolean	false	OK	OK
cxf.equal.is	cross	|equal(1,'2')	Boolean	[1]	SELECT 1 = '2' AS value	Boolean	false	OK	OK
cxf.equal.sd	cross	|equal('2024-03-15',%2024-03-15)	Boolean	[1]	SELECT '2024-03-15' = DATE '2024-03-15' AS value	Boolean	true	OK	OK
cxf.equal.bi	cross	|equal(true,1)	Boolean	[1]	SELECT TRUE = 1 AS value	Boolean	true	OK	OK
cxf.lessThan.ii	cross	|lessThan(1,2)	Boolean	[1]	SELECT 1 < 2 AS value	Boolean	true	OK	OK
cxf.lessThan.is	cross	|lessThan(1,'2')						G-ERR:TypeInferenceException: no overload of 'meta::pure::functions::boolean::lessThan' structurally matches the argument types (ExprType[type=INTEGER, multiplicity=Bounded[lower=1, upper=1]], ExprType[type=STRING, multiplicity=Bounded[lower=1, upper=1]]); [TypedParameter[name=left, type=DATE, multiplicity=Bounded[lower=0, upper=1]], TypedParameter[name=right, type=DATE, multiplicity=Bounded[lower=0, upper=1]]]; [TypedParameter[name=left, type=BOOLEAN, multiplicity=Bounded[lower=0, upper=1]], TypedParameter[name=right, type=BOOLEAN, multiplicity=Bounded[lower=0, upper=1]]]; [TypedParameter[name=left, type=DATE, multiplicity=Bounded[lower=0, upper=1]], TypedParameter[name=right, type=DATE, multiplicity=Bounded[lower=1, upper=1]]]; [TypedParameter[name=left, type=DATE, multiplicity=Bounded[lower=1, upper=1]], TypedParameter[name=right, type=DATE, multiplicity=Bounded[lower=0, upper=1]]]; [TypedParameter[name=left, type=DATE, multiplicity=Bounded[lower=1, upper=1]], TypedParameter[name=right, type=DATE, multiplicity=Bounded[lower=1, upper=1]]]; [TypedParameter[name=left, type=NUMBER, multiplicity=Bounded[lower=0, upper=1]], TypedParameter[name=right, type=NUMBER, multiplicity=Bounded[lower=0, upper=1]]]; [TypedParameter[name=left, type=NUMBER, multiplicity=Bounded[lower=0, upper=1]], TypedParameter[name=right, type=NUMBER, multiplicity=Bounded[lower=1, upper=1]]]; [TypedParameter[name=left, type=NUMBER, multiplicity=Bounded[lower=1, upper=1]], TypedParameter[name=right, type=NUMBER, multiplicity=Bounded[lower=0, upper=1]]]; [TypedParameter[name=left, type=NUMBER, multiplicity=Bounded[lower=1, upper=1]], TypedParameter[name=right, type=NUMBER, multiplicity=Bounded[lower=1, upper=1]]]; [TypedParameter[name=left, type=STRING, multiplicity=Bounded[lower=0, upper=1]], TypedParameter[name=right, type=STRING, multiplicity=Bounded[lower=0, upper=1]]]; [TypedParameter[name=left, type=STRING, multiplicity=Bounded[lower=0, upper=1]], TypedParameter[name=right, type=STRING, multiplicity=Bounded[lower=1, upper=1]]]; [TypedParameter[name=left, type=STRING, multiplicity=Bounded[lower=1, upper=1]], TypedParameter[name=right, type=STRING, multiplicity=Bounded[lower=0, upper=1]]]; [TypedParameter[name=left, type=STRING, multiplicity=Bounded[lower=1, upper=1]], TypedParameter[name=right, type=STRING, multiplicity=Bounded[lower=1, upper=1]]]	G-REJECT
cxf.lessThan.sd	cross	|lessThan('2024-03-15',%2024-03-15)						G-ERR:TypeInferenceException: no overload of 'meta::pure::functions::boolean::lessThan' structurally matches the argument types (ExprType[type=STRING, multiplicity=Bounded[lower=1, upper=1]], ExprType[type=STRICT_DATE, multiplicity=Bounded[lower=1, upper=1]]); [TypedParameter[name=left, type=DATE, multiplicity=Bounded[lower=0, upper=1]], TypedParameter[name=right, type=DATE, multiplicity=Bounded[lower=0, upper=1]]]; [TypedParameter[name=left, type=BOOLEAN, multiplicity=Bounded[lower=0, upper=1]], TypedParameter[name=right, type=BOOLEAN, multiplicity=Bounded[lower=0, upper=1]]]; [TypedParameter[name=left, type=DATE, multiplicity=Bounded[lower=0, upper=1]], TypedParameter[name=right, type=DATE, multiplicity=Bounded[lower=1, upper=1]]]; [TypedParameter[name=left, type=DATE, multiplicity=Bounded[lower=1, upper=1]], TypedParameter[name=right, type=DATE, multiplicity=Bounded[lower=0, upper=1]]]; [TypedParameter[name=left, type=DATE, multiplicity=Bounded[lower=1, upper=1]], TypedParameter[name=right, type=DATE, multiplicity=Bounded[lower=1, upper=1]]]; [TypedParameter[name=left, type=NUMBER, multiplicity=Bounded[lower=0, upper=1]], TypedParameter[name=right, type=NUMBER, multiplicity=Bounded[lower=0, upper=1]]]; [TypedParameter[name=left, type=NUMBER, multiplicity=Bounded[lower=0, upper=1]], TypedParameter[name=right, type=NUMBER, multiplicity=Bounded[lower=1, upper=1]]]; [TypedParameter[name=left, type=NUMBER, multiplicity=Bounded[lower=1, upper=1]], TypedParameter[name=right, type=NUMBER, multiplicity=Bounded[lower=0, upper=1]]]; [TypedParameter[name=left, type=NUMBER, multiplicity=Bounded[lower=1, upper=1]], TypedParameter[name=right, type=NUMBER, multiplicity=Bounded[lower=1, upper=1]]]; [TypedParameter[name=left, type=STRING, multiplicity=Bounded[lower=0, upper=1]], TypedParameter[name=right, type=STRING, multiplicity=Bounded[lower=0, upper=1]]]; [TypedParameter[name=left, type=STRING, multiplicity=Bounded[lower=0, upper=1]], TypedParameter[name=right, type=STRING, multiplicity=Bounded[lower=1, upper=1]]]; [TypedParameter[name=left, type=STRING, multiplicity=Bounded[lower=1, upper=1]], TypedParameter[name=right, type=STRING, multiplicity=Bounded[lower=0, upper=1]]]; [TypedParameter[name=left, type=STRING, multiplicity=Bounded[lower=1, upper=1]], TypedParameter[name=right, type=STRING, multiplicity=Bounded[lower=1, upper=1]]]	G-REJECT
cxf.lessThan.bi	cross	|lessThan(true,1)						G-ERR:TypeInferenceException: no overload of 'meta::pure::functions::boolean::lessThan' structurally matches the argument types (ExprType[type=BOOLEAN, multiplicity=Bounded[lower=1, upper=1]], ExprType[type=INTEGER, multiplicity=Bounded[lower=1, upper=1]]); [TypedParameter[name=left, type=DATE, multiplicity=Bounded[lower=0, upper=1]], TypedParameter[name=right, type=DATE, multiplicity=Bounded[lower=0, upper=1]]]; [TypedParameter[name=left, type=BOOLEAN, multiplicity=Bounded[lower=0, upper=1]], TypedParameter[name=right, type=BOOLEAN, multiplicity=Bounded[lower=0, upper=1]]]; [TypedParameter[name=left, type=DATE, multiplicity=Bounded[lower=0, upper=1]], TypedParameter[name=right, type=DATE, multiplicity=Bounded[lower=1, upper=1]]]; [TypedParameter[name=left, type=DATE, multiplicity=Bounded[lower=1, upper=1]], TypedParameter[name=right, type=DATE, multiplicity=Bounded[lower=0, upper=1]]]; [TypedParameter[name=left, type=DATE, multiplicity=Bounded[lower=1, upper=1]], TypedParameter[name=right, type=DATE, multiplicity=Bounded[lower=1, upper=1]]]; [TypedParameter[name=left, type=NUMBER, multiplicity=Bounded[lower=0, upper=1]], TypedParameter[name=right, type=NUMBER, multiplicity=Bounded[lower=0, upper=1]]]; [TypedParameter[name=left, type=NUMBER, multiplicity=Bounded[lower=0, upper=1]], TypedParameter[name=right, type=NUMBER, multiplicity=Bounded[lower=1, upper=1]]]; [TypedParameter[name=left, type=NUMBER, multiplicity=Bounded[lower=1, upper=1]], TypedParameter[name=right, type=NUMBER, multiplicity=Bounded[lower=0, upper=1]]]; [TypedParameter[name=left, type=NUMBER, multiplicity=Bounded[lower=1, upper=1]], TypedParameter[name=right, type=NUMBER, multiplicity=Bounded[lower=1, upper=1]]]; [TypedParameter[name=left, type=STRING, multiplicity=Bounded[lower=0, upper=1]], TypedParameter[name=right, type=STRING, multiplicity=Bounded[lower=0, upper=1]]]; [TypedParameter[name=left, type=STRING, multiplicity=Bounded[lower=0, upper=1]], TypedParameter[name=right, type=STRING, multiplicity=Bounded[lower=1, upper=1]]]; [TypedParameter[name=left, type=STRING, multiplicity=Bounded[lower=1, upper=1]], TypedParameter[name=right, type=STRING, multiplicity=Bounded[lower=0, upper=1]]]; [TypedParameter[name=left, type=STRING, multiplicity=Bounded[lower=1, upper=1]], TypedParameter[name=right, type=STRING, multiplicity=Bounded[lower=1, upper=1]]]	G-REJECT
cxf.lessThanEqual.ii	cross	|lessThanEqual(1,2)	Boolean	[1]	SELECT 1 <= 2 AS value	Boolean	true	OK	OK
cxf.lessThanEqual.is	cross	|lessThanEqual(1,'2')						G-ERR:TypeInferenceException: no overload of 'meta::pure::functions::boolean::lessThanEqual' structurally matches the argument types (ExprType[type=INTEGER, multiplicity=Bounded[lower=1, upper=1]], ExprType[type=STRING, multiplicity=Bounded[lower=1, upper=1]]); [TypedParameter[name=left, type=DATE, multiplicity=Bounded[lower=0, upper=1]], TypedParameter[name=right, type=DATE, multiplicity=Bounded[lower=0, upper=1]]]; [TypedParameter[name=left, type=DATE, multiplicity=Bounded[lower=0, upper=1]], TypedParameter[name=right, type=DATE, multiplicity=Bounded[lower=1, upper=1]]]; [TypedParameter[name=left, type=DATE, multiplicity=Bounded[lower=1, upper=1]], TypedParameter[name=right, type=DATE, multiplicity=Bounded[lower=0, upper=1]]]; [TypedParameter[name=left, type=DATE, multiplicity=Bounded[lower=1, upper=1]], TypedParameter[name=right, type=DATE, multiplicity=Bounded[lower=1, upper=1]]]; [TypedParameter[name=left, type=NUMBER, multiplicity=Bounded[lower=0, upper=1]], TypedParameter[name=right, type=NUMBER, multiplicity=Bounded[lower=0, upper=1]]]; [TypedParameter[name=left, type=NUMBER, multiplicity=Bounded[lower=0, upper=1]], TypedParameter[name=right, type=NUMBER, multiplicity=Bounded[lower=1, upper=1]]]; [TypedParameter[name=left, type=NUMBER, multiplicity=Bounded[lower=1, upper=1]], TypedParameter[name=right, type=NUMBER, multiplicity=Bounded[lower=0, upper=1]]]; [TypedParameter[name=left, type=NUMBER, multiplicity=Bounded[lower=1, upper=1]], TypedParameter[name=right, type=NUMBER, multiplicity=Bounded[lower=1, upper=1]]]; [TypedParameter[name=left, type=STRING, multiplicity=Bounded[lower=0, upper=1]], TypedParameter[name=right, type=STRING, multiplicity=Bounded[lower=0, upper=1]]]; [TypedParameter[name=left, type=STRING, multiplicity=Bounded[lower=0, upper=1]], TypedParameter[name=right, type=STRING, multiplicity=Bounded[lower=1, upper=1]]]; [TypedParameter[name=left, type=STRING, multiplicity=Bounded[lower=1, upper=1]], TypedParameter[name=right, type=STRING, multiplicity=Bounded[lower=0, upper=1]]]; [TypedParameter[name=left, type=STRING, multiplicity=Bounded[lower=1, upper=1]], TypedParameter[name=right, type=STRING, multiplicity=Bounded[lower=1, upper=1]]]; [TypedParameter[name=left, type=BOOLEAN, multiplicity=Bounded[lower=0, upper=1]], TypedParameter[name=right, type=BOOLEAN, multiplicity=Bounded[lower=0, upper=1]]]	G-REJECT
cxf.lessThanEqual.sd	cross	|lessThanEqual('2024-03-15',%2024-03-15)						G-ERR:TypeInferenceException: no overload of 'meta::pure::functions::boolean::lessThanEqual' structurally matches the argument types (ExprType[type=STRING, multiplicity=Bounded[lower=1, upper=1]], ExprType[type=STRICT_DATE, multiplicity=Bounded[lower=1, upper=1]]); [TypedParameter[name=left, type=DATE, multiplicity=Bounded[lower=0, upper=1]], TypedParameter[name=right, type=DATE, multiplicity=Bounded[lower=0, upper=1]]]; [TypedParameter[name=left, type=DATE, multiplicity=Bounded[lower=0, upper=1]], TypedParameter[name=right, type=DATE, multiplicity=Bounded[lower=1, upper=1]]]; [TypedParameter[name=left, type=DATE, multiplicity=Bounded[lower=1, upper=1]], TypedParameter[name=right, type=DATE, multiplicity=Bounded[lower=0, upper=1]]]; [TypedParameter[name=left, type=DATE, multiplicity=Bounded[lower=1, upper=1]], TypedParameter[name=right, type=DATE, multiplicity=Bounded[lower=1, upper=1]]]; [TypedParameter[name=left, type=NUMBER, multiplicity=Bounded[lower=0, upper=1]], TypedParameter[name=right, type=NUMBER, multiplicity=Bounded[lower=0, upper=1]]]; [TypedParameter[name=left, type=NUMBER, multiplicity=Bounded[lower=0, upper=1]], TypedParameter[name=right, type=NUMBER, multiplicity=Bounded[lower=1, upper=1]]]; [TypedParameter[name=left, type=NUMBER, multiplicity=Bounded[lower=1, upper=1]], TypedParameter[name=right, type=NUMBER, multiplicity=Bounded[lower=0, upper=1]]]; [TypedParameter[name=left, type=NUMBER, multiplicity=Bounded[lower=1, upper=1]], TypedParameter[name=right, type=NUMBER, multiplicity=Bounded[lower=1, upper=1]]]; [TypedParameter[name=left, type=STRING, multiplicity=Bounded[lower=0, upper=1]], TypedParameter[name=right, type=STRING, multiplicity=Bounded[lower=0, upper=1]]]; [TypedParameter[name=left, type=STRING, multiplicity=Bounded[lower=0, upper=1]], TypedParameter[name=right, type=STRING, multiplicity=Bounded[lower=1, upper=1]]]; [TypedParameter[name=left, type=STRING, multiplicity=Bounded[lower=1, upper=1]], TypedParameter[name=right, type=STRING, multiplicity=Bounded[lower=0, upper=1]]]; [TypedParameter[name=left, type=STRING, multiplicity=Bounded[lower=1, upper=1]], TypedParameter[name=right, type=STRING, multiplicity=Bounded[lower=1, upper=1]]]; [TypedParameter[name=left, type=BOOLEAN, multiplicity=Bounded[lower=0, upper=1]], TypedParameter[name=right, type=BOOLEAN, multiplicity=Bounded[lower=0, upper=1]]]	G-REJECT
cxf.lessThanEqual.bi	cross	|lessThanEqual(true,1)						G-ERR:TypeInferenceException: no overload of 'meta::pure::functions::boolean::lessThanEqual' structurally matches the argument types (ExprType[type=BOOLEAN, multiplicity=Bounded[lower=1, upper=1]], ExprType[type=INTEGER, multiplicity=Bounded[lower=1, upper=1]]); [TypedParameter[name=left, type=DATE, multiplicity=Bounded[lower=0, upper=1]], TypedParameter[name=right, type=DATE, multiplicity=Bounded[lower=0, upper=1]]]; [TypedParameter[name=left, type=DATE, multiplicity=Bounded[lower=0, upper=1]], TypedParameter[name=right, type=DATE, multiplicity=Bounded[lower=1, upper=1]]]; [TypedParameter[name=left, type=DATE, multiplicity=Bounded[lower=1, upper=1]], TypedParameter[name=right, type=DATE, multiplicity=Bounded[lower=0, upper=1]]]; [TypedParameter[name=left, type=DATE, multiplicity=Bounded[lower=1, upper=1]], TypedParameter[name=right, type=DATE, multiplicity=Bounded[lower=1, upper=1]]]; [TypedParameter[name=left, type=NUMBER, multiplicity=Bounded[lower=0, upper=1]], TypedParameter[name=right, type=NUMBER, multiplicity=Bounded[lower=0, upper=1]]]; [TypedParameter[name=left, type=NUMBER, multiplicity=Bounded[lower=0, upper=1]], TypedParameter[name=right, type=NUMBER, multiplicity=Bounded[lower=1, upper=1]]]; [TypedParameter[name=left, type=NUMBER, multiplicity=Bounded[lower=1, upper=1]], TypedParameter[name=right, type=NUMBER, multiplicity=Bounded[lower=0, upper=1]]]; [TypedParameter[name=left, type=NUMBER, multiplicity=Bounded[lower=1, upper=1]], TypedParameter[name=right, type=NUMBER, multiplicity=Bounded[lower=1, upper=1]]]; [TypedParameter[name=left, type=STRING, multiplicity=Bounded[lower=0, upper=1]], TypedParameter[name=right, type=STRING, multiplicity=Bounded[lower=0, upper=1]]]; [TypedParameter[name=left, type=STRING, multiplicity=Bounded[lower=0, upper=1]], TypedParameter[name=right, type=STRING, multiplicity=Bounded[lower=1, upper=1]]]; [TypedParameter[name=left, type=STRING, multiplicity=Bounded[lower=1, upper=1]], TypedParameter[name=right, type=STRING, multiplicity=Bounded[lower=0, upper=1]]]; [TypedParameter[name=left, type=STRING, multiplicity=Bounded[lower=1, upper=1]], TypedParameter[name=right, type=STRING, multiplicity=Bounded[lower=1, upper=1]]]; [TypedParameter[name=left, type=BOOLEAN, multiplicity=Bounded[lower=0, upper=1]], TypedParameter[name=right, type=BOOLEAN, multiplicity=Bounded[lower=0, upper=1]]]	G-REJECT
cxf.greaterThan.ii	cross	|greaterThan(1,2)	Boolean	[1]	SELECT 1 > 2 AS value	Boolean	false	OK	OK
cxf.greaterThan.is	cross	|greaterThan(1,'2')						G-ERR:TypeInferenceException: no overload of 'meta::pure::functions::boolean::greaterThan' structurally matches the argument types (ExprType[type=INTEGER, multiplicity=Bounded[lower=1, upper=1]], ExprType[type=STRING, multiplicity=Bounded[lower=1, upper=1]]); [TypedParameter[name=left, type=DATE, multiplicity=Bounded[lower=0, upper=1]], TypedParameter[name=right, type=DATE, multiplicity=Bounded[lower=0, upper=1]]]; [TypedParameter[name=left, type=DATE, multiplicity=Bounded[lower=0, upper=1]], TypedParameter[name=right, type=DATE, multiplicity=Bounded[lower=1, upper=1]]]; [TypedParameter[name=left, type=DATE, multiplicity=Bounded[lower=1, upper=1]], TypedParameter[name=right, type=DATE, multiplicity=Bounded[lower=0, upper=1]]]; [TypedParameter[name=left, type=DATE, multiplicity=Bounded[lower=1, upper=1]], TypedParameter[name=right, type=DATE, multiplicity=Bounded[lower=1, upper=1]]]; [TypedParameter[name=left, type=NUMBER, multiplicity=Bounded[lower=0, upper=1]], TypedParameter[name=right, type=NUMBER, multiplicity=Bounded[lower=0, upper=1]]]; [TypedParameter[name=left, type=NUMBER, multiplicity=Bounded[lower=0, upper=1]], TypedParameter[name=right, type=NUMBER, multiplicity=Bounded[lower=1, upper=1]]]; [TypedParameter[name=left, type=NUMBER, multiplicity=Bounded[lower=1, upper=1]], TypedParameter[name=right, type=NUMBER, multiplicity=Bounded[lower=0, upper=1]]]; [TypedParameter[name=left, type=NUMBER, multiplicity=Bounded[lower=1, upper=1]], TypedParameter[name=right, type=NUMBER, multiplicity=Bounded[lower=1, upper=1]]]; [TypedParameter[name=left, type=STRING, multiplicity=Bounded[lower=0, upper=1]], TypedParameter[name=right, type=STRING, multiplicity=Bounded[lower=0, upper=1]]]; [TypedParameter[name=left, type=STRING, multiplicity=Bounded[lower=0, upper=1]], TypedParameter[name=right, type=STRING, multiplicity=Bounded[lower=1, upper=1]]]; [TypedParameter[name=left, type=STRING, multiplicity=Bounded[lower=1, upper=1]], TypedParameter[name=right, type=STRING, multiplicity=Bounded[lower=0, upper=1]]]; [TypedParameter[name=left, type=STRING, multiplicity=Bounded[lower=1, upper=1]], TypedParameter[name=right, type=STRING, multiplicity=Bounded[lower=1, upper=1]]]; [TypedParameter[name=left, type=BOOLEAN, multiplicity=Bounded[lower=0, upper=1]], TypedParameter[name=right, type=BOOLEAN, multiplicity=Bounded[lower=0, upper=1]]]	G-REJECT
cxf.greaterThan.sd	cross	|greaterThan('2024-03-15',%2024-03-15)						G-ERR:TypeInferenceException: no overload of 'meta::pure::functions::boolean::greaterThan' structurally matches the argument types (ExprType[type=STRING, multiplicity=Bounded[lower=1, upper=1]], ExprType[type=STRICT_DATE, multiplicity=Bounded[lower=1, upper=1]]); [TypedParameter[name=left, type=DATE, multiplicity=Bounded[lower=0, upper=1]], TypedParameter[name=right, type=DATE, multiplicity=Bounded[lower=0, upper=1]]]; [TypedParameter[name=left, type=DATE, multiplicity=Bounded[lower=0, upper=1]], TypedParameter[name=right, type=DATE, multiplicity=Bounded[lower=1, upper=1]]]; [TypedParameter[name=left, type=DATE, multiplicity=Bounded[lower=1, upper=1]], TypedParameter[name=right, type=DATE, multiplicity=Bounded[lower=0, upper=1]]]; [TypedParameter[name=left, type=DATE, multiplicity=Bounded[lower=1, upper=1]], TypedParameter[name=right, type=DATE, multiplicity=Bounded[lower=1, upper=1]]]; [TypedParameter[name=left, type=NUMBER, multiplicity=Bounded[lower=0, upper=1]], TypedParameter[name=right, type=NUMBER, multiplicity=Bounded[lower=0, upper=1]]]; [TypedParameter[name=left, type=NUMBER, multiplicity=Bounded[lower=0, upper=1]], TypedParameter[name=right, type=NUMBER, multiplicity=Bounded[lower=1, upper=1]]]; [TypedParameter[name=left, type=NUMBER, multiplicity=Bounded[lower=1, upper=1]], TypedParameter[name=right, type=NUMBER, multiplicity=Bounded[lower=0, upper=1]]]; [TypedParameter[name=left, type=NUMBER, multiplicity=Bounded[lower=1, upper=1]], TypedParameter[name=right, type=NUMBER, multiplicity=Bounded[lower=1, upper=1]]]; [TypedParameter[name=left, type=STRING, multiplicity=Bounded[lower=0, upper=1]], TypedParameter[name=right, type=STRING, multiplicity=Bounded[lower=0, upper=1]]]; [TypedParameter[name=left, type=STRING, multiplicity=Bounded[lower=0, upper=1]], TypedParameter[name=right, type=STRING, multiplicity=Bounded[lower=1, upper=1]]]; [TypedParameter[name=left, type=STRING, multiplicity=Bounded[lower=1, upper=1]], TypedParameter[name=right, type=STRING, multiplicity=Bounded[lower=0, upper=1]]]; [TypedParameter[name=left, type=STRING, multiplicity=Bounded[lower=1, upper=1]], TypedParameter[name=right, type=STRING, multiplicity=Bounded[lower=1, upper=1]]]; [TypedParameter[name=left, type=BOOLEAN, multiplicity=Bounded[lower=0, upper=1]], TypedParameter[name=right, type=BOOLEAN, multiplicity=Bounded[lower=0, upper=1]]]	G-REJECT
cxf.greaterThan.bi	cross	|greaterThan(true,1)						G-ERR:TypeInferenceException: no overload of 'meta::pure::functions::boolean::greaterThan' structurally matches the argument types (ExprType[type=BOOLEAN, multiplicity=Bounded[lower=1, upper=1]], ExprType[type=INTEGER, multiplicity=Bounded[lower=1, upper=1]]); [TypedParameter[name=left, type=DATE, multiplicity=Bounded[lower=0, upper=1]], TypedParameter[name=right, type=DATE, multiplicity=Bounded[lower=0, upper=1]]]; [TypedParameter[name=left, type=DATE, multiplicity=Bounded[lower=0, upper=1]], TypedParameter[name=right, type=DATE, multiplicity=Bounded[lower=1, upper=1]]]; [TypedParameter[name=left, type=DATE, multiplicity=Bounded[lower=1, upper=1]], TypedParameter[name=right, type=DATE, multiplicity=Bounded[lower=0, upper=1]]]; [TypedParameter[name=left, type=DATE, multiplicity=Bounded[lower=1, upper=1]], TypedParameter[name=right, type=DATE, multiplicity=Bounded[lower=1, upper=1]]]; [TypedParameter[name=left, type=NUMBER, multiplicity=Bounded[lower=0, upper=1]], TypedParameter[name=right, type=NUMBER, multiplicity=Bounded[lower=0, upper=1]]]; [TypedParameter[name=left, type=NUMBER, multiplicity=Bounded[lower=0, upper=1]], TypedParameter[name=right, type=NUMBER, multiplicity=Bounded[lower=1, upper=1]]]; [TypedParameter[name=left, type=NUMBER, multiplicity=Bounded[lower=1, upper=1]], TypedParameter[name=right, type=NUMBER, multiplicity=Bounded[lower=0, upper=1]]]; [TypedParameter[name=left, type=NUMBER, multiplicity=Bounded[lower=1, upper=1]], TypedParameter[name=right, type=NUMBER, multiplicity=Bounded[lower=1, upper=1]]]; [TypedParameter[name=left, type=STRING, multiplicity=Bounded[lower=0, upper=1]], TypedParameter[name=right, type=STRING, multiplicity=Bounded[lower=0, upper=1]]]; [TypedParameter[name=left, type=STRING, multiplicity=Bounded[lower=0, upper=1]], TypedParameter[name=right, type=STRING, multiplicity=Bounded[lower=1, upper=1]]]; [TypedParameter[name=left, type=STRING, multiplicity=Bounded[lower=1, upper=1]], TypedParameter[name=right, type=STRING, multiplicity=Bounded[lower=0, upper=1]]]; [TypedParameter[name=left, type=STRING, multiplicity=Bounded[lower=1, upper=1]], TypedParameter[name=right, type=STRING, multiplicity=Bounded[lower=1, upper=1]]]; [TypedParameter[name=left, type=BOOLEAN, multiplicity=Bounded[lower=0, upper=1]], TypedParameter[name=right, type=BOOLEAN, multiplicity=Bounded[lower=0, upper=1]]]	G-REJECT
cxf.greaterThanEqual.ii	cross	|greaterThanEqual(1,2)	Boolean	[1]	SELECT 1 >= 2 AS value	Boolean	false	OK	OK
cxf.greaterThanEqual.is	cross	|greaterThanEqual(1,'2')						G-ERR:TypeInferenceException: no overload of 'meta::pure::functions::boolean::greaterThanEqual' structurally matches the argument types (ExprType[type=INTEGER, multiplicity=Bounded[lower=1, upper=1]], ExprType[type=STRING, multiplicity=Bounded[lower=1, upper=1]]); [TypedParameter[name=left, type=DATE, multiplicity=Bounded[lower=0, upper=1]], TypedParameter[name=right, type=DATE, multiplicity=Bounded[lower=0, upper=1]]]; [TypedParameter[name=left, type=DATE, multiplicity=Bounded[lower=0, upper=1]], TypedParameter[name=right, type=DATE, multiplicity=Bounded[lower=1, upper=1]]]; [TypedParameter[name=left, type=DATE, multiplicity=Bounded[lower=1, upper=1]], TypedParameter[name=right, type=DATE, multiplicity=Bounded[lower=0, upper=1]]]; [TypedParameter[name=left, type=DATE, multiplicity=Bounded[lower=1, upper=1]], TypedParameter[name=right, type=DATE, multiplicity=Bounded[lower=1, upper=1]]]; [TypedParameter[name=left, type=NUMBER, multiplicity=Bounded[lower=0, upper=1]], TypedParameter[name=right, type=NUMBER, multiplicity=Bounded[lower=0, upper=1]]]; [TypedParameter[name=left, type=NUMBER, multiplicity=Bounded[lower=0, upper=1]], TypedParameter[name=right, type=NUMBER, multiplicity=Bounded[lower=1, upper=1]]]; [TypedParameter[name=left, type=NUMBER, multiplicity=Bounded[lower=1, upper=1]], TypedParameter[name=right, type=NUMBER, multiplicity=Bounded[lower=0, upper=1]]]; [TypedParameter[name=left, type=NUMBER, multiplicity=Bounded[lower=1, upper=1]], TypedParameter[name=right, type=NUMBER, multiplicity=Bounded[lower=1, upper=1]]]; [TypedParameter[name=left, type=STRING, multiplicity=Bounded[lower=0, upper=1]], TypedParameter[name=right, type=STRING, multiplicity=Bounded[lower=0, upper=1]]]; [TypedParameter[name=left, type=STRING, multiplicity=Bounded[lower=0, upper=1]], TypedParameter[name=right, type=STRING, multiplicity=Bounded[lower=1, upper=1]]]; [TypedParameter[name=left, type=STRING, multiplicity=Bounded[lower=1, upper=1]], TypedParameter[name=right, type=STRING, multiplicity=Bounded[lower=0, upper=1]]]; [TypedParameter[name=left, type=STRING, multiplicity=Bounded[lower=1, upper=1]], TypedParameter[name=right, type=STRING, multiplicity=Bounded[lower=1, upper=1]]]; [TypedParameter[name=left, type=BOOLEAN, multiplicity=Bounded[lower=0, upper=1]], TypedParameter[name=right, type=BOOLEAN, multiplicity=Bounded[lower=0, upper=1]]]	G-REJECT
cxf.greaterThanEqual.sd	cross	|greaterThanEqual('2024-03-15',%2024-03-15)						G-ERR:TypeInferenceException: no overload of 'meta::pure::functions::boolean::greaterThanEqual' structurally matches the argument types (ExprType[type=STRING, multiplicity=Bounded[lower=1, upper=1]], ExprType[type=STRICT_DATE, multiplicity=Bounded[lower=1, upper=1]]); [TypedParameter[name=left, type=DATE, multiplicity=Bounded[lower=0, upper=1]], TypedParameter[name=right, type=DATE, multiplicity=Bounded[lower=0, upper=1]]]; [TypedParameter[name=left, type=DATE, multiplicity=Bounded[lower=0, upper=1]], TypedParameter[name=right, type=DATE, multiplicity=Bounded[lower=1, upper=1]]]; [TypedParameter[name=left, type=DATE, multiplicity=Bounded[lower=1, upper=1]], TypedParameter[name=right, type=DATE, multiplicity=Bounded[lower=0, upper=1]]]; [TypedParameter[name=left, type=DATE, multiplicity=Bounded[lower=1, upper=1]], TypedParameter[name=right, type=DATE, multiplicity=Bounded[lower=1, upper=1]]]; [TypedParameter[name=left, type=NUMBER, multiplicity=Bounded[lower=0, upper=1]], TypedParameter[name=right, type=NUMBER, multiplicity=Bounded[lower=0, upper=1]]]; [TypedParameter[name=left, type=NUMBER, multiplicity=Bounded[lower=0, upper=1]], TypedParameter[name=right, type=NUMBER, multiplicity=Bounded[lower=1, upper=1]]]; [TypedParameter[name=left, type=NUMBER, multiplicity=Bounded[lower=1, upper=1]], TypedParameter[name=right, type=NUMBER, multiplicity=Bounded[lower=0, upper=1]]]; [TypedParameter[name=left, type=NUMBER, multiplicity=Bounded[lower=1, upper=1]], TypedParameter[name=right, type=NUMBER, multiplicity=Bounded[lower=1, upper=1]]]; [TypedParameter[name=left, type=STRING, multiplicity=Bounded[lower=0, upper=1]], TypedParameter[name=right, type=STRING, multiplicity=Bounded[lower=0, upper=1]]]; [TypedParameter[name=left, type=STRING, multiplicity=Bounded[lower=0, upper=1]], TypedParameter[name=right, type=STRING, multiplicity=Bounded[lower=1, upper=1]]]; [TypedParameter[name=left, type=STRING, multiplicity=Bounded[lower=1, upper=1]], TypedParameter[name=right, type=STRING, multiplicity=Bounded[lower=0, upper=1]]]; [TypedParameter[name=left, type=STRING, multiplicity=Bounded[lower=1, upper=1]], TypedParameter[name=right, type=STRING, multiplicity=Bounded[lower=1, upper=1]]]; [TypedParameter[name=left, type=BOOLEAN, multiplicity=Bounded[lower=0, upper=1]], TypedParameter[name=right, type=BOOLEAN, multiplicity=Bounded[lower=0, upper=1]]]	G-REJECT
cxf.greaterThanEqual.bi	cross	|greaterThanEqual(true,1)						G-ERR:TypeInferenceException: no overload of 'meta::pure::functions::boolean::greaterThanEqual' structurally matches the argument types (ExprType[type=BOOLEAN, multiplicity=Bounded[lower=1, upper=1]], ExprType[type=INTEGER, multiplicity=Bounded[lower=1, upper=1]]); [TypedParameter[name=left, type=DATE, multiplicity=Bounded[lower=0, upper=1]], TypedParameter[name=right, type=DATE, multiplicity=Bounded[lower=0, upper=1]]]; [TypedParameter[name=left, type=DATE, multiplicity=Bounded[lower=0, upper=1]], TypedParameter[name=right, type=DATE, multiplicity=Bounded[lower=1, upper=1]]]; [TypedParameter[name=left, type=DATE, multiplicity=Bounded[lower=1, upper=1]], TypedParameter[name=right, type=DATE, multiplicity=Bounded[lower=0, upper=1]]]; [TypedParameter[name=left, type=DATE, multiplicity=Bounded[lower=1, upper=1]], TypedParameter[name=right, type=DATE, multiplicity=Bounded[lower=1, upper=1]]]; [TypedParameter[name=left, type=NUMBER, multiplicity=Bounded[lower=0, upper=1]], TypedParameter[name=right, type=NUMBER, multiplicity=Bounded[lower=0, upper=1]]]; [TypedParameter[name=left, type=NUMBER, multiplicity=Bounded[lower=0, upper=1]], TypedParameter[name=right, type=NUMBER, multiplicity=Bounded[lower=1, upper=1]]]; [TypedParameter[name=left, type=NUMBER, multiplicity=Bounded[lower=1, upper=1]], TypedParameter[name=right, type=NUMBER, multiplicity=Bounded[lower=0, upper=1]]]; [TypedParameter[name=left, type=NUMBER, multiplicity=Bounded[lower=1, upper=1]], TypedParameter[name=right, type=NUMBER, multiplicity=Bounded[lower=1, upper=1]]]; [TypedParameter[name=left, type=STRING, multiplicity=Bounded[lower=0, upper=1]], TypedParameter[name=right, type=STRING, multiplicity=Bounded[lower=0, upper=1]]]; [TypedParameter[name=left, type=STRING, multiplicity=Bounded[lower=0, upper=1]], TypedParameter[name=right, type=STRING, multiplicity=Bounded[lower=1, upper=1]]]; [TypedParameter[name=left, type=STRING, multiplicity=Bounded[lower=1, upper=1]], TypedParameter[name=right, type=STRING, multiplicity=Bounded[lower=0, upper=1]]]; [TypedParameter[name=left, type=STRING, multiplicity=Bounded[lower=1, upper=1]], TypedParameter[name=right, type=STRING, multiplicity=Bounded[lower=1, upper=1]]]; [TypedParameter[name=left, type=BOOLEAN, multiplicity=Bounded[lower=0, upper=1]], TypedParameter[name=right, type=BOOLEAN, multiplicity=Bounded[lower=0, upper=1]]]	G-REJECT
cxf.notEqualAnsi	cross	|meta::legend::lite::notEqualAnsi(1,2)	Boolean	[1]	SELECT 1 <> 2 AS value	Boolean	true	OK	OK
cxf.is	cross	|meta::pure::functions::boolean::is(1,1)	Boolean	[1]				PLAN-ERR:IllegalStateException: no scalar lowering registered for resolved overload 'meta::pure::functions::boolean::is' with 2 parameter(s)	ICE
cxf.compare	cross	|meta::pure::functions::lang::compare(1,2)	Integer	[1]	SELECT CASE WHEN 1 < 2 THEN -1 WHEN 1 > 2 THEN 1 ELSE 0 END AS value	Integer	-1	OK	OK
cxf.compare.xk	cross	|meta::pure::functions::lang::compare(1,'a')	Integer	[1]	SELECT -1 AS value	Integer	-1	OK	OK
cxf.isDistinct2	cross	|meta::pure::functions::collection::isDistinct(1,2)	Boolean	[1]	SELECT (1 IS DISTINCT FROM 2) AS value	Boolean	true	OK	OK
bt.num	cross	|meta::pure::functions::boolean::between(5,1,10)	Boolean	[1]	SELECT (5 >= 1 AND 5 <= 10) AS value	Boolean	true	OK	OK
bt.str	cross	|meta::pure::functions::boolean::between('b','a','c')	Boolean	[1]	SELECT ('b' >= 'a' AND 'b' <= 'c') AS value	Boolean	true	OK	OK
bt.date	cross	|meta::pure::functions::boolean::between(%2024-03-15,%2024-01-01,%2024-12-31)	Boolean	[1]	SELECT (DATE '2024-03-15' >= DATE '2024-01-01' AND DATE '2024-03-15' <= DATE '2024-12-31') AS value	Boolean	true	OK	OK
bt.dt	cross	|meta::pure::functions::boolean::between(%2024-03-15T00:00:00,%2024-01-01T00:00:00,%2024-12-31T00:00:00)	Boolean	[1]	SELECT (TIMESTAMP '2024-03-15T00:00:00' >= TIMESTAMP '2024-01-01T00:00:00' AND TIMESTAMP '2024-03-15T00:00:00' <= TIMESTAMP '2024-12-31T00:00:00') AS value	Boolean	true	OK	OK
bo.and	bool	|true && false	Boolean	[1]	SELECT TRUE AND FALSE AS value	Boolean	false	OK	OK
bo.or	bool	|true || false	Boolean	[1]	SELECT TRUE OR FALSE AS value	Boolean	true	OK	OK
bo.not	bool	|not(true)	Boolean	[1]	SELECT NOT TRUE AS value	Boolean	false	OK	OK
bo.and.fn	bool	|meta::pure::functions::boolean::and(true,false)	Boolean	[1]	SELECT TRUE AND FALSE AS value	Boolean	false	OK	OK
bo.or.fn	bool	|meta::pure::functions::boolean::or(true,false)	Boolean	[1]	SELECT TRUE OR FALSE AS value	Boolean	true	OK	OK
bo.xor	bool	|meta::pure::functions::boolean::xor(true,false)	Boolean	[1]	SELECT (TRUE AND NOT FALSE) OR (NOT TRUE AND FALSE) AS value	Boolean	true	OK	OK
bo.and.list	bool	|[true,false]->and()	Boolean	[1]	SELECT coalesce(list_aggregate([TRUE, FALSE], 'bool_and'), TRUE) AS value	Boolean	false	OK	OK
bo.or.list	bool	|[true,false]->or()	Boolean	[1]	SELECT coalesce(list_aggregate([TRUE, FALSE], 'bool_or'), FALSE) AS value	Boolean	true	OK	OK
bo.and.empty	bool	|[]->and()	Boolean	[1]	SELECT coalesce(list_aggregate(NULL, 'bool_and'), TRUE) AS value	Boolean	true	OK	OK
bo.or.empty	bool	|[]->or()	Boolean	[1]	SELECT coalesce(list_aggregate(NULL, 'bool_or'), FALSE) AS value	Boolean	false	OK	OK
mm.in	bool	|1->in([1,2,3])	Boolean	[1]	SELECT coalesce(1 IN (1, 2, 3), FALSE) AS value	Boolean	true	OK	OK
mm.in.miss	bool	|9->in([1,2,3])	Boolean	[1]	SELECT coalesce(9 IN (1, 2, 3), FALSE) AS value	Boolean	false	OK	OK
mm.in.empty	bool	|1->in([])	Boolean	[1]	SELECT FALSE AS value	Boolean	false	OK	OK
mm.in.xtype	bool	|1->in(['a','b'])	Boolean	[1]	SELECT coalesce(1 IN ('a', 'b'), FALSE) AS value			EXEC-ERR:SQLException: Conversion Error: Could not convert string 'a' to INT32  LINE 1: SELECT coalesce(1 IN ('a', 'b'), FALSE) AS value                               ^	DB-ERROR
mm.in.mixed	bool	|1->in([1,'a'])	Boolean	[1]	SELECT coalesce(list_contains(CAST([CAST(1 AS VARCHAR), concat('''', replace(replace('a', '\', '\\'), '''', '\'''), '''')] AS VARCHAR[]), CAST(1 AS VARCHAR)), FALSE) AS value	Boolean	true	OK	OK
mm.isEmpty	bool	|[]->isEmpty()	Boolean	[1]	SELECT NULL IS NULL AS value	Boolean	true	OK	OK
mm.isEmpty.f	bool	|[1]->isEmpty()	Boolean	[1]	SELECT 1 IS NULL AS value	Boolean	false	OK	OK
mm.isNotEmpty	bool	|[1]->isNotEmpty()	Boolean	[1]	SELECT 1 IS NOT NULL AS value	Boolean	true	OK	OK
mm.contains	bool	|[1,2,3]->contains(2)	Boolean	[1]	SELECT coalesce(list_contains([1, 2, 3], 2), FALSE) AS value	Boolean	true	OK	OK
mm.contains.x	bool	|[1,2,3]->contains('a')	Boolean	[1]	SELECT coalesce(list_contains([1, 2, 3], 'a'), FALSE) AS value			EXEC-ERR:SQLException: Conversion Error: Could not convert string 'a' to INT32  LINE 1: SELECT coalesce(list_contains([1, 2, 3], 'a'), FALSE) AS value                                                  ^	DB-ERROR
mm.isDistinct	bool	|[1,2,3]->isDistinct()	Boolean	[1]	SELECT coalesce(len(list_distinct([1, 2, 3])) = len([1, 2, 3]), TRUE) AS value	Boolean	true	OK	OK
mm.isDistinct.f	bool	|[1,1,3]->isDistinct()	Boolean	[1]	SELECT coalesce(len(list_distinct([1, 1, 3])) = len([1, 1, 3]), TRUE) AS value	Boolean	false	OK	OK
ng.eq.i.lit	null	t::D.all()->project(~[x:p|$p.i == 7])	Boolean	1	SELECT t0.I_V = 7 AS x FROM T_D AS t0	Boolean	true	OK	OK
ng.eq.iN.lit	null	t::D.all()->project(~[x:p|$p.iN == 7])	Boolean	1	SELECT t0.I_N = 7 AS x FROM T_D AS t0	null	null	OK	DIVERGENCE:null-in-[1]
ng.eq.iN.i	null	t::D.all()->project(~[x:p|$p.iN == $p.i])	Boolean	1	SELECT t0.I_N = t0.I_V AS x FROM T_D AS t0	null	null	OK	DIVERGENCE:null-in-[1]
ng.eq.sN.lit	null	t::D.all()->project(~[x:p|$p.sN == 'abc'])	Boolean	1	SELECT t0.S_N = 'abc' AS x FROM T_D AS t0	null	null	OK	DIVERGENCE:null-in-[1]
ng.eq.dN.lit	null	t::D.all()->project(~[x:p|$p.dN == %2024-03-15])	Boolean	1	SELECT t0.D_N = DATE '2024-03-15' AS x FROM T_D AS t0	null	null	OK	DIVERGENCE:null-in-[1]
ng.eq.bN.lit	null	t::D.all()->project(~[x:p|$p.bN == true])	Boolean	1	SELECT t0.B_N = TRUE AS x FROM T_D AS t0	null	null	OK	DIVERGENCE:null-in-[1]
ng.eq.decN.lit	null	t::D.all()->project(~[x:p|$p.decN == 1.0d])	Boolean	1	SELECT t0.DEC_N = 1.0 AS x FROM T_D AS t0	null	null	OK	DIVERGENCE:null-in-[1]
ng.eq.cN.lit	null	t::D.all()->project(~[x:p|$p.cN == t::Color.RED])	Boolean	1	SELECT t0.C_N = 'RED' AS x FROM T_D AS t0	null	null	OK	DIVERGENCE:null-in-[1]
ng.eq.dtN.lit	null	t::D.all()->project(~[x:p|$p.dtN == %2024-03-15T10:30:45])	Boolean	1	SELECT t0.DT_N = TIMESTAMP '2024-03-15T10:30:45' AS x FROM T_D AS t0	null	null	OK	DIVERGENCE:null-in-[1]
ng.eq.fN.lit	null	t::D.all()->project(~[x:p|$p.fN == 1.0])	Boolean	1	SELECT t0.F_N = CAST(1.0 AS DOUBLE) AS x FROM T_D AS t0	null	null	OK	DIVERGENCE:null-in-[1]
ng.ne.i.lit	null	t::D.all()->project(~[x:p|$p.i != 7])	Boolean	1	SELECT (t0.I_V IS DISTINCT FROM 7) AS x FROM T_D AS t0	Boolean	false	OK	OK
ng.ne.iN.lit	null	t::D.all()->project(~[x:p|$p.iN != 7])	Boolean	1	SELECT (t0.I_N IS DISTINCT FROM 7) AS x FROM T_D AS t0	Boolean	true	OK	OK
ng.ne.iN.i	null	t::D.all()->project(~[x:p|$p.iN != $p.i])	Boolean	1	SELECT (t0.I_N IS DISTINCT FROM t0.I_V) AS x FROM T_D AS t0	Boolean	true	OK	OK
ng.ne.sN.lit	null	t::D.all()->project(~[x:p|$p.sN != 'abc'])	Boolean	1	SELECT (t0.S_N IS DISTINCT FROM 'abc') AS x FROM T_D AS t0	Boolean	true	OK	OK
ng.ne.dN.lit	null	t::D.all()->project(~[x:p|$p.dN != %2024-03-15])	Boolean	1	SELECT (t0.D_N IS DISTINCT FROM DATE '2024-03-15') AS x FROM T_D AS t0	Boolean	true	OK	OK
ng.ne.bN.lit	null	t::D.all()->project(~[x:p|$p.bN != true])	Boolean	1	SELECT (t0.B_N IS DISTINCT FROM TRUE) AS x FROM T_D AS t0	Boolean	true	OK	OK
ng.ne.decN.lit	null	t::D.all()->project(~[x:p|$p.decN != 1.0d])	Boolean	1	SELECT (t0.DEC_N IS DISTINCT FROM 1.0) AS x FROM T_D AS t0	Boolean	true	OK	OK
ng.ne.cN.lit	null	t::D.all()->project(~[x:p|$p.cN != t::Color.RED])	Boolean	1	SELECT t0.C_N <> 'RED' OR t0.C_N IS NULL AS x FROM T_D AS t0	Boolean	true	OK	OK
ng.ne.dtN.lit	null	t::D.all()->project(~[x:p|$p.dtN != %2024-03-15T10:30:45])	Boolean	1	SELECT (t0.DT_N IS DISTINCT FROM TIMESTAMP '2024-03-15T10:30:45') AS x FROM T_D AS t0	Boolean	true	OK	OK
ng.ne.fN.lit	null	t::D.all()->project(~[x:p|$p.fN != 1.0])	Boolean	1	SELECT (t0.F_N IS DISTINCT FROM CAST(1.0 AS DOUBLE)) AS x FROM T_D AS t0	Boolean	true	OK	OK
ng.lt.i.lit	null	t::D.all()->project(~[x:p|$p.i < 7])	Boolean	1	SELECT t0.I_V < 7 AS x FROM T_D AS t0	Boolean	false	OK	OK
ng.lt.iN.lit	null	t::D.all()->project(~[x:p|$p.iN < 7])	Boolean	1	SELECT (t0.I_N IS NOT NULL AND t0.I_N < 7) AS x FROM T_D AS t0	Boolean	false	OK	OK
ng.lt.iN.i	null	t::D.all()->project(~[x:p|$p.iN < $p.i])	Boolean	1	SELECT (t0.I_N IS NOT NULL AND t0.I_N < t0.I_V) AS x FROM T_D AS t0	Boolean	false	OK	OK
ng.lt.sN.lit	null	t::D.all()->project(~[x:p|$p.sN < 'abc'])	Boolean	1	SELECT (t0.S_N IS NOT NULL AND t0.S_N < 'abc') AS x FROM T_D AS t0	Boolean	false	OK	OK
ng.lt.dN.lit	null	t::D.all()->project(~[x:p|$p.dN < %2024-03-15])	Boolean	1	SELECT (t0.D_N IS NOT NULL AND t0.D_N < DATE '2024-03-15') AS x FROM T_D AS t0	Boolean	false	OK	OK
ng.lt.bN.lit	null	t::D.all()->project(~[x:p|$p.bN < true])	Boolean	1	SELECT (t0.B_N IS NOT NULL AND t0.B_N < TRUE) AS x FROM T_D AS t0	Boolean	false	OK	OK
ng.lt.decN.lit	null	t::D.all()->project(~[x:p|$p.decN < 1.0d])	Boolean	1	SELECT (t0.DEC_N IS NOT NULL AND t0.DEC_N < 1.0) AS x FROM T_D AS t0	Boolean	false	OK	OK
ng.lt.cN.lit	null	t::D.all()->project(~[x:p|$p.cN < t::Color.RED])						G-ERR:TypeInferenceException: no overload of 'meta::pure::functions::boolean::lessThan' structurally matches the argument types (ExprType[type=EnumType[fqn=t::Color], multiplicity=Bounded[lower=0, upper=1]], ExprType[type=EnumType[fqn=t::Color], multiplicity=Bounded[lower=1, upper=1]]); [TypedParameter[name=left, type=DATE, multiplicity=Bounded[lower=0, upper=1]], TypedParameter[name=right, type=DATE, multiplicity=Bounded[lower=0, upper=1]]]; [TypedParameter[name=left, type=BOOLEAN, multiplicity=Bounded[lower=0, upper=1]], TypedParameter[name=right, type=BOOLEAN, multiplicity=Bounded[lower=0, upper=1]]]; [TypedParameter[name=left, type=DATE, multiplicity=Bounded[lower=0, upper=1]], TypedParameter[name=right, type=DATE, multiplicity=Bounded[lower=1, upper=1]]]; [TypedParameter[name=left, type=DATE, multiplicity=Bounded[lower=1, upper=1]], TypedParameter[name=right, type=DATE, multiplicity=Bounded[lower=0, upper=1]]]; [TypedParameter[name=left, type=DATE, multiplicity=Bounded[lower=1, upper=1]], TypedParameter[name=right, type=DATE, multiplicity=Bounded[lower=1, upper=1]]]; [TypedParameter[name=left, type=NUMBER, multiplicity=Bounded[lower=0, upper=1]], TypedParameter[name=right, type=NUMBER, multiplicity=Bounded[lower=0, upper=1]]]; [TypedParameter[name=left, type=NUMBER, multiplicity=Bounded[lower=0, upper=1]], TypedParameter[name=right, type=NUMBER, multiplicity=Bounded[lower=1, upper=1]]]; [TypedParameter[name=left, type=NUMBER, multiplicity=Bounded[lower=1, upper=1]], TypedParameter[name=right, type=NUMBER, multiplicity=Bounded[lower=0, upper=1]]]; [TypedParameter[name=left, type=NUMBER, multiplicity=Bounded[lower=1, upper=1]], TypedParameter[name=right, type=NUMBER, multiplicity=Bounded[lower=1, upper=1]]]; [TypedParameter[name=left, type=STRING, multiplicity=Bounded[lower=0, upper=1]], TypedParameter[name=right, type=STRING, multiplicity=Bounded[lower=0, upper=1]]]; [TypedParameter[name=left, type=STRING, multiplicity=Bounded[lower=0, upper=1]], TypedParameter[name=right, type=STRING, multiplicity=Bounded[lower=1, upper=1]]]; [TypedParameter[name=left, type=STRING, multiplicity=Bounded[lower=1, upper=1]], TypedParameter[name=right, type=STRING, multiplicity=Bounded[lower=0, upper=1]]]; [TypedParameter[name=left, type=STRING, multiplicity=Bounded[lower=1, upper=1]], TypedParameter[name=right, type=STRING, multiplicity=Bounded[lower=1, upper=1]]]	G-REJECT
ng.lt.dtN.lit	null	t::D.all()->project(~[x:p|$p.dtN < %2024-03-15T10:30:45])	Boolean	1	SELECT (t0.DT_N IS NOT NULL AND t0.DT_N < TIMESTAMP '2024-03-15T10:30:45') AS x FROM T_D AS t0	Boolean	false	OK	OK
ng.lt.fN.lit	null	t::D.all()->project(~[x:p|$p.fN < 1.0])	Boolean	1	SELECT (t0.F_N IS NOT NULL AND t0.F_N < CAST(1.0 AS DOUBLE)) AS x FROM T_D AS t0	Boolean	false	OK	OK
ng.gt.i.lit	null	t::D.all()->project(~[x:p|$p.i > 7])	Boolean	1	SELECT t0.I_V > 7 AS x FROM T_D AS t0	Boolean	false	OK	OK
ng.gt.iN.lit	null	t::D.all()->project(~[x:p|$p.iN > 7])	Boolean	1	SELECT (t0.I_N IS NOT NULL AND t0.I_N > 7) AS x FROM T_D AS t0	Boolean	false	OK	OK
ng.gt.iN.i	null	t::D.all()->project(~[x:p|$p.iN > $p.i])	Boolean	1	SELECT (t0.I_N IS NOT NULL AND t0.I_N > t0.I_V) AS x FROM T_D AS t0	Boolean	false	OK	OK
ng.gt.sN.lit	null	t::D.all()->project(~[x:p|$p.sN > 'abc'])	Boolean	1	SELECT (t0.S_N IS NOT NULL AND t0.S_N > 'abc') AS x FROM T_D AS t0	Boolean	false	OK	OK
ng.gt.dN.lit	null	t::D.all()->project(~[x:p|$p.dN > %2024-03-15])	Boolean	1	SELECT (t0.D_N IS NOT NULL AND t0.D_N > DATE '2024-03-15') AS x FROM T_D AS t0	Boolean	false	OK	OK
ng.gt.bN.lit	null	t::D.all()->project(~[x:p|$p.bN > true])	Boolean	1	SELECT (t0.B_N IS NOT NULL AND t0.B_N > TRUE) AS x FROM T_D AS t0	Boolean	false	OK	OK
ng.gt.decN.lit	null	t::D.all()->project(~[x:p|$p.decN > 1.0d])	Boolean	1	SELECT (t0.DEC_N IS NOT NULL AND t0.DEC_N > 1.0) AS x FROM T_D AS t0	Boolean	false	OK	OK
ng.gt.cN.lit	null	t::D.all()->project(~[x:p|$p.cN > t::Color.RED])						G-ERR:TypeInferenceException: no overload of 'meta::pure::functions::boolean::greaterThan' structurally matches the argument types (ExprType[type=EnumType[fqn=t::Color], multiplicity=Bounded[lower=0, upper=1]], ExprType[type=EnumType[fqn=t::Color], multiplicity=Bounded[lower=1, upper=1]]); [TypedParameter[name=left, type=DATE, multiplicity=Bounded[lower=0, upper=1]], TypedParameter[name=right, type=DATE, multiplicity=Bounded[lower=0, upper=1]]]; [TypedParameter[name=left, type=DATE, multiplicity=Bounded[lower=0, upper=1]], TypedParameter[name=right, type=DATE, multiplicity=Bounded[lower=1, upper=1]]]; [TypedParameter[name=left, type=DATE, multiplicity=Bounded[lower=1, upper=1]], TypedParameter[name=right, type=DATE, multiplicity=Bounded[lower=0, upper=1]]]; [TypedParameter[name=left, type=DATE, multiplicity=Bounded[lower=1, upper=1]], TypedParameter[name=right, type=DATE, multiplicity=Bounded[lower=1, upper=1]]]; [TypedParameter[name=left, type=NUMBER, multiplicity=Bounded[lower=0, upper=1]], TypedParameter[name=right, type=NUMBER, multiplicity=Bounded[lower=0, upper=1]]]; [TypedParameter[name=left, type=NUMBER, multiplicity=Bounded[lower=0, upper=1]], TypedParameter[name=right, type=NUMBER, multiplicity=Bounded[lower=1, upper=1]]]; [TypedParameter[name=left, type=NUMBER, multiplicity=Bounded[lower=1, upper=1]], TypedParameter[name=right, type=NUMBER, multiplicity=Bounded[lower=0, upper=1]]]; [TypedParameter[name=left, type=NUMBER, multiplicity=Bounded[lower=1, upper=1]], TypedParameter[name=right, type=NUMBER, multiplicity=Bounded[lower=1, upper=1]]]; [TypedParameter[name=left, type=STRING, multiplicity=Bounded[lower=0, upper=1]], TypedParameter[name=right, type=STRING, multiplicity=Bounded[lower=0, upper=1]]]; [TypedParameter[name=left, type=STRING, multiplicity=Bounded[lower=0, upper=1]], TypedParameter[name=right, type=STRING, multiplicity=Bounded[lower=1, upper=1]]]; [TypedParameter[name=left, type=STRING, multiplicity=Bounded[lower=1, upper=1]], TypedParameter[name=right, type=STRING, multiplicity=Bounded[lower=0, upper=1]]]; [TypedParameter[name=left, type=STRING, multiplicity=Bounded[lower=1, upper=1]], TypedParameter[name=right, type=STRING, multiplicity=Bounded[lower=1, upper=1]]]; [TypedParameter[name=left, type=BOOLEAN, multiplicity=Bounded[lower=0, upper=1]], TypedParameter[name=right, type=BOOLEAN, multiplicity=Bounded[lower=0, upper=1]]]	G-REJECT
ng.gt.dtN.lit	null	t::D.all()->project(~[x:p|$p.dtN > %2024-03-15T10:30:45])	Boolean	1	SELECT (t0.DT_N IS NOT NULL AND t0.DT_N > TIMESTAMP '2024-03-15T10:30:45') AS x FROM T_D AS t0	Boolean	false	OK	OK
ng.gt.fN.lit	null	t::D.all()->project(~[x:p|$p.fN > 1.0])	Boolean	1	SELECT (t0.F_N IS NOT NULL AND t0.F_N > CAST(1.0 AS DOUBLE)) AS x FROM T_D AS t0	Boolean	false	OK	OK
ng.le.i.lit	null	t::D.all()->project(~[x:p|$p.i <= 7])	Boolean	1	SELECT t0.I_V <= 7 AS x FROM T_D AS t0	Boolean	true	OK	OK
ng.le.iN.lit	null	t::D.all()->project(~[x:p|$p.iN <= 7])	Boolean	1	SELECT (t0.I_N IS NOT NULL AND t0.I_N <= 7) AS x FROM T_D AS t0	Boolean	false	OK	OK
ng.le.iN.i	null	t::D.all()->project(~[x:p|$p.iN <= $p.i])	Boolean	1	SELECT (t0.I_N IS NOT NULL AND t0.I_N <= t0.I_V) AS x FROM T_D AS t0	Boolean	false	OK	OK
ng.le.sN.lit	null	t::D.all()->project(~[x:p|$p.sN <= 'abc'])	Boolean	1	SELECT (t0.S_N IS NOT NULL AND t0.S_N <= 'abc') AS x FROM T_D AS t0	Boolean	false	OK	OK
ng.le.dN.lit	null	t::D.all()->project(~[x:p|$p.dN <= %2024-03-15])	Boolean	1	SELECT (t0.D_N IS NOT NULL AND t0.D_N <= DATE '2024-03-15') AS x FROM T_D AS t0	Boolean	false	OK	OK
ng.le.bN.lit	null	t::D.all()->project(~[x:p|$p.bN <= true])	Boolean	1	SELECT (t0.B_N IS NOT NULL AND t0.B_N <= TRUE) AS x FROM T_D AS t0	Boolean	false	OK	OK
ng.le.decN.lit	null	t::D.all()->project(~[x:p|$p.decN <= 1.0d])	Boolean	1	SELECT (t0.DEC_N IS NOT NULL AND t0.DEC_N <= 1.0) AS x FROM T_D AS t0	Boolean	false	OK	OK
ng.le.cN.lit	null	t::D.all()->project(~[x:p|$p.cN <= t::Color.RED])						G-ERR:TypeInferenceException: no overload of 'meta::pure::functions::boolean::lessThanEqual' structurally matches the argument types (ExprType[type=EnumType[fqn=t::Color], multiplicity=Bounded[lower=0, upper=1]], ExprType[type=EnumType[fqn=t::Color], multiplicity=Bounded[lower=1, upper=1]]); [TypedParameter[name=left, type=DATE, multiplicity=Bounded[lower=0, upper=1]], TypedParameter[name=right, type=DATE, multiplicity=Bounded[lower=0, upper=1]]]; [TypedParameter[name=left, type=DATE, multiplicity=Bounded[lower=0, upper=1]], TypedParameter[name=right, type=DATE, multiplicity=Bounded[lower=1, upper=1]]]; [TypedParameter[name=left, type=DATE, multiplicity=Bounded[lower=1, upper=1]], TypedParameter[name=right, type=DATE, multiplicity=Bounded[lower=0, upper=1]]]; [TypedParameter[name=left, type=DATE, multiplicity=Bounded[lower=1, upper=1]], TypedParameter[name=right, type=DATE, multiplicity=Bounded[lower=1, upper=1]]]; [TypedParameter[name=left, type=NUMBER, multiplicity=Bounded[lower=0, upper=1]], TypedParameter[name=right, type=NUMBER, multiplicity=Bounded[lower=0, upper=1]]]; [TypedParameter[name=left, type=NUMBER, multiplicity=Bounded[lower=0, upper=1]], TypedParameter[name=right, type=NUMBER, multiplicity=Bounded[lower=1, upper=1]]]; [TypedParameter[name=left, type=NUMBER, multiplicity=Bounded[lower=1, upper=1]], TypedParameter[name=right, type=NUMBER, multiplicity=Bounded[lower=0, upper=1]]]; [TypedParameter[name=left, type=NUMBER, multiplicity=Bounded[lower=1, upper=1]], TypedParameter[name=right, type=NUMBER, multiplicity=Bounded[lower=1, upper=1]]]; [TypedParameter[name=left, type=STRING, multiplicity=Bounded[lower=0, upper=1]], TypedParameter[name=right, type=STRING, multiplicity=Bounded[lower=0, upper=1]]]; [TypedParameter[name=left, type=STRING, multiplicity=Bounded[lower=0, upper=1]], TypedParameter[name=right, type=STRING, multiplicity=Bounded[lower=1, upper=1]]]; [TypedParameter[name=left, type=STRING, multiplicity=Bounded[lower=1, upper=1]], TypedParameter[name=right, type=STRING, multiplicity=Bounded[lower=0, upper=1]]]; [TypedParameter[name=left, type=STRING, multiplicity=Bounded[lower=1, upper=1]], TypedParameter[name=right, type=STRING, multiplicity=Bounded[lower=1, upper=1]]]; [TypedParameter[name=left, type=BOOLEAN, multiplicity=Bounded[lower=0, upper=1]], TypedParameter[name=right, type=BOOLEAN, multiplicity=Bounded[lower=0, upper=1]]]	G-REJECT
ng.le.dtN.lit	null	t::D.all()->project(~[x:p|$p.dtN <= %2024-03-15T10:30:45])	Boolean	1	SELECT (t0.DT_N IS NOT NULL AND t0.DT_N <= TIMESTAMP '2024-03-15T10:30:45') AS x FROM T_D AS t0	Boolean	false	OK	OK
ng.le.fN.lit	null	t::D.all()->project(~[x:p|$p.fN <= 1.0])	Boolean	1	SELECT (t0.F_N IS NOT NULL AND t0.F_N <= CAST(1.0 AS DOUBLE)) AS x FROM T_D AS t0	Boolean	false	OK	OK
ng.ge.i.lit	null	t::D.all()->project(~[x:p|$p.i >= 7])	Boolean	1	SELECT t0.I_V >= 7 AS x FROM T_D AS t0	Boolean	true	OK	OK
ng.ge.iN.lit	null	t::D.all()->project(~[x:p|$p.iN >= 7])	Boolean	1	SELECT (t0.I_N IS NOT NULL AND t0.I_N >= 7) AS x FROM T_D AS t0	Boolean	false	OK	OK
ng.ge.iN.i	null	t::D.all()->project(~[x:p|$p.iN >= $p.i])	Boolean	1	SELECT (t0.I_N IS NOT NULL AND t0.I_N >= t0.I_V) AS x FROM T_D AS t0	Boolean	false	OK	OK
ng.ge.sN.lit	null	t::D.all()->project(~[x:p|$p.sN >= 'abc'])	Boolean	1	SELECT (t0.S_N IS NOT NULL AND t0.S_N >= 'abc') AS x FROM T_D AS t0	Boolean	false	OK	OK
ng.ge.dN.lit	null	t::D.all()->project(~[x:p|$p.dN >= %2024-03-15])	Boolean	1	SELECT (t0.D_N IS NOT NULL AND t0.D_N >= DATE '2024-03-15') AS x FROM T_D AS t0	Boolean	false	OK	OK
ng.ge.bN.lit	null	t::D.all()->project(~[x:p|$p.bN >= true])	Boolean	1	SELECT (t0.B_N IS NOT NULL AND t0.B_N >= TRUE) AS x FROM T_D AS t0	Boolean	false	OK	OK
ng.ge.decN.lit	null	t::D.all()->project(~[x:p|$p.decN >= 1.0d])	Boolean	1	SELECT (t0.DEC_N IS NOT NULL AND t0.DEC_N >= 1.0) AS x FROM T_D AS t0	Boolean	false	OK	OK
ng.ge.cN.lit	null	t::D.all()->project(~[x:p|$p.cN >= t::Color.RED])						G-ERR:TypeInferenceException: no overload of 'meta::pure::functions::boolean::greaterThanEqual' structurally matches the argument types (ExprType[type=EnumType[fqn=t::Color], multiplicity=Bounded[lower=0, upper=1]], ExprType[type=EnumType[fqn=t::Color], multiplicity=Bounded[lower=1, upper=1]]); [TypedParameter[name=left, type=DATE, multiplicity=Bounded[lower=0, upper=1]], TypedParameter[name=right, type=DATE, multiplicity=Bounded[lower=0, upper=1]]]; [TypedParameter[name=left, type=DATE, multiplicity=Bounded[lower=0, upper=1]], TypedParameter[name=right, type=DATE, multiplicity=Bounded[lower=1, upper=1]]]; [TypedParameter[name=left, type=DATE, multiplicity=Bounded[lower=1, upper=1]], TypedParameter[name=right, type=DATE, multiplicity=Bounded[lower=0, upper=1]]]; [TypedParameter[name=left, type=DATE, multiplicity=Bounded[lower=1, upper=1]], TypedParameter[name=right, type=DATE, multiplicity=Bounded[lower=1, upper=1]]]; [TypedParameter[name=left, type=NUMBER, multiplicity=Bounded[lower=0, upper=1]], TypedParameter[name=right, type=NUMBER, multiplicity=Bounded[lower=0, upper=1]]]; [TypedParameter[name=left, type=NUMBER, multiplicity=Bounded[lower=0, upper=1]], TypedParameter[name=right, type=NUMBER, multiplicity=Bounded[lower=1, upper=1]]]; [TypedParameter[name=left, type=NUMBER, multiplicity=Bounded[lower=1, upper=1]], TypedParameter[name=right, type=NUMBER, multiplicity=Bounded[lower=0, upper=1]]]; [TypedParameter[name=left, type=NUMBER, multiplicity=Bounded[lower=1, upper=1]], TypedParameter[name=right, type=NUMBER, multiplicity=Bounded[lower=1, upper=1]]]; [TypedParameter[name=left, type=STRING, multiplicity=Bounded[lower=0, upper=1]], TypedParameter[name=right, type=STRING, multiplicity=Bounded[lower=0, upper=1]]]; [TypedParameter[name=left, type=STRING, multiplicity=Bounded[lower=0, upper=1]], TypedParameter[name=right, type=STRING, multiplicity=Bounded[lower=1, upper=1]]]; [TypedParameter[name=left, type=STRING, multiplicity=Bounded[lower=1, upper=1]], TypedParameter[name=right, type=STRING, multiplicity=Bounded[lower=0, upper=1]]]; [TypedParameter[name=left, type=STRING, multiplicity=Bounded[lower=1, upper=1]], TypedParameter[name=right, type=STRING, multiplicity=Bounded[lower=1, upper=1]]]; [TypedParameter[name=left, type=BOOLEAN, multiplicity=Bounded[lower=0, upper=1]], TypedParameter[name=right, type=BOOLEAN, multiplicity=Bounded[lower=0, upper=1]]]	G-REJECT
ng.ge.dtN.lit	null	t::D.all()->project(~[x:p|$p.dtN >= %2024-03-15T10:30:45])	Boolean	1	SELECT (t0.DT_N IS NOT NULL AND t0.DT_N >= TIMESTAMP '2024-03-15T10:30:45') AS x FROM T_D AS t0	Boolean	false	OK	OK
ng.ge.fN.lit	null	t::D.all()->project(~[x:p|$p.fN >= 1.0])	Boolean	1	SELECT (t0.F_N IS NOT NULL AND t0.F_N >= CAST(1.0 AS DOUBLE)) AS x FROM T_D AS t0	Boolean	false	OK	OK
ng.and.bN	null	t::D.all()->project(~[x:p|$p.bN && true])						G-ERR:TypeInferenceException: in call to 'meta::pure::functions::boolean::and', argument 1: multiplicity [0..1] is not compatible with [1]	G-REJECT
ng.or.bN	null	t::D.all()->project(~[x:p|$p.bN || false])						G-ERR:TypeInferenceException: in call to 'meta::pure::functions::boolean::or', argument 1: multiplicity [0..1] is not compatible with [1]	G-REJECT
ng.not.bN	null	t::D.all()->project(~[x:p|not($p.bN)])						G-ERR:TypeInferenceException: in call to 'meta::pure::functions::boolean::not', argument 1: multiplicity [0..1] is not compatible with [1]	G-REJECT
ng.in.iN	null	t::D.all()->project(~[x:p|$p.iN->in([1,2,3])])	Boolean	1	SELECT coalesce(coalesce(t0.I_N IN (1, 2, 3), FALSE), FALSE) AS x FROM T_D AS t0	Boolean	false	OK	OK
ng.isEmpty.iN	null	t::D.all()->project(~[x:p|$p.iN->isEmpty()])	Boolean	1	SELECT t0.I_N IS NULL AS x FROM T_D AS t0	Boolean	true	OK	OK
ng.isNotEmpty.iN	null	t::D.all()->project(~[x:p|$p.iN->isNotEmpty()])	Boolean	1	SELECT t0.I_N IS NOT NULL AS x FROM T_D AS t0	Boolean	false	OK	OK
ng.contains.sN	null	t::D.all()->project(~[x:p|$p.sN->contains('a')])	Boolean	1	SELECT (t0.S_N IS NOT NULL AND strpos(t0.S_N, 'a') > 0) AS x FROM T_D AS t0	Boolean	false	OK	OK
ng.startsWith.sN	null	t::D.all()->project(~[x:p|$p.sN->startsWith('a')])	Boolean	1	SELECT (t0.S_N IS NOT NULL AND starts_with(t0.S_N, 'a')) AS x FROM T_D AS t0	Boolean	false	OK	OK
ng.endsWith.sN	null	t::D.all()->project(~[x:p|$p.sN->endsWith('a')])	Boolean	1	SELECT (t0.S_N IS NOT NULL AND ends_with(t0.S_N, 'a')) AS x FROM T_D AS t0	Boolean	false	OK	OK
nu.abs	null	t::D.all()->project(~[x:p|$p.iN->toOne()->abs()])	Integer	1	SELECT abs(t0.I_N) AS x FROM T_D AS t0	null	null	OK	DIVERGENCE:null-in-[1]
nu.sign	null	t::D.all()->project(~[x:p|$p.iN->toOne()->sign()])	Integer	1	SELECT CAST(sign(t0.I_N) AS BIGINT) AS x FROM T_D AS t0	null	null	OK	DIVERGENCE:null-in-[1]
nu.round	null	t::D.all()->project(~[x:p|$p.iN->toOne()->round()])	Integer	1	SELECT CAST(ROUND_EVEN(t0.I_N, 0) AS BIGINT) AS x FROM T_D AS t0	null	null	OK	DIVERGENCE:null-in-[1]
nu.floor	null	t::D.all()->project(~[x:p|$p.iN->toOne()->floor()])	Integer	1	SELECT CAST(floor(t0.I_N) AS BIGINT) AS x FROM T_D AS t0	null	null	OK	DIVERGENCE:null-in-[1]
nu.ceiling	null	t::D.all()->project(~[x:p|$p.iN->toOne()->ceiling()])	Integer	1	SELECT CAST(ceil(t0.I_N) AS BIGINT) AS x FROM T_D AS t0	null	null	OK	DIVERGENCE:null-in-[1]
nu.sqrt	null	t::D.all()->project(~[x:p|$p.iN->toOne()->sqrt()])	Float	1	SELECT CASE WHEN CAST(t0.I_N AS DOUBLE) < 0 THEN error(concat('Unable to compute sqrt of ', CASE WHEN strpos(CAST(CAST(t0.I_N AS DOUBLE) AS VARCHAR), 'e') > 0 AND CAST(t0.I_N AS DOUBLE) = floor(CAST(t0.I_N AS DOUBLE)) AND abs(CAST(t0.I_N AS DOUBLE)) < CAST(1.0E38 AS DOUBLE) THEN concat(CAST(CAST(CAST(t0.I_N AS DOUBLE) AS HUGEINT) AS VARCHAR), '.0') WHEN strpos(CAST(CAST(t0.I_N AS DOUBLE) AS VARCHAR), 'e') > 0 AND abs(CAST(t0.I_N AS DOUBLE)) >= CAST(1.0E-17 AS DOUBLE) AND abs(CAST(t0.I_N AS DOUBLE)) < CAST(9.007199254740992E15 AS DOUBLE) THEN CASE WHEN ends_with(rtrim(CAST(CAST(CAST(t0.I_N AS DOUBLE) AS DECIMAL(38, 18)) AS VARCHAR), '0'), '.') THEN concat(rtrim(CAST(CAST(CAST(t0.I_N AS DOUBLE) AS DECIMAL(38, 18)) AS VARCHAR), '0'), '0') ELSE rtrim(CAST(CAST(CAST(t0.I_N AS DOUBLE) AS DECIMAL(38, 18)) AS VARCHAR), '0') END ELSE CAST(CAST(t0.I_N AS DOUBLE) AS VARCHAR) END)) ELSE sqrt(t0.I_N) END AS x FROM T_D AS t0	null	null	OK	DIVERGENCE:null-in-[1]
nu.exp	null	t::D.all()->project(~[x:p|$p.iN->toOne()->exp()])	Float	1	SELECT exp(t0.I_N) AS x FROM T_D AS t0	null	null	OK	DIVERGENCE:null-in-[1]
nu.log	null	t::D.all()->project(~[x:p|$p.iN->toOne()->log()])	Float	1	SELECT ln(t0.I_N) AS x FROM T_D AS t0	null	null	OK	DIVERGENCE:null-in-[1]
nu.log10	null	t::D.all()->project(~[x:p|$p.iN->toOne()->log10()])	Float	1	SELECT log10(t0.I_N) AS x FROM T_D AS t0	null	null	OK	DIVERGENCE:null-in-[1]
nu.cbrt	null	t::D.all()->project(~[x:p|$p.iN->toOne()->cbrt()])	Float	1	SELECT cbrt(t0.I_N) AS x FROM T_D AS t0	null	null	OK	DIVERGENCE:null-in-[1]
nu.toFloat	null	t::D.all()->project(~[x:p|$p.iN->toOne()->toFloat()])	Float	1	SELECT CAST(t0.I_N AS DOUBLE) AS x FROM T_D AS t0	null	null	OK	DIVERGENCE:null-in-[1]
nu.toDecimal	null	t::D.all()->project(~[x:p|$p.iN->toOne()->toDecimal()])	Decimal(38,18)	1	SELECT CAST(t0.I_N AS DECIMAL(38, 0)) AS x FROM T_D AS t0	null	null	OK	DIVERGENCE:null-in-[1]
nu.toDegrees	null	t::D.all()->project(~[x:p|$p.iN->toOne()->toDegrees()])	Float	1	SELECT degrees(t0.I_N) AS x FROM T_D AS t0	null	null	OK	DIVERGENCE:null-in-[1]
nu.toRadians	null	t::D.all()->project(~[x:p|$p.iN->toOne()->toRadians()])	Float	1	SELECT radians(t0.I_N) AS x FROM T_D AS t0	null	null	OK	DIVERGENCE:null-in-[1]
nu.sin	null	t::D.all()->project(~[x:p|$p.iN->toOne()->sin()])	Float	1	SELECT sin(t0.I_N) AS x FROM T_D AS t0	null	null	OK	DIVERGENCE:null-in-[1]
nu.cos	null	t::D.all()->project(~[x:p|$p.iN->toOne()->cos()])	Float	1	SELECT cos(t0.I_N) AS x FROM T_D AS t0	null	null	OK	DIVERGENCE:null-in-[1]
nu.tan	null	t::D.all()->project(~[x:p|$p.iN->toOne()->tan()])	Float	1	SELECT tan(t0.I_N) AS x FROM T_D AS t0	null	null	OK	DIVERGENCE:null-in-[1]
nu.asin	null	t::D.all()->project(~[x:p|$p.iN->toOne()->asin()])	Float	1	SELECT CASE WHEN abs(CAST(t0.I_N AS DOUBLE)) > 1 THEN error(concat('Unable to compute asin of ', CASE WHEN strpos(CAST(CAST(t0.I_N AS DOUBLE) AS VARCHAR), 'e') > 0 AND CAST(t0.I_N AS DOUBLE) = floor(CAST(t0.I_N AS DOUBLE)) AND abs(CAST(t0.I_N AS DOUBLE)) < CAST(1.0E38 AS DOUBLE) THEN concat(CAST(CAST(CAST(t0.I_N AS DOUBLE) AS HUGEINT) AS VARCHAR), '.0') WHEN strpos(CAST(CAST(t0.I_N AS DOUBLE) AS VARCHAR), 'e') > 0 AND abs(CAST(t0.I_N AS DOUBLE)) >= CAST(1.0E-17 AS DOUBLE) AND abs(CAST(t0.I_N AS DOUBLE)) < CAST(9.007199254740992E15 AS DOUBLE) THEN CASE WHEN ends_with(rtrim(CAST(CAST(CAST(t0.I_N AS DOUBLE) AS DECIMAL(38, 18)) AS VARCHAR), '0'), '.') THEN concat(rtrim(CAST(CAST(CAST(t0.I_N AS DOUBLE) AS DECIMAL(38, 18)) AS VARCHAR), '0'), '0') ELSE rtrim(CAST(CAST(CAST(t0.I_N AS DOUBLE) AS DECIMAL(38, 18)) AS VARCHAR), '0') END ELSE CAST(CAST(t0.I_N AS DOUBLE) AS VARCHAR) END)) ELSE (CASE WHEN (t0.I_N) BETWEEN -1 AND 1 THEN asin(t0.I_N) ELSE 'NaN'::DOUBLE END) END AS x FROM T_D AS t0	Double	NaN	OK	OK
nu.acos	null	t::D.all()->project(~[x:p|$p.iN->toOne()->acos()])	Float	1	SELECT CASE WHEN abs(CAST(t0.I_N AS DOUBLE)) > 1 THEN error(concat('Unable to compute acos of ', CASE WHEN strpos(CAST(CAST(t0.I_N AS DOUBLE) AS VARCHAR), 'e') > 0 AND CAST(t0.I_N AS DOUBLE) = floor(CAST(t0.I_N AS DOUBLE)) AND abs(CAST(t0.I_N AS DOUBLE)) < CAST(1.0E38 AS DOUBLE) THEN concat(CAST(CAST(CAST(t0.I_N AS DOUBLE) AS HUGEINT) AS VARCHAR), '.0') WHEN strpos(CAST(CAST(t0.I_N AS DOUBLE) AS VARCHAR), 'e') > 0 AND abs(CAST(t0.I_N AS DOUBLE)) >= CAST(1.0E-17 AS DOUBLE) AND abs(CAST(t0.I_N AS DOUBLE)) < CAST(9.007199254740992E15 AS DOUBLE) THEN CASE WHEN ends_with(rtrim(CAST(CAST(CAST(t0.I_N AS DOUBLE) AS DECIMAL(38, 18)) AS VARCHAR), '0'), '.') THEN concat(rtrim(CAST(CAST(CAST(t0.I_N AS DOUBLE) AS DECIMAL(38, 18)) AS VARCHAR), '0'), '0') ELSE rtrim(CAST(CAST(CAST(t0.I_N AS DOUBLE) AS DECIMAL(38, 18)) AS VARCHAR), '0') END ELSE CAST(CAST(t0.I_N AS DOUBLE) AS VARCHAR) END)) ELSE (CASE WHEN (t0.I_N) BETWEEN -1 AND 1 THEN acos(t0.I_N) ELSE 'NaN'::DOUBLE END) END AS x FROM T_D AS t0	Double	NaN	OK	OK
nu.atan	null	t::D.all()->project(~[x:p|$p.iN->toOne()->atan()])	Float	1	SELECT atan(t0.I_N) AS x FROM T_D AS t0	null	null	OK	DIVERGENCE:null-in-[1]
nu.sinh	null	t::D.all()->project(~[x:p|$p.iN->toOne()->sinh()])	Float	1	SELECT sinh(t0.I_N) AS x FROM T_D AS t0	null	null	OK	DIVERGENCE:null-in-[1]
nu.cosh	null	t::D.all()->project(~[x:p|$p.iN->toOne()->cosh()])	Float	1	SELECT cosh(t0.I_N) AS x FROM T_D AS t0	null	null	OK	DIVERGENCE:null-in-[1]
nu.tanh	null	t::D.all()->project(~[x:p|$p.iN->toOne()->tanh()])	Float	1	SELECT tanh(t0.I_N) AS x FROM T_D AS t0	null	null	OK	DIVERGENCE:null-in-[1]
nu.cot	null	t::D.all()->project(~[x:p|$p.iN->toOne()->cot()])	Float	1	SELECT cot(t0.I_N) AS x FROM T_D AS t0	null	null	OK	DIVERGENCE:null-in-[1]
nu.bitNot	null	t::D.all()->project(~[x:p|$p.iN->toOne()->bitNot()])	Integer	1	SELECT xor(t0.I_N, -1) AS x FROM T_D AS t0	null	null	OK	DIVERGENCE:null-in-[1]
nu.toString	null	t::D.all()->project(~[x:p|$p.iN->toOne()->toString()])	String	1	SELECT CAST(t0.I_N AS VARCHAR) AS x FROM T_D AS t0	null	null	OK	DIVERGENCE:null-in-[1]
nb.mod	null	t::D.all()->project(~[x:p|mod($p.iN->toOne(), 2)])	Integer	1	SELECT MOD(MOD(t0.I_N, 2) + 2, 2) AS x FROM T_D AS t0	null	null	OK	DIVERGENCE:null-in-[1]
nb.rem	null	t::D.all()->project(~[x:p|rem($p.iN->toOne(), 2)])	Number	1	SELECT CASE WHEN 2 = 0 THEN error(concat('Cannot divide ', CAST(t0.I_N AS VARCHAR), ' by zero')) ELSE MOD(t0.I_N, 2) END AS x FROM T_D AS t0	null	null	OK	DIVERGENCE:null-in-[1]
nb.pow	null	t::D.all()->project(~[x:p|pow($p.iN->toOne(), 2)])	Number	1	SELECT power(t0.I_N, 2) AS x FROM T_D AS t0	null	null	OK	DIVERGENCE:null-in-[1]
nb.atan2	null	t::D.all()->project(~[x:p|atan2($p.iN->toOne(), 2)])	Float	1	SELECT atan2(t0.I_N, 2) AS x FROM T_D AS t0	null	null	OK	DIVERGENCE:null-in-[1]
nb.max	null	t::D.all()->project(~[x:p|max($p.iN->toOne(), 2)])	Integer	1	SELECT greatest(t0.I_N, 2) AS x FROM T_D AS t0	Integer	2	OK	OK
nb.min	null	t::D.all()->project(~[x:p|min($p.iN->toOne(), 2)])	Integer	1	SELECT least(t0.I_N, 2) AS x FROM T_D AS t0	Integer	2	OK	OK
nb.divide	null	t::D.all()->project(~[x:p|divide($p.iN->toOne(), 2)])	Float	1	SELECT ((1.0 * t0.I_N) / 2) AS x FROM T_D AS t0	null	null	OK	DIVERGENCE:null-in-[1]
nb.plus	null	t::D.all()->project(~[x:p|$p.iN->toOne() + 2])	Integer	1	SELECT t0.I_N + 2 AS x FROM T_D AS t0	null	null	OK	DIVERGENCE:null-in-[1]
nb.minus	null	t::D.all()->project(~[x:p|$p.iN->toOne() - 2])	Integer	1	SELECT t0.I_N - 2 AS x FROM T_D AS t0	null	null	OK	DIVERGENCE:null-in-[1]
nb.times	null	t::D.all()->project(~[x:p|$p.iN->toOne() * 2])	Integer	1	SELECT t0.I_N * 2 AS x FROM T_D AS t0	null	null	OK	DIVERGENCE:null-in-[1]
nb.div	null	t::D.all()->project(~[x:p|$p.iN->toOne() / 2])	Float	1	SELECT ((1.0 * t0.I_N) / 2) AS x FROM T_D AS t0	null	null	OK	DIVERGENCE:null-in-[1]
nb.divide3	null	t::D.all()->project(~[x:p|divide($p.iN->toOne(), 2, 2)])	Decimal	1	SELECT CAST(ROUND(((1.0 * t0.I_N) / 2), 2) AS DECIMAL(38, 2)) AS x FROM T_D AS t0	null	null	OK	DIVERGENCE:null-in-[1]
nb.bitAnd	null	t::D.all()->project(~[x:p|bitAnd($p.iN->toOne(), 2)])	Integer	1	SELECT (t0.I_N & 2) AS x FROM T_D AS t0	null	null	OK	DIVERGENCE:null-in-[1]
nb.bitOr	null	t::D.all()->project(~[x:p|bitOr($p.iN->toOne(), 2)])	Integer	1	SELECT (t0.I_N | 2) AS x FROM T_D AS t0	null	null	OK	DIVERGENCE:null-in-[1]
nb.bitXor	null	t::D.all()->project(~[x:p|bitXor($p.iN->toOne(), 2)])	Integer	1	SELECT xor(t0.I_N, 2) AS x FROM T_D AS t0	null	null	OK	DIVERGENCE:null-in-[1]
nb.bitShiftLeft	null	t::D.all()->project(~[x:p|bitShiftLeft($p.iN->toOne(), 2)])	Integer	1	SELECT (CAST(t0.I_N AS BIGINT) << 2) AS x FROM T_D AS t0	null	null	OK	DIVERGENCE:null-in-[1]
nb.bitShiftRight	null	t::D.all()->project(~[x:p|bitShiftRight($p.iN->toOne(), 2)])	Integer	1	SELECT (CAST(t0.I_N AS BIGINT) >> 2) AS x FROM T_D AS t0	null	null	OK	DIVERGENCE:null-in-[1]
nb.round2	null	t::D.all()->project(~[x:p|round($p.fN->toOne(), 2)])	Float	1	SELECT ROUND_EVEN(t0.F_N, 2) AS x FROM T_D AS t0	null	null	OK	DIVERGENCE:null-in-[1]
ns.length	null	t::D.all()->project(~[x:p|$p.sN->toOne()->length()])	Integer	1	SELECT length(CAST(t0.S_N AS VARCHAR)) AS x FROM T_D AS t0	null	null	OK	DIVERGENCE:null-in-[1]
ns.toUpper	null	t::D.all()->project(~[x:p|$p.sN->toOne()->toUpper()])	String	1	SELECT upper(t0.S_N) AS x FROM T_D AS t0	null	null	OK	DIVERGENCE:null-in-[1]
ns.toLower	null	t::D.all()->project(~[x:p|$p.sN->toOne()->toLower()])	String	1	SELECT lower(t0.S_N) AS x FROM T_D AS t0	null	null	OK	DIVERGENCE:null-in-[1]
ns.trim	null	t::D.all()->project(~[x:p|$p.sN->toOne()->trim()])	String	1	SELECT trim(t0.S_N) AS x FROM T_D AS t0	null	null	OK	DIVERGENCE:null-in-[1]
ns.ltrim	null	t::D.all()->project(~[x:p|$p.sN->toOne()->ltrim()])	String	1	SELECT ltrim(t0.S_N) AS x FROM T_D AS t0	null	null	OK	DIVERGENCE:null-in-[1]
ns.rtrim	null	t::D.all()->project(~[x:p|$p.sN->toOne()->rtrim()])	String	1	SELECT rtrim(t0.S_N) AS x FROM T_D AS t0	null	null	OK	DIVERGENCE:null-in-[1]
ns.reverseString	null	t::D.all()->project(~[x:p|$p.sN->toOne()->reverseString()])	String	1	SELECT reverse(t0.S_N) AS x FROM T_D AS t0	null	null	OK	DIVERGENCE:null-in-[1]
ns.ascii	null	t::D.all()->project(~[x:p|$p.sN->toOne()->ascii()])	Integer	1	SELECT ascii(t0.S_N) AS x FROM T_D AS t0	null	null	OK	DIVERGENCE:null-in-[1]
ns.encodeBase64	null	t::D.all()->project(~[x:p|$p.sN->toOne()->encodeBase64()])	String	1	SELECT to_base64(CAST(t0.S_N AS BLOB)) AS x FROM T_D AS t0	null	null	OK	DIVERGENCE:null-in-[1]
ns.decodeBase64	null	t::D.all()->project(~[x:p|$p.sN->toOne()->decodeBase64()])	String	1	SELECT CAST(from_base64(concat(t0.S_N, repeat('=', MOD(MOD(4 - MOD(MOD(length(CAST(t0.S_N AS VARCHAR)), 4) + 4, 4), 4) + 4, 4)))) AS VARCHAR) AS x FROM T_D AS t0	String		OK	OK
ns.toUpperFirstCharacter	null	t::D.all()->project(~[x:p|$p.sN->toOne()->toUpperFirstCharacter()])	String	1	SELECT upper(substr(t0.S_N, 1, 1)) || substr(t0.S_N, 2) AS x FROM T_D AS t0	null	null	OK	DIVERGENCE:null-in-[1]
ns.toLowerFirstCharacter	null	t::D.all()->project(~[x:p|$p.sN->toOne()->toLowerFirstCharacter()])	String	1	SELECT lower(substr(t0.S_N, 1, 1)) || substr(t0.S_N, 2) AS x FROM T_D AS t0	null	null	OK	DIVERGENCE:null-in-[1]
ns.parseInteger	null	t::D.all()->project(~[x:p|$p.sN->toOne()->parseInteger()])	Integer	1	SELECT CAST(t0.S_N AS BIGINT) AS x FROM T_D AS t0	null	null	OK	DIVERGENCE:null-in-[1]
ns.parseFloat	null	t::D.all()->project(~[x:p|$p.sN->toOne()->parseFloat()])	Float	1	SELECT CAST(t0.S_N AS DOUBLE) AS x FROM T_D AS t0	null	null	OK	DIVERGENCE:null-in-[1]
ns.parseDecimal	null	t::D.all()->project(~[x:p|$p.sN->toOne()->parseDecimal()])	Decimal(38,18)	1	SELECT CAST(rtrim(t0.S_N, 'dD') AS DECIMAL(5, 2)) AS x FROM T_D AS t0	null	null	OK	DIVERGENCE:null-in-[1]
ns.parseBoolean	null	t::D.all()->project(~[x:p|$p.sN->toOne()->parseBoolean()])	Boolean	1	SELECT CAST(t0.S_N AS BOOLEAN) AS x FROM T_D AS t0	null	null	OK	DIVERGENCE:null-in-[1]
ns.parseDate	null	t::D.all()->project(~[x:p|$p.sN->toOne()->parseDate()])	Date	1	SELECT CAST(t0.S_N AS TIMESTAMP) AS x FROM T_D AS t0	null	null	OK	DIVERGENCE:null-in-[1]
ns.toString	null	t::D.all()->project(~[x:p|$p.sN->toOne()->toString()])	String	1	SELECT CAST(t0.S_N AS VARCHAR) AS x FROM T_D AS t0	null	null	OK	DIVERGENCE:null-in-[1]
ns.toRepresentation	null	t::D.all()->project(~[x:p|$p.sN->toOne()->toRepresentation()])	String	1	SELECT concat('''', replace(replace(replace(CAST(t0.S_N AS VARCHAR), '\', '\\'), '''', '\'''), ' ', '\n'), '''') AS x FROM T_D AS t0	String	''	OK	OK
ns.indexOf	null	t::D.all()->project(~[x:p|$p.sN->toOne()->indexOf('a')])	Integer	1	SELECT strpos(t0.S_N, 'a') AS x FROM T_D AS t0	null	null	OK	DIVERGENCE:null-in-[1]
ns.indexOf3	null	t::D.all()->project(~[x:p|$p.sN->toOne()->indexOf('a', 1)])	Integer	1	SELECT CASE WHEN strpos(substr(t0.S_N, 1), 'a') > 0 THEN strpos(substr(t0.S_N, 1), 'a') + 1 - 1 ELSE 0 END AS x FROM T_D AS t0	Long	0	OK	OK
ns.substring	null	t::D.all()->project(~[x:p|$p.sN->toOne()->substring(1)])	String	1	SELECT substr(t0.S_N, 1) AS x FROM T_D AS t0	null	null	OK	DIVERGENCE:null-in-[1]
ns.substring3	null	t::D.all()->project(~[x:p|$p.sN->toOne()->substring(1,2)])	String	1	SELECT substr(t0.S_N, 1, 2) AS x FROM T_D AS t0	null	null	OK	DIVERGENCE:null-in-[1]
ns.replace	null	t::D.all()->project(~[x:p|$p.sN->toOne()->replace('a','b')])	String	1	SELECT replace(t0.S_N, 'a', 'b') AS x FROM T_D AS t0	null	null	OK	DIVERGENCE:null-in-[1]
ns.split	null	t::D.all()->project(~[x:p|$p.sN->toOne()->split(',')])	String	0..1	SELECT string_split(t0.S_N, ',') AS x FROM T_D AS t0	null	null	OK	OK(empty)
ns.splitPart	null	t::D.all()->project(~[x:p|$p.sN->toOne()->splitPart(',',1)])	String	0..1	SELECT split_part(t0.S_N, ',', 2) AS x FROM T_D AS t0	null	null	OK	OK(empty)
ns.startsWith	null	t::D.all()->project(~[x:p|$p.sN->toOne()->startsWith('a')])	Boolean	1	SELECT (t0.S_N IS NOT NULL AND starts_with(t0.S_N, 'a')) AS x FROM T_D AS t0	Boolean	false	OK	OK
ns.endsWith	null	t::D.all()->project(~[x:p|$p.sN->toOne()->endsWith('a')])	Boolean	1	SELECT (t0.S_N IS NOT NULL AND ends_with(t0.S_N, 'a')) AS x FROM T_D AS t0	Boolean	false	OK	OK
ns.contains	null	t::D.all()->project(~[x:p|$p.sN->toOne()->contains('a')])	Boolean	1	SELECT (t0.S_N IS NOT NULL AND strpos(t0.S_N, 'a') > 0) AS x FROM T_D AS t0	Boolean	false	OK	OK
ns.matches	null	t::D.all()->project(~[x:p|$p.sN->toOne()->matches('a')])	Boolean	1	SELECT regexp_full_match(t0.S_N, 'a') AS x FROM T_D AS t0	null	null	OK	DIVERGENCE:null-in-[1]
ns.lpad	null	t::D.all()->project(~[x:p|$p.sN->toOne()->lpad(5)])	String	1	SELECT lpad(t0.S_N, 5, ' ') AS x FROM T_D AS t0	null	null	OK	DIVERGENCE:null-in-[1]
ns.rpad	null	t::D.all()->project(~[x:p|$p.sN->toOne()->rpad(5)])	String	1	SELECT rpad(t0.S_N, 5, ' ') AS x FROM T_D AS t0	null	null	OK	DIVERGENCE:null-in-[1]
ns.left	null	t::D.all()->project(~[x:p|$p.sN->toOne()->left(2)])	String	1	SELECT left(t0.S_N, 2) AS x FROM T_D AS t0	null	null	OK	DIVERGENCE:null-in-[1]
ns.right	null	t::D.all()->project(~[x:p|$p.sN->toOne()->right(2)])	String	1	SELECT right(t0.S_N, 2) AS x FROM T_D AS t0	null	null	OK	DIVERGENCE:null-in-[1]
ns.chunk	null	t::D.all()->project(~[x:p|$p.sN->toOne()->chunk(2)])	String	0..1	SELECT regexp_extract_all(t0.S_N, concat('.{1,', CAST(2 AS VARCHAR), '}')) AS x FROM T_D AS t0	null	null	OK	OK(empty)
ns.repeatString	null	t::D.all()->project(~[x:p|$p.sN->toOne()->repeatString(2)])	String	0..1	SELECT repeat(t0.S_N, 2) AS x FROM T_D AS t0	null	null	OK	OK(empty)
ns.plus	null	t::D.all()->project(~[x:p|$p.sN->toOne() + 'a'])	String	1	SELECT concat(t0.S_N, 'a') AS x FROM T_D AS t0	String	a	OK	OK
ns.hash	null	t::D.all()->project(~[x:p|$p.sN->toOne()->hash(meta::pure::functions::hash::HashType.MD5)])	String	1	SELECT md5(t0.S_N) AS x FROM T_D AS t0	null	null	OK	DIVERGENCE:null-in-[1]
ns.leven	null	t::D.all()->project(~[x:p|levenshteinDistance($p.sN->toOne(),'a')])	Integer	1	SELECT levenshtein(t0.S_N, 'a') AS x FROM T_D AS t0	null	null	OK	DIVERGENCE:null-in-[1]
ns.jaro	null	t::D.all()->project(~[x:p|jaroWinklerSimilarity($p.sN->toOne(),'a')])	Float	1	SELECT jaro_winkler_similarity(t0.S_N, 'a') AS x FROM T_D AS t0	null	null	OK	DIVERGENCE:null-in-[1]
ns.format	null	t::D.all()->project(~[x:p|format($p.sN->toOne(), [])])	String	1	SELECT printf(t0.S_N, NULL) AS x FROM T_D AS t0	null	null	OK	DIVERGENCE:null-in-[1]
ns.regexpCount	null	t::D.all()->project(~[x:p|regexpCount($p.sN->toOne(),'a')])	Integer	1	SELECT len(regexp_extract_all(t0.S_N, 'a', 0)) AS x FROM T_D AS t0	null	null	OK	DIVERGENCE:null-in-[1]
ns.regexpLike	null	t::D.all()->project(~[x:p|regexpLike($p.sN->toOne(),'a')])	Boolean	1	SELECT regexp_matches(t0.S_N, 'a') AS x FROM T_D AS t0	null	null	OK	DIVERGENCE:null-in-[1]
ns.regexpReplace	null	t::D.all()->project(~[x:p|regexpReplace($p.sN->toOne(),'a','b',true)])	String	1	SELECT regexp_replace(t0.S_N, 'a', 'b', 'g') AS x FROM T_D AS t0	null	null	OK	DIVERGENCE:null-in-[1]
ns.regexpIndexOf	null	t::D.all()->project(~[x:p|regexpIndexOf($p.sN->toOne(),'a')])	Integer	1	SELECT CASE WHEN list_extract(regexp_extract_all(t0.S_N, 'a', 0), 1) IS NULL OR regexp_extract(t0.S_N, '(?s)^((?:.*?))(?:a)', 1) IS NULL THEN -1 ELSE length(CAST(regexp_extract(t0.S_N, '(?s)^((?:.*?))(?:a)', 1) AS VARCHAR)) END AS x FROM T_D AS t0	Long	-1	OK	OK
ns.regexpExtract	null	t::D.all()->project(~[x:p|regexpExtract($p.sN->toOne(),'a',false)])	String	0..1	SELECT array_slice(regexp_extract_all(t0.S_N, 'a', 0), 1, 1) AS x FROM T_D AS t0	null	null	OK	OK(empty)
ns.isNumeric	null	t::D.all()->project(~[x:p|meta::legend::lite::isNumeric($p.sN->toOne())])	Boolean	0..1	SELECT lower(t0.S_N) = upper(t0.S_N) AS x FROM T_D AS t0	null	null	OK	OK(empty)
nd.year	null	t::D.all()->project(~[x:p|$p.dN->toOne()->year()])	Integer	1	SELECT date_part('year', t0.D_N) AS x FROM T_D AS t0	null	null	OK	DIVERGENCE:null-in-[1]
nd.monthNumber	null	t::D.all()->project(~[x:p|$p.dN->toOne()->monthNumber()])	Integer	1	SELECT date_part('month', t0.D_N) AS x FROM T_D AS t0	null	null	OK	DIVERGENCE:null-in-[1]
nd.dayOfMonth	null	t::D.all()->project(~[x:p|$p.dN->toOne()->dayOfMonth()])	Integer	1	SELECT date_part('day', t0.D_N) AS x FROM T_D AS t0	null	null	OK	DIVERGENCE:null-in-[1]
nd.dayOfYear	null	t::D.all()->project(~[x:p|$p.dN->toOne()->dayOfYear()])	Integer	1	SELECT date_part('doy', t0.D_N) AS x FROM T_D AS t0	null	null	OK	DIVERGENCE:null-in-[1]
nd.weekOfYear	null	t::D.all()->project(~[x:p|$p.dN->toOne()->weekOfYear()])	Integer	1	SELECT date_part('week', t0.D_N) AS x FROM T_D AS t0	null	null	OK	DIVERGENCE:null-in-[1]
nd.quarterNumber	null	t::D.all()->project(~[x:p|$p.dN->toOne()->quarterNumber()])	Integer	1	SELECT date_part('quarter', t0.D_N) AS x FROM T_D AS t0	null	null	OK	DIVERGENCE:null-in-[1]
nd.dayOfWeekNumber	null	t::D.all()->project(~[x:p|$p.dN->toOne()->dayOfWeekNumber()])	Integer	1	SELECT date_part('isodow', t0.D_N) AS x FROM T_D AS t0	null	null	OK	DIVERGENCE:null-in-[1]
nd.toEpochValue	null	t::D.all()->project(~[x:p|$p.dN->toOne()->toEpochValue()])	Integer	1	SELECT ((epoch_ms(t0.D_N) - epoch_ms(TIMESTAMP '1970-01-01 00:00:00')) // 1000) AS x FROM T_D AS t0	null	null	OK	DIVERGENCE:null-in-[1]
nd.month	null	t::D.all()->project(~[x:p|$p.dN->toOne()->month()])	meta::pure::functions::date::Month	1	SELECT strftime(t0.D_N, '%B') AS x FROM T_D AS t0	null	null	OK	DIVERGENCE:null-in-[1]
nd.quarter	null	t::D.all()->project(~[x:p|$p.dN->toOne()->quarter()])	meta::pure::functions::date::Quarter	1	SELECT date_part('quarter', t0.D_N) AS x FROM T_D AS t0	null	null	OK	DIVERGENCE:null-in-[1]
nd.dayOfWeek	null	t::D.all()->project(~[x:p|$p.dN->toOne()->dayOfWeek()])	meta::pure::functions::date::DayOfWeek	1	SELECT strftime(t0.D_N, '%A') AS x FROM T_D AS t0	null	null	OK	DIVERGENCE:null-in-[1]
nd.datePart	null	t::D.all()->project(~[x:p|$p.dN->toOne()->datePart()])	StrictDate	1	SELECT CAST(t0.D_N AS DATE) AS x FROM T_D AS t0	null	null	OK	DIVERGENCE:null-in-[1]
nd.firstDayOfMonth	null	t::D.all()->project(~[x:p|$p.dN->toOne()->firstDayOfMonth()])	Date	1	SELECT date_trunc('month', t0.D_N) AS x FROM T_D AS t0	null	null	OK	DIVERGENCE:null-in-[1]
nd.firstDayOfQuarter	null	t::D.all()->project(~[x:p|$p.dN->toOne()->firstDayOfQuarter()])	StrictDate	1	SELECT date_trunc('quarter', t0.D_N) AS x FROM T_D AS t0	null	null	OK	DIVERGENCE:null-in-[1]
nd.firstDayOfWeek	null	t::D.all()->project(~[x:p|$p.dN->toOne()->firstDayOfWeek()])	Date	1	SELECT date_trunc('week', t0.D_N) AS x FROM T_D AS t0	null	null	OK	DIVERGENCE:null-in-[1]
nd.firstDayOfYear	null	t::D.all()->project(~[x:p|$p.dN->toOne()->firstDayOfYear()])	Date	1	SELECT date_trunc('year', t0.D_N) AS x FROM T_D AS t0	null	null	OK	DIVERGENCE:null-in-[1]
nd.firstHourOfDay	null	t::D.all()->project(~[x:p|$p.dN->toOne()->firstHourOfDay()])	DateTime	1	SELECT date_trunc('day', t0.D_N) AS x FROM T_D AS t0	null	null	OK	DIVERGENCE:null-in-[1]
nd.firstMinuteOfHour	null	t::D.all()->project(~[x:p|$p.dN->toOne()->firstMinuteOfHour()])	DateTime	1	SELECT date_trunc('hour', t0.D_N) AS x FROM T_D AS t0	null	null	OK	DIVERGENCE:null-in-[1]
nd.firstSecondOfMinute	null	t::D.all()->project(~[x:p|$p.dN->toOne()->firstSecondOfMinute()])	DateTime	1	SELECT date_trunc('minute', t0.D_N) AS x FROM T_D AS t0	null	null	OK	DIVERGENCE:null-in-[1]
nd.firstMillisecondOfSecond	null	t::D.all()->project(~[x:p|$p.dN->toOne()->firstMillisecondOfSecond()])	DateTime	1	SELECT date_trunc('second', t0.D_N) AS x FROM T_D AS t0	null	null	OK	DIVERGENCE:null-in-[1]
nd.hasDay	null	t::D.all()->project(~[x:p|$p.dN->toOne()->hasDay()])	Boolean	1	SELECT 1 AS x FROM T_D AS t0	Integer	1	OK	DIVERGENCE:class
nd.hasHour	null	t::D.all()->project(~[x:p|$p.dN->toOne()->hasHour()])	Boolean	1	SELECT 0 AS x FROM T_D AS t0	Integer	0	OK	DIVERGENCE:class
nd.hasMinute	null	t::D.all()->project(~[x:p|$p.dN->toOne()->hasMinute()])	Boolean	1	SELECT 0 AS x FROM T_D AS t0	Integer	0	OK	DIVERGENCE:class
nd.hasMonth	null	t::D.all()->project(~[x:p|$p.dN->toOne()->hasMonth()])	Boolean	1	SELECT 1 AS x FROM T_D AS t0	Integer	1	OK	DIVERGENCE:class
nd.hasSecond	null	t::D.all()->project(~[x:p|$p.dN->toOne()->hasSecond()])	Boolean	1	SELECT 0 AS x FROM T_D AS t0	Integer	0	OK	DIVERGENCE:class
nd.hasSubsecond	null	t::D.all()->project(~[x:p|$p.dN->toOne()->hasSubsecond()])	Boolean	1	SELECT 0 AS x FROM T_D AS t0	Integer	0	OK	DIVERGENCE:class
nd.toString	null	t::D.all()->project(~[x:p|$p.dN->toOne()->toString()])	String	1	SELECT CAST(t0.D_N AS VARCHAR) AS x FROM T_D AS t0	null	null	OK	DIVERGENCE:null-in-[1]
nd.hour	null	t::D.all()->project(~[x:p|$p.dtN->toOne()->hour()])	Integer	1	SELECT date_part('hour', t0.DT_N) AS x FROM T_D AS t0	null	null	OK	DIVERGENCE:null-in-[1]
nd.minute	null	t::D.all()->project(~[x:p|$p.dtN->toOne()->minute()])	Integer	1	SELECT date_part('minute', t0.DT_N) AS x FROM T_D AS t0	null	null	OK	DIVERGENCE:null-in-[1]
nd.second	null	t::D.all()->project(~[x:p|$p.dtN->toOne()->second()])	Integer	1	SELECT date_part('second', t0.DT_N) AS x FROM T_D AS t0	null	null	OK	DIVERGENCE:null-in-[1]
nd.adjust	null	t::D.all()->project(~[x:p|$p.dN->toOne()->adjust(1, meta::pure::functions::date::DurationUnit.DAYS)])	Date	1	SELECT CAST(t0.D_N + to_days(1) AS DATE) AS x FROM T_D AS t0	null	null	OK	DIVERGENCE:null-in-[1]
nd.dateDiff	null	t::D.all()->project(~[x:p|dateDiff($p.dN->toOne(), %2024-01-01, meta::pure::functions::date::DurationUnit.DAYS)])	Integer	1	SELECT date_diff('day', t0.D_N, DATE '2024-01-01') AS x FROM T_D AS t0	null	null	OK	DIVERGENCE:null-in-[1]
nd.mostRecent	null	t::D.all()->project(~[x:p|$p.dN->toOne()->mostRecentDayOfWeek(meta::pure::functions::date::DayOfWeek.Monday)])	Date	1	SELECT t0.D_N + to_days(CASE WHEN 1 - date_part('isodow', t0.D_N) > 0 THEN 1 - date_part('isodow', t0.D_N) - 7 ELSE 1 - date_part('isodow', t0.D_N) END) AS x FROM T_D AS t0	null	null	OK	DIVERGENCE:null-in-[1]
nd.previous	null	t::D.all()->project(~[x:p|$p.dN->toOne()->previousDayOfWeek(meta::pure::functions::date::DayOfWeek.Monday)])	Date	1	SELECT t0.D_N + to_days(CASE WHEN 1 - date_part('isodow', t0.D_N) >= 0 THEN 1 - date_part('isodow', t0.D_N) - 7 ELSE 1 - date_part('isodow', t0.D_N) END) AS x FROM T_D AS t0	null	null	OK	DIVERGENCE:null-in-[1]
nd.timeBucket	null	t::D.all()->project(~[x:p|timeBucket($p.dN->toOne(), 2, meta::pure::functions::date::DurationUnit.DAYS)])	StrictDate	1	SELECT CAST(time_bucket(to_days(2), t0.D_N, TIMESTAMP '1970-01-01 00:00:00') AS DATE) AS x FROM T_D AS t0	null	null	OK	DIVERGENCE:null-in-[1]
nd.formatDate	null	t::D.all()->project(~[x:p|formatDate($p.dN->toOne(), meta::pure::functions::date::StrictDateFormat.ISO8601)])	String	1	SELECT strftime(t0.D_N, '%Y-%m-%d') AS x FROM T_D AS t0	null	null	OK	DIVERGENCE:null-in-[1]
nd.isAfterDay	null	t::D.all()->project(~[x:p|isAfterDay($p.dN->toOne(), %2024-01-01)])	Boolean	1	SELECT CAST(t0.D_N AS DATE) > CAST(DATE '2024-01-01' AS DATE) AS x FROM T_D AS t0	null	null	OK	DIVERGENCE:null-in-[1]
nd.isOnDay	null	t::D.all()->project(~[x:p|isOnDay($p.dN->toOne(), %2024-01-01)])	Boolean	1	SELECT CAST(t0.D_N AS DATE) = CAST(DATE '2024-01-01' AS DATE) AS x FROM T_D AS t0	null	null	OK	DIVERGENCE:null-in-[1]
nd.max2	null	t::D.all()->project(~[x:p|max($p.dN->toOne(), %2024-01-01)])	StrictDate	1	SELECT greatest(t0.D_N, DATE '2024-01-01') AS x FROM T_D AS t0	StrictDate	2024-01-01	OK	OK
nd.min2	null	t::D.all()->project(~[x:p|min($p.dN->toOne(), %2024-01-01)])	StrictDate	1	SELECT least(t0.D_N, DATE '2024-01-01') AS x FROM T_D AS t0	StrictDate	2024-01-01	OK	OK
nd.fromEpoch	null	t::D.all()->project(~[x:p|fromEpochValue($p.iN->toOne())])	Date	1	SELECT TIMESTAMP '1970-01-01 00:00:00' + to_seconds(t0.I_N) AS x FROM T_D AS t0	null	null	OK	DIVERGENCE:null-in-[1]
nd.dateCtor	null	t::D.all()->project(~[x:p|date($p.iN->toOne(),1,1)])	StrictDate	1	SELECT make_date(t0.I_N, 1, 1) AS x FROM T_D AS t0	null	null	OK	DIVERGENCE:null-in-[1]
nbo.not	null	t::D.all()->project(~[x:p|not($p.bN->toOne())])	Boolean	1	SELECT NOT t0.B_N AS x FROM T_D AS t0	null	null	OK	DIVERGENCE:null-in-[1]
nbo.and	null	t::D.all()->project(~[x:p|$p.bN->toOne() && true])	Boolean	1	SELECT t0.B_N AND TRUE AS x FROM T_D AS t0	null	null	OK	DIVERGENCE:null-in-[1]
nbo.or	null	t::D.all()->project(~[x:p|$p.bN->toOne() || false])	Boolean	1	SELECT t0.B_N OR FALSE AS x FROM T_D AS t0	null	null	OK	DIVERGENCE:null-in-[1]
nbo.xor	null	t::D.all()->project(~[x:p|meta::pure::functions::boolean::xor($p.bN->toOne(), true)])	Boolean	1	SELECT (t0.B_N AND NOT TRUE) OR (NOT t0.B_N AND TRUE) AS x FROM T_D AS t0	null	null	OK	DIVERGENCE:null-in-[1]
nbo.toString	null	t::D.all()->project(~[x:p|$p.bN->toOne()->toString()])	String	1	SELECT CAST(t0.B_N AS VARCHAR) AS x FROM T_D AS t0	null	null	OK	DIVERGENCE:null-in-[1]
nc.eq	null	t::D.all()->project(~[x:p|$p.iN->toOne() == 7])	Boolean	1	SELECT t0.I_N = 7 AS x FROM T_D AS t0	null	null	OK	DIVERGENCE:null-in-[1]
nc.ne	null	t::D.all()->project(~[x:p|$p.iN->toOne() != 7])	Boolean	1	SELECT (t0.I_N IS DISTINCT FROM 7) AS x FROM T_D AS t0	Boolean	true	OK	OK
nc.lt	null	t::D.all()->project(~[x:p|$p.iN->toOne() < 7])	Boolean	1	SELECT (t0.I_N IS NOT NULL AND t0.I_N < 7) AS x FROM T_D AS t0	Boolean	false	OK	OK
nc.gt	null	t::D.all()->project(~[x:p|$p.iN->toOne() > 7])	Boolean	1	SELECT (t0.I_N IS NOT NULL AND t0.I_N > 7) AS x FROM T_D AS t0	Boolean	false	OK	OK
nc.le	null	t::D.all()->project(~[x:p|$p.iN->toOne() <= 7])	Boolean	1	SELECT (t0.I_N IS NOT NULL AND t0.I_N <= 7) AS x FROM T_D AS t0	Boolean	false	OK	OK
nc.ge	null	t::D.all()->project(~[x:p|$p.iN->toOne() >= 7])	Boolean	1	SELECT (t0.I_N IS NOT NULL AND t0.I_N >= 7) AS x FROM T_D AS t0	Boolean	false	OK	OK
nc.in	null	t::D.all()->project(~[x:p|$p.iN->toOne()->in([1,2])])	Boolean	1	SELECT coalesce(t0.I_N IN (1, 2), FALSE) AS x FROM T_D AS t0	Boolean	false	OK	OK
nc.between	null	t::D.all()->project(~[x:p|meta::pure::functions::boolean::between($p.iN->toOne(),1,10)])	Boolean	1	SELECT (t0.I_N IS NOT NULL AND (t0.I_N >= 1 AND t0.I_N <= 10)) AS x FROM T_D AS t0	Boolean	false	OK	OK
nc.compare	null	t::D.all()->project(~[x:p|meta::pure::functions::lang::compare($p.iN->toOne(),1)])	Integer	1	SELECT CASE WHEN t0.I_N < 1 THEN -1 WHEN t0.I_N > 1 THEN 1 ELSE 0 END AS x FROM T_D AS t0	Integer	0	OK	OK
nc.isDistinct	null	t::D.all()->project(~[x:p|meta::pure::functions::collection::isDistinct($p.iN->toOne(),1)])	Boolean	1	SELECT (t0.I_N IS DISTINCT FROM 1) AS x FROM T_D AS t0	Boolean	true	OK	OK
ncol.joinStrings	null	t::D.all()->project(~[x:p|[$p.sN->toOne(),'a']->joinStrings('-')])	String	1	SELECT coalesce(list_aggregate([t0.S_N, 'a'], 'string_agg', '-'), '') AS x FROM T_D AS t0	String	a	OK	OK
ncol.makeString	null	t::D.all()->project(~[x:p|[$p.iN->toOne(),1]->makeString('-')])	String	1	SELECT coalesce(list_aggregate(list_transform([t0.I_N, 1], x -> coalesce(CAST(x AS VARCHAR), 'TDSNull')), 'string_agg', '-'), '') AS x FROM T_D AS t0	String	TDSNull-1	OK	OK
ncol.size	null	t::D.all()->project(~[x:p|[$p.iN->toOne()]->size()])	Integer	1	SELECT CASE WHEN t0.I_N IS NULL THEN 0 ELSE 1 END AS x FROM T_D AS t0	Integer	0	OK	OK
ncol.first	null	t::D.all()->project(~[x:p|[$p.iN->toOne()]->first()])	Integer	0..1	SELECT t0.I_N AS x FROM T_D AS t0	null	null	OK	OK(empty)
ncol.max	null	t::D.all()->project(~[x:p|[$p.iN->toOne(),1]->max()])	Integer	0..1	SELECT list_max([t0.I_N, 1]) AS x FROM T_D AS t0	Integer	1	OK	OK
ncol.sum	null	t::D.all()->project(~[x:p|[$p.iN->toOne(),1]->sum()])	Integer	1	SELECT list_sum([t0.I_N, 1]) AS x FROM T_D AS t0	BigInteger	1	OK	OK
ncol.at	null	t::D.all()->project(~[x:p|[$p.iN->toOne(),1]->at(0)])	Integer	1	SELECT CASE WHEN 0 >= len([t0.I_N, 1]) OR 0 < 0 THEN error(concat('The system is trying to get an element at offset ', CAST(0 AS VARCHAR), ' where the collection is of size ', CAST(len([t0.I_N, 1]) AS VARCHAR))) ELSE list_extract([t0.I_N, 1], 1) END AS x FROM T_D AS t0	null	null	OK	DIVERGENCE:null-in-[1]
ncol.contains	null	t::D.all()->project(~[x:p|[1,2]->contains($p.iN->toOne())])	Boolean	1	SELECT coalesce(list_contains([1, 2], t0.I_N), FALSE) AS x FROM T_D AS t0	Boolean	false	OK	OK
ncol.concat	null	t::D.all()->project(~[x:p|[$p.iN->toOne()]->concatenate([1])->size()])	Integer	1	SELECT coalesce(len(list_filter(list_concat(CASE WHEN t0.I_N IS NULL THEN [] ELSE [t0.I_N] END, CASE WHEN 1 IS NULL THEN [] ELSE [1] END), x -> x IS NOT NULL)), 0) AS x FROM T_D AS t0	Long	1	OK	OK
ncol.reverse	null	t::D.all()->project(~[x:p|[$p.iN->toOne(),1]->reverse()->size()])	Integer	1	SELECT coalesce(len(list_reverse([t0.I_N, 1])), 0) AS x FROM T_D AS t0	Long	2	OK	OK
ncol.distinct	null	t::D.all()->project(~[x:p|[$p.iN->toOne(),1]->distinct()->size()])	Integer	1	SELECT coalesce(len(list_filter([t0.I_N, 1], (_ddx, _ddi) -> list_position([t0.I_N, 1], _ddx) = _ddi)), 0) AS x FROM T_D AS t0	Long	2	OK	OK
ncol.sort	null	t::D.all()->project(~[x:p|[$p.iN->toOne(),1]->sort()->size()])	Integer	1	SELECT coalesce(len(list_sort([t0.I_N, 1])), 0) AS x FROM T_D AS t0	Long	2	OK	OK
ncol.toOne.msg	null	t::D.all()->project(~[x:p|$p.iN->toOne('boom')])	Integer	1	SELECT t0.I_N AS x FROM T_D AS t0	null	null	OK	DIVERGENCE:null-in-[1]
nm.id	null	t::D.all()->project(~[x:p|meta::id($p.iN->toOne())])						G-ERR:TypeInferenceException: unknown function 'meta::id' ? no function of this name in the native or user catalog (unported platform function, or a misspelling)	G-REJECT
nm.hashCode	null	t::D.all()->project(~[x:p|hashCode($p.iN->toOne())])	Integer	1	SELECT CAST(CAST(xor(hash(t0.I_N), CAST(9223372036854775808 AS UBIGINT)) AS HUGEINT) - 9223372036854775808 AS BIGINT) AS x FROM T_D AS t0	Long	-4658895280553007687	OK	OK
nm.toVariant	null	t::D.all()->project(~[x:p|meta::pure::functions::variant::convert::toVariant($p.iN->toOne())])	meta::pure::metamodel::variant::Variant	1	SELECT to_json(t0.I_N) AS x FROM T_D AS t0	null	null	OK	DIVERGENCE:null-in-[1]
c.add	coll	|[1,2]->add(3)	Integer	[*]	SELECT UNNEST(list_filter(list_append([1, 2], 3), x -> x IS NOT NULL)) AS value	Integer;Integer;Integer	1;2;3	OK	OK
c.add3	coll	|[1,2]->add(1,3)	Integer	[*]	SELECT UNNEST(list_filter(CASE WHEN 1 > len([1, 2]) THEN error('add(set, index, value): index out of bounds') ELSE list_concat(list_concat(array_slice([1, 2], 1, 1), [3]), array_slice([1, 2], 2, len([1, 2]))) END, x -> x IS NOT NULL)) AS value	Integer;Integer;Integer	1;3;2	OK	OK
c.coalesce	coll	|[]->coalesce(5)	Integer	[1]	SELECT coalesce(NULL, 5) AS value	Integer	5	OK	OK
c.coalesce2	coll	|[]->coalesce([],5)	Integer	[1]	SELECT coalesce(NULL, NULL, 5) AS value	Integer	5	OK	OK
c.coalesce3	coll	|[]->coalesce([],[],5)	Integer	[1]	SELECT coalesce(NULL, NULL, NULL, 5) AS value	Integer	5	OK	OK
c.exists	coll	|[1,2,3]->exists(x|$x > 2)	Boolean	[1]	SELECT coalesce(list_bool_or(list_transform([1, 2, 3], x -> x > 2)), FALSE) AS value	Boolean	true	OK	OK
c.exists.empty	coll	|[]->exists(x|$x > 2)	Boolean	[1]	SELECT coalesce(list_bool_or(list_transform(NULL, x -> x > 2)), FALSE) AS value	Boolean	false	OK	OK
c.forAll	coll	|[1,2,3]->forAll(x|$x > 0)	Boolean	[1]	SELECT coalesce(list_bool_and(list_transform([1, 2, 3], x -> x > 0)), TRUE) AS value	Boolean	true	OK	OK
c.forAll.empty	coll	|[]->forAll(x|true)	Boolean	[1]	SELECT coalesce(list_bool_and(list_transform(NULL, x -> TRUE)), TRUE) AS value	Boolean	true	OK	OK
c.find	coll	|[1,2,3]->find(x|$x > 1)	Integer	[0..1]	SELECT list_extract(list_filter([1, 2, 3], x -> x > 1), 1) AS value	Integer	2	OK	OK
c.find.miss	coll	|[1,2,3]->find(x|$x > 9)	Integer	[0..1]	SELECT list_extract(list_filter([1, 2, 3], x -> x > 9), 1) AS value	null	null	OK	OK(empty)
c.head	coll	|[1,2,3]->head()	Integer	[0..1]	SELECT list_extract([1, 2, 3], 1) AS value	Integer	1	OK	OK
c.head.empty	coll	|[]->head()	meta::pure::metamodel::type::Nil	[0..1]	SELECT list_extract(NULL, 1) AS value	null	null	OK	OK(empty)
c.last	coll	|[1,2,3]->last()	Integer	[0..1]	SELECT list_extract([1, 2, 3], -1) AS value	Integer	3	OK	OK
c.init	coll	|[1,2,3]->init()	Integer	[*]	SELECT UNNEST(list_filter([1, 2, 3][:-2], x -> x IS NOT NULL)) AS value	Integer;Integer	1;2	OK	OK
c.tail	coll	|[1,2,3]->tail()	Integer	[*]	SELECT UNNEST(list_filter([1, 2, 3][2:], x -> x IS NOT NULL)) AS value	Integer;Integer	2;3	OK	OK
c.at	coll	|[1,2,3]->at(1)	Integer	[1]	SELECT CASE WHEN 1 >= len(list_filter([1, 2, 3], x -> x IS NOT NULL)) OR 1 < 0 THEN error(concat('The system is trying to get an element at offset ', CAST(1 AS VARCHAR), ' where the collection is of size ', CAST(len(list_filter([1, 2, 3], x -> x IS NOT NULL)) AS VARCHAR))) ELSE list_extract(list_filter([1, 2, 3], x -> x IS NOT NULL), 2) END AS value	Integer	2	OK	OK
c.at.oob	coll	|[1,2,3]->at(9)	Integer	[1]	SELECT CASE WHEN 9 >= len(list_filter([1, 2, 3], x -> x IS NOT NULL)) OR 9 < 0 THEN error(concat('The system is trying to get an element at offset ', CAST(9 AS VARCHAR), ' where the collection is of size ', CAST(len(list_filter([1, 2, 3], x -> x IS NOT NULL)) AS VARCHAR))) ELSE list_extract(list_filter([1, 2, 3], x -> x IS NOT NULL), 10) END AS value			EXEC-ERR:SQLException: Invalid Input Error: The system is trying to get an element at offset 9 where the collection is of size 3	DB-ERROR
c.at.neg	coll	|[1,2,3]->at(-1)	Integer	[1]	SELECT CASE WHEN -1 >= len(list_filter([1, 2, 3], x -> x IS NOT NULL)) OR -1 < 0 THEN error(concat('The system is trying to get an element at offset ', CAST(-1 AS VARCHAR), ' where the collection is of size ', CAST(len(list_filter([1, 2, 3], x -> x IS NOT NULL)) AS VARCHAR))) ELSE list_extract(list_filter([1, 2, 3], x -> x IS NOT NULL), 0) END AS value			EXEC-ERR:SQLException: Invalid Input Error: The system is trying to get an element at offset -1 where the collection is of size 3	DB-ERROR
c.indexOf	coll	|[1,2,3]->indexOf(2)	Integer	[1]	SELECT coalesce(list_position(list_filter([1, 2, 3], x -> x IS NOT NULL), 2), 0) - 1 AS value	Integer	1	OK	OK
c.indexOf.miss	coll	|[1,2,3]->indexOf(9)	Integer	[1]	SELECT coalesce(list_position(list_filter([1, 2, 3], x -> x IS NOT NULL), 9), 0) - 1 AS value	Integer	-1	OK	OK
c.concatenate	coll	|[1,2]->concatenate([3])	Integer	[*]	SELECT UNNEST(list_filter(list_concat([1, 2], CASE WHEN 3 IS NULL THEN [] ELSE [3] END), x -> x IS NOT NULL)) AS value	Integer;Integer;Integer	1;2;3	OK	OK
c.distinct	coll	|[1,1,2]->distinct()	Integer	[*]	SELECT UNNEST(list_filter(list_filter([1, 1, 2], (_ddx, _ddi) -> list_position([1, 1, 2], _ddx) = _ddi), x -> x IS NOT NULL)) AS value	Integer;Integer	1;2	OK	OK
c.removeDuplicates	coll	|[1,1,2]->removeDuplicates()	Integer	[*]	SELECT UNNEST(list_filter(list_filter([1, 1, 2], (_ddx, _ddi) -> list_position([1, 1, 2], _ddx) = _ddi), x -> x IS NOT NULL)) AS value	Integer;Integer	1;2	OK	OK
c.removeDuplicatesBy	coll	|[1,1,2]->removeDuplicatesBy(x|$x)	Integer	[*]	SELECT UNNEST(list_filter(list_filter([1, 1, 2], (x, _rd_i) -> list_position(list_transform([1, 1, 2], x -> x), x) = _rd_i), x -> x IS NOT NULL)) AS value	Integer;Integer	1;2	OK	OK
c.reverse	coll	|[1,2,3]->reverse()	Integer	[3]	SELECT UNNEST(list_filter(list_reverse([1, 2, 3]), x -> x IS NOT NULL)) AS value	Integer;Integer;Integer	3;2;1	OK	OK
c.size	coll	|[1,2,3]->size()	Integer	[1]	SELECT coalesce(len(list_filter([1, 2, 3], x -> x IS NOT NULL)), 0) AS value	Long	3	OK	OK
c.sort	coll	|[3,1,2]->sort()	Integer	[3]	SELECT UNNEST(list_filter(list_sort([3, 1, 2]), x -> x IS NOT NULL)) AS value	Integer;Integer;Integer	1;2;3	OK	OK
c.uniqueValueOnly	coll	|[1,1]->uniqueValueOnly()	Integer	[0..1]	SELECT CASE WHEN len(list_distinct([1, 1])) = 1 THEN list_extract([1, 1], 1) ELSE NULL END AS value	Integer	1	OK	OK
c.uniqueValueOnly.d	coll	|[1,2]->uniqueValueOnly(9)	Integer	[0..1]	SELECT CASE WHEN len(list_distinct([1, 2])) = 1 THEN list_extract([1, 2], 1) ELSE 9 END AS value	Integer	9	OK	OK
c.range1	coll	|range(3)	Integer	[*]	SELECT UNNEST(list_filter(range(3), x -> x IS NOT NULL)) AS value	Long;Long;Long	0;1;2	OK	OK
c.range2	coll	|range(1,4)	Integer	[*]	SELECT UNNEST(list_filter(range(1, 4), x -> x IS NOT NULL)) AS value	Long;Long;Long	1;2;3	OK	OK
c.range3	coll	|range(1,10,3)	Integer	[*]	SELECT UNNEST(list_filter(CASE WHEN 3 = 0 THEN error('range step must not be 0') ELSE range(1, 10, 3) END, x -> x IS NOT NULL)) AS value	Long;Long;Long	1;4;7	OK	OK
c.range.neg	coll	|range(5,1,-1)	Integer	[*]	SELECT UNNEST(list_filter(CASE WHEN -1 = 0 THEN error('range step must not be 0') ELSE range(5, 1, -1) END, x -> x IS NOT NULL)) AS value	Long;Long;Long	5;4;3	OK	OK
c.range.zero	coll	|range(1,5,0)	Integer	[*]	SELECT UNNEST(list_filter(CASE WHEN 0 = 0 THEN error('range step must not be 0') ELSE range(1, 5, 0) END, x -> x IS NOT NULL)) AS value			EXEC-ERR:SQLException: Invalid Input Error: range step must not be 0	DB-ERROR
c.zip	coll	|[1,2]->zip(['a','b'])	Pair<Integer, String>	[*]	SELECT UNNEST(list_filter(coalesce(list_transform(range(1, least(coalesce(len([1, 2]), 0), coalesce(len(['a', 'b']), 0)) + 1), _zip_i -> {'first': list_extract([1, 2], _zip_i), 'second': list_extract(['a', 'b'], _zip_i)}), []), x -> x IS NOT NULL)) AS value	LinkedHashMap;LinkedHashMap	{first=1, second=a};{first=2, second=b}	OK	OK
c.pair	coll	|pair(1,'a')	Pair<Integer, String>	[1]	SELECT {'first': 1, 'second': 'a'} AS value	LinkedHashMap	{first=1, second=a}	OK	OK
c.list	coll	|list([1,2])	List<Integer>	[1]	SELECT [1, 2] AS value	ArrayList	[1, 2]	OK	OK
c.newMap	coll	|newMap([pair('a',1)])	Map<String, Integer>	[1]	SELECT map_from_entries([{'first': 'a', 'second': 1}]) AS value	LinkedHashMap	{a=1}	OK	OK
c.get	coll	|newMap([pair('a',1)])->get('a')	Integer	[0..1]	SELECT list_extract(map_extract(map_from_entries([{'first': 'a', 'second': 1}]), 'a'), 1) AS value	Integer	1	OK	OK
c.get.miss	coll	|newMap([pair('a',1)])->get('z')	Integer	[0..1]	SELECT list_extract(map_extract(map_from_entries([{'first': 'a', 'second': 1}]), 'z'), 1) AS value	null	null	OK	OK(empty)
c.keys	coll	|newMap([pair('a',1)])->keys()	String	[*]	SELECT UNNEST(list_filter(map_keys(map_from_entries([{'first': 'a', 'second': 1}])), x -> x IS NOT NULL)) AS value	String	a	OK	OK
c.values	coll	|newMap([pair('a',1)])->values()	Integer	[*]	SELECT UNNEST(list_filter(map_values(map_from_entries([{'first': 'a', 'second': 1}])), x -> x IS NOT NULL)) AS value	Integer	1	OK	OK
c.put	coll	|newMap([pair('a',1)])->put('b',2)->keys()	String	[*]	SELECT UNNEST(list_filter(map_keys(map_concat(CAST(map_from_entries([{'first': 'a', 'second': 1}]) AS MAP(VARCHAR, BIGINT)), CAST(map(['b'], [2]) AS MAP(VARCHAR, BIGINT)))), x -> x IS NOT NULL)) AS value	String;String	a;b	OK	OK
c.putAll	coll	|newMap([pair('a',1)])->putAll([pair('b',2)])->keys()	String	[*]	SELECT UNNEST(list_filter(map_keys(map_concat(CAST(map_from_entries([{'first': 'a', 'second': 1}]) AS MAP(VARCHAR, BIGINT)), CAST(map_from_entries([{'first': 'b', 'second': 2}]) AS MAP(VARCHAR, BIGINT)))), x -> x IS NOT NULL)) AS value	String;String	a;b	OK	OK
c.putAll.m	coll	|newMap([pair('a',1)])->putAll(newMap([pair('b',2)]))->keys()	String	[*]	SELECT UNNEST(list_filter(map_keys(map_concat(CAST(map_from_entries([{'first': 'a', 'second': 1}]) AS MAP(VARCHAR, BIGINT)), CAST(map_from_entries([{'first': 'b', 'second': 2}]) AS MAP(VARCHAR, BIGINT)))), x -> x IS NOT NULL)) AS value	String;String	a;b	OK	OK
c.maxBy	coll	|[1,2,3]->maxBy(x|$x)	Integer	[0..1]	SELECT struct_extract(list_extract(list_reverse_sort(list_transform(range(1, len([1, 2, 3]) + 1), _by_i -> {'k': list_extract([1, 2, 3], _by_i), 'i': 0 - _by_i, 'v': list_extract([1, 2, 3], _by_i)})), 1), 'v') AS value	Integer	3	OK	OK
c.minBy	coll	|[1,2,3]->minBy(x|$x)	Integer	[0..1]	SELECT struct_extract(list_extract(list_sort(list_transform(range(1, len([1, 2, 3]) + 1), _by_i -> {'k': list_extract([1, 2, 3], _by_i), 'i': _by_i, 'v': list_extract([1, 2, 3], _by_i)})), 1), 'v') AS value	Integer	1	OK	OK
c.maxBy.n	coll	|[1,2,3]->maxBy(x|$x, 2)	Integer	[*]	SELECT UNNEST(list_filter(list_transform(array_slice(list_reverse_sort(list_transform(range(1, len([1, 2, 3]) + 1), _by_i -> {'k': list_extract([1, 2, 3], _by_i), 'i': 0 - _by_i, 'v': list_extract([1, 2, 3], _by_i)})), 1, 2), _by_e -> struct_extract(_by_e, 'v')), x -> x IS NOT NULL)) AS value	Integer;Integer	3;2	OK	OK
c.max.comp	coll	|[1,2,3]->max({a,b|$a - $b})	Integer	[1]	SELECT (SELECT _cx.x AS w FROM ( SELECT UNNEST([1, 2, 3]) AS x, UNNEST(range(1, len([1, 2, 3]) + 1)) AS i ) AS _cx ORDER BY _cx.x DESC NULLS LAST, _cx.i LIMIT 1) AS value	Integer	3	OK	OK
c.min.comp	coll	|[1,2,3]->min({a,b|$a - $b})	Integer	[1]	SELECT (SELECT _cx.x AS w FROM ( SELECT UNNEST([1, 2, 3]) AS x, UNNEST(range(1, len([1, 2, 3]) + 1)) AS i ) AS _cx ORDER BY _cx.x NULLS LAST, _cx.i LIMIT 1) AS value	Integer	1	OK	OK
c.contains.comp	coll	|[1,2,3]->contains(2,{a,b|$a == $b})	Boolean	[1]	SELECT len(list_filter([1, 2, 3], b -> 2 = b)) > 0 AS value	Boolean	true	OK	OK
c.greatest.1	coll	|greatest([1])	Integer	[1]	SELECT 1 AS value	Integer	1	OK	OK
c.least.1	coll	|least([1])	Integer	[1]	SELECT 1 AS value	Integer	1	OK	OK
m.toOne	misc	|[1]->toOne()	Integer	[1]	SELECT 1 AS value	Integer	1	OK	OK
m.toOne.msg	misc	|[1]->toOne('m')	Integer	[1]	SELECT 1 AS value	Integer	1	OK	OK
m.toOne.empty	misc	|[]->toOne()	meta::pure::metamodel::type::Nil	[1]	SELECT error('Cannot cast a collection of size 0 to multiplicity [1]') AS value			EXEC-ERR:SQLException: Invalid Input Error: Cannot cast a collection of size 0 to multiplicity [1]	DB-ERROR
m.toOne.many	misc	|[1,2]->toOne()	Integer	[1]	SELECT CASE WHEN list_filter([1, 2], x -> x IS NOT NULL) IS NULL OR len(list_filter([1, 2], x -> x IS NOT NULL)) <> 1 THEN error(concat('Cannot cast a collection of size ', CAST(coalesce(len(list_filter([1, 2], x -> x IS NOT NULL)), 0) AS VARCHAR), ' to multiplicity [1]')) ELSE list_extract(list_filter([1, 2], x -> x IS NOT NULL), 1) END AS value			EXEC-ERR:SQLException: Invalid Input Error: Cannot cast a collection of size 2 to multiplicity [1]	DB-ERROR
m.toOneMany	misc	|[1,2]->toOneMany()	Integer	[1..*]	SELECT UNNEST(list_filter(CASE WHEN list_filter([1, 2], x -> x IS NOT NULL) IS NULL OR len(list_filter([1, 2], x -> x IS NOT NULL)) = 0 THEN error(concat('Cannot cast a collection of size ', CAST(coalesce(len(list_filter([1, 2], x -> x IS NOT NULL)), 0) AS VARCHAR), ' to multiplicity [1..*]')) ELSE list_filter([1, 2], x -> x IS NOT NULL) END, x -> x IS NOT NULL)) AS value	Integer;Integer	1;2	OK	OK
m.toOneMany.empty	misc	|[]->toOneMany()	meta::pure::metamodel::type::Nil	[1..*]	SELECT UNNEST(list_filter(error('Cannot cast a collection of size 0 to multiplicity [1..*]'), x -> x IS NOT NULL)) AS value			EXEC-ERR:SQLException: Invalid Input Error: Cannot cast a collection of size 0 to multiplicity [1..*]	DB-ERROR
m.trustOne	misc	|meta::legend::lite::trustOne([1,2])	Integer	[1]				PLAN-ERR:IllegalStateException: MULTIPLICITY-STAMP INVARIANT VIOLATED (stamp program, docs/STAMP_DISCIPLINE_PROGRAM.md): ONE-STAMP/LIST-SHAPE mult=[1..1] sql=ArrayLit node=TypedNativeCall callee=meta::legend::lite::trustOne arg0=TypedCollection test=<unattributed>	ICE
m.typeAsDeclared	misc	|meta::legend::lite::typeAsDeclared(1, 1)						G-ERR:TypeInferenceException: meta::legend::lite::typeAsDeclared expects (value, @Type)	G-REJECT
m.type	misc	|meta::type(1)						G-ERR:TypeInferenceException: unknown function 'meta::type' ? no function of this name in the native or user catalog (unported platform function, or a misspelling)	G-REJECT
m.evalDeact	misc	|meta::evaluateAndDeactivate(1)						G-ERR:TypeInferenceException: unknown function 'meta::evaluateAndDeactivate' ? no function of this name in the native or user catalog (unported platform function, or a misspelling)	G-REJECT
m.print	misc	|print('x')	meta::pure::metamodel::type::Nil	[0]	SELECT NULL AS value	null	null	OK	OK(empty)
m.println	misc	|println('x')	meta::pure::metamodel::type::Nil	[0]	SELECT NULL AS value	null	null	OK	OK(empty)
m.print2	misc	|print('x',1)	meta::pure::metamodel::type::Nil	[0]	SELECT NULL AS value	null	null	OK	OK(empty)
m.sqlNull	misc	|meta::relational::functions::sqlQueryToString::sqlNull()	meta::pure::metamodel::type::Nil	[0]	SELECT NULL AS value	null	null	OK	OK(empty)
m.sqlTrue	misc	|meta::relational::functions::sqlQueryToString::sqlTrue()	Boolean	[1]	SELECT TRUE AS value	Boolean	true	OK	OK
m.sqlFalse	misc	|meta::relational::functions::sqlQueryToString::sqlFalse()	Boolean	[1]	SELECT FALSE AS value	Boolean	false	OK	OK
m.fromJson	misc	|meta::pure::functions::variant::convert::fromJson('{"a":1}')	meta::pure::metamodel::variant::Variant	[1]	SELECT CAST('{"a":1}' AS JSON) AS value	JsonNode	{"a":1}	OK	OK
m.toVariant	misc	|meta::pure::functions::variant::convert::toVariant(1)	meta::pure::metamodel::variant::Variant	[1]	SELECT to_json(1) AS value	JsonNode	1	OK	OK
m.id	misc	|meta::pure::functions::meta::id(1)	String	[1]				PLAN-ERR:NotImplementedException: id() over a non-enum instance has no relation-land lowering	PLAN-NOTIMPL
m.currentUser	misc	|currentUserId()	String	[1]	SELECT current_user AS value	String	duckdb	OK	OK
m.divideRound	misc	|meta::legend::lite::divideRound(1,3,2)	Float	[1]	SELECT ROUND_EVEN(((1.0 * 1) / 3), 2) AS value	Double	0.33	OK	OK
r.size	rel	t::D.all()->project(~[x:p|$p.i])->size()	Integer	[1]	SELECT (SELECT COUNT(t0.I_V) FROM T_D AS t0) AS value	Long	1	OK	OK
r.toString	rel	t::D.all()->project(~[x:p|$p.i])->meta::pure::functions::relation::toString()	String	[1]	SELECT (SELECT concat('#TDS    x ', coalesce(STRING_AGG(t0_a._tds_line, ' '), ''), ' #') AS tds FROM ( SELECT concat('   ', CASE WHEN t0.x IS NULL THEN 'null' ELSE CAST(t0.x AS VARCHAR) END) AS _tds_line FROM ( SELECT t1.I_V AS x FROM T_D AS t1 ) AS t0 ) AS t0_a) AS value	String	#TDS    x    7 #	OK	OK
r.concatenate	rel	t::D.all()->project(~[x:p|$p.i])->concatenate(t::D.all()->project(~[x:p|$p.i]))->size()	Integer	[1]	SELECT (SELECT COUNT(*) FROM ( SELECT t0.I_V AS x FROM T_D AS t0 UNION ALL SELECT t1.I_V AS x FROM T_D AS t1 ) AS t2) AS value	Long	2	OK	OK
r.sort	rel	t::D.all()->project(~[x:p|$p.i])->sort(['x'])->size()	Integer	[1]	SELECT (SELECT COUNT(*) FROM ( SELECT t0.I_V AS x FROM T_D AS t0 ORDER BY t0.I_V ) AS t1) AS value	Long	1	OK	OK
m.cast.dec	misc	|2.5d->cast(@Integer)	Integer	[1]	SELECT CAST(2.5 AS BIGINT) AS value	Long	3	OK	OK
m.cast.str	misc	|'2'->cast(@Integer)	Integer	[1]	SELECT CAST('2' AS BIGINT) AS value	Long	2	OK	OK
m.cast.up	misc	|1->cast(@Number)	Number	[1]	SELECT 1 AS value	Integer	1	OK	OK
m.cast.date	misc	|%2024-03-15->cast(@DateTime)	DateTime	[1]	SELECT CAST(DATE '2024-03-15' AS TIMESTAMP) AS value	DateWithSecond	2024-03-15T00:00:00+0000	OK	OK
m.cast.bool	misc	|1->cast(@Boolean)	Boolean	[1]	SELECT error('Cast exception: Integer cannot be cast to Boolean') AS value			EXEC-ERR:SQLException: Invalid Input Error: Cast exception: Integer cannot be cast to Boolean	DB-ERROR
dp.col	dec	t::D.all()->project(~[x:p|$p.dec])	Decimal	1	SELECT t0.DEC_V AS x FROM T_D AS t0	BigDecimal	123.45	OK	OK
dp.plus	dec	t::D.all()->project(~[x:p|$p.dec + $p.dec])	Decimal	1	SELECT t0.DEC_V + t0.DEC_V AS x FROM T_D AS t0	BigDecimal	246.90	OK	OK
dp.minus	dec	t::D.all()->project(~[x:p|$p.dec - $p.dec])	Decimal	1	SELECT t0.DEC_V - t0.DEC_V AS x FROM T_D AS t0	BigDecimal	0.00	OK	OK
dp.times	dec	t::D.all()->project(~[x:p|$p.dec * $p.dec])	Decimal	1	SELECT t0.DEC_V * t0.DEC_V AS x FROM T_D AS t0	BigDecimal	15239.9025	OK	OK
dp.times3	dec	t::D.all()->project(~[x:p|$p.dec * $p.dec * $p.dec])	Decimal	1	SELECT t0.DEC_V * t0.DEC_V * t0.DEC_V AS x FROM T_D AS t0	BigDecimal	1881365.963625	OK	OK
dp.times4	dec	t::D.all()->project(~[x:p|$p.dec * $p.dec * $p.dec * $p.dec])	Decimal	1	SELECT t0.DEC_V * t0.DEC_V * t0.DEC_V * t0.DEC_V AS x FROM T_D AS t0	BigDecimal	232254628.20950625	OK	OK
dp.div	dec	t::D.all()->project(~[x:p|$p.dec / $p.dec])	Float	1	SELECT ((1.0 * t0.DEC_V) / t0.DEC_V) AS x FROM T_D AS t0	Double	1.0	OK	OK
dp.plus.int	dec	t::D.all()->project(~[x:p|$p.dec + 1])	Number	1	SELECT t0.DEC_V + 1 AS x FROM T_D AS t0	BigDecimal	124.45	OK	OK
dp.plus.float	dec	t::D.all()->project(~[x:p|$p.dec + 1.5])	Number	1	SELECT t0.DEC_V + CAST(1.5 AS DOUBLE) AS x FROM T_D AS t0	Double	124.95	OK	OK
dp.plus.declit	dec	t::D.all()->project(~[x:p|$p.dec + 1.50d])	Decimal	1	SELECT t0.DEC_V + 1.50 AS x FROM T_D AS t0	BigDecimal	124.95	OK	OK
dp.abs	dec	t::D.all()->project(~[x:p|$p.dec->abs()])	Decimal	1	SELECT abs(t0.DEC_V) AS x FROM T_D AS t0	BigDecimal	123.45	OK	OK
dp.round	dec	t::D.all()->project(~[x:p|$p.dec->round(1)])	Decimal	1	SELECT CAST(ROUND_EVEN(t0.DEC_V, 1) AS DECIMAL(38, 1)) AS x FROM T_D AS t0	BigDecimal	123.4	OK	OK
dp.round0	dec	t::D.all()->project(~[x:p|$p.dec->round()])	Integer	1	SELECT CAST(ROUND_EVEN(t0.DEC_V, 0) AS BIGINT) AS x FROM T_D AS t0	Long	123	OK	OK
dp.toDecimal	dec	t::D.all()->project(~[x:p|$p.i->toDecimal()])	Decimal(38,18)	1	SELECT CAST(t0.I_V AS DECIMAL(38, 0)) AS x FROM T_D AS t0	BigDecimal	7	OK	OK
dp.divide3	dec	t::D.all()->project(~[x:p|divide($p.dec, 3, 4)])	Decimal	1	SELECT CAST(ROUND(((1.0 * t0.DEC_V) / 3), 4) AS DECIMAL(38, 4)) AS x FROM T_D AS t0	BigDecimal	41.1500	OK	OK
dp.toString	dec	t::D.all()->project(~[x:p|$p.dec->toString()])	String	1	SELECT CAST(t0.DEC_V AS VARCHAR) AS x FROM T_D AS t0	String	123.45	OK	OK
dp.sum	dec	t::D.all()->groupBy(~[],~[s:x|$x.dec:y|$y->sum()])	Number	1	SELECT SUM(t0.DEC_V) AS s FROM T_D AS t0	BigDecimal	123.45	OK	OK
dp.max	dec	t::D.all()->groupBy(~[],~[s:x|$x.dec:y|$y->max()])	Number	0..1	SELECT MAX(t0.DEC_V) AS s FROM T_D AS t0	BigDecimal	123.45	OK	OK
dp.avg	dec	t::D.all()->groupBy(~[],~[s:x|$x.dec:y|$y->average()])	Float	1	SELECT AVG(t0.DEC_V) AS s FROM T_D AS t0	Double	123.45	OK	OK
dp.stdDev	dec	t::D.all()->groupBy(~[],~[s:x|$x.dec:y|$y->stdDev()])	Number	1	SELECT STDDEV_SAMP(t0.DEC_V) AS s FROM T_D AS t0	null	null	OK	DIVERGENCE:null-in-[1]
dp.sum.i	dec	t::D.all()->groupBy(~[],~[s:x|$x.i:y|$y->sum()])	Integer	1	SELECT SUM(t0.I_V) AS s FROM T_D AS t0	BigInteger	7	OK	OK
dp.sum.f	dec	t::D.all()->groupBy(~[],~[s:x|$x.f:y|$y->sum()])	Float	1	SELECT SUM(t0.F_V) AS s FROM T_D AS t0	Double	2.5	OK	OK
dl.1	dec	|1.1d	Decimal(38,1)	[1]	SELECT 1.1 AS value	BigDecimal	1.1	OK	OK
dl.2	dec	|1.12d	Decimal(38,2)	[1]	SELECT 1.12 AS value	BigDecimal	1.12	OK	OK
dl.18	dec	|1.123456789012345678d	Decimal(38,18)	[1]	SELECT 1.123456789012345678 AS value	BigDecimal	1.123456789012345678	OK	OK
dl.plus.mixscale	dec	|1.1d + 2.22d	Decimal	[1]	SELECT 1.1 + 2.22 AS value	BigDecimal	3.32	OK	OK
dl.times.mixscale	dec	|1.1d * 2.22d	Decimal	[1]	SELECT 1.1 * 2.22 AS value	BigDecimal	2.442	OK	OK
dl.div.mixscale	dec	|1.1d / 2.22d	Float	[1]	SELECT ((1.0 * 1.1) / 2.22) AS value	Double	0.4954954954954955	OK	OK
dl.big.plus	dec	|99999999999999999999999999999999999999d + 1d	Decimal	[1]	SELECT 99999999999999999999999999999999999999 + CAST(1 AS DECIMAL(1,0)) AS value			EXEC-ERR:SQLException: Out of Range Error: Overflow in addition of DECIMAL(38) (99999999999999999999999999999999999999 + 1);	DB-ERROR
dl.max38	dec	|99999999999999999999999999999999999999d	Decimal(38,0)	[1]	SELECT CAST(99999999999999999999999999999999999999 AS DECIMAL(38, 0)) AS value	BigDecimal	99999999999999999999999999999999999999	OK	OK
dl.scale.overflow	dec	|0.123456789012345678901234567890123456789d	Decimal(38,38)	[1]	SELECT 0.12345678901234567890123456789012345679 AS value	Double	0.12345678901234568	OK	OK
dl.times.overflow	dec	|1.123456789012345678d * 1.123456789012345678d	Decimal	[1]	SELECT 1.123456789012345678 * 1.123456789012345678 AS value	BigDecimal	1.262155156777930192527968299765279684	OK	OK
dl.neg	dec	|-1.5d	Decimal(38,1)	[1]	SELECT -1.5 AS value	BigDecimal	-1.5	OK	OK
e1	edge	|-'abc'	String	[1]	SELECT 0 - 'abc' AS value			EXEC-ERR:SQLException: Conversion Error: Could not convert string 'abc' to INT32  LINE 1: SELECT 0 - 'abc' AS value                    ^	DB-ERROR
e2	edge	|minus(['a','b'])	String	[1]	SELECT CASE WHEN len(['a', 'b']) = 1 THEN 0 - list_extract(['a', 'b'], 1) ELSE list_reduce(['a', 'b'], (_ma, _mb) -> _ma - _mb) END AS value			EXEC-ERR:SQLException: Binder Error: No function matches the given name and argument types '-(INTEGER_LITERAL, VARCHAR)'. You might need to add explicit type casts.  Candidate functions:  -(TINYINT) -> TINYINT  -(TINYINT, TINYINT) -> TINYINT  -(SMALLINT) -> SMALLINT  -(SMALLINT, SMALLINT) -> SMALLINT  -(INTEGER) -> INTEGER  -(INTEGER, INTEGER) -> INTEGER  -(BIGINT) -> BIGINT  -(BIGINT, BIGINT) -> BIGINT  -(HUGEINT) -> HUGEINT  -(HUGEINT, HUGEINT) -> HUGEINT  -(FLOAT) -> FLOAT  -(FLOAT, FLOAT) -> FLOAT  -(DOUBLE) -> DOUBLE  -(DOUBLE, DOUBLE) -> DOUBLE  -(DECIMAL) -> DECIMAL  -(DECIMAL, DECIMAL) -> DECIMAL  -(UTINYINT) -> UTINYINT  -(UTINYINT, UTINYINT) -> UTINYINT  -(USMALLINT) -> USMALLINT  -(USMALLINT, USMALLINT) -> USMALLINT  -(UINTEGER) -> UINTEGER  -(UINTEGER, UINTEGER) -> UINTEGER  -(UBIGINT) -> UBIGINT  -(UBIGINT, UBIGINT) -> UBIGINT  -(UHUGEINT) -> UHUGEINT  -(UHUGEINT, UHUGEINT) -> UHUGEINT  -(BIGNUM) -> BIGNUM  -(BIGNUM, BIGNUM) -> BIGNUM  -(DATE, DATE) -> BIGINT  -(DATE, INTEGER) -> DATE  -(TIMESTAMP, TIMESTAMP) -> INTERVAL  -(INTERVAL, INTERVAL) -> INTERVAL  -(DATE, INTERVAL) -> TIMESTAMP  -(TIME, INTERVAL) -> TIME  -(TIMESTAMP, INTERVAL) -> TIMESTAMP  -(TIME WITH TIME ZONE, INTERVAL) -> TIME WITH TIME ZONE  -(INTERVAL) -> INTERVAL  -(TIMESTAMP WITH TIME ZONE, INTERVAL) -> TIMESTAMP WITH TIME ZONE  -(TIMESTAMP WITH TIME ZONE, TIMESTAMP WITH TIME ZONE) -> INTERVAL   LINE 1: SELECT CASE WHEN len(['a', 'b']) = 1 THEN 0 - list_extract(['a', 'b'], 1) ELSE list_reduce(['a', 'b...                                                     ^	DB-ERROR
e3	edge	|plus([true,false])	Boolean	[1]	SELECT list_sum([TRUE, FALSE]) AS value	BigInteger	1	OK	DIVERGENCE:class
e4	edge	|times(['a','b'])	String	[1]	SELECT list_aggregate(['a', 'b'], 'product') AS value			EXEC-ERR:SQLException: Binder Error: No matching aggregate function Binder Error: No function matches the given name and argument types 'product(VARCHAR)'. You might need to add explicit type casts.  Candidate functions:  product(DOUBLE) -> DOUBLE 	DB-ERROR
e5	edge	|plus([%2024-03-15])	StrictDate	[1]	SELECT DATE '2024-03-15' AS value	StrictDate	2024-03-15	OK	OK
e6	edge	|[1,2,3]->max({a,b|$a - 1})	Integer	[1]				PLAN-ERR:IllegalStateException: comparator max/min: the two comparator sides must apply the SAME key to each parameter	ICE
e7	edge	|[1,2,3]->sort({a,b|$a - 1})	Integer	[3]				PLAN-ERR:NotImplementedException: sort comparators beyond a bare compare over the two parameters are not modeled	PLAN-NOTIMPL
e8	edge	|-true	Boolean	[1]	SELECT 0 - TRUE AS value			EXEC-ERR:SQLException: Binder Error: No function matches the given name and argument types '-(INTEGER_LITERAL, BOOLEAN)'. You might need to add explicit type casts.  Candidate functions:  -(TINYINT) -> TINYINT  -(TINYINT, TINYINT) -> TINYINT  -(SMALLINT) -> SMALLINT  -(SMALLINT, SMALLINT) -> SMALLINT  -(INTEGER) -> INTEGER  -(INTEGER, INTEGER) -> INTEGER  -(BIGINT) -> BIGINT  -(BIGINT, BIGINT) -> BIGINT  -(HUGEINT) -> HUGEINT  -(HUGEINT, HUGEINT) -> HUGEINT  -(FLOAT) -> FLOAT  -(FLOAT, FLOAT) -> FLOAT  -(DOUBLE) -> DOUBLE  -(DOUBLE, DOUBLE) -> DOUBLE  -(DECIMAL) -> DECIMAL  -(DECIMAL, DECIMAL) -> DECIMAL  -(UTINYINT) -> UTINYINT  -(UTINYINT, UTINYINT) -> UTINYINT  -(USMALLINT) -> USMALLINT  -(USMALLINT, USMALLINT) -> USMALLINT  -(UINTEGER) -> UINTEGER  -(UINTEGER, UINTEGER) -> UINTEGER  -(UBIGINT) -> UBIGINT  -(UBIGINT, UBIGINT) -> UBIGINT  -(UHUGEINT) -> UHUGEINT  -(UHUGEINT, UHUGEINT) -> UHUGEINT  -(BIGNUM) -> BIGNUM  -(BIGNUM, BIGNUM) -> BIGNUM  -(DATE, DATE) -> BIGINT  -(DATE, INTEGER) -> DATE  -(TIMESTAMP, TIMESTAMP) -> INTERVAL  -(INTERVAL, INTERVAL) -> INTERVAL  -(DATE, INTERVAL) -> TIMESTAMP  -(TIME, INTERVAL) -> TIME  -(TIMESTAMP, INTERVAL) -> TIMESTAMP  -(TIME WITH TIME ZONE, INTERVAL) -> TIME WITH TIME ZONE  -(INTERVAL) -> INTERVAL  -(TIMESTAMP WITH TIME ZONE, INTERVAL) -> TIMESTAMP WITH TIME ZONE  -(TIMESTAMP WITH TIME ZONE, TIMESTAMP WITH TIME ZONE) -> INTERVAL   LINE 1: SELECT 0 - TRUE AS value                  ^	DB-ERROR
e9	edge	|abs('a')	String	[1]	SELECT abs('a') AS value			EXEC-ERR:SQLException: Binder Error: Could not choose a best candidate function for the function call "abs(STRING_LITERAL)". In order to select one, please add explicit type casts.  Candidate functions:  abs(SMALLINT) -> SMALLINT  abs(INTEGER) -> INTEGER  abs(BIGINT) -> BIGINT  abs(HUGEINT) -> HUGEINT  abs(FLOAT) -> FLOAT  abs(DOUBLE) -> DOUBLE  abs(UTINYINT) -> UTINYINT  abs(USMALLINT) -> USMALLINT  abs(UINTEGER) -> UINTEGER  abs(UBIGINT) -> UBIGINT  abs(UHUGEINT) -> UHUGEINT  abs(TINYINT) -> TINYINT   LINE 1: SELECT abs('a') AS value                ^	DB-ERROR
e10	edge	|abs(%2024-03-15)	StrictDate	[1]	SELECT abs(DATE '2024-03-15') AS value			EXEC-ERR:SQLException: Binder Error: No function matches the given name and argument types 'abs(DATE)'. You might need to add explicit type casts.  Candidate functions:  abs(TINYINT) -> TINYINT  abs(SMALLINT) -> SMALLINT  abs(INTEGER) -> INTEGER  abs(BIGINT) -> BIGINT  abs(HUGEINT) -> HUGEINT  abs(FLOAT) -> FLOAT  abs(DOUBLE) -> DOUBLE  abs(DECIMAL) -> DECIMAL  abs(UTINYINT) -> UTINYINT  abs(USMALLINT) -> USMALLINT  abs(UINTEGER) -> UINTEGER  abs(UBIGINT) -> UBIGINT  abs(UHUGEINT) -> UHUGEINT   LINE 1: SELECT abs(DATE '2024-03-15') AS value                ^	DB-ERROR
e11	edge	|abs(true)	Boolean	[1]	SELECT abs(TRUE) AS value			EXEC-ERR:SQLException: Binder Error: No function matches the given name and argument types 'abs(BOOLEAN)'. You might need to add explicit type casts.  Candidate functions:  abs(TINYINT) -> TINYINT  abs(SMALLINT) -> SMALLINT  abs(INTEGER) -> INTEGER  abs(BIGINT) -> BIGINT  abs(HUGEINT) -> HUGEINT  abs(FLOAT) -> FLOAT  abs(DOUBLE) -> DOUBLE  abs(DECIMAL) -> DECIMAL  abs(UTINYINT) -> UTINYINT  abs(USMALLINT) -> USMALLINT  abs(UINTEGER) -> UINTEGER  abs(UBIGINT) -> UBIGINT  abs(UHUGEINT) -> UHUGEINT   LINE 1: SELECT abs(TRUE) AS value                ^	DB-ERROR
e12	edge	|[1,2,3]->indexOf('a')	Integer	[1]	SELECT coalesce(list_position(list_filter([1, 2, 3], x -> x IS NOT NULL), 'a'), 0) - 1 AS value			EXEC-ERR:SQLException: Conversion Error: Could not convert string 'a' to INT32  LINE 1: ...(list_position(list_filter([1, 2, 3], x -> x IS NOT NULL), 'a'), 0) - 1 AS value                                                                       ^	DB-ERROR
e13	edge	|'abc'->substring(2,1)	String	[1]	SELECT substr('abc', 2, 1) AS value	String	b	OK	OK
e14	edge	|'abc'->chunk(0)	String	[*]	SELECT UNNEST(list_filter(regexp_extract_all('abc', concat('.{1,', CAST(0 AS VARCHAR), '}')), x -> x IS NOT NULL)) AS value			EXEC-ERR:SQLException: Invalid Input Error: invalid repetition size: {1,0}	DB-ERROR
e15	edge	|'abc'->chunk(-1)	String	[*]	SELECT UNNEST(list_filter(regexp_extract_all('abc', concat('.{1,', CAST(-1 AS VARCHAR), '}')), x -> x IS NOT NULL)) AS value			OK	OK
e16	edge	|'a,b'->splitPart(',',0)	String	[0..1]	SELECT split_part('a,b', ',', 1) AS value	String	a	OK	OK
e17	edge	|'a,b'->splitPart(',',1)	String	[0..1]	SELECT split_part('a,b', ',', 2) AS value	String	b	OK	OK
e18	edge	|'a,b'->splitPart(',',-1)	String	[0..1]	SELECT split_part('a,b', ',', 0) AS value	String		OK	OK
e19	edge	|1->toOne()	Integer	[1]	SELECT 1 AS value	Integer	1	OK	OK
e20	edge	|greatest([])	meta::pure::metamodel::type::Nil	[0..1]	SELECT list_max(NULL) AS value	null	null	OK	OK(empty)
e21	edge	|least([])	meta::pure::metamodel::type::Nil	[0..1]	SELECT list_min(NULL) AS value	null	null	OK	OK(empty)
e22	edge	|max([])						G-ERR:TypeInferenceException: ambiguous overload of 'meta::pure::functions::date::max': 7 candidates tie for the argument types	G-REJECT
e23	edge	|[]->size()	Integer	[1]	SELECT coalesce(len(list_filter(NULL, x -> x IS NOT NULL)), 0) AS value	Long	0	OK	OK
e24	edge	|''->ascii()	Integer	[1]	SELECT ascii('') AS value	Integer	0	OK	OK
e25	edge	|0->char()	String	[1]	SELECT chr(0) AS value	String	 	OK	OK
e26	edge	|-1->char()	String	[1]	SELECT 0 - chr(1) AS value			EXEC-ERR:SQLException: Binder Error: No function matches the given name and argument types '-(INTEGER_LITERAL, VARCHAR)'. You might need to add explicit type casts.  Candidate functions:  -(TINYINT) -> TINYINT  -(TINYINT, TINYINT) -> TINYINT  -(SMALLINT) -> SMALLINT  -(SMALLINT, SMALLINT) -> SMALLINT  -(INTEGER) -> INTEGER  -(INTEGER, INTEGER) -> INTEGER  -(BIGINT) -> BIGINT  -(BIGINT, BIGINT) -> BIGINT  -(HUGEINT) -> HUGEINT  -(HUGEINT, HUGEINT) -> HUGEINT  -(FLOAT) -> FLOAT  -(FLOAT, FLOAT) -> FLOAT  -(DOUBLE) -> DOUBLE  -(DOUBLE, DOUBLE) -> DOUBLE  -(DECIMAL) -> DECIMAL  -(DECIMAL, DECIMAL) -> DECIMAL  -(UTINYINT) -> UTINYINT  -(UTINYINT, UTINYINT) -> UTINYINT  -(USMALLINT) -> USMALLINT  -(USMALLINT, USMALLINT) -> USMALLINT  -(UINTEGER) -> UINTEGER  -(UINTEGER, UINTEGER) -> UINTEGER  -(UBIGINT) -> UBIGINT  -(UBIGINT, UBIGINT) -> UBIGINT  -(UHUGEINT) -> UHUGEINT  -(UHUGEINT, UHUGEINT) -> UHUGEINT  -(BIGNUM) -> BIGNUM  -(BIGNUM, BIGNUM) -> BIGNUM  -(DATE, DATE) -> BIGINT  -(DATE, INTEGER) -> DATE  -(TIMESTAMP, TIMESTAMP) -> INTERVAL  -(INTERVAL, INTERVAL) -> INTERVAL  -(DATE, INTERVAL) -> TIMESTAMP  -(TIME, INTERVAL) -> TIME  -(TIMESTAMP, INTERVAL) -> TIMESTAMP  -(TIME WITH TIME ZONE, INTERVAL) -> TIME WITH TIME ZONE  -(INTERVAL) -> INTERVAL  -(TIMESTAMP WITH TIME ZONE, INTERVAL) -> TIMESTAMP WITH TIME ZONE  -(TIMESTAMP WITH TIME ZONE, TIMESTAMP WITH TIME ZONE) -> INTERVAL   LINE 1: SELECT 0 - chr(1) AS value                  ^	DB-ERROR
e27	edge	|1114112->char()	String	[1]	SELECT chr(1114112) AS value			EXEC-ERR:SQLException: Invalid Input Error: Invalid UTF8 Codepoint 1114112	DB-ERROR
e28	edge	|'abc'->lpad(-1)	String	[1]	SELECT lpad('abc', -1, ' ') AS value	String		OK	OK
e29	edge	|'abc'->left(-1)	String	[1]	SELECT left('abc', -1) AS value	String	ab	OK	OK
e30	edge	|9223372036854775807->abs()	Integer	[1]	SELECT abs(9223372036854775807) AS value	Long	9223372036854775807	OK	OK
e31	edge	|-9223372036854775808	Integer	[1]	SELECT CAST(-9223372036854775808 AS DECIMAL(19,0)) AS value	BigDecimal	-9223372036854775808	OK	OK
e32	edge	|1 / 3	Float	[1]	SELECT ((1.0 * 1) / 3) AS value	Double	0.3333333333333333	OK	OK
e33	edge	|1.0 == 1	Boolean	[1]	SELECT CAST(1.0 AS DOUBLE) = 1 AS value	Boolean	true	OK	OK
e34	edge	|0.1 + 0.2 == 0.3						G-ERR:TypeInferenceException: no overload of 'meta::pure::functions::math::plus' structurally matches the argument types (ExprType[type=FLOAT, multiplicity=Bounded[lower=1, upper=1]], ExprType[type=BOOLEAN, multiplicity=Bounded[lower=1, upper=1]]); [TypedParameter[name=left, type=DECIMAL, multiplicity=Bounded[lower=1, upper=1]], TypedParameter[name=right, type=DECIMAL, multiplicity=Bounded[lower=1, upper=1]]]; [TypedParameter[name=left, type=FLOAT, multiplicity=Bounded[lower=1, upper=1]], TypedParameter[name=right, type=FLOAT, multiplicity=Bounded[lower=1, upper=1]]]; [TypedParameter[name=left, type=INTEGER, multiplicity=Bounded[lower=1, upper=1]], TypedParameter[name=right, type=INTEGER, multiplicity=Bounded[lower=1, upper=1]]]; [TypedParameter[name=left, type=NUMBER, multiplicity=Bounded[lower=1, upper=1]], TypedParameter[name=right, type=NUMBER, multiplicity=Bounded[lower=1, upper=1]]]; [TypedParameter[name=left, type=STRING, multiplicity=Bounded[lower=1, upper=1]], TypedParameter[name=right, type=STRING, multiplicity=Bounded[lower=1, upper=1]]]	G-REJECT
e35	edge	|0.1d + 0.2d == 0.3d						G-ERR:TypeInferenceException: no overload of 'meta::pure::functions::math::plus' structurally matches the argument types (ExprType[type=PrecisionDecimal[precision=38, scale=1], multiplicity=Bounded[lower=1, upper=1]], ExprType[type=BOOLEAN, multiplicity=Bounded[lower=1, upper=1]]); [TypedParameter[name=left, type=DECIMAL, multiplicity=Bounded[lower=1, upper=1]], TypedParameter[name=right, type=DECIMAL, multiplicity=Bounded[lower=1, upper=1]]]; [TypedParameter[name=left, type=FLOAT, multiplicity=Bounded[lower=1, upper=1]], TypedParameter[name=right, type=FLOAT, multiplicity=Bounded[lower=1, upper=1]]]; [TypedParameter[name=left, type=INTEGER, multiplicity=Bounded[lower=1, upper=1]], TypedParameter[name=right, type=INTEGER, multiplicity=Bounded[lower=1, upper=1]]]; [TypedParameter[name=left, type=NUMBER, multiplicity=Bounded[lower=1, upper=1]], TypedParameter[name=right, type=NUMBER, multiplicity=Bounded[lower=1, upper=1]]]; [TypedParameter[name=left, type=STRING, multiplicity=Bounded[lower=1, upper=1]], TypedParameter[name=right, type=STRING, multiplicity=Bounded[lower=1, upper=1]]]	G-REJECT
i01	intclass	|1	Integer	[1]	SELECT 1 AS value	Integer	1	OK	OK
i02	intclass	|abs(-3)	Integer	[1]	SELECT abs(-3) AS value	Integer	3	OK	OK
i03	intclass	|'abc'->length()	Integer	[1]	SELECT length('abc') AS value	Long	3	OK	OK
i04	intclass	|sum([1,2,3])	Integer	[1]	SELECT list_sum([1, 2, 3]) AS value	BigInteger	6	OK	OK
i05	intclass	|9223372036854775807 + 1	Integer	[1]	SELECT CAST(9223372036854775807 AS HUGEINT) + 1 AS value	BigInteger	9223372036854775808	OK	OK
i06	intclass	|-9223372036854775808	Integer	[1]	SELECT CAST(-9223372036854775808 AS DECIMAL(19,0)) AS value	BigDecimal	-9223372036854775808	OK	OK
i07	intclass	|sign(3)	Integer	[1]	SELECT CAST(sign(3) AS BIGINT) AS value	Long	1	OK	OK
i08	intclass	|round(2.6)	Integer	[1]	SELECT CAST(ROUND_EVEN(CAST(2.6 AS DOUBLE), 0) AS BIGINT) AS value	Long	3	OK	OK
i09	intclass	|floor(2.6)	Integer	[1]	SELECT CAST(floor(CAST(2.6 AS DOUBLE)) AS BIGINT) AS value	Long	2	OK	OK
i10	intclass	|[1,2,3]->size()	Integer	[1]	SELECT coalesce(len(list_filter([1, 2, 3], x -> x IS NOT NULL)), 0) AS value	Long	3	OK	OK
i11	intclass	|[1,2,3]->at(1)	Integer	[1]	SELECT CASE WHEN 1 >= len(list_filter([1, 2, 3], x -> x IS NOT NULL)) OR 1 < 0 THEN error(concat('The system is trying to get an element at offset ', CAST(1 AS VARCHAR), ' where the collection is of size ', CAST(len(list_filter([1, 2, 3], x -> x IS NOT NULL)) AS VARCHAR))) ELSE list_extract(list_filter([1, 2, 3], x -> x IS NOT NULL), 2) END AS value	Integer	2	OK	OK
i12	intclass	|bitAnd(12,10)	Integer	[1]	SELECT (12 & 10) AS value	Integer	8	OK	OK
i13	intclass	|bitShiftLeft(1,4)	Integer	[1]	SELECT (CAST(1 AS BIGINT) << 4) AS value	Long	16	OK	OK
i14	intclass	|%2024-03-15->year()	Integer	[1]	SELECT date_part('year', DATE '2024-03-15') AS value	Long	2024	OK	OK
i15	intclass	t::D.all()->project(~[x:p|$p.i])	Integer	1	SELECT t0.I_V AS x FROM T_D AS t0	Integer	7	OK	OK
i16	intclass	t::D.all()->groupBy(~[],~[s:x|$x.i:y|$y->sum()])	Integer	1	SELECT SUM(t0.I_V) AS s FROM T_D AS t0	BigInteger	7	OK	OK
i17	intclass	|'42'->parseInteger()	Integer	[1]	SELECT CAST('42' AS BIGINT) AS value	Long	42	OK	OK
i18	intclass	|mode([1,1,2])	Integer	[1]	SELECT list_aggregate([1, 1, 2], 'mode') AS value	Integer	1	OK	OK
i19	intclass	|max([3,7,1])	Integer	[0..1]	SELECT list_max([3, 7, 1]) AS value	Integer	7	OK	OK
i20	intclass	|hashCode('abc')	Integer	[1]	SELECT CAST(CAST(xor(hash('abc'), CAST(9223372036854775808 AS UBIGINT)) AS HUGEINT) - 9223372036854775808 AS BIGINT) AS value	Long	1924864467101078684	OK	OK
i21	intclass	|range(3)	Integer	[*]	SELECT UNNEST(list_filter(range(3), x -> x IS NOT NULL)) AS value	Long;Long;Long	0;1;2	OK	OK
i22	intclass	|1 + 2	Integer	[1]	SELECT 1 + 2 AS value	Integer	3	OK	OK
i23	intclass	|[1,2,3]->indexOf(2)	Integer	[1]	SELECT coalesce(list_position(list_filter([1, 2, 3], x -> x IS NOT NULL), 2), 0) - 1 AS value	Integer	1	OK	OK
i24	intclass	|'a'->ascii()	Integer	[1]	SELECT ascii('a') AS value	Integer	97	OK	OK
i25	intclass	|levenshteinDistance('a','b')	Integer	[1]	SELECT levenshtein('a', 'b') AS value	Long	1	OK	OK
i26	intclass	|regexpCount('aa','a')	Integer	[1]	SELECT len(regexp_extract_all('aa', 'a', 0)) AS value	Long	2	OK	OK
i27	intclass	|dateDiff(%2024-01-01,%2024-01-02,meta::pure::functions::date::DurationUnit.DAYS)	Integer	[1]	SELECT date_diff('day', DATE '2024-01-01', DATE '2024-01-02') AS value	Long	1	OK	OK
i28	intclass	|meta::pure::functions::lang::compare(1,2)	Integer	[1]	SELECT CASE WHEN 1 < 2 THEN -1 WHEN 1 > 2 THEN 1 ELSE 0 END AS value	Integer	-1	OK	OK
i29	intclass	|1->cast(@Integer)	Integer	[1]	SELECT 1 AS value	Integer	1	OK	OK
i30	intclass	|minus([10,2,3])	Integer	[1]	SELECT CASE WHEN len([10, 2, 3]) = 1 THEN 0 - list_extract([10, 2, 3], 1) ELSE list_reduce([10, 2, 3], (_ma, _mb) -> _ma - _mb) END AS value	Integer	5	OK	OK
st1	time	|%10:30:45	StrictTime	[1]				PLAN-ERR:NotImplementedException: scalar lowering not yet implemented for TypedCTime	PLAN-NOTIMPL
st2	time	|[%10:30:45]	StrictTime	[1]				PLAN-ERR:NotImplementedException: scalar lowering not yet implemented for TypedCTime	PLAN-NOTIMPL
st3	time	|%10:30:45 == %10:30:45	Boolean	[1]				PLAN-ERR:NotImplementedException: scalar lowering not yet implemented for TypedCTime	PLAN-NOTIMPL
st4	time	|%10:30:45->toString()	String	[1]				PLAN-ERR:NotImplementedException: scalar lowering not yet implemented for TypedCTime	PLAN-NOTIMPL
st5	time	t::D.all()->project(~[x:p|%10:30:45])	StrictTime	1				PLAN-ERR:NotImplementedException: object-space expression node TypedCTime is not substitutable yet (H2 vocabulary): TypedCTime[value=TimeWithSecond[hour=10, minute=30, second=45], info=ExprType[type=STRICT_TIME, multiplicity=Bounded[lower=1, upper=1]]]	PLAN-NOTIMPL
st6	time	|%10:30:45.123	StrictTime	[1]				PLAN-ERR:NotImplementedException: scalar lowering not yet implemented for TypedCTime	PLAN-NOTIMPL
st7	time	|%23:59:59	StrictTime	[1]				PLAN-ERR:NotImplementedException: scalar lowering not yet implemented for TypedCTime	PLAN-NOTIMPL
st8	time	|%25:00:00						G-ERR:IllegalStateException: time literal '%25:00:00' is out of range	G-REJECT
eq1	null	t::D.all()->project(~[x:p|$p.iN == $p.iN])	Boolean	1	SELECT (t0.I_N IS NOT DISTINCT FROM t0.I_N) AS x FROM T_D AS t0	Boolean	true	OK	OK
eq2	null	t::D.all()->project(~[x:p|$p.iN == $p.sN])	Boolean	1	SELECT (t0.I_N IS NOT DISTINCT FROM t0.S_N) AS x FROM T_D AS t0	Boolean	true	OK	OK
eq3	null	t::D.all()->filter(p|$p.iN == 7)->project(~[x:p|$p.i])	Integer	1	SELECT t0.I_V AS x FROM T_D AS t0 WHERE t0.I_N = 7			OK	OK
eq4	null	t::D.all()->project(~[x:p|not($p.iN == 7)])	Boolean	1	SELECT (t0.I_N IS DISTINCT FROM 7) AS x FROM T_D AS t0	Boolean	true	OK	OK
eq5	null	t::D.all()->project(~[x:p|$p.iN == []])	Boolean	1	SELECT t0.I_N IS NULL AS x FROM T_D AS t0	Boolean	true	OK	OK
eq6	null	t::D.all()->project(~[x:p|[] == $p.iN])	Boolean	1	SELECT t0.I_N IS NULL AS x FROM T_D AS t0	Boolean	true	OK	OK
eq7	null	t::D.all()->project(~[x:p|$p.i == $p.iN])	Boolean	1	SELECT t0.I_V = t0.I_N AS x FROM T_D AS t0	null	null	OK	DIVERGENCE:null-in-[1]
eq8	null	t::D.all()->project(~[x:p|$p.dN == $p.dtN])	Boolean	1	SELECT (t0.D_N IS NOT DISTINCT FROM t0.DT_N) AS x FROM T_D AS t0	Boolean	true	OK	OK
eq9	null	t::D.all()->project(~[x:p|$p.sN == $p.iN])	Boolean	1	SELECT (t0.S_N IS NOT DISTINCT FROM t0.I_N) AS x FROM T_D AS t0	Boolean	true	OK	OK
eq10	null	t::D.all()->project(~[x:p|$p.decN == $p.fN])	Boolean	1	SELECT (t0.DEC_N IS NOT DISTINCT FROM t0.F_N) AS x FROM T_D AS t0	Boolean	true	OK	OK
tr0	dec	#>{t::DB.T_D}#->project(~[x:p|$p.DEC_V])	Decimal(10,2)	1	SELECT t0.DEC_V AS x FROM T_D AS t0	BigDecimal	123.45	OK	OK
tr1	dec	#>{t::DB.T_D}#->project(~[x:p|$p.DEC_V + $p.DEC_V])	Decimal	1	SELECT t0.DEC_V + t0.DEC_V AS x FROM T_D AS t0	BigDecimal	246.90	OK	OK
tr2	dec	#>{t::DB.T_D}#->project(~[x:p|$p.DEC_V * $p.DEC_V])	Decimal	1	SELECT t0.DEC_V * t0.DEC_V AS x FROM T_D AS t0	BigDecimal	15239.9025	OK	OK
tr3	dec	#>{t::DB.T_D}#->project(~[x:p|$p.DEC_V - $p.DEC_V])	Decimal	1	SELECT t0.DEC_V - t0.DEC_V AS x FROM T_D AS t0	BigDecimal	0.00	OK	OK
tr4	dec	#>{t::DB.T_D}#->project(~[x:p|$p.DEC_V / $p.DEC_V])	Float	1	SELECT ((1.0 * t0.DEC_V) / t0.DEC_V) AS x FROM T_D AS t0	Double	1.0	OK	OK
tr5	dec	#>{t::DB.T_D}#->groupBy(~[],~[s:x|$x.DEC_V:y|$y->sum()])	Number	1	SELECT SUM(t0.DEC_V) AS s FROM T_D AS t0	BigDecimal	123.45	OK	OK
tr6	dec	#>{t::DB.T_D}#->project(~[x:p|$p.DEC_V * $p.DEC_V * $p.DEC_V * $p.DEC_V])	Decimal	1	SELECT t0.DEC_V * t0.DEC_V * t0.DEC_V * t0.DEC_V AS x FROM T_D AS t0	BigDecimal	232254628.20950625	OK	OK
tr7	dec	#>{t::DB.T_D}#->project(~[x:p|$p.DEC_V->round(1)])	Decimal	1	SELECT CAST(ROUND_EVEN(t0.DEC_V, 1) AS DECIMAL(38, 1)) AS x FROM T_D AS t0	BigDecimal	123.4	OK	OK
tr8	dec	#>{t::DB.T_D}#->project(~[x:p|$p.DEC_V->abs()])	Decimal(10,2)	1	SELECT abs(t0.DEC_V) AS x FROM T_D AS t0	BigDecimal	123.45	OK	OK
tr9	dec	#>{t::DB.T_D}#->project(~[x:p|$p.DEC_V + 1.5])	Number	1	SELECT t0.DEC_V + CAST(1.5 AS DOUBLE) AS x FROM T_D AS t0	Double	124.95	OK	OK
tr10	dec	#>{t::DB.T_D}#->project(~[x:p|$p.DEC_V->toString()])	String	1	SELECT CAST(t0.DEC_V AS VARCHAR) AS x FROM T_D AS t0	String	123.45	OK	OK
tr11	dec	#>{t::DB.T_D}#->project(~[x:p|$p.I_V])	Integer	1	SELECT t0.I_V AS x FROM T_D AS t0	Integer	7	OK	OK
tr12	dec	#>{t::DB.T_D}#->project(~[x:p|$p.DEC_V == 123.45d])	Boolean	1	SELECT t0.DEC_V = 123.45 AS x FROM T_D AS t0	Boolean	true	OK	OK
h1	x	t::D.all()->project(~[x:p|$p.d->hasDay()])	Boolean	1	SELECT 1 AS x FROM T_D AS t0	Integer	1	OK	DIVERGENCE:class
h2	x	t::D.all()->project(~[x:p|$p.dt->hasHour()])	Boolean	1	SELECT 1 AS x FROM T_D AS t0	Integer	1	OK	DIVERGENCE:class
h3	x	t::D.all()->project(~[x:p|$p.d->hasHour()])	Boolean	1	SELECT 0 AS x FROM T_D AS t0	Integer	0	OK	DIVERGENCE:class
h4	x	t::D.all()->project(~[x:p|$p.d->hasSubsecond()])	Boolean	1	SELECT 0 AS x FROM T_D AS t0	Integer	0	OK	DIVERGENCE:class
h5	x	t::D.all()->project(~[x:p|$p.iN->toOne()->asin()])	Float	1	SELECT CASE WHEN abs(CAST(t0.I_N AS DOUBLE)) > 1 THEN error(concat('Unable to compute asin of ', CASE WHEN strpos(CAST(CAST(t0.I_N AS DOUBLE) AS VARCHAR), 'e') > 0 AND CAST(t0.I_N AS DOUBLE) = floor(CAST(t0.I_N AS DOUBLE)) AND abs(CAST(t0.I_N AS DOUBLE)) < CAST(1.0E38 AS DOUBLE) THEN concat(CAST(CAST(CAST(t0.I_N AS DOUBLE) AS HUGEINT) AS VARCHAR), '.0') WHEN strpos(CAST(CAST(t0.I_N AS DOUBLE) AS VARCHAR), 'e') > 0 AND abs(CAST(t0.I_N AS DOUBLE)) >= CAST(1.0E-17 AS DOUBLE) AND abs(CAST(t0.I_N AS DOUBLE)) < CAST(9.007199254740992E15 AS DOUBLE) THEN CASE WHEN ends_with(rtrim(CAST(CAST(CAST(t0.I_N AS DOUBLE) AS DECIMAL(38, 18)) AS VARCHAR), '0'), '.') THEN concat(rtrim(CAST(CAST(CAST(t0.I_N AS DOUBLE) AS DECIMAL(38, 18)) AS VARCHAR), '0'), '0') ELSE rtrim(CAST(CAST(CAST(t0.I_N AS DOUBLE) AS DECIMAL(38, 18)) AS VARCHAR), '0') END ELSE CAST(CAST(t0.I_N AS DOUBLE) AS VARCHAR) END)) ELSE (CASE WHEN (t0.I_N) BETWEEN -1 AND 1 THEN asin(t0.I_N) ELSE 'NaN'::DOUBLE END) END AS x FROM T_D AS t0	Double	NaN	OK	OK
h6	x	|asin(2)	Float	[1]	SELECT CASE WHEN abs(CAST(2 AS DOUBLE)) > 1 THEN error(concat('Unable to compute asin of ', CASE WHEN strpos(CAST(CAST(2 AS DOUBLE) AS VARCHAR), 'e') > 0 AND CAST(2 AS DOUBLE) = floor(CAST(2 AS DOUBLE)) AND abs(CAST(2 AS DOUBLE)) < CAST(1.0E38 AS DOUBLE) THEN concat(CAST(CAST(CAST(2 AS DOUBLE) AS HUGEINT) AS VARCHAR), '.0') WHEN strpos(CAST(CAST(2 AS DOUBLE) AS VARCHAR), 'e') > 0 AND abs(CAST(2 AS DOUBLE)) >= CAST(1.0E-17 AS DOUBLE) AND abs(CAST(2 AS DOUBLE)) < CAST(9.007199254740992E15 AS DOUBLE) THEN CASE WHEN ends_with(rtrim(CAST(CAST(CAST(2 AS DOUBLE) AS DECIMAL(38, 18)) AS VARCHAR), '0'), '.') THEN concat(rtrim(CAST(CAST(CAST(2 AS DOUBLE) AS DECIMAL(38, 18)) AS VARCHAR), '0'), '0') ELSE rtrim(CAST(CAST(CAST(2 AS DOUBLE) AS DECIMAL(38, 18)) AS VARCHAR), '0') END ELSE CAST(CAST(2 AS DOUBLE) AS VARCHAR) END)) ELSE (CASE WHEN (2) BETWEEN -1 AND 1 THEN asin(2) ELSE 'NaN'::DOUBLE END) END AS value			EXEC-ERR:SQLException: Invalid Input Error: Unable to compute asin of 2.0	DB-ERROR
h7	x	|acos(2)	Float	[1]	SELECT CASE WHEN abs(CAST(2 AS DOUBLE)) > 1 THEN error(concat('Unable to compute acos of ', CASE WHEN strpos(CAST(CAST(2 AS DOUBLE) AS VARCHAR), 'e') > 0 AND CAST(2 AS DOUBLE) = floor(CAST(2 AS DOUBLE)) AND abs(CAST(2 AS DOUBLE)) < CAST(1.0E38 AS DOUBLE) THEN concat(CAST(CAST(CAST(2 AS DOUBLE) AS HUGEINT) AS VARCHAR), '.0') WHEN strpos(CAST(CAST(2 AS DOUBLE) AS VARCHAR), 'e') > 0 AND abs(CAST(2 AS DOUBLE)) >= CAST(1.0E-17 AS DOUBLE) AND abs(CAST(2 AS DOUBLE)) < CAST(9.007199254740992E15 AS DOUBLE) THEN CASE WHEN ends_with(rtrim(CAST(CAST(CAST(2 AS DOUBLE) AS DECIMAL(38, 18)) AS VARCHAR), '0'), '.') THEN concat(rtrim(CAST(CAST(CAST(2 AS DOUBLE) AS DECIMAL(38, 18)) AS VARCHAR), '0'), '0') ELSE rtrim(CAST(CAST(CAST(2 AS DOUBLE) AS DECIMAL(38, 18)) AS VARCHAR), '0') END ELSE CAST(CAST(2 AS DOUBLE) AS VARCHAR) END)) ELSE (CASE WHEN (2) BETWEEN -1 AND 1 THEN acos(2) ELSE 'NaN'::DOUBLE END) END AS value			EXEC-ERR:SQLException: Invalid Input Error: Unable to compute acos of 2.0	DB-ERROR
h8	x	t::D.all()->project(~[x:p|$p.d->hasDay() && $p.b])	Boolean	1	SELECT 1 AND t0.B_V AS x FROM T_D AS t0	Boolean	true	OK	OK
h9	x	t::D.all()->filter(p|$p.d->hasDay())->project(~[x:p|$p.i])	Integer	1	SELECT t0.I_V AS x FROM T_D AS t0 WHERE 1	Integer	7	OK	OK
n0	null	t::D.all()->project(~[x:p|$p.iN->toOne()])	Integer	1	SELECT t0.I_N AS x FROM T_D AS t0	null	null	OK	DIVERGENCE:null-in-[1]
n1	null	t::D.all()->project(~[x:p|$p.sN->toOne()])	String	1	SELECT t0.S_N AS x FROM T_D AS t0	null	null	OK	DIVERGENCE:null-in-[1]
n2	null	t::D.all()->project(~[x:p|$p.sN->toOne()->toUpper()])	String	1	SELECT upper(t0.S_N) AS x FROM T_D AS t0	null	null	OK	DIVERGENCE:null-in-[1]
n3	null	t::D.all()->project(~[x:p|$p.sN->toUpper()])						G-ERR:TypeInferenceException: in call to 'meta::pure::functions::string::toUpper', argument 1: multiplicity [0..1] is not compatible with [1]	G-REJECT
n4	null	t::D.all()->project(~[x:p|$p.iN + 1])						G-ERR:TypeInferenceException: no overload of 'meta::pure::functions::math::plus' structurally matches the argument types (ExprType[type=INTEGER, multiplicity=Bounded[lower=0, upper=1]], ExprType[type=INTEGER, multiplicity=Bounded[lower=1, upper=1]]); [TypedParameter[name=left, type=DECIMAL, multiplicity=Bounded[lower=1, upper=1]], TypedParameter[name=right, type=DECIMAL, multiplicity=Bounded[lower=1, upper=1]]]; [TypedParameter[name=left, type=FLOAT, multiplicity=Bounded[lower=1, upper=1]], TypedParameter[name=right, type=FLOAT, multiplicity=Bounded[lower=1, upper=1]]]; [TypedParameter[name=left, type=INTEGER, multiplicity=Bounded[lower=1, upper=1]], TypedParameter[name=right, type=INTEGER, multiplicity=Bounded[lower=1, upper=1]]]; [TypedParameter[name=left, type=NUMBER, multiplicity=Bounded[lower=1, upper=1]], TypedParameter[name=right, type=NUMBER, multiplicity=Bounded[lower=1, upper=1]]]; [TypedParameter[name=left, type=STRING, multiplicity=Bounded[lower=1, upper=1]], TypedParameter[name=right, type=STRING, multiplicity=Bounded[lower=1, upper=1]]]	G-REJECT
n5	null	t::D.all()->project(~[x:p|$p.iN->toOne() + 1])	Integer	1	SELECT t0.I_N + 1 AS x FROM T_D AS t0	null	null	OK	DIVERGENCE:null-in-[1]
n6	null	t::D.all()->project(~[x:p|$p.sN->length()])						G-ERR:TypeInferenceException: in call to 'meta::pure::functions::string::length', argument 1: multiplicity [0..1] is not compatible with [1]	G-REJECT
n7	null	t::D.all()->project(~[x:p|abs($p.iN->toOne())])	Integer	1	SELECT abs(t0.I_N) AS x FROM T_D AS t0	null	null	OK	DIVERGENCE:null-in-[1]
n8	null	t::D.all()->project(~[x:p|$p.iN->toOne()->toString()])	String	1	SELECT CAST(t0.I_N AS VARCHAR) AS x FROM T_D AS t0	null	null	OK	DIVERGENCE:null-in-[1]
n9	null	t::D.all()->project(~[x:p|$p.dN->toOne()->year()])	Integer	1	SELECT date_part('year', t0.D_N) AS x FROM T_D AS t0	null	null	OK	DIVERGENCE:null-in-[1]
n10	null	t::D.all()->project(~[x:p|$p.iN->trustOne()])						G-ERR:TypeInferenceException: unknown function 'trustOne' ? no function of this name in the native or user catalog (unported platform function, or a misspelling)	G-REJECT
n11	null	t::D.all()->project(~[x:p|$p.sN->toOne()->length()])	Integer	1	SELECT length(CAST(t0.S_N AS VARCHAR)) AS x FROM T_D AS t0	null	null	OK	DIVERGENCE:null-in-[1]
n12	null	t::D.all()->project(~[x:p|$p.iN->toOneMany()])	Integer	0..1	SELECT [t0.I_N] AS x FROM T_D AS t0			EXEC-ERR:IllegalStateException: a many-valued cell reached a scalar TDS slot ('x') ? the lowering must explode scalar streams in SQL (E2)	ICE
n13	null	t::D.all()->project(~[x:p|$p.iN->coalesce(0)])	Integer	1	SELECT coalesce(t0.I_N, 0) AS x FROM T_D AS t0	Integer	0	OK	OK
n14	null	t::D.all()->project(~[x:p|$p.iN->isEmpty()])	Boolean	1	SELECT t0.I_N IS NULL AS x FROM T_D AS t0	Boolean	true	OK	OK
s1	dec	#>{t::DB.T_D}#->groupBy(~[],~[s:x|$x.DEC_V:y|$y->sum()])	Number	1	SELECT SUM(t0.DEC_V) AS s FROM T_D AS t0	BigDecimal	99999999990.00	OK	OK
s2	dec	#>{t::DB.T_D}#->extend(~[s:{r,w,x|$r->sum($w, $x.DEC_V)}])->limit(1)->project(~[y:p|$p.s])						G-ERR:TypeInferenceException: lambda has 3 parameter(s) but the function type expects 1	G-REJECT
s3	dec	#>{t::DB.T_D}#->groupBy(~[],~[s:x|$x.DEC_V:y|$y->max()])	Number	0..1	SELECT MAX(t0.DEC_V) AS s FROM T_D AS t0	BigDecimal	99999999.99	OK	OK
s4	dec	#>{t::DB.T_D}#->groupBy(~[],~[s:x|$x.DEC_V:y|$y->average()])	Float	1	SELECT AVG(t0.DEC_V) AS s FROM T_D AS t0	Double	9.999999999E7	OK	OK
s5	dec	#>{t::DB.T_D}#->groupBy(~[],~[s:x|$x.I_V:y|$y->sum()])	Integer	1	SELECT SUM(t0.I_V) AS s FROM T_D AS t0	BigInteger	7000	OK	OK
s6	dec	#>{t::DB.T_D}#->project(~[x:p|$p.DEC_V])->limit(1)	Decimal(10,2)	1	SELECT t0.DEC_V AS x FROM T_D AS t0 LIMIT 1	BigDecimal	99999999.99	OK	OK
gap.lt.num.oo	gap	|[1]->first() < [1]->first()	Boolean	[1]	SELECT 1 < 1 AS value	Boolean	false	OK	OK
gap.lt.num.ol	gap	|[1]->first() < 7	Boolean	[1]	SELECT 1 < 7 AS value	Boolean	true	OK	OK
gap.lt.num.lo	gap	|7 < [1]->first()	Boolean	[1]	SELECT 7 < 1 AS value	Boolean	false	OK	OK
gap.lt.str.oo	gap	|['a']->first() < ['a']->first()	Boolean	[1]	SELECT 'a' < 'a' AS value	Boolean	false	OK	OK
gap.lt.str.ol	gap	|['a']->first() < 'b'	Boolean	[1]	SELECT 'a' < 'b' AS value	Boolean	true	OK	OK
gap.lt.str.lo	gap	|'b' < ['a']->first()	Boolean	[1]	SELECT 'b' < 'a' AS value	Boolean	false	OK	OK
gap.lt.dat.oo	gap	|[%2024-01-01]->first() < [%2024-01-01]->first()	Boolean	[1]	SELECT DATE '2024-01-01' < DATE '2024-01-01' AS value	Boolean	false	OK	OK
gap.lt.dat.ol	gap	|[%2024-01-01]->first() < %2024-02-01	Boolean	[1]	SELECT DATE '2024-01-01' < DATE '2024-02-01' AS value	Boolean	true	OK	OK
gap.lt.dat.lo	gap	|%2024-02-01 < [%2024-01-01]->first()	Boolean	[1]	SELECT DATE '2024-02-01' < DATE '2024-01-01' AS value	Boolean	false	OK	OK
gap.lt.boo.oo	gap	|[true]->first() < [true]->first()	Boolean	[1]	SELECT TRUE < TRUE AS value	Boolean	false	OK	OK
gap.lt.boo.ol	gap	|[true]->first() < false	Boolean	[1]	SELECT TRUE < FALSE AS value	Boolean	false	OK	OK
gap.lt.boo.lo	gap	|false < [true]->first()	Boolean	[1]	SELECT FALSE < TRUE AS value	Boolean	true	OK	OK
gap.gt.num.oo	gap	|[1]->first() > [1]->first()	Boolean	[1]	SELECT 1 > 1 AS value	Boolean	false	OK	OK
gap.gt.num.ol	gap	|[1]->first() > 7	Boolean	[1]	SELECT 1 > 7 AS value	Boolean	false	OK	OK
gap.gt.num.lo	gap	|7 > [1]->first()	Boolean	[1]	SELECT 7 > 1 AS value	Boolean	true	OK	OK
gap.gt.str.oo	gap	|['a']->first() > ['a']->first()	Boolean	[1]	SELECT 'a' > 'a' AS value	Boolean	false	OK	OK
gap.gt.str.ol	gap	|['a']->first() > 'b'	Boolean	[1]	SELECT 'a' > 'b' AS value	Boolean	false	OK	OK
gap.gt.str.lo	gap	|'b' > ['a']->first()	Boolean	[1]	SELECT 'b' > 'a' AS value	Boolean	true	OK	OK
gap.gt.dat.oo	gap	|[%2024-01-01]->first() > [%2024-01-01]->first()	Boolean	[1]	SELECT DATE '2024-01-01' > DATE '2024-01-01' AS value	Boolean	false	OK	OK
gap.gt.dat.ol	gap	|[%2024-01-01]->first() > %2024-02-01	Boolean	[1]	SELECT DATE '2024-01-01' > DATE '2024-02-01' AS value	Boolean	false	OK	OK
gap.gt.dat.lo	gap	|%2024-02-01 > [%2024-01-01]->first()	Boolean	[1]	SELECT DATE '2024-02-01' > DATE '2024-01-01' AS value	Boolean	true	OK	OK
gap.gt.boo.oo	gap	|[true]->first() > [true]->first()	Boolean	[1]	SELECT TRUE > TRUE AS value	Boolean	false	OK	OK
gap.gt.boo.ol	gap	|[true]->first() > false	Boolean	[1]	SELECT TRUE > FALSE AS value	Boolean	true	OK	OK
gap.gt.boo.lo	gap	|false > [true]->first()	Boolean	[1]	SELECT FALSE > TRUE AS value	Boolean	false	OK	OK
gap.le.num.oo	gap	|[1]->first() <= [1]->first()	Boolean	[1]	SELECT 1 <= 1 AS value	Boolean	true	OK	OK
gap.le.num.ol	gap	|[1]->first() <= 7	Boolean	[1]	SELECT 1 <= 7 AS value	Boolean	true	OK	OK
gap.le.num.lo	gap	|7 <= [1]->first()	Boolean	[1]	SELECT 7 <= 1 AS value	Boolean	false	OK	OK
gap.le.str.oo	gap	|['a']->first() <= ['a']->first()	Boolean	[1]	SELECT 'a' <= 'a' AS value	Boolean	true	OK	OK
gap.le.str.ol	gap	|['a']->first() <= 'b'	Boolean	[1]	SELECT 'a' <= 'b' AS value	Boolean	true	OK	OK
gap.le.str.lo	gap	|'b' <= ['a']->first()	Boolean	[1]	SELECT 'b' <= 'a' AS value	Boolean	false	OK	OK
gap.le.dat.oo	gap	|[%2024-01-01]->first() <= [%2024-01-01]->first()	Boolean	[1]	SELECT DATE '2024-01-01' <= DATE '2024-01-01' AS value	Boolean	true	OK	OK
gap.le.dat.ol	gap	|[%2024-01-01]->first() <= %2024-02-01	Boolean	[1]	SELECT DATE '2024-01-01' <= DATE '2024-02-01' AS value	Boolean	true	OK	OK
gap.le.dat.lo	gap	|%2024-02-01 <= [%2024-01-01]->first()	Boolean	[1]	SELECT DATE '2024-02-01' <= DATE '2024-01-01' AS value	Boolean	false	OK	OK
gap.le.boo.oo	gap	|[true]->first() <= [true]->first()	Boolean	[1]	SELECT TRUE <= TRUE AS value	Boolean	true	OK	OK
gap.le.boo.ol	gap	|[true]->first() <= false	Boolean	[1]	SELECT TRUE <= FALSE AS value	Boolean	false	OK	OK
gap.le.boo.lo	gap	|false <= [true]->first()	Boolean	[1]	SELECT FALSE <= TRUE AS value	Boolean	true	OK	OK
gap.ge.num.oo	gap	|[1]->first() >= [1]->first()	Boolean	[1]	SELECT 1 >= 1 AS value	Boolean	true	OK	OK
gap.ge.num.ol	gap	|[1]->first() >= 7	Boolean	[1]	SELECT 1 >= 7 AS value	Boolean	false	OK	OK
gap.ge.num.lo	gap	|7 >= [1]->first()	Boolean	[1]	SELECT 7 >= 1 AS value	Boolean	true	OK	OK
gap.ge.str.oo	gap	|['a']->first() >= ['a']->first()	Boolean	[1]	SELECT 'a' >= 'a' AS value	Boolean	true	OK	OK
gap.ge.str.ol	gap	|['a']->first() >= 'b'	Boolean	[1]	SELECT 'a' >= 'b' AS value	Boolean	false	OK	OK
gap.ge.str.lo	gap	|'b' >= ['a']->first()	Boolean	[1]	SELECT 'b' >= 'a' AS value	Boolean	true	OK	OK
gap.ge.dat.oo	gap	|[%2024-01-01]->first() >= [%2024-01-01]->first()	Boolean	[1]	SELECT DATE '2024-01-01' >= DATE '2024-01-01' AS value	Boolean	true	OK	OK
gap.ge.dat.ol	gap	|[%2024-01-01]->first() >= %2024-02-01	Boolean	[1]	SELECT DATE '2024-01-01' >= DATE '2024-02-01' AS value	Boolean	false	OK	OK
gap.ge.dat.lo	gap	|%2024-02-01 >= [%2024-01-01]->first()	Boolean	[1]	SELECT DATE '2024-02-01' >= DATE '2024-01-01' AS value	Boolean	true	OK	OK
gap.ge.boo.oo	gap	|[true]->first() >= [true]->first()	Boolean	[1]	SELECT TRUE >= TRUE AS value	Boolean	true	OK	OK
gap.ge.boo.ol	gap	|[true]->first() >= false	Boolean	[1]	SELECT TRUE >= FALSE AS value	Boolean	true	OK	OK
gap.ge.boo.lo	gap	|false >= [true]->first()	Boolean	[1]	SELECT FALSE >= TRUE AS value	Boolean	false	OK	OK
gap.lite.lt	gap	|meta::legend::lite::lessThan([1]->first(), [2]->first())	Boolean	[1]	SELECT 1 < 2 AS value	Boolean	true	OK	OK
gap.lite.gt	gap	|meta::legend::lite::greaterThan([1]->first(), [2]->first())	Boolean	[1]	SELECT 1 > 2 AS value	Boolean	false	OK	OK
gap.lite.le	gap	|meta::legend::lite::lessThanEqual([1]->first(), [2]->first())	Boolean	[1]	SELECT 1 <= 2 AS value	Boolean	true	OK	OK
gap.lite.ge	gap	|meta::legend::lite::greaterThanEqual([1]->first(), [2]->first())	Boolean	[1]	SELECT 1 >= 2 AS value	Boolean	false	OK	OK
gap.max.ff	gap	|max(1.5,2.5)	Float	[1]	SELECT greatest(CAST(1.5 AS DOUBLE), CAST(2.5 AS DOUBLE)) AS value	Double	2.5	OK	OK
gap.min.ff	gap	|min(1.5,2.5)	Float	[1]	SELECT least(CAST(1.5 AS DOUBLE), CAST(2.5 AS DOUBLE)) AS value	Double	1.5	OK	OK
gap.max.ii	gap	|max(1,2)	Integer	[1]	SELECT greatest(1, 2) AS value	Integer	2	OK	OK
gap.min.ii	gap	|min(1,2)	Integer	[1]	SELECT least(1, 2) AS value	Integer	1	OK	OK
gap.max.nn	gap	|max(1,2.5)	Number	[1]	SELECT CAST(list_extract([CAST(1 AS VARCHAR), CASE WHEN regexp_full_match(CAST(CAST(2.5 AS DOUBLE) AS VARCHAR), '-?0+(\.0+)?') THEN '0.0' WHEN strpos(CAST(CAST(2.5 AS DOUBLE) AS VARCHAR), 'e') > 0 THEN concat(CASE WHEN starts_with(CAST(CAST(2.5 AS DOUBLE) AS VARCHAR), '-') THEN '-' ELSE '' END, CASE WHEN CASE WHEN strpos(regexp_extract(CAST(CAST(2.5 AS DOUBLE) AS VARCHAR), '-?([0-9]+(?:\.[0-9]+)?)e', 1), '.') = 0 THEN length(CAST(regexp_extract(CAST(CAST(2.5 AS DOUBLE) AS VARCHAR), '-?([0-9]+(?:\.[0-9]+)?)e', 1) AS VARCHAR)) ELSE strpos(regexp_extract(CAST(CAST(2.5 AS DOUBLE) AS VARCHAR), '-?([0-9]+(?:\.[0-9]+)?)e', 1), '.') - 1 END + CAST(regexp_extract(CAST(CAST(2.5 AS DOUBLE) AS VARCHAR), 'e([+-]?[0-9]+)$', 1) AS INTEGER) <= 0 THEN concat('0.', rpad('', CAST(greatest(0 - (CASE WHEN strpos(regexp_extract(CAST(CAST(2.5 AS DOUBLE) AS VARCHAR), '-?([0-9]+(?:\.[0-9]+)?)e', 1), '.') = 0 THEN length(CAST(regexp_extract(CAST(CAST(2.5 AS DOUBLE) AS VARCHAR), '-?([0-9]+(?:\.[0-9]+)?)e', 1) AS VARCHAR)) ELSE strpos(regexp_extract(CAST(CAST(2.5 AS DOUBLE) AS VARCHAR), '-?([0-9]+(?:\.[0-9]+)?)e', 1), '.') - 1 END + CAST(regexp_extract(CAST(CAST(2.5 AS DOUBLE) AS VARCHAR), 'e([+-]?[0-9]+)$', 1) AS INTEGER)), 0) AS INTEGER), '0'), replace(regexp_extract(CAST(CAST(2.5 AS DOUBLE) AS VARCHAR), '-?([0-9]+(?:\.[0-9]+)?)e', 1), '.', '')) WHEN CASE WHEN strpos(regexp_extract(CAST(CAST(2.5 AS DOUBLE) AS VARCHAR), '-?([0-9]+(?:\.[0-9]+)?)e', 1), '.') = 0 THEN length(CAST(regexp_extract(CAST(CAST(2.5 AS DOUBLE) AS VARCHAR), '-?([0-9]+(?:\.[0-9]+)?)e', 1) AS VARCHAR)) ELSE strpos(regexp_extract(CAST(CAST(2.5 AS DOUBLE) AS VARCHAR), '-?([0-9]+(?:\.[0-9]+)?)e', 1), '.') - 1 END + CAST(regexp_extract(CAST(CAST(2.5 AS DOUBLE) AS VARCHAR), 'e([+-]?[0-9]+)$', 1) AS INTEGER) >= length(CAST(replace(regexp_extract(CAST(CAST(2.5 AS DOUBLE) AS VARCHAR), '-?([0-9]+(?:\.[0-9]+)?)e', 1), '.', '') AS VARCHAR)) THEN concat(replace(regexp_extract(CAST(CAST(2.5 AS DOUBLE) AS VARCHAR), '-?([0-9]+(?:\.[0-9]+)?)e', 1), '.', ''), rpad('', CAST(greatest(CASE WHEN strpos(regexp_extract(CAST(CAST(2.5 AS DOUBLE) AS VARCHAR), '-?([0-9]+(?:\.[0-9]+)?)e', 1), '.') = 0 THEN length(CAST(regexp_extract(CAST(CAST(2.5 AS DOUBLE) AS VARCHAR), '-?([0-9]+(?:\.[0-9]+)?)e', 1) AS VARCHAR)) ELSE strpos(regexp_extract(CAST(CAST(2.5 AS DOUBLE) AS VARCHAR), '-?([0-9]+(?:\.[0-9]+)?)e', 1), '.') - 1 END + CAST(regexp_extract(CAST(CAST(2.5 AS DOUBLE) AS VARCHAR), 'e([+-]?[0-9]+)$', 1) AS INTEGER) - length(CAST(replace(regexp_extract(CAST(CAST(2.5 AS DOUBLE) AS VARCHAR), '-?([0-9]+(?:\.[0-9]+)?)e', 1), '.', '') AS VARCHAR)), 0) AS INTEGER), '0'), '.0') ELSE concat(substr(replace(regexp_extract(CAST(CAST(2.5 AS DOUBLE) AS VARCHAR), '-?([0-9]+(?:\.[0-9]+)?)e', 1), '.', ''), 1, CASE WHEN strpos(regexp_extract(CAST(CAST(2.5 AS DOUBLE) AS VARCHAR), '-?([0-9]+(?:\.[0-9]+)?)e', 1), '.') = 0 THEN length(CAST(regexp_extract(CAST(CAST(2.5 AS DOUBLE) AS VARCHAR), '-?([0-9]+(?:\.[0-9]+)?)e', 1) AS VARCHAR)) ELSE strpos(regexp_extract(CAST(CAST(2.5 AS DOUBLE) AS VARCHAR), '-?([0-9]+(?:\.[0-9]+)?)e', 1), '.') - 1 END + CAST(regexp_extract(CAST(CAST(2.5 AS DOUBLE) AS VARCHAR), 'e([+-]?[0-9]+)$', 1) AS INTEGER)), '.', substr(replace(regexp_extract(CAST(CAST(2.5 AS DOUBLE) AS VARCHAR), '-?([0-9]+(?:\.[0-9]+)?)e', 1), '.', ''), greatest(CASE WHEN strpos(regexp_extract(CAST(CAST(2.5 AS DOUBLE) AS VARCHAR), '-?([0-9]+(?:\.[0-9]+)?)e', 1), '.') = 0 THEN length(CAST(regexp_extract(CAST(CAST(2.5 AS DOUBLE) AS VARCHAR), '-?([0-9]+(?:\.[0-9]+)?)e', 1) AS VARCHAR)) ELSE strpos(regexp_extract(CAST(CAST(2.5 AS DOUBLE) AS VARCHAR), '-?([0-9]+(?:\.[0-9]+)?)e', 1), '.') - 1 END + CAST(regexp_extract(CAST(CAST(2.5 AS DOUBLE) AS VARCHAR), 'e([+-]?[0-9]+)$', 1) AS INTEGER) + 1, 1))) END) WHEN NOT strpos(CAST(CAST(2.5 AS DOUBLE) AS VARCHAR), '.') > 0 THEN concat(CAST(CAST(2.5 AS DOUBLE) AS VARCHAR), '.0') ELSE CAST(CAST(2.5 AS DOUBLE) AS VARCHAR) END], list_position([CAST(1 AS DOUBLE), CAST(2.5 AS DOUBLE)], list_max([CAST(1 AS DOUBLE), CAST(2.5 AS DOUBLE)]))) AS VARCHAR) AS value	Double	2.5	OK	OK
gap.min.nn	gap	|min(1,2.5)	Number	[1]	SELECT CAST(list_extract([CAST(1 AS VARCHAR), CASE WHEN regexp_full_match(CAST(CAST(2.5 AS DOUBLE) AS VARCHAR), '-?0+(\.0+)?') THEN '0.0' WHEN strpos(CAST(CAST(2.5 AS DOUBLE) AS VARCHAR), 'e') > 0 THEN concat(CASE WHEN starts_with(CAST(CAST(2.5 AS DOUBLE) AS VARCHAR), '-') THEN '-' ELSE '' END, CASE WHEN CASE WHEN strpos(regexp_extract(CAST(CAST(2.5 AS DOUBLE) AS VARCHAR), '-?([0-9]+(?:\.[0-9]+)?)e', 1), '.') = 0 THEN length(CAST(regexp_extract(CAST(CAST(2.5 AS DOUBLE) AS VARCHAR), '-?([0-9]+(?:\.[0-9]+)?)e', 1) AS VARCHAR)) ELSE strpos(regexp_extract(CAST(CAST(2.5 AS DOUBLE) AS VARCHAR), '-?([0-9]+(?:\.[0-9]+)?)e', 1), '.') - 1 END + CAST(regexp_extract(CAST(CAST(2.5 AS DOUBLE) AS VARCHAR), 'e([+-]?[0-9]+)$', 1) AS INTEGER) <= 0 THEN concat('0.', rpad('', CAST(greatest(0 - (CASE WHEN strpos(regexp_extract(CAST(CAST(2.5 AS DOUBLE) AS VARCHAR), '-?([0-9]+(?:\.[0-9]+)?)e', 1), '.') = 0 THEN length(CAST(regexp_extract(CAST(CAST(2.5 AS DOUBLE) AS VARCHAR), '-?([0-9]+(?:\.[0-9]+)?)e', 1) AS VARCHAR)) ELSE strpos(regexp_extract(CAST(CAST(2.5 AS DOUBLE) AS VARCHAR), '-?([0-9]+(?:\.[0-9]+)?)e', 1), '.') - 1 END + CAST(regexp_extract(CAST(CAST(2.5 AS DOUBLE) AS VARCHAR), 'e([+-]?[0-9]+)$', 1) AS INTEGER)), 0) AS INTEGER), '0'), replace(regexp_extract(CAST(CAST(2.5 AS DOUBLE) AS VARCHAR), '-?([0-9]+(?:\.[0-9]+)?)e', 1), '.', '')) WHEN CASE WHEN strpos(regexp_extract(CAST(CAST(2.5 AS DOUBLE) AS VARCHAR), '-?([0-9]+(?:\.[0-9]+)?)e', 1), '.') = 0 THEN length(CAST(regexp_extract(CAST(CAST(2.5 AS DOUBLE) AS VARCHAR), '-?([0-9]+(?:\.[0-9]+)?)e', 1) AS VARCHAR)) ELSE strpos(regexp_extract(CAST(CAST(2.5 AS DOUBLE) AS VARCHAR), '-?([0-9]+(?:\.[0-9]+)?)e', 1), '.') - 1 END + CAST(regexp_extract(CAST(CAST(2.5 AS DOUBLE) AS VARCHAR), 'e([+-]?[0-9]+)$', 1) AS INTEGER) >= length(CAST(replace(regexp_extract(CAST(CAST(2.5 AS DOUBLE) AS VARCHAR), '-?([0-9]+(?:\.[0-9]+)?)e', 1), '.', '') AS VARCHAR)) THEN concat(replace(regexp_extract(CAST(CAST(2.5 AS DOUBLE) AS VARCHAR), '-?([0-9]+(?:\.[0-9]+)?)e', 1), '.', ''), rpad('', CAST(greatest(CASE WHEN strpos(regexp_extract(CAST(CAST(2.5 AS DOUBLE) AS VARCHAR), '-?([0-9]+(?:\.[0-9]+)?)e', 1), '.') = 0 THEN length(CAST(regexp_extract(CAST(CAST(2.5 AS DOUBLE) AS VARCHAR), '-?([0-9]+(?:\.[0-9]+)?)e', 1) AS VARCHAR)) ELSE strpos(regexp_extract(CAST(CAST(2.5 AS DOUBLE) AS VARCHAR), '-?([0-9]+(?:\.[0-9]+)?)e', 1), '.') - 1 END + CAST(regexp_extract(CAST(CAST(2.5 AS DOUBLE) AS VARCHAR), 'e([+-]?[0-9]+)$', 1) AS INTEGER) - length(CAST(replace(regexp_extract(CAST(CAST(2.5 AS DOUBLE) AS VARCHAR), '-?([0-9]+(?:\.[0-9]+)?)e', 1), '.', '') AS VARCHAR)), 0) AS INTEGER), '0'), '.0') ELSE concat(substr(replace(regexp_extract(CAST(CAST(2.5 AS DOUBLE) AS VARCHAR), '-?([0-9]+(?:\.[0-9]+)?)e', 1), '.', ''), 1, CASE WHEN strpos(regexp_extract(CAST(CAST(2.5 AS DOUBLE) AS VARCHAR), '-?([0-9]+(?:\.[0-9]+)?)e', 1), '.') = 0 THEN length(CAST(regexp_extract(CAST(CAST(2.5 AS DOUBLE) AS VARCHAR), '-?([0-9]+(?:\.[0-9]+)?)e', 1) AS VARCHAR)) ELSE strpos(regexp_extract(CAST(CAST(2.5 AS DOUBLE) AS VARCHAR), '-?([0-9]+(?:\.[0-9]+)?)e', 1), '.') - 1 END + CAST(regexp_extract(CAST(CAST(2.5 AS DOUBLE) AS VARCHAR), 'e([+-]?[0-9]+)$', 1) AS INTEGER)), '.', substr(replace(regexp_extract(CAST(CAST(2.5 AS DOUBLE) AS VARCHAR), '-?([0-9]+(?:\.[0-9]+)?)e', 1), '.', ''), greatest(CASE WHEN strpos(regexp_extract(CAST(CAST(2.5 AS DOUBLE) AS VARCHAR), '-?([0-9]+(?:\.[0-9]+)?)e', 1), '.') = 0 THEN length(CAST(regexp_extract(CAST(CAST(2.5 AS DOUBLE) AS VARCHAR), '-?([0-9]+(?:\.[0-9]+)?)e', 1) AS VARCHAR)) ELSE strpos(regexp_extract(CAST(CAST(2.5 AS DOUBLE) AS VARCHAR), '-?([0-9]+(?:\.[0-9]+)?)e', 1), '.') - 1 END + CAST(regexp_extract(CAST(CAST(2.5 AS DOUBLE) AS VARCHAR), 'e([+-]?[0-9]+)$', 1) AS INTEGER) + 1, 1))) END) WHEN NOT strpos(CAST(CAST(2.5 AS DOUBLE) AS VARCHAR), '.') > 0 THEN concat(CAST(CAST(2.5 AS DOUBLE) AS VARCHAR), '.0') ELSE CAST(CAST(2.5 AS DOUBLE) AS VARCHAR) END], list_position([CAST(1 AS DOUBLE), CAST(2.5 AS DOUBLE)], list_min([CAST(1 AS DOUBLE), CAST(2.5 AS DOUBLE)]))) AS VARCHAR) AS value	Long	1	OK	OK
gap.max.li	gap	|max([1,2])	Integer	[0..1]	SELECT list_max([1, 2]) AS value	Integer	2	OK	OK
gap.min.li	gap	|min([1,2])	Integer	[0..1]	SELECT list_min([1, 2]) AS value	Integer	1	OK	OK
gap.max.lf	gap	|max([1.5,2.5])	Float	[0..1]	SELECT list_max([CAST(1.5 AS DOUBLE), CAST(2.5 AS DOUBLE)]) AS value	Double	2.5	OK	OK
gap.min.lf	gap	|min([1.5,2.5])	Float	[0..1]	SELECT list_min([CAST(1.5 AS DOUBLE), CAST(2.5 AS DOUBLE)]) AS value	Double	1.5	OK	OK
gap.max.ln	gap	|max([1,2.5])	Number	[0..1]	SELECT CAST(list_extract([CAST(1 AS VARCHAR), CASE WHEN regexp_full_match(CAST(CAST(2.5 AS DOUBLE) AS VARCHAR), '-?0+(\.0+)?') THEN '0.0' WHEN strpos(CAST(CAST(2.5 AS DOUBLE) AS VARCHAR), 'e') > 0 THEN concat(CASE WHEN starts_with(CAST(CAST(2.5 AS DOUBLE) AS VARCHAR), '-') THEN '-' ELSE '' END, CASE WHEN CASE WHEN strpos(regexp_extract(CAST(CAST(2.5 AS DOUBLE) AS VARCHAR), '-?([0-9]+(?:\.[0-9]+)?)e', 1), '.') = 0 THEN length(CAST(regexp_extract(CAST(CAST(2.5 AS DOUBLE) AS VARCHAR), '-?([0-9]+(?:\.[0-9]+)?)e', 1) AS VARCHAR)) ELSE strpos(regexp_extract(CAST(CAST(2.5 AS DOUBLE) AS VARCHAR), '-?([0-9]+(?:\.[0-9]+)?)e', 1), '.') - 1 END + CAST(regexp_extract(CAST(CAST(2.5 AS DOUBLE) AS VARCHAR), 'e([+-]?[0-9]+)$', 1) AS INTEGER) <= 0 THEN concat('0.', rpad('', CAST(greatest(0 - (CASE WHEN strpos(regexp_extract(CAST(CAST(2.5 AS DOUBLE) AS VARCHAR), '-?([0-9]+(?:\.[0-9]+)?)e', 1), '.') = 0 THEN length(CAST(regexp_extract(CAST(CAST(2.5 AS DOUBLE) AS VARCHAR), '-?([0-9]+(?:\.[0-9]+)?)e', 1) AS VARCHAR)) ELSE strpos(regexp_extract(CAST(CAST(2.5 AS DOUBLE) AS VARCHAR), '-?([0-9]+(?:\.[0-9]+)?)e', 1), '.') - 1 END + CAST(regexp_extract(CAST(CAST(2.5 AS DOUBLE) AS VARCHAR), 'e([+-]?[0-9]+)$', 1) AS INTEGER)), 0) AS INTEGER), '0'), replace(regexp_extract(CAST(CAST(2.5 AS DOUBLE) AS VARCHAR), '-?([0-9]+(?:\.[0-9]+)?)e', 1), '.', '')) WHEN CASE WHEN strpos(regexp_extract(CAST(CAST(2.5 AS DOUBLE) AS VARCHAR), '-?([0-9]+(?:\.[0-9]+)?)e', 1), '.') = 0 THEN length(CAST(regexp_extract(CAST(CAST(2.5 AS DOUBLE) AS VARCHAR), '-?([0-9]+(?:\.[0-9]+)?)e', 1) AS VARCHAR)) ELSE strpos(regexp_extract(CAST(CAST(2.5 AS DOUBLE) AS VARCHAR), '-?([0-9]+(?:\.[0-9]+)?)e', 1), '.') - 1 END + CAST(regexp_extract(CAST(CAST(2.5 AS DOUBLE) AS VARCHAR), 'e([+-]?[0-9]+)$', 1) AS INTEGER) >= length(CAST(replace(regexp_extract(CAST(CAST(2.5 AS DOUBLE) AS VARCHAR), '-?([0-9]+(?:\.[0-9]+)?)e', 1), '.', '') AS VARCHAR)) THEN concat(replace(regexp_extract(CAST(CAST(2.5 AS DOUBLE) AS VARCHAR), '-?([0-9]+(?:\.[0-9]+)?)e', 1), '.', ''), rpad('', CAST(greatest(CASE WHEN strpos(regexp_extract(CAST(CAST(2.5 AS DOUBLE) AS VARCHAR), '-?([0-9]+(?:\.[0-9]+)?)e', 1), '.') = 0 THEN length(CAST(regexp_extract(CAST(CAST(2.5 AS DOUBLE) AS VARCHAR), '-?([0-9]+(?:\.[0-9]+)?)e', 1) AS VARCHAR)) ELSE strpos(regexp_extract(CAST(CAST(2.5 AS DOUBLE) AS VARCHAR), '-?([0-9]+(?:\.[0-9]+)?)e', 1), '.') - 1 END + CAST(regexp_extract(CAST(CAST(2.5 AS DOUBLE) AS VARCHAR), 'e([+-]?[0-9]+)$', 1) AS INTEGER) - length(CAST(replace(regexp_extract(CAST(CAST(2.5 AS DOUBLE) AS VARCHAR), '-?([0-9]+(?:\.[0-9]+)?)e', 1), '.', '') AS VARCHAR)), 0) AS INTEGER), '0'), '.0') ELSE concat(substr(replace(regexp_extract(CAST(CAST(2.5 AS DOUBLE) AS VARCHAR), '-?([0-9]+(?:\.[0-9]+)?)e', 1), '.', ''), 1, CASE WHEN strpos(regexp_extract(CAST(CAST(2.5 AS DOUBLE) AS VARCHAR), '-?([0-9]+(?:\.[0-9]+)?)e', 1), '.') = 0 THEN length(CAST(regexp_extract(CAST(CAST(2.5 AS DOUBLE) AS VARCHAR), '-?([0-9]+(?:\.[0-9]+)?)e', 1) AS VARCHAR)) ELSE strpos(regexp_extract(CAST(CAST(2.5 AS DOUBLE) AS VARCHAR), '-?([0-9]+(?:\.[0-9]+)?)e', 1), '.') - 1 END + CAST(regexp_extract(CAST(CAST(2.5 AS DOUBLE) AS VARCHAR), 'e([+-]?[0-9]+)$', 1) AS INTEGER)), '.', substr(replace(regexp_extract(CAST(CAST(2.5 AS DOUBLE) AS VARCHAR), '-?([0-9]+(?:\.[0-9]+)?)e', 1), '.', ''), greatest(CASE WHEN strpos(regexp_extract(CAST(CAST(2.5 AS DOUBLE) AS VARCHAR), '-?([0-9]+(?:\.[0-9]+)?)e', 1), '.') = 0 THEN length(CAST(regexp_extract(CAST(CAST(2.5 AS DOUBLE) AS VARCHAR), '-?([0-9]+(?:\.[0-9]+)?)e', 1) AS VARCHAR)) ELSE strpos(regexp_extract(CAST(CAST(2.5 AS DOUBLE) AS VARCHAR), '-?([0-9]+(?:\.[0-9]+)?)e', 1), '.') - 1 END + CAST(regexp_extract(CAST(CAST(2.5 AS DOUBLE) AS VARCHAR), 'e([+-]?[0-9]+)$', 1) AS INTEGER) + 1, 1))) END) WHEN NOT strpos(CAST(CAST(2.5 AS DOUBLE) AS VARCHAR), '.') > 0 THEN concat(CAST(CAST(2.5 AS DOUBLE) AS VARCHAR), '.0') ELSE CAST(CAST(2.5 AS DOUBLE) AS VARCHAR) END], list_position([CAST(1 AS DOUBLE), CAST(2.5 AS DOUBLE)], list_max([CAST(1 AS DOUBLE), CAST(2.5 AS DOUBLE)]))) AS VARCHAR) AS value	Double	2.5	OK	OK
gap.min.ln	gap	|min([1,2.5])	Number	[0..1]	SELECT CAST(list_extract([CAST(1 AS VARCHAR), CASE WHEN regexp_full_match(CAST(CAST(2.5 AS DOUBLE) AS VARCHAR), '-?0+(\.0+)?') THEN '0.0' WHEN strpos(CAST(CAST(2.5 AS DOUBLE) AS VARCHAR), 'e') > 0 THEN concat(CASE WHEN starts_with(CAST(CAST(2.5 AS DOUBLE) AS VARCHAR), '-') THEN '-' ELSE '' END, CASE WHEN CASE WHEN strpos(regexp_extract(CAST(CAST(2.5 AS DOUBLE) AS VARCHAR), '-?([0-9]+(?:\.[0-9]+)?)e', 1), '.') = 0 THEN length(CAST(regexp_extract(CAST(CAST(2.5 AS DOUBLE) AS VARCHAR), '-?([0-9]+(?:\.[0-9]+)?)e', 1) AS VARCHAR)) ELSE strpos(regexp_extract(CAST(CAST(2.5 AS DOUBLE) AS VARCHAR), '-?([0-9]+(?:\.[0-9]+)?)e', 1), '.') - 1 END + CAST(regexp_extract(CAST(CAST(2.5 AS DOUBLE) AS VARCHAR), 'e([+-]?[0-9]+)$', 1) AS INTEGER) <= 0 THEN concat('0.', rpad('', CAST(greatest(0 - (CASE WHEN strpos(regexp_extract(CAST(CAST(2.5 AS DOUBLE) AS VARCHAR), '-?([0-9]+(?:\.[0-9]+)?)e', 1), '.') = 0 THEN length(CAST(regexp_extract(CAST(CAST(2.5 AS DOUBLE) AS VARCHAR), '-?([0-9]+(?:\.[0-9]+)?)e', 1) AS VARCHAR)) ELSE strpos(regexp_extract(CAST(CAST(2.5 AS DOUBLE) AS VARCHAR), '-?([0-9]+(?:\.[0-9]+)?)e', 1), '.') - 1 END + CAST(regexp_extract(CAST(CAST(2.5 AS DOUBLE) AS VARCHAR), 'e([+-]?[0-9]+)$', 1) AS INTEGER)), 0) AS INTEGER), '0'), replace(regexp_extract(CAST(CAST(2.5 AS DOUBLE) AS VARCHAR), '-?([0-9]+(?:\.[0-9]+)?)e', 1), '.', '')) WHEN CASE WHEN strpos(regexp_extract(CAST(CAST(2.5 AS DOUBLE) AS VARCHAR), '-?([0-9]+(?:\.[0-9]+)?)e', 1), '.') = 0 THEN length(CAST(regexp_extract(CAST(CAST(2.5 AS DOUBLE) AS VARCHAR), '-?([0-9]+(?:\.[0-9]+)?)e', 1) AS VARCHAR)) ELSE strpos(regexp_extract(CAST(CAST(2.5 AS DOUBLE) AS VARCHAR), '-?([0-9]+(?:\.[0-9]+)?)e', 1), '.') - 1 END + CAST(regexp_extract(CAST(CAST(2.5 AS DOUBLE) AS VARCHAR), 'e([+-]?[0-9]+)$', 1) AS INTEGER) >= length(CAST(replace(regexp_extract(CAST(CAST(2.5 AS DOUBLE) AS VARCHAR), '-?([0-9]+(?:\.[0-9]+)?)e', 1), '.', '') AS VARCHAR)) THEN concat(replace(regexp_extract(CAST(CAST(2.5 AS DOUBLE) AS VARCHAR), '-?([0-9]+(?:\.[0-9]+)?)e', 1), '.', ''), rpad('', CAST(greatest(CASE WHEN strpos(regexp_extract(CAST(CAST(2.5 AS DOUBLE) AS VARCHAR), '-?([0-9]+(?:\.[0-9]+)?)e', 1), '.') = 0 THEN length(CAST(regexp_extract(CAST(CAST(2.5 AS DOUBLE) AS VARCHAR), '-?([0-9]+(?:\.[0-9]+)?)e', 1) AS VARCHAR)) ELSE strpos(regexp_extract(CAST(CAST(2.5 AS DOUBLE) AS VARCHAR), '-?([0-9]+(?:\.[0-9]+)?)e', 1), '.') - 1 END + CAST(regexp_extract(CAST(CAST(2.5 AS DOUBLE) AS VARCHAR), 'e([+-]?[0-9]+)$', 1) AS INTEGER) - length(CAST(replace(regexp_extract(CAST(CAST(2.5 AS DOUBLE) AS VARCHAR), '-?([0-9]+(?:\.[0-9]+)?)e', 1), '.', '') AS VARCHAR)), 0) AS INTEGER), '0'), '.0') ELSE concat(substr(replace(regexp_extract(CAST(CAST(2.5 AS DOUBLE) AS VARCHAR), '-?([0-9]+(?:\.[0-9]+)?)e', 1), '.', ''), 1, CASE WHEN strpos(regexp_extract(CAST(CAST(2.5 AS DOUBLE) AS VARCHAR), '-?([0-9]+(?:\.[0-9]+)?)e', 1), '.') = 0 THEN length(CAST(regexp_extract(CAST(CAST(2.5 AS DOUBLE) AS VARCHAR), '-?([0-9]+(?:\.[0-9]+)?)e', 1) AS VARCHAR)) ELSE strpos(regexp_extract(CAST(CAST(2.5 AS DOUBLE) AS VARCHAR), '-?([0-9]+(?:\.[0-9]+)?)e', 1), '.') - 1 END + CAST(regexp_extract(CAST(CAST(2.5 AS DOUBLE) AS VARCHAR), 'e([+-]?[0-9]+)$', 1) AS INTEGER)), '.', substr(replace(regexp_extract(CAST(CAST(2.5 AS DOUBLE) AS VARCHAR), '-?([0-9]+(?:\.[0-9]+)?)e', 1), '.', ''), greatest(CASE WHEN strpos(regexp_extract(CAST(CAST(2.5 AS DOUBLE) AS VARCHAR), '-?([0-9]+(?:\.[0-9]+)?)e', 1), '.') = 0 THEN length(CAST(regexp_extract(CAST(CAST(2.5 AS DOUBLE) AS VARCHAR), '-?([0-9]+(?:\.[0-9]+)?)e', 1) AS VARCHAR)) ELSE strpos(regexp_extract(CAST(CAST(2.5 AS DOUBLE) AS VARCHAR), '-?([0-9]+(?:\.[0-9]+)?)e', 1), '.') - 1 END + CAST(regexp_extract(CAST(CAST(2.5 AS DOUBLE) AS VARCHAR), 'e([+-]?[0-9]+)$', 1) AS INTEGER) + 1, 1))) END) WHEN NOT strpos(CAST(CAST(2.5 AS DOUBLE) AS VARCHAR), '.') > 0 THEN concat(CAST(CAST(2.5 AS DOUBLE) AS VARCHAR), '.0') ELSE CAST(CAST(2.5 AS DOUBLE) AS VARCHAR) END], list_position([CAST(1 AS DOUBLE), CAST(2.5 AS DOUBLE)], list_min([CAST(1 AS DOUBLE), CAST(2.5 AS DOUBLE)]))) AS VARCHAR) AS value	Long	1	OK	OK
gap.max.dl	gap	|max([%2024-01-01,%2024-02-01])	StrictDate	[0..1]	SELECT list_max([DATE '2024-01-01', DATE '2024-02-01']) AS value	StrictDate	2024-02-01	OK	OK
gap.min.dl	gap	|min([%2024-01-01,%2024-02-01])	StrictDate	[0..1]	SELECT list_min([DATE '2024-01-01', DATE '2024-02-01']) AS value	StrictDate	2024-01-01	OK	OK
gap.max.dtl	gap	|max([%2024-01-01T00:00:00,%2024-02-01T00:00:00])	DateTime	[0..1]	SELECT list_max([TIMESTAMP '2024-01-01T00:00:00', TIMESTAMP '2024-02-01T00:00:00']) AS value	DateWithSecond	2024-02-01T00:00:00+0000	OK	OK
gap.min.dtl	gap	|min([%2024-01-01T00:00:00,%2024-02-01T00:00:00])	DateTime	[0..1]	SELECT list_min([TIMESTAMP '2024-01-01T00:00:00', TIMESTAMP '2024-02-01T00:00:00']) AS value	DateWithSecond	2024-01-01T00:00:00+0000	OK	OK
gap.max.dt2	gap	|max(%2024-01-01T00:00:00,%2024-02-01T00:00:00)	DateTime	[1]	SELECT greatest(TIMESTAMP '2024-01-01T00:00:00', TIMESTAMP '2024-02-01T00:00:00') AS value	DateWithSecond	2024-02-01T00:00:00+0000	OK	OK
gap.min.dt2	gap	|min(%2024-01-01T00:00:00,%2024-02-01T00:00:00)	DateTime	[1]	SELECT least(TIMESTAMP '2024-01-01T00:00:00', TIMESTAMP '2024-02-01T00:00:00') AS value	DateWithSecond	2024-01-01T00:00:00+0000	OK	OK
gap.max.d2	gap	|max(%2024-01,%2024-02)	Date	[1]	SELECT greatest('2024-01', '2024-02') AS value	YearMonth	2024-02	OK	OK
gap.min.d2	gap	|min(%2024-01,%2024-02)	Date	[1]	SELECT least('2024-01', '2024-02') AS value	YearMonth	2024-01	OK	OK
gap.max.dlist	gap	|max([%2024-01,%2024-02])	Date	[0..1]	SELECT CAST(list_extract([concat('%', '2024-01'), concat('%', '2024-02')], list_position([make_timestamp(CAST(split_part('2024-01', '-', 1) AS BIGINT), CAST(split_part('2024-01', '-', 2) AS BIGINT), 1, 0, 0, CAST(0 AS DOUBLE)), make_timestamp(CAST(split_part('2024-02', '-', 1) AS BIGINT), CAST(split_part('2024-02', '-', 2) AS BIGINT), 1, 0, 0, CAST(0 AS DOUBLE))], list_max([make_timestamp(CAST(split_part('2024-01', '-', 1) AS BIGINT), CAST(split_part('2024-01', '-', 2) AS BIGINT), 1, 0, 0, CAST(0 AS DOUBLE)), make_timestamp(CAST(split_part('2024-02', '-', 1) AS BIGINT), CAST(split_part('2024-02', '-', 2) AS BIGINT), 1, 0, 0, CAST(0 AS DOUBLE))]))) AS VARCHAR) AS value	YearMonth	2024-02	OK	OK
gap.min.dlist	gap	|min([%2024-01,%2024-02])	Date	[0..1]	SELECT CAST(list_extract([concat('%', '2024-01'), concat('%', '2024-02')], list_position([make_timestamp(CAST(split_part('2024-01', '-', 1) AS BIGINT), CAST(split_part('2024-01', '-', 2) AS BIGINT), 1, 0, 0, CAST(0 AS DOUBLE)), make_timestamp(CAST(split_part('2024-02', '-', 1) AS BIGINT), CAST(split_part('2024-02', '-', 2) AS BIGINT), 1, 0, 0, CAST(0 AS DOUBLE))], list_min([make_timestamp(CAST(split_part('2024-01', '-', 1) AS BIGINT), CAST(split_part('2024-01', '-', 2) AS BIGINT), 1, 0, 0, CAST(0 AS DOUBLE)), make_timestamp(CAST(split_part('2024-02', '-', 1) AS BIGINT), CAST(split_part('2024-02', '-', 2) AS BIGINT), 1, 0, 0, CAST(0 AS DOUBLE))]))) AS VARCHAR) AS value	YearMonth	2024-01	OK	OK
gap.co.1o	gap	|[1]->first()->coalesce([2]->first())	Integer	[0..1]	SELECT coalesce(1, 2) AS value	Integer	1	OK	OK
gap.co.2o	gap	|[1]->first()->coalesce([2]->first(),[3]->first())	Integer	[0..1]	SELECT coalesce(1, 2, 3) AS value	Integer	1	OK	OK
gap.co.3o	gap	|[1]->first()->coalesce([2]->first(),[3]->first(),[4]->first())	Integer	[0..1]	SELECT coalesce(1, 2, 3, 4) AS value	Integer	1	OK	OK
gap.co.3r	gap	|[1]->first()->coalesce([2]->first(),[3]->first(),4)	Integer	[1]	SELECT coalesce(1, 2, 3, 4) AS value	Integer	1	OK	OK
gap.co.2r	gap	|[1]->first()->coalesce([2]->first(),4)	Integer	[1]	SELECT coalesce(1, 2, 4) AS value	Integer	1	OK	OK
gap.first.n	gap	|[1,2,3]->first(2)	Integer	[*]	SELECT UNNEST(list_filter([list_extract([1, 2, 3], 1)], x -> x IS NOT NULL)) AS value	Integer	1	OK	OK
gap.last	gap	|[1,2,3]->last()	Integer	[0..1]	SELECT list_extract([1, 2, 3], -1) AS value	Integer	3	OK	OK
gap.concat.rel	gap	#>{t::DB.T_D}#->concatenate(#>{t::DB.T_D}#)->size()	Integer	[1]	SELECT (SELECT COUNT(*) FROM ( SELECT * FROM T_D AS t0 UNION ALL SELECT * FROM T_D AS t1 ) AS t2) AS value	Long	2	OK	OK
gap.sort.cmp	gap	|[3,1,2]->sort({a,b|$a->meta::pure::functions::lang::compare($b)})	Integer	[3]	SELECT UNNEST(list_filter(list_sort([3, 1, 2]), x -> x IS NOT NULL)) AS value	Integer;Integer;Integer	1;2;3	OK	OK
gap.sort.key	gap	|[3,1,2]->sort(x|$x, {a,b|$a->meta::pure::functions::lang::compare($b)})	Integer	[3]	SELECT UNNEST(list_filter(list_transform(list_sort(list_transform(range(1, len([3, 1, 2]) + 1), _st_i -> {'k': list_extract([3, 1, 2], _st_i), 'i': _st_i, 'v': list_extract([3, 1, 2], _st_i)})), _st_e -> struct_extract(_st_e, 'v')), x -> x IS NOT NULL)) AS value	Integer;Integer;Integer	1;2;3	OK	OK
gap.sortrel	gap	#>{t::DB.T_D}#->sort([meta::pure::functions::relation::ascending(~I_V)])->size()	Integer	[1]	SELECT (SELECT COUNT(*) FROM ( SELECT * FROM T_D AS t0 ORDER BY t0.I_V ) AS t1) AS value	Long	1	OK	OK
gap.sortrel2	gap	#>{t::DB.T_D}#->meta::pure::tds::sort("I_V", meta::relational::metamodel::SortDirection.ASC)->size()						G-ERR:ParseException: [1:39] unsupported expression token: QUOTED_STRING ('"I_V"')	G-REJECT
gap.removeDup.eq	gap	|[1,1,2]->removeDuplicates({a,b|$a == $b})	Integer	[*]	SELECT UNNEST(list_filter(list_filter([1, 1, 2], (_ddx, _ddi) -> list_position([1, 1, 2], _ddx) = _ddi), x -> x IS NOT NULL)) AS value	Integer;Integer	1;2	OK	OK
gap.removeDup.3	gap	|[1,1,2]->removeDuplicates(x|$x, {a,b|$a == $b})	Integer	[*]	SELECT UNNEST(list_filter(list_filter([1, 1, 2], (_ddx, _ddi) -> list_position([1, 1, 2], _ddx) = _ddi), x -> x IS NOT NULL)) AS value	Integer;Integer	1;2	OK	OK
gap.maxBy.keys	gap	|[1,2,3]->maxBy([3,2,1])	Integer	[0..1]	SELECT struct_extract(list_extract(list_reverse_sort(list_transform(range(1, len([1, 2, 3]) + 1), _by_i -> {'k': list_extract([3, 2, 1], _by_i), 'i': 0 - _by_i, 'v': list_extract([1, 2, 3], _by_i)})), 1), 'v') AS value	Integer	1	OK	OK
gap.maxBy.keys.n	gap	|[1,2,3]->maxBy([3,2,1],2)	Integer	[*]	SELECT UNNEST(list_filter(list_transform(array_slice(list_reverse_sort(list_transform(range(1, len([1, 2, 3]) + 1), _by_i -> {'k': list_extract([3, 2, 1], _by_i), 'i': 0 - _by_i, 'v': list_extract([1, 2, 3], _by_i)})), 1, 2), _by_e -> struct_extract(_by_e, 'v')), x -> x IS NOT NULL)) AS value	Integer;Integer	1;2	OK	OK
gap.minBy.keys	gap	|[1,2,3]->minBy([3,2,1])	Integer	[0..1]	SELECT struct_extract(list_extract(list_sort(list_transform(range(1, len([1, 2, 3]) + 1), _by_i -> {'k': list_extract([3, 2, 1], _by_i), 'i': _by_i, 'v': list_extract([1, 2, 3], _by_i)})), 1), 'v') AS value	Integer	3	OK	OK
gap.minBy.keys.n	gap	|[1,2,3]->minBy([3,2,1],2)	Integer	[*]	SELECT UNNEST(list_filter(list_transform(array_slice(list_sort(list_transform(range(1, len([1, 2, 3]) + 1), _by_i -> {'k': list_extract([3, 2, 1], _by_i), 'i': _by_i, 'v': list_extract([1, 2, 3], _by_i)})), 1, 2), _by_e -> struct_extract(_by_e, 'v')), x -> x IS NOT NULL)) AS value	Integer;Integer	3;2	OK	OK
gap.re.ex4	gap	|regexpExtract('a1','[0-9]',true,0)	String	[*]	SELECT UNNEST(list_filter(regexp_extract_all('a1', '[0-9]', 0), x -> x IS NOT NULL)) AS value	String	1	OK	OK
gap.re.ex5	gap	|regexpExtract('a1','[0-9]',true,0,meta::pure::functions::string::RegexpParameter.CASE_INSENSITIVE)	String	[*]	SELECT UNNEST(list_filter(regexp_extract_all('a1', '(?i)[0-9]', 0), x -> x IS NOT NULL)) AS value	String	1	OK	OK
gap.re.ex4p	gap	|regexpExtract('a1','[0-9]',true,meta::pure::functions::string::RegexpParameter.CASE_INSENSITIVE)	String	[*]	SELECT UNNEST(list_filter(regexp_extract_all('a1', '(?i)[0-9]', 0), x -> x IS NOT NULL)) AS value	String	1	OK	OK
gap.re.io2	gap	|regexpIndexOf('a1','([0-9])',1)	Integer	[1]	SELECT CASE WHEN list_extract(regexp_extract_all('a1', '([0-9])', 1), 1) IS NULL OR regexp_extract('a1', '(?s)^((?:.*?))([0-9])', 1) IS NULL THEN -1 ELSE length(CAST(regexp_extract('a1', '(?s)^((?:.*?))([0-9])', 1) AS VARCHAR)) END AS value	Long	1	OK	OK
gap.re.io3	gap	|regexpIndexOf('a1','([0-9])',1,meta::pure::functions::string::RegexpParameter.CASE_INSENSITIVE)	Integer	[1]	SELECT CASE WHEN list_extract(regexp_extract_all('a1', '(?i)([0-9])', 1), 1) IS NULL OR regexp_extract('a1', '(?i)(?s)^((?:.*?))([0-9])', 1) IS NULL THEN -1 ELSE length(CAST(regexp_extract('a1', '(?i)(?s)^((?:.*?))([0-9])', 1) AS VARCHAR)) END AS value	Long	1	OK	OK
gap.re.io2p	gap	|regexpIndexOf('a1','[0-9]',meta::pure::functions::string::RegexpParameter.CASE_INSENSITIVE)	Integer	[1]	SELECT CASE WHEN list_extract(regexp_extract_all('a1', '(?i)[0-9]', 0), 1) IS NULL OR regexp_extract('a1', '(?i)(?s)^((?:.*?))(?:[0-9])', 1) IS NULL THEN -1 ELSE length(CAST(regexp_extract('a1', '(?i)(?s)^((?:.*?))(?:[0-9])', 1) AS VARCHAR)) END AS value	Long	1	OK	OK
gap.re.like.p	gap	|regexpLike('a1','[0-9]',meta::pure::functions::string::RegexpParameter.CASE_INSENSITIVE)	Boolean	[1]	SELECT regexp_matches('a1', '(?i)[0-9]') AS value	Boolean	true	OK	OK
gap.re.rep.p	gap	|regexpReplace('a1','[0-9]','#',true,meta::pure::functions::string::RegexpParameter.CASE_INSENSITIVE)	String	[1]	SELECT regexp_replace('a1', '(?i)[0-9]', '#', 'g') AS value	String	a#	OK	OK
gap.avg.win	gap	|average([1,2])	Float	[1]	SELECT list_avg([1, 2]) AS value	Double	1.5	OK	OK
gap.corr.rm	gap	|meta::pure::functions::math::corr([1,2],[2,4])	Number	[1]	SELECT CASE WHEN len([1, 2]) <> len([2, 4]) THEN error('corr: the two value lists differ in length') ELSE (SELECT CORR(a, b) FROM ( SELECT UNNEST([1, 2]) AS a, UNNEST([2, 4]) AS b ) AS _uz) END AS value	Double	1.0	OK	OK
gap.mode.n	gap	|mode([1,2.5,2.5])	Number	[1]	SELECT CAST(list_extract([CAST(1 AS VARCHAR), CASE WHEN regexp_full_match(CAST(CAST(2.5 AS DOUBLE) AS VARCHAR), '-?0+(\.0+)?') THEN '0.0' WHEN strpos(CAST(CAST(2.5 AS DOUBLE) AS VARCHAR), 'e') > 0 THEN concat(CASE WHEN starts_with(CAST(CAST(2.5 AS DOUBLE) AS VARCHAR), '-') THEN '-' ELSE '' END, CASE WHEN CASE WHEN strpos(regexp_extract(CAST(CAST(2.5 AS DOUBLE) AS VARCHAR), '-?([0-9]+(?:\.[0-9]+)?)e', 1), '.') = 0 THEN length(CAST(regexp_extract(CAST(CAST(2.5 AS DOUBLE) AS VARCHAR), '-?([0-9]+(?:\.[0-9]+)?)e', 1) AS VARCHAR)) ELSE strpos(regexp_extract(CAST(CAST(2.5 AS DOUBLE) AS VARCHAR), '-?([0-9]+(?:\.[0-9]+)?)e', 1), '.') - 1 END + CAST(regexp_extract(CAST(CAST(2.5 AS DOUBLE) AS VARCHAR), 'e([+-]?[0-9]+)$', 1) AS INTEGER) <= 0 THEN concat('0.', rpad('', CAST(greatest(0 - (CASE WHEN strpos(regexp_extract(CAST(CAST(2.5 AS DOUBLE) AS VARCHAR), '-?([0-9]+(?:\.[0-9]+)?)e', 1), '.') = 0 THEN length(CAST(regexp_extract(CAST(CAST(2.5 AS DOUBLE) AS VARCHAR), '-?([0-9]+(?:\.[0-9]+)?)e', 1) AS VARCHAR)) ELSE strpos(regexp_extract(CAST(CAST(2.5 AS DOUBLE) AS VARCHAR), '-?([0-9]+(?:\.[0-9]+)?)e', 1), '.') - 1 END + CAST(regexp_extract(CAST(CAST(2.5 AS DOUBLE) AS VARCHAR), 'e([+-]?[0-9]+)$', 1) AS INTEGER)), 0) AS INTEGER), '0'), replace(regexp_extract(CAST(CAST(2.5 AS DOUBLE) AS VARCHAR), '-?([0-9]+(?:\.[0-9]+)?)e', 1), '.', '')) WHEN CASE WHEN strpos(regexp_extract(CAST(CAST(2.5 AS DOUBLE) AS VARCHAR), '-?([0-9]+(?:\.[0-9]+)?)e', 1), '.') = 0 THEN length(CAST(regexp_extract(CAST(CAST(2.5 AS DOUBLE) AS VARCHAR), '-?([0-9]+(?:\.[0-9]+)?)e', 1) AS VARCHAR)) ELSE strpos(regexp_extract(CAST(CAST(2.5 AS DOUBLE) AS VARCHAR), '-?([0-9]+(?:\.[0-9]+)?)e', 1), '.') - 1 END + CAST(regexp_extract(CAST(CAST(2.5 AS DOUBLE) AS VARCHAR), 'e([+-]?[0-9]+)$', 1) AS INTEGER) >= length(CAST(replace(regexp_extract(CAST(CAST(2.5 AS DOUBLE) AS VARCHAR), '-?([0-9]+(?:\.[0-9]+)?)e', 1), '.', '') AS VARCHAR)) THEN concat(replace(regexp_extract(CAST(CAST(2.5 AS DOUBLE) AS VARCHAR), '-?([0-9]+(?:\.[0-9]+)?)e', 1), '.', ''), rpad('', CAST(greatest(CASE WHEN strpos(regexp_extract(CAST(CAST(2.5 AS DOUBLE) AS VARCHAR), '-?([0-9]+(?:\.[0-9]+)?)e', 1), '.') = 0 THEN length(CAST(regexp_extract(CAST(CAST(2.5 AS DOUBLE) AS VARCHAR), '-?([0-9]+(?:\.[0-9]+)?)e', 1) AS VARCHAR)) ELSE strpos(regexp_extract(CAST(CAST(2.5 AS DOUBLE) AS VARCHAR), '-?([0-9]+(?:\.[0-9]+)?)e', 1), '.') - 1 END + CAST(regexp_extract(CAST(CAST(2.5 AS DOUBLE) AS VARCHAR), 'e([+-]?[0-9]+)$', 1) AS INTEGER) - length(CAST(replace(regexp_extract(CAST(CAST(2.5 AS DOUBLE) AS VARCHAR), '-?([0-9]+(?:\.[0-9]+)?)e', 1), '.', '') AS VARCHAR)), 0) AS INTEGER), '0'), '.0') ELSE concat(substr(replace(regexp_extract(CAST(CAST(2.5 AS DOUBLE) AS VARCHAR), '-?([0-9]+(?:\.[0-9]+)?)e', 1), '.', ''), 1, CASE WHEN strpos(regexp_extract(CAST(CAST(2.5 AS DOUBLE) AS VARCHAR), '-?([0-9]+(?:\.[0-9]+)?)e', 1), '.') = 0 THEN length(CAST(regexp_extract(CAST(CAST(2.5 AS DOUBLE) AS VARCHAR), '-?([0-9]+(?:\.[0-9]+)?)e', 1) AS VARCHAR)) ELSE strpos(regexp_extract(CAST(CAST(2.5 AS DOUBLE) AS VARCHAR), '-?([0-9]+(?:\.[0-9]+)?)e', 1), '.') - 1 END + CAST(regexp_extract(CAST(CAST(2.5 AS DOUBLE) AS VARCHAR), 'e([+-]?[0-9]+)$', 1) AS INTEGER)), '.', substr(replace(regexp_extract(CAST(CAST(2.5 AS DOUBLE) AS VARCHAR), '-?([0-9]+(?:\.[0-9]+)?)e', 1), '.', ''), greatest(CASE WHEN strpos(regexp_extract(CAST(CAST(2.5 AS DOUBLE) AS VARCHAR), '-?([0-9]+(?:\.[0-9]+)?)e', 1), '.') = 0 THEN length(CAST(regexp_extract(CAST(CAST(2.5 AS DOUBLE) AS VARCHAR), '-?([0-9]+(?:\.[0-9]+)?)e', 1) AS VARCHAR)) ELSE strpos(regexp_extract(CAST(CAST(2.5 AS DOUBLE) AS VARCHAR), '-?([0-9]+(?:\.[0-9]+)?)e', 1), '.') - 1 END + CAST(regexp_extract(CAST(CAST(2.5 AS DOUBLE) AS VARCHAR), 'e([+-]?[0-9]+)$', 1) AS INTEGER) + 1, 1))) END) WHEN NOT strpos(CAST(CAST(2.5 AS DOUBLE) AS VARCHAR), '.') > 0 THEN concat(CAST(CAST(2.5 AS DOUBLE) AS VARCHAR), '.0') ELSE CAST(CAST(2.5 AS DOUBLE) AS VARCHAR) END, CASE WHEN regexp_full_match(CAST(CAST(2.5 AS DOUBLE) AS VARCHAR), '-?0+(\.0+)?') THEN '0.0' WHEN strpos(CAST(CAST(2.5 AS DOUBLE) AS VARCHAR), 'e') > 0 THEN concat(CASE WHEN starts_with(CAST(CAST(2.5 AS DOUBLE) AS VARCHAR), '-') THEN '-' ELSE '' END, CASE WHEN CASE WHEN strpos(regexp_extract(CAST(CAST(2.5 AS DOUBLE) AS VARCHAR), '-?([0-9]+(?:\.[0-9]+)?)e', 1), '.') = 0 THEN length(CAST(regexp_extract(CAST(CAST(2.5 AS DOUBLE) AS VARCHAR), '-?([0-9]+(?:\.[0-9]+)?)e', 1) AS VARCHAR)) ELSE strpos(regexp_extract(CAST(CAST(2.5 AS DOUBLE) AS VARCHAR), '-?([0-9]+(?:\.[0-9]+)?)e', 1), '.') - 1 END + CAST(regexp_extract(CAST(CAST(2.5 AS DOUBLE) AS VARCHAR), 'e([+-]?[0-9]+)$', 1) AS INTEGER) <= 0 THEN concat('0.', rpad('', CAST(greatest(0 - (CASE WHEN strpos(regexp_extract(CAST(CAST(2.5 AS DOUBLE) AS VARCHAR), '-?([0-9]+(?:\.[0-9]+)?)e', 1), '.') = 0 THEN length(CAST(regexp_extract(CAST(CAST(2.5 AS DOUBLE) AS VARCHAR), '-?([0-9]+(?:\.[0-9]+)?)e', 1) AS VARCHAR)) ELSE strpos(regexp_extract(CAST(CAST(2.5 AS DOUBLE) AS VARCHAR), '-?([0-9]+(?:\.[0-9]+)?)e', 1), '.') - 1 END + CAST(regexp_extract(CAST(CAST(2.5 AS DOUBLE) AS VARCHAR), 'e([+-]?[0-9]+)$', 1) AS INTEGER)), 0) AS INTEGER), '0'), replace(regexp_extract(CAST(CAST(2.5 AS DOUBLE) AS VARCHAR), '-?([0-9]+(?:\.[0-9]+)?)e', 1), '.', '')) WHEN CASE WHEN strpos(regexp_extract(CAST(CAST(2.5 AS DOUBLE) AS VARCHAR), '-?([0-9]+(?:\.[0-9]+)?)e', 1), '.') = 0 THEN length(CAST(regexp_extract(CAST(CAST(2.5 AS DOUBLE) AS VARCHAR), '-?([0-9]+(?:\.[0-9]+)?)e', 1) AS VARCHAR)) ELSE strpos(regexp_extract(CAST(CAST(2.5 AS DOUBLE) AS VARCHAR), '-?([0-9]+(?:\.[0-9]+)?)e', 1), '.') - 1 END + CAST(regexp_extract(CAST(CAST(2.5 AS DOUBLE) AS VARCHAR), 'e([+-]?[0-9]+)$', 1) AS INTEGER) >= length(CAST(replace(regexp_extract(CAST(CAST(2.5 AS DOUBLE) AS VARCHAR), '-?([0-9]+(?:\.[0-9]+)?)e', 1), '.', '') AS VARCHAR)) THEN concat(replace(regexp_extract(CAST(CAST(2.5 AS DOUBLE) AS VARCHAR), '-?([0-9]+(?:\.[0-9]+)?)e', 1), '.', ''), rpad('', CAST(greatest(CASE WHEN strpos(regexp_extract(CAST(CAST(2.5 AS DOUBLE) AS VARCHAR), '-?([0-9]+(?:\.[0-9]+)?)e', 1), '.') = 0 THEN length(CAST(regexp_extract(CAST(CAST(2.5 AS DOUBLE) AS VARCHAR), '-?([0-9]+(?:\.[0-9]+)?)e', 1) AS VARCHAR)) ELSE strpos(regexp_extract(CAST(CAST(2.5 AS DOUBLE) AS VARCHAR), '-?([0-9]+(?:\.[0-9]+)?)e', 1), '.') - 1 END + CAST(regexp_extract(CAST(CAST(2.5 AS DOUBLE) AS VARCHAR), 'e([+-]?[0-9]+)$', 1) AS INTEGER) - length(CAST(replace(regexp_extract(CAST(CAST(2.5 AS DOUBLE) AS VARCHAR), '-?([0-9]+(?:\.[0-9]+)?)e', 1), '.', '') AS VARCHAR)), 0) AS INTEGER), '0'), '.0') ELSE concat(substr(replace(regexp_extract(CAST(CAST(2.5 AS DOUBLE) AS VARCHAR), '-?([0-9]+(?:\.[0-9]+)?)e', 1), '.', ''), 1, CASE WHEN strpos(regexp_extract(CAST(CAST(2.5 AS DOUBLE) AS VARCHAR), '-?([0-9]+(?:\.[0-9]+)?)e', 1), '.') = 0 THEN length(CAST(regexp_extract(CAST(CAST(2.5 AS DOUBLE) AS VARCHAR), '-?([0-9]+(?:\.[0-9]+)?)e', 1) AS VARCHAR)) ELSE strpos(regexp_extract(CAST(CAST(2.5 AS DOUBLE) AS VARCHAR), '-?([0-9]+(?:\.[0-9]+)?)e', 1), '.') - 1 END + CAST(regexp_extract(CAST(CAST(2.5 AS DOUBLE) AS VARCHAR), 'e([+-]?[0-9]+)$', 1) AS INTEGER)), '.', substr(replace(regexp_extract(CAST(CAST(2.5 AS DOUBLE) AS VARCHAR), '-?([0-9]+(?:\.[0-9]+)?)e', 1), '.', ''), greatest(CASE WHEN strpos(regexp_extract(CAST(CAST(2.5 AS DOUBLE) AS VARCHAR), '-?([0-9]+(?:\.[0-9]+)?)e', 1), '.') = 0 THEN length(CAST(regexp_extract(CAST(CAST(2.5 AS DOUBLE) AS VARCHAR), '-?([0-9]+(?:\.[0-9]+)?)e', 1) AS VARCHAR)) ELSE strpos(regexp_extract(CAST(CAST(2.5 AS DOUBLE) AS VARCHAR), '-?([0-9]+(?:\.[0-9]+)?)e', 1), '.') - 1 END + CAST(regexp_extract(CAST(CAST(2.5 AS DOUBLE) AS VARCHAR), 'e([+-]?[0-9]+)$', 1) AS INTEGER) + 1, 1))) END) WHEN NOT strpos(CAST(CAST(2.5 AS DOUBLE) AS VARCHAR), '.') > 0 THEN concat(CAST(CAST(2.5 AS DOUBLE) AS VARCHAR), '.0') ELSE CAST(CAST(2.5 AS DOUBLE) AS VARCHAR) END], len([CAST(1 AS DOUBLE), CAST(2.5 AS DOUBLE), CAST(2.5 AS DOUBLE)]) + 1 - list_position(list_reverse([CAST(1 AS DOUBLE), CAST(2.5 AS DOUBLE), CAST(2.5 AS DOUBLE)]), list_aggregate([CAST(1 AS DOUBLE), CAST(2.5 AS DOUBLE), CAST(2.5 AS DOUBLE)], 'mode'))) AS VARCHAR) AS value	Double	2.5	OK	OK
gap.stdDev.n	gap	|stdDev([1,2])	Number	[1]	SELECT list_aggregate([1, 2], 'stddev_samp') AS value	Double	0.7071067811865476	OK	OK
gap.variance.n	gap	|variance([1,2])	Number	[1]	SELECT list_aggregate([1, 2], 'var_samp') AS value	Double	0.5	OK	OK
gap.dateDiff.opt	gap	|dateDiff([%2024-01-01]->first(), [%2024-02-01]->first(), meta::pure::functions::date::DurationUnit.DAYS)	Integer	[0..1]	SELECT date_diff('day', DATE '2024-01-01', DATE '2024-02-01') AS value	Long	31	OK	OK
gap.datePart.opt	gap	|[%2024-01-01T00:00:00]->first()->datePart()	Date	[0..1]	SELECT CAST(TIMESTAMP '2024-01-01T00:00:00' AS DATE) AS value	StrictDate	2024-01-01	OK	OK
gap.monthNumber.opt	gap	|[%2024-01-01]->first()->monthNumber()	Integer	[0..1]	SELECT date_part('month', DATE '2024-01-01') AS value	Long	1	OK	OK
gap.weekOfYear.opt	gap	|[%2024-01-01]->first()->weekOfYear()	Integer	[0..1]	SELECT date_part('week', DATE '2024-01-01') AS value	Long	1	OK	OK
gap.year.opt	gap	|[%2024-01-01]->first()->year()	Integer	[0..1]	SELECT date_part('year', DATE '2024-01-01') AS value	Long	2024	OK	OK
gap.toString.rel	gap	#>{t::DB.T_D}#->meta::pure::functions::relation::toString(true)	String	[1]				PLAN-ERR:NotImplementedException: relation toString(typesAndMuls) is lowered only for the literal-false form	PLAN-NOTIMPL
gap.hash.lite	gap	|meta::legend::lite::hash('abc')	String	[1]	SELECT CAST(CAST(xor(hash('abc'), CAST(9223372036854775808 AS UBIGINT)) AS HUGEINT) - 9223372036854775808 AS BIGINT) AS value	Long	1924864467101078684	OK	DIVERGENCE:class
gap.evalDeact	gap	|meta::pure::functions::meta::evaluateAndDeactivate(1)	Integer	[1]	SELECT 1 AS value	Integer	1	OK	OK
gap.type	gap	|meta::pure::functions::meta::type(1)	meta::pure::metamodel::type::Type	[1]	SELECT to_json('Integer') AS value	String	Integer	OK	OK
gap.typeAsDeclared	gap	|meta::legend::lite::typeAsDeclared([1]->first(), 1)						G-ERR:TypeInferenceException: meta::legend::lite::typeAsDeclared expects (value, @Type)	G-REJECT
gap.toOneMany.msg	gap	|[1,2]->toOneMany('m')	Integer	[1..*]	SELECT UNNEST(list_filter(CASE WHEN list_filter([1, 2], x -> x IS NOT NULL) IS NULL OR len(list_filter([1, 2], x -> x IS NOT NULL)) = 0 THEN error(concat('Cannot cast a collection of size ', CAST(coalesce(len(list_filter([1, 2], x -> x IS NOT NULL)), 0) AS VARCHAR), ' to multiplicity [1..*]')) ELSE list_filter([1, 2], x -> x IS NOT NULL) END, x -> x IS NOT NULL)) AS value	Integer;Integer	1;2	OK	OK
gap.println.max	gap	|println('x',1)	meta::pure::metamodel::type::Nil	[0]	SELECT NULL AS value	null	null	OK	OK(empty)
v1	arity	|variance([1,2,3,4], true)	Number	[1]	SELECT list_aggregate([1, 2, 3, 4], 'var_samp') AS value	Double	1.6666666666666667	OK	OK
v2	arity	|variance([1,2,3,4], false)	Number	[1]	SELECT list_aggregate([1, 2, 3, 4], 'var_pop') AS value	Double	1.25	OK	OK
v3	arity	|variance([1,2,3,4])	Number	[1]	SELECT list_aggregate([1, 2, 3, 4], 'var_samp') AS value	Double	1.6666666666666667	OK	OK
v4	arity	|%2024-03-15T10:30:45->toEpochValue(meta::pure::functions::date::DurationUnit.MILLISECONDS)	Integer	[1]	SELECT date_diff('millisecond', TIMESTAMP '1970-01-01 00:00:00', TIMESTAMP '2024-03-15T10:30:45') AS value	Long	1710498645000	OK	OK
v5	arity	|%2024-03-15T10:30:45->toEpochValue(meta::pure::functions::date::DurationUnit.DAYS)	Integer	[1]	SELECT date_diff('day', TIMESTAMP '1970-01-01 00:00:00', TIMESTAMP '2024-03-15T10:30:45') AS value	Long	19797	OK	OK
v6	arity	|%2024-03-15T10:30:45->toEpochValue()	Integer	[1]	SELECT ((epoch_ms(TIMESTAMP '2024-03-15T10:30:45') - epoch_ms(TIMESTAMP '1970-01-01 00:00:00')) // 1000) AS value	Long	1710498645	OK	OK
v7	arity	|fromEpochValue(1000)	Date	[1]	SELECT TIMESTAMP '1970-01-01 00:00:00' + to_seconds(1000) AS value	DateWithSecond	1970-01-01T00:16:40+0000	OK	OK
v8	arity	|fromEpochValue(1000, meta::pure::functions::date::DurationUnit.SECONDS)	Date	[1]	SELECT TIMESTAMP '1970-01-01 00:00:00' + to_seconds(1000) AS value	DateWithSecond	1970-01-01T00:16:40+0000	OK	OK
v9	arity	|[1,2,3]->first(1)	Integer	[*]	SELECT UNNEST(list_filter([list_extract([1, 2, 3], 1)], x -> x IS NOT NULL)) AS value	Integer	1	OK	OK
v10	arity	|[1,2,3]->first(3)	Integer	[*]	SELECT UNNEST(list_filter([list_extract([1, 2, 3], 1)], x -> x IS NOT NULL)) AS value	Integer	1	OK	OK
v11	arity	|'abcabc'->indexOf('b',4)	Integer	[1]	SELECT CASE WHEN strpos(substr('abcabc', 4), 'b') > 0 THEN strpos(substr('abcabc', 4), 'b') + 4 - 1 ELSE 0 END AS value	Long	5	OK	OK
v12	arity	|percentile([1,2,3,4], 0.5, false, true)	Number	[0..1]	SELECT list_aggregate([1, 2, 3, 4], 'quantile_cont', 1 - CAST(0.5 AS DOUBLE)) AS value	Double	2.5	OK	OK
v13	arity	|[1,2,3]->contains(9,{a,b|true})	Boolean	[1]	SELECT len(list_filter([1, 2, 3], b -> TRUE)) > 0 AS value	Boolean	true	OK	OK
v14	arity	|'abc'->hash(meta::pure::functions::hash::HashType.SHA1)	String	[1]	SELECT sha1('abc') AS value	String	a9993e364706816aba3e25717850c26c9cd0d89d	OK	OK
v15	arity	|[1,2,3]->maxBy(x|$x, 5)	Integer	[*]	SELECT UNNEST(list_filter(list_transform(array_slice(list_reverse_sort(list_transform(range(1, len([1, 2, 3]) + 1), _by_i -> {'k': list_extract([1, 2, 3], _by_i), 'i': 0 - _by_i, 'v': list_extract([1, 2, 3], _by_i)})), 1, 5), _by_e -> struct_extract(_by_e, 'v')), x -> x IS NOT NULL)) AS value	Integer;Integer;Integer	3;2;1	OK	OK
v16	arity	|'x'->lpad(5,'ab')	String	[1]	SELECT lpad('x', 5, 'ab') AS value	String	ababx	OK	OK
v17	arity	|'a,b,c'->joinStrings('P','-','S')	String	[1]	SELECT concat('P', 'a,b,c', 'S') AS value	String	Pa,b,cS	OK	OK
c1	arity	|[1,2,3]->contains(9,{a,b|$a == $b})	Boolean	[1]	SELECT len(list_filter([1, 2, 3], b -> 9 = b)) > 0 AS value	Boolean	false	OK	OK
c2	arity	|[1,2,3]->contains(2,{a,b|$a == $b})	Boolean	[1]	SELECT len(list_filter([1, 2, 3], b -> 2 = b)) > 0 AS value	Boolean	true	OK	OK
c3	arity	|[1,2,3]->contains(9,{a,b|$a > $b})	Boolean	[1]	SELECT len(list_filter([1, 2, 3], b -> 9 > b)) > 0 AS value	Boolean	true	OK	OK
c4	arity	|['a','b']->contains('z',{a,b|$a == $b})	Boolean	[1]	SELECT len(list_filter(['a', 'b'], b -> 'z' = b)) > 0 AS value	Boolean	false	OK	OK
f1	x	|[1,2,3]->first(2)	Integer	[*]	SELECT UNNEST(list_filter([list_extract([1, 2, 3], 1)], x -> x IS NOT NULL)) AS value	Integer	1	OK	OK
f2	x	|[1,2,3]->first(2)->size()	Integer	[1]	SELECT coalesce(len(list_filter(list_extract([1, 2, 3], 1), x -> x IS NOT NULL)), 0) AS value			EXEC-ERR:SQLException: Binder Error: failed to bind function, either: Invalid LIST argument during lambda function binding!  or: Referenced column "x" was not found because the FROM clause is missing	DB-ERROR
f3	x	|[1,2,3]->first(2)->joinStrings(",")						G-ERR:ParseException: [1:33] unsupported expression token: QUOTED_STRING ('","')	G-REJECT
