database_name	schema_name	function_name	function_type	return_type	parameters	parameter_types	varargs	macro_definition	has_side_effects	internal	description	function_oid
system	main	!__postfix	scalar	HUGEINT	x	INTEGER			false	true	Factorial of x. Computes the product of the current integer and all integers below it	625
system	main	!~~	scalar	BOOLEAN	col0|col1	VARCHAR|VARCHAR			false	true		312
system	main	!~~*	scalar	BOOLEAN	col0|col1	VARCHAR|VARCHAR			false	true		314
system	main	%	scalar	TINYINT	col0|col1	TINYINT|TINYINT			false	true		316
system	main	%	scalar	SMALLINT	col0|col1	SMALLINT|SMALLINT			false	true		316
system	main	%	scalar	INTEGER	col0|col1	INTEGER|INTEGER			false	true		316
system	main	%	scalar	BIGINT	col0|col1	BIGINT|BIGINT			false	true		316
system	main	%	scalar	HUGEINT	col0|col1	HUGEINT|HUGEINT			false	true		316
system	main	%	scalar	FLOAT	col0|col1	FLOAT|FLOAT			false	true		316
system	main	%	scalar	DOUBLE	col0|col1	DOUBLE|DOUBLE			false	true		316
system	main	%	scalar	DECIMAL	col0|col1	DECIMAL|DECIMAL			false	true		316
system	main	%	scalar	UTINYINT	col0|col1	UTINYINT|UTINYINT			false	true		316
system	main	%	scalar	USMALLINT	col0|col1	USMALLINT|USMALLINT			false	true		316
system	main	%	scalar	UINTEGER	col0|col1	UINTEGER|UINTEGER			false	true		316
system	main	%	scalar	UBIGINT	col0|col1	UBIGINT|UBIGINT			false	true		316
system	main	%	scalar	UHUGEINT	col0|col1	UHUGEINT|UHUGEINT			false	true		316
system	main	&	scalar	TINYINT	left|right	TINYINT|TINYINT			false	true	Bitwise AND	627
system	main	&	scalar	SMALLINT	left|right	SMALLINT|SMALLINT			false	true	Bitwise AND	627
system	main	&	scalar	INTEGER	left|right	INTEGER|INTEGER			false	true	Bitwise AND	627
system	main	&	scalar	BIGINT	left|right	BIGINT|BIGINT			false	true	Bitwise AND	627
system	main	&	scalar	HUGEINT	left|right	HUGEINT|HUGEINT			false	true	Bitwise AND	627
system	main	&	scalar	UTINYINT	left|right	UTINYINT|UTINYINT			false	true	Bitwise AND	627
system	main	&	scalar	USMALLINT	left|right	USMALLINT|USMALLINT			false	true	Bitwise AND	627
system	main	&	scalar	UINTEGER	left|right	UINTEGER|UINTEGER			false	true	Bitwise AND	627
system	main	&	scalar	UBIGINT	left|right	UBIGINT|UBIGINT			false	true	Bitwise AND	627
system	main	&	scalar	UHUGEINT	left|right	UHUGEINT|UHUGEINT			false	true	Bitwise AND	627
system	main	&	scalar	BIT	left|right	BIT|BIT			false	true	Bitwise AND	627
system	main	&&	scalar	BOOLEAN	geom1|geom2	GEOMETRY|GEOMETRY			false	true	Returns true if the geometries bounding boxes intersect	629
system	main	&&	scalar	BOOLEAN	geom1|geom2	T[]|T[]			false	true	Returns true if the geometries bounding boxes intersect	629
system	main	*	scalar	TINYINT	col0|col1	TINYINT|TINYINT			false	true		320
system	main	*	scalar	SMALLINT	col0|col1	SMALLINT|SMALLINT			false	true		320
system	main	*	scalar	INTEGER	col0|col1	INTEGER|INTEGER			false	true		320
system	main	*	scalar	BIGINT	col0|col1	BIGINT|BIGINT			false	true		320
system	main	*	scalar	HUGEINT	col0|col1	HUGEINT|HUGEINT			false	true		320
system	main	*	scalar	FLOAT	col0|col1	FLOAT|FLOAT			false	true		320
system	main	*	scalar	DOUBLE	col0|col1	DOUBLE|DOUBLE			false	true		320
system	main	*	scalar	DECIMAL	col0|col1	DECIMAL|DECIMAL			false	true		320
system	main	*	scalar	UTINYINT	col0|col1	UTINYINT|UTINYINT			false	true		320
system	main	*	scalar	USMALLINT	col0|col1	USMALLINT|USMALLINT			false	true		320
system	main	*	scalar	UINTEGER	col0|col1	UINTEGER|UINTEGER			false	true		320
system	main	*	scalar	UBIGINT	col0|col1	UBIGINT|UBIGINT			false	true		320
system	main	*	scalar	UHUGEINT	col0|col1	UHUGEINT|UHUGEINT			false	true		320
system	main	*	scalar	INTERVAL	col0|col1	INTERVAL|DOUBLE			false	true		320
system	main	*	scalar	INTERVAL	col0|col1	DOUBLE|INTERVAL			false	true		320
system	main	*	scalar	INTERVAL	col0|col1	BIGINT|INTERVAL			false	true		320
system	main	*	scalar	INTERVAL	col0|col1	INTERVAL|BIGINT			false	true		320
system	main	**	scalar	DOUBLE	x|y	DOUBLE|DOUBLE			false	true	Computes x to the power of y	630
system	main	+	scalar	TINYINT	col0	TINYINT			false	true		1890
system	main	+	scalar	TIMESTAMP WITH TIME ZONE	col0|col1	INTERVAL|TIMESTAMP WITH TIME ZONE			false	true		1890
system	main	+	scalar	SMALLINT	col0	SMALLINT			false	true		1890
system	main	+	scalar	SMALLINT	col0|col1	SMALLINT|SMALLINT			false	true		1890
system	main	+	scalar	INTEGER	col0	INTEGER			false	true		1890
system	main	+	scalar	INTEGER	col0|col1	INTEGER|INTEGER			false	true		1890
system	main	+	scalar	BIGINT	col0	BIGINT			false	true		1890
system	main	+	scalar	BIGINT	col0|col1	BIGINT|BIGINT			false	true		1890
system	main	+	scalar	HUGEINT	col0	HUGEINT			false	true		1890
system	main	+	scalar	HUGEINT	col0|col1	HUGEINT|HUGEINT			false	true		1890
system	main	+	scalar	FLOAT	col0	FLOAT			false	true		1890
system	main	+	scalar	FLOAT	col0|col1	FLOAT|FLOAT			false	true		1890
system	main	+	scalar	TINYINT	col0|col1	TINYINT|TINYINT			false	true		1890
system	main	+	scalar	DOUBLE	col0|col1	DOUBLE|DOUBLE			false	true		1890
system	main	+	scalar	DECIMAL	col0	DECIMAL			false	true		1890
system	main	+	scalar	DECIMAL	col0|col1	DECIMAL|DECIMAL			false	true		1890
system	main	+	scalar	DATE	col0|col1	DATE|INTEGER			false	true		1890
system	main	+	scalar	DATE	col0|col1	INTEGER|DATE			false	true		1890
system	main	+	scalar	INTERVAL	col0|col1	INTERVAL|INTERVAL			false	true		1890
system	main	+	scalar	TIMESTAMP	col0|col1	DATE|INTERVAL			false	true		1890
system	main	+	scalar	TIMESTAMP	col0|col1	INTERVAL|DATE			false	true		1890
system	main	+	scalar	TIME	col0|col1	TIME|INTERVAL			false	true		1890
system	main	+	scalar	TIME	col0|col1	INTERVAL|TIME			false	true		1890
system	main	+	scalar	TIMESTAMP	col0|col1	TIMESTAMP|INTERVAL			false	true		1890
system	main	+	scalar	TIMESTAMP	col0|col1	INTERVAL|TIMESTAMP			false	true		1890
system	main	+	scalar	TIME WITH TIME ZONE	col0|col1	TIME WITH TIME ZONE|INTERVAL			false	true		1890
system	main	+	scalar	TIME WITH TIME ZONE	col0|col1	INTERVAL|TIME WITH TIME ZONE			false	true		1890
system	main	+	scalar	TIMESTAMP	col0|col1	TIME|DATE			false	true		1890
system	main	+	scalar	TIMESTAMP	col0|col1	DATE|TIME			false	true		1890
system	main	+	scalar	TIMESTAMP WITH TIME ZONE	col0|col1	TIME WITH TIME ZONE|DATE			false	true		1890
system	main	+	scalar	TIMESTAMP WITH TIME ZONE	col0|col1	DATE|TIME WITH TIME ZONE			false	true		1890
system	main	+	scalar	ANY[]			ANY[]		false	true		1890
system	main	+	scalar	BIGNUM	col0|col1	BIGNUM|BIGNUM			false	true		1890
system	main	+	scalar	TIMESTAMP WITH TIME ZONE	col0|col1	TIMESTAMP WITH TIME ZONE|INTERVAL			false	true		1890
system	main	+	scalar	UTINYINT	col0|col1	UTINYINT|UTINYINT			false	true		1890
system	main	+	scalar	USMALLINT	col0	USMALLINT			false	true		1890
system	main	+	scalar	USMALLINT	col0|col1	USMALLINT|USMALLINT			false	true		1890
system	main	+	scalar	UINTEGER	col0	UINTEGER			false	true		1890
system	main	+	scalar	UINTEGER	col0|col1	UINTEGER|UINTEGER			false	true		1890
system	main	+	scalar	UBIGINT	col0	UBIGINT			false	true		1890
system	main	+	scalar	UBIGINT	col0|col1	UBIGINT|UBIGINT			false	true		1890
system	main	+	scalar	UHUGEINT	col0	UHUGEINT			false	true		1890
system	main	+	scalar	UHUGEINT	col0|col1	UHUGEINT|UHUGEINT			false	true		1890
system	main	+	scalar	UTINYINT	col0	UTINYINT			false	true		1890
system	main	+	scalar	DOUBLE	col0	DOUBLE			false	true		1890
system	main	-	scalar	TINYINT	col0	TINYINT			false	true		1891
system	main	-	scalar	INTERVAL	col0|col1	TIMESTAMP WITH TIME ZONE|TIMESTAMP WITH TIME ZONE			false	true		1891
system	main	-	scalar	SMALLINT	col0	SMALLINT			false	true		1891
system	main	-	scalar	SMALLINT	col0|col1	SMALLINT|SMALLINT			false	true		1891
system	main	-	scalar	INTEGER	col0	INTEGER			false	true		1891
system	main	-	scalar	INTEGER	col0|col1	INTEGER|INTEGER			false	true		1891
system	main	-	scalar	BIGINT	col0	BIGINT			false	true		1891
system	main	-	scalar	BIGINT	col0|col1	BIGINT|BIGINT			false	true		1891
system	main	-	scalar	HUGEINT	col0	HUGEINT			false	true		1891
system	main	-	scalar	HUGEINT	col0|col1	HUGEINT|HUGEINT			false	true		1891
system	main	-	scalar	FLOAT	col0	FLOAT			false	true		1891
system	main	-	scalar	FLOAT	col0|col1	FLOAT|FLOAT			false	true		1891
system	main	-	scalar	TINYINT	col0|col1	TINYINT|TINYINT			false	true		1891
system	main	-	scalar	DOUBLE	col0|col1	DOUBLE|DOUBLE			false	true		1891
system	main	-	scalar	DECIMAL	col0	DECIMAL			false	true		1891
system	main	-	scalar	DECIMAL	col0|col1	DECIMAL|DECIMAL			false	true		1891
system	main	-	scalar	UTINYINT	col0	UTINYINT			false	true		1891
system	main	-	scalar	UTINYINT	col0|col1	UTINYINT|UTINYINT			false	true		1891
system	main	-	scalar	USMALLINT	col0	USMALLINT			false	true		1891
system	main	-	scalar	USMALLINT	col0|col1	USMALLINT|USMALLINT			false	true		1891
system	main	-	scalar	UINTEGER	col0	UINTEGER			false	true		1891
system	main	-	scalar	UINTEGER	col0|col1	UINTEGER|UINTEGER			false	true		1891
system	main	-	scalar	UBIGINT	col0	UBIGINT			false	true		1891
system	main	-	scalar	UBIGINT	col0|col1	UBIGINT|UBIGINT			false	true		1891
system	main	-	scalar	UHUGEINT	col0	UHUGEINT			false	true		1891
system	main	-	scalar	UHUGEINT	col0|col1	UHUGEINT|UHUGEINT			false	true		1891
system	main	-	scalar	BIGNUM	col0	BIGNUM			false	true		1891
system	main	-	scalar	BIGNUM	col0|col1	BIGNUM|BIGNUM			false	true		1891
system	main	-	scalar	BIGINT	col0|col1	DATE|DATE			false	true		1891
system	main	-	scalar	DATE	col0|col1	DATE|INTEGER			false	true		1891
system	main	-	scalar	INTERVAL	col0|col1	TIMESTAMP|TIMESTAMP			false	true		1891
system	main	-	scalar	INTERVAL	col0|col1	INTERVAL|INTERVAL			false	true		1891
system	main	-	scalar	TIMESTAMP	col0|col1	DATE|INTERVAL			false	true		1891
system	main	-	scalar	TIME	col0|col1	TIME|INTERVAL			false	true		1891
system	main	-	scalar	TIMESTAMP	col0|col1	TIMESTAMP|INTERVAL			false	true		1891
system	main	-	scalar	TIME WITH TIME ZONE	col0|col1	TIME WITH TIME ZONE|INTERVAL			false	true		1891
system	main	-	scalar	INTERVAL	col0	INTERVAL			false	true		1891
system	main	-	scalar	TIMESTAMP WITH TIME ZONE	col0|col1	TIMESTAMP WITH TIME ZONE|INTERVAL			false	true		1891
system	main	-	scalar	DOUBLE	col0	DOUBLE			false	true		1891
system	main	->>	scalar	VARCHAR	col0|col1	VARCHAR|BIGINT			false	true		1958
system	main	->>	scalar	VARCHAR	col0|col1	VARCHAR|VARCHAR			false	true		1958
system	main	->>	scalar	VARCHAR[]	col0|col1	VARCHAR|VARCHAR[]			false	true		1958
system	main	->>	scalar	VARCHAR	col0|col1	JSON|BIGINT			false	true		1958
system	main	->>	scalar	VARCHAR	col0|col1	JSON|VARCHAR			false	true		1958
system	main	->>	scalar	VARCHAR[]	col0|col1	JSON|VARCHAR[]			false	true		1958
system	main	/	scalar	FLOAT	col0|col1	FLOAT|FLOAT			false	true		326
system	main	/	scalar	DOUBLE	col0|col1	DOUBLE|DOUBLE			false	true		326
system	main	/	scalar	INTERVAL	col0|col1	INTERVAL|DOUBLE			false	true		326
system	main	//	scalar	TINYINT	col0|col1	TINYINT|TINYINT			false	true		328
system	main	//	scalar	SMALLINT	col0|col1	SMALLINT|SMALLINT			false	true		328
system	main	//	scalar	INTEGER	col0|col1	INTEGER|INTEGER			false	true		328
system	main	//	scalar	BIGINT	col0|col1	BIGINT|BIGINT			false	true		328
system	main	//	scalar	HUGEINT	col0|col1	HUGEINT|HUGEINT			false	true		328
system	main	//	scalar	FLOAT	col0|col1	FLOAT|FLOAT			false	true		328
system	main	//	scalar	DOUBLE	col0|col1	DOUBLE|DOUBLE			false	true		328
system	main	//	scalar	UTINYINT	col0|col1	UTINYINT|UTINYINT			false	true		328
system	main	//	scalar	USMALLINT	col0|col1	USMALLINT|USMALLINT			false	true		328
system	main	//	scalar	UINTEGER	col0|col1	UINTEGER|UINTEGER			false	true		328
system	main	//	scalar	UBIGINT	col0|col1	UBIGINT|UBIGINT			false	true		328
system	main	//	scalar	UHUGEINT	col0|col1	UHUGEINT|UHUGEINT			false	true		328
system	main	<->	scalar	FLOAT	list1|list2	FLOAT[]|FLOAT[]			false	true	Calculates the Euclidean distance between two points with coordinates given in two inputs lists of equal length.	632
system	main	<->	scalar	DOUBLE	list1|list2	DOUBLE[]|DOUBLE[]			false	true	Calculates the Euclidean distance between two points with coordinates given in two inputs lists of equal length.	632
system	main	<<	scalar	TINYINT	input|col1	TINYINT|TINYINT			false	true	Bitwise shift left	634
system	main	<<	scalar	SMALLINT	input|col1	SMALLINT|SMALLINT			false	true	Bitwise shift left	634
system	main	<<	scalar	INTEGER	input|col1	INTEGER|INTEGER			false	true	Bitwise shift left	634
system	main	<<	scalar	BIGINT	input|col1	BIGINT|BIGINT			false	true	Bitwise shift left	634
system	main	<<	scalar	HUGEINT	input|col1	HUGEINT|HUGEINT			false	true	Bitwise shift left	634
system	main	<<	scalar	UTINYINT	input|col1	UTINYINT|UTINYINT			false	true	Bitwise shift left	634
system	main	<<	scalar	USMALLINT	input|col1	USMALLINT|USMALLINT			false	true	Bitwise shift left	634
system	main	<<	scalar	UINTEGER	input|col1	UINTEGER|UINTEGER			false	true	Bitwise shift left	634
system	main	<<	scalar	UBIGINT	input|col1	UBIGINT|UBIGINT			false	true	Bitwise shift left	634
system	main	<<	scalar	UHUGEINT	input|col1	UHUGEINT|UHUGEINT			false	true	Bitwise shift left	634
system	main	<<	scalar	BIT	input|col1	BIT|INTEGER			false	true	Bitwise shift left	634
system	main	<=>	scalar	FLOAT	list1|list2	FLOAT[]|FLOAT[]			false	true	Computes the cosine distance between two same-sized lists.	636
system	main	<=>	scalar	DOUBLE	list1|list2	DOUBLE[]|DOUBLE[]			false	true	Computes the cosine distance between two same-sized lists.	636
system	main	<@	scalar	BOOLEAN	list1|list2	T[]|T[]			false	true	Returns true if all elements of list2 are in list1. NULLs are ignored.	638
system	main	>>	scalar	TINYINT	input|col1	TINYINT|TINYINT			false	true	Bitwise shift right	640
system	main	>>	scalar	SMALLINT	input|col1	SMALLINT|SMALLINT			false	true	Bitwise shift right	640
system	main	>>	scalar	INTEGER	input|col1	INTEGER|INTEGER			false	true	Bitwise shift right	640
system	main	>>	scalar	BIGINT	input|col1	BIGINT|BIGINT			false	true	Bitwise shift right	640
system	main	>>	scalar	HUGEINT	input|col1	HUGEINT|HUGEINT			false	true	Bitwise shift right	640
system	main	>>	scalar	UTINYINT	input|col1	UTINYINT|UTINYINT			false	true	Bitwise shift right	640
system	main	>>	scalar	USMALLINT	input|col1	USMALLINT|USMALLINT			false	true	Bitwise shift right	640
system	main	>>	scalar	UINTEGER	input|col1	UINTEGER|UINTEGER			false	true	Bitwise shift right	640
system	main	>>	scalar	UBIGINT	input|col1	UBIGINT|UBIGINT			false	true	Bitwise shift right	640
system	main	>>	scalar	UHUGEINT	input|col1	UHUGEINT|UHUGEINT			false	true	Bitwise shift right	640
system	main	>>	scalar	BIT	input|col1	BIT|INTEGER			false	true	Bitwise shift right	640
system	main	@	scalar	TINYINT	x	TINYINT			false	true	Absolute value	642
system	main	@	scalar	SMALLINT	x	SMALLINT			false	true	Absolute value	642
system	main	@	scalar	INTEGER	x	INTEGER			false	true	Absolute value	642
system	main	@	scalar	BIGINT	x	BIGINT			false	true	Absolute value	642
system	main	@	scalar	HUGEINT	x	HUGEINT			false	true	Absolute value	642
system	main	@	scalar	FLOAT	x	FLOAT			false	true	Absolute value	642
system	main	@	scalar	DOUBLE	x	DOUBLE			false	true	Absolute value	642
system	main	@	scalar	DECIMAL	x	DECIMAL			false	true	Absolute value	642
system	main	@	scalar	UTINYINT	x	UTINYINT			false	true	Absolute value	642
system	main	@	scalar	USMALLINT	x	USMALLINT			false	true	Absolute value	642
system	main	@	scalar	UINTEGER	x	UINTEGER			false	true	Absolute value	642
system	main	@	scalar	UBIGINT	x	UBIGINT			false	true	Absolute value	642
system	main	@	scalar	UHUGEINT	x	UHUGEINT			false	true	Absolute value	642
system	main	@>	scalar	BOOLEAN	list1|list2	T[]|T[]			false	true	Returns true if all elements of list2 are in list1. NULLs are ignored.	644
system	main	^	scalar	DOUBLE	x|y	DOUBLE|DOUBLE			false	true	Computes x to the power of y	646
system	main	^@	scalar	BOOLEAN	string|search_string	VARCHAR|VARCHAR			false	true	Returns `true` if `string` begins with `search_string`.	648
system	main	__internal_compress_integral_ubigint	scalar	UBIGINT	col0|col1	HUGEINT|HUGEINT			false	true		330
system	main	__internal_compress_integral_ubigint	scalar	UBIGINT	col0|col1	UHUGEINT|UHUGEINT			false	true		330
system	main	__internal_compress_integral_uinteger	scalar	UINTEGER	col0|col1	BIGINT|BIGINT			false	true		332
system	main	__internal_compress_integral_uinteger	scalar	UINTEGER	col0|col1	HUGEINT|HUGEINT			false	true		332
system	main	__internal_compress_integral_uinteger	scalar	UINTEGER	col0|col1	UBIGINT|UBIGINT			false	true		332
system	main	__internal_compress_integral_uinteger	scalar	UINTEGER	col0|col1	UHUGEINT|UHUGEINT			false	true		332
system	main	__internal_compress_integral_usmallint	scalar	USMALLINT	col0|col1	INTEGER|INTEGER			false	true		334
system	main	__internal_compress_integral_usmallint	scalar	USMALLINT	col0|col1	BIGINT|BIGINT			false	true		334
system	main	__internal_compress_integral_usmallint	scalar	USMALLINT	col0|col1	HUGEINT|HUGEINT			false	true		334
system	main	__internal_compress_integral_usmallint	scalar	USMALLINT	col0|col1	UINTEGER|UINTEGER			false	true		334
system	main	__internal_compress_integral_usmallint	scalar	USMALLINT	col0|col1	UBIGINT|UBIGINT			false	true		334
system	main	__internal_compress_integral_usmallint	scalar	USMALLINT	col0|col1	UHUGEINT|UHUGEINT			false	true		334
system	main	__internal_compress_integral_utinyint	scalar	UTINYINT	col0|col1	SMALLINT|SMALLINT			false	true		336
system	main	__internal_compress_integral_utinyint	scalar	UTINYINT	col0|col1	INTEGER|INTEGER			false	true		336
system	main	__internal_compress_integral_utinyint	scalar	UTINYINT	col0|col1	BIGINT|BIGINT			false	true		336
system	main	__internal_compress_integral_utinyint	scalar	UTINYINT	col0|col1	HUGEINT|HUGEINT			false	true		336
system	main	__internal_compress_integral_utinyint	scalar	UTINYINT	col0|col1	USMALLINT|USMALLINT			false	true		336
system	main	__internal_compress_integral_utinyint	scalar	UTINYINT	col0|col1	UINTEGER|UINTEGER			false	true		336
system	main	__internal_compress_integral_utinyint	scalar	UTINYINT	col0|col1	UBIGINT|UBIGINT			false	true		336
system	main	__internal_compress_integral_utinyint	scalar	UTINYINT	col0|col1	UHUGEINT|UHUGEINT			false	true		336
system	main	__internal_compress_string_hugeint	scalar	HUGEINT	col0	VARCHAR			false	true		338
system	main	__internal_compress_string_ubigint	scalar	UBIGINT	col0	VARCHAR			false	true		340
system	main	__internal_compress_string_uhugeint	scalar	UHUGEINT	col0	VARCHAR			false	true		342
system	main	__internal_compress_string_uinteger	scalar	UINTEGER	col0	VARCHAR			false	true		344
system	main	__internal_compress_string_usmallint	scalar	USMALLINT	col0	VARCHAR			false	true		346
system	main	__internal_compress_string_utinyint	scalar	UTINYINT	col0	VARCHAR			false	true		348
system	main	__internal_decompress_integral_bigint	scalar	BIGINT	col0|col1	UINTEGER|BIGINT			false	true		350
system	main	__internal_decompress_integral_bigint	scalar	BIGINT	col0|col1	USMALLINT|BIGINT			false	true		350
system	main	__internal_decompress_integral_bigint	scalar	BIGINT	col0|col1	UTINYINT|BIGINT			false	true		350
system	main	__internal_decompress_integral_hugeint	scalar	HUGEINT	col0|col1	UTINYINT|HUGEINT			false	true		352
system	main	__internal_decompress_integral_hugeint	scalar	HUGEINT	col0|col1	UBIGINT|HUGEINT			false	true		352
system	main	__internal_decompress_integral_hugeint	scalar	HUGEINT	col0|col1	UINTEGER|HUGEINT			false	true		352
system	main	__internal_decompress_integral_hugeint	scalar	HUGEINT	col0|col1	USMALLINT|HUGEINT			false	true		352
system	main	__internal_decompress_integral_integer	scalar	INTEGER	col0|col1	UTINYINT|INTEGER			false	true		354
system	main	__internal_decompress_integral_integer	scalar	INTEGER	col0|col1	USMALLINT|INTEGER			false	true		354
system	main	__internal_decompress_integral_smallint	scalar	SMALLINT	col0|col1	UTINYINT|SMALLINT			false	true		356
system	main	__internal_decompress_integral_ubigint	scalar	UBIGINT	col0|col1	UTINYINT|UBIGINT			false	true		358
system	main	__internal_decompress_integral_ubigint	scalar	UBIGINT	col0|col1	USMALLINT|UBIGINT			false	true		358
system	main	__internal_decompress_integral_ubigint	scalar	UBIGINT	col0|col1	UINTEGER|UBIGINT			false	true		358
system	main	__internal_decompress_integral_uhugeint	scalar	UHUGEINT	col0|col1	UINTEGER|UHUGEINT			false	true		360
system	main	__internal_decompress_integral_uhugeint	scalar	UHUGEINT	col0|col1	UBIGINT|UHUGEINT			false	true		360
system	main	__internal_decompress_integral_uhugeint	scalar	UHUGEINT	col0|col1	USMALLINT|UHUGEINT			false	true		360
system	main	__internal_decompress_integral_uhugeint	scalar	UHUGEINT	col0|col1	UTINYINT|UHUGEINT			false	true		360
system	main	__internal_decompress_integral_uinteger	scalar	UINTEGER	col0|col1	USMALLINT|UINTEGER			false	true		362
system	main	__internal_decompress_integral_uinteger	scalar	UINTEGER	col0|col1	UTINYINT|UINTEGER			false	true		362
system	main	__internal_decompress_integral_usmallint	scalar	USMALLINT	col0|col1	UTINYINT|USMALLINT			false	true		364
system	main	__internal_decompress_string	scalar	VARCHAR	col0	USMALLINT			false	true		366
system	main	__internal_decompress_string	scalar	VARCHAR	col0	HUGEINT			false	true		366
system	main	__internal_decompress_string	scalar	VARCHAR	col0	UHUGEINT			false	true		366
system	main	__internal_decompress_string	scalar	VARCHAR	col0	UINTEGER			false	true		366
system	main	__internal_decompress_string	scalar	VARCHAR	col0	UTINYINT			false	true		366
system	main	__internal_decompress_string	scalar	VARCHAR	col0	UBIGINT			false	true		366
system	main	abs	scalar	FLOAT	x	FLOAT			false	true	Absolute value	650
system	main	abs	scalar	DOUBLE	x	DOUBLE			false	true	Absolute value	650
system	main	abs	scalar	DECIMAL	x	DECIMAL			false	true	Absolute value	650
system	main	abs	scalar	UTINYINT	x	UTINYINT			false	true	Absolute value	650
system	main	abs	scalar	USMALLINT	x	USMALLINT			false	true	Absolute value	650
system	main	abs	scalar	UINTEGER	x	UINTEGER			false	true	Absolute value	650
system	main	abs	scalar	UBIGINT	x	UBIGINT			false	true	Absolute value	650
system	main	abs	scalar	UHUGEINT	x	UHUGEINT			false	true	Absolute value	650
system	main	abs	scalar	BIGINT	x	BIGINT			false	true	Absolute value	650
system	main	abs	scalar	HUGEINT	x	HUGEINT			false	true	Absolute value	650
system	main	abs	scalar	TINYINT	x	TINYINT			false	true	Absolute value	650
system	main	abs	scalar	SMALLINT	x	SMALLINT			false	true	Absolute value	650
system	main	abs	scalar	INTEGER	x	INTEGER			false	true	Absolute value	650
system	main	acos	scalar	DOUBLE	x	DOUBLE			false	true	Computes the arccosine of x	652
system	main	acosh	scalar	DOUBLE	x	DOUBLE			false	true	Computes the inverse hyperbolic cos of x	654
system	main	add	scalar	TIMESTAMP WITH TIME ZONE	col0|col1	TIME WITH TIME ZONE|DATE			false	true		368
system	main	add	scalar	UBIGINT	col0|col1	UBIGINT|UBIGINT			false	true		368
system	main	add	scalar	ANY[]			ANY[]		false	true		368
system	main	add	scalar	BIGNUM	col0|col1	BIGNUM|BIGNUM			false	true		368
system	main	add	scalar	TIMESTAMP	col0|col1	TIMESTAMP|INTERVAL			false	true		368
system	main	add	scalar	TIMESTAMP	col0|col1	INTERVAL|TIMESTAMP			false	true		368
system	main	add	scalar	TIME WITH TIME ZONE	col0|col1	TIME WITH TIME ZONE|INTERVAL			false	true		368
system	main	add	scalar	TIME WITH TIME ZONE	col0|col1	INTERVAL|TIME WITH TIME ZONE			false	true		368
system	main	add	scalar	TIMESTAMP	col0|col1	TIME|DATE			false	true		368
system	main	add	scalar	TIMESTAMP	col0|col1	DATE|TIME			false	true		368
system	main	add	scalar	TINYINT	col0	TINYINT			false	true		368
system	main	add	scalar	TIMESTAMP WITH TIME ZONE	col0|col1	DATE|TIME WITH TIME ZONE			false	true		368
system	main	add	scalar	SMALLINT	col0	SMALLINT			false	true		368
system	main	add	scalar	SMALLINT	col0|col1	SMALLINT|SMALLINT			false	true		368
system	main	add	scalar	INTEGER	col0	INTEGER			false	true		368
system	main	add	scalar	INTEGER	col0|col1	INTEGER|INTEGER			false	true		368
system	main	add	scalar	BIGINT	col0	BIGINT			false	true		368
system	main	add	scalar	BIGINT	col0|col1	BIGINT|BIGINT			false	true		368
system	main	add	scalar	HUGEINT	col0	HUGEINT			false	true		368
system	main	add	scalar	HUGEINT	col0|col1	HUGEINT|HUGEINT			false	true		368
system	main	add	scalar	FLOAT	col0	FLOAT			false	true		368
system	main	add	scalar	FLOAT	col0|col1	FLOAT|FLOAT			false	true		368
system	main	add	scalar	DOUBLE	col0	DOUBLE			false	true		368
system	main	add	scalar	DOUBLE	col0|col1	DOUBLE|DOUBLE			false	true		368
system	main	add	scalar	DECIMAL	col0	DECIMAL			false	true		368
system	main	add	scalar	DECIMAL	col0|col1	DECIMAL|DECIMAL			false	true		368
system	main	add	scalar	UTINYINT	col0	UTINYINT			false	true		368
system	main	add	scalar	UTINYINT	col0|col1	UTINYINT|UTINYINT			false	true		368
system	main	add	scalar	USMALLINT	col0	USMALLINT			false	true		368
system	main	add	scalar	USMALLINT	col0|col1	USMALLINT|USMALLINT			false	true		368
system	main	add	scalar	UINTEGER	col0	UINTEGER			false	true		368
system	main	add	scalar	UINTEGER	col0|col1	UINTEGER|UINTEGER			false	true		368
system	main	add	scalar	UBIGINT	col0	UBIGINT			false	true		368
system	main	add	scalar	TIME	col0|col1	INTERVAL|TIME			false	true		368
system	main	add	scalar	UHUGEINT	col0	UHUGEINT			false	true		368
system	main	add	scalar	UHUGEINT	col0|col1	UHUGEINT|UHUGEINT			false	true		368
system	main	add	scalar	DATE	col0|col1	DATE|INTEGER			false	true		368
system	main	add	scalar	DATE	col0|col1	INTEGER|DATE			false	true		368
system	main	add	scalar	INTERVAL	col0|col1	INTERVAL|INTERVAL			false	true		368
system	main	add	scalar	TIMESTAMP	col0|col1	DATE|INTERVAL			false	true		368
system	main	add	scalar	TIMESTAMP	col0|col1	INTERVAL|DATE			false	true		368
system	main	add	scalar	TIME	col0|col1	TIME|INTERVAL			false	true		368
system	main	add	scalar	TINYINT	col0|col1	TINYINT|TINYINT			false	true		368
system	main	add_parquet_key	pragma		col0|col1	VARCHAR|VARCHAR				true		1336
system	main	age	scalar	INTERVAL	timestamp	TIMESTAMP			false	true	Subtract arguments, resulting in the time difference between the two timestamps	1892
system	main	age	scalar	INTERVAL	timestamp|timestamp	TIMESTAMP|TIMESTAMP			false	true	Subtract arguments, resulting in the time difference between the two timestamps	1892
system	main	age	scalar	INTERVAL	timestamp	TIMESTAMP WITH TIME ZONE			false	true	Subtract arguments, resulting in the time difference between the two timestamps	1892
system	main	age	scalar	INTERVAL	timestamp|timestamp	TIMESTAMP WITH TIME ZONE|TIMESTAMP WITH TIME ZONE			false	true	Subtract arguments, resulting in the time difference between the two timestamps	1892
system	main	aggregate	scalar	ANY	list|function_name	ANY[]|VARCHAR	ANY		false	true	Executes the aggregate function `function_name` on the elements of `list`.	657
system	main	ago	macro		i			(current_timestamp - CAST(i AS INTERVAL))		true		2109
system	main	alias	scalar	VARCHAR	expr	ANY			false	true	Returns the name of a given expression	659
system	main	all_profiling_output	pragma							true		166
system	main	any_value	aggregate	DECIMAL	arg	DECIMAL			false	true	Returns the first non-NULL value from arg. This function is affected by ordering.	370
system	main	any_value	aggregate	ANY	arg	ANY			false	true	Returns the first non-NULL value from arg. This function is affected by ordering.	370
system	main	apply	scalar	ANY[]	list|lambda(x)	ANY[]|LAMBDA			false	true	Returns a list that is the result of applying the `lambda` function to each element of the input `list`. The return type is defined by the return type of the `lambda` function.	661
system	main	approx_count_distinct	aggregate	BIGINT	any	ANY			false	true	Computes the approximate count of distinct elements using HyperLogLog.	663
system	main	approx_quantile	aggregate	DECIMAL[]	x|pos	DECIMAL|FLOAT[]			false	true	Computes the approximate quantile using T-Digest.	665
system	main	approx_quantile	aggregate	TIMESTAMP WITH TIME ZONE[]	x|pos	TIMESTAMP WITH TIME ZONE|FLOAT[]			false	true	Computes the approximate quantile using T-Digest.	665
system	main	approx_quantile	aggregate	BIGINT	x|pos	BIGINT|FLOAT			false	true	Computes the approximate quantile using T-Digest.	665
system	main	approx_quantile	aggregate	HUGEINT	x|pos	HUGEINT|FLOAT			false	true	Computes the approximate quantile using T-Digest.	665
system	main	approx_quantile	aggregate	DOUBLE	x|pos	DOUBLE|FLOAT			false	true	Computes the approximate quantile using T-Digest.	665
system	main	approx_quantile	aggregate	DATE	x|pos	DATE|FLOAT			false	true	Computes the approximate quantile using T-Digest.	665
system	main	approx_quantile	aggregate	TIME	x|pos	TIME|FLOAT			false	true	Computes the approximate quantile using T-Digest.	665
system	main	approx_quantile	aggregate	INTEGER	x|pos	INTEGER|FLOAT			false	true	Computes the approximate quantile using T-Digest.	665
system	main	approx_quantile	aggregate	SMALLINT	x|pos	SMALLINT|FLOAT			false	true	Computes the approximate quantile using T-Digest.	665
system	main	approx_quantile	aggregate	TIMESTAMP	x|pos	TIMESTAMP|FLOAT			false	true	Computes the approximate quantile using T-Digest.	665
system	main	approx_quantile	aggregate	TIMESTAMP WITH TIME ZONE	x|pos	TIMESTAMP WITH TIME ZONE|FLOAT			false	true	Computes the approximate quantile using T-Digest.	665
system	main	approx_quantile	aggregate	DECIMAL	x|pos	DECIMAL|FLOAT			false	true	Computes the approximate quantile using T-Digest.	665
system	main	approx_quantile	aggregate	TINYINT[]	x|pos	TINYINT|FLOAT[]			false	true	Computes the approximate quantile using T-Digest.	665
system	main	approx_quantile	aggregate	SMALLINT[]	x|pos	SMALLINT|FLOAT[]			false	true	Computes the approximate quantile using T-Digest.	665
system	main	approx_quantile	aggregate	INTEGER[]	x|pos	INTEGER|FLOAT[]			false	true	Computes the approximate quantile using T-Digest.	665
system	main	approx_quantile	aggregate	BIGINT[]	x|pos	BIGINT|FLOAT[]			false	true	Computes the approximate quantile using T-Digest.	665
system	main	approx_quantile	aggregate	HUGEINT[]	x|pos	HUGEINT|FLOAT[]			false	true	Computes the approximate quantile using T-Digest.	665
system	main	approx_quantile	aggregate	FLOAT[]	x|pos	FLOAT|FLOAT[]			false	true	Computes the approximate quantile using T-Digest.	665
system	main	approx_quantile	aggregate	DOUBLE[]	x|pos	DOUBLE|FLOAT[]			false	true	Computes the approximate quantile using T-Digest.	665
system	main	approx_quantile	aggregate	DATE[]	x|pos	DATE|FLOAT[]			false	true	Computes the approximate quantile using T-Digest.	665
system	main	approx_quantile	aggregate	TIME[]	x|pos	TIME|FLOAT[]			false	true	Computes the approximate quantile using T-Digest.	665
system	main	approx_quantile	aggregate	TIME WITH TIME ZONE[]	x|pos	TIME WITH TIME ZONE|FLOAT[]			false	true	Computes the approximate quantile using T-Digest.	665
system	main	approx_quantile	aggregate	TIMESTAMP[]	x|pos	TIMESTAMP|FLOAT[]			false	true	Computes the approximate quantile using T-Digest.	665
system	main	approx_quantile	aggregate	TIME WITH TIME ZONE	x|pos	TIME WITH TIME ZONE|FLOAT			false	true	Computes the approximate quantile using T-Digest.	665
system	main	approx_top_k	aggregate	ANY[]	val|k	ANY|BIGINT			false	true	Finds the k approximately most occurring values in the data set	667
system	main	arbitrary	aggregate	DECIMAL	arg	DECIMAL			false	true	Returns the first value (NULL or non-NULL) from arg. This function is affected by ordering.	372
system	main	arbitrary	aggregate	ANY	arg	ANY			false	true	Returns the first value (NULL or non-NULL) from arg. This function is affected by ordering.	372
system	main	arg_max	aggregate	ANY	arg|val	ANY|TIMESTAMP			false	true	Finds the row with the maximum val. Calculates the non-NULL arg expression at that row.	669
system	main	arg_max	aggregate	ANY[]	arg|val|col2	ANY|ANY|BIGINT			false	true	Finds the row with the maximum val. Calculates the non-NULL arg expression at that row.	669
system	main	arg_max	aggregate	BLOB	arg|val	BLOB|HUGEINT			false	true	Finds the row with the maximum val. Calculates the non-NULL arg expression at that row.	669
system	main	arg_max	aggregate	BLOB	arg|val	BLOB|DATE			false	true	Finds the row with the maximum val. Calculates the non-NULL arg expression at that row.	669
system	main	arg_max	aggregate	BLOB	arg|val	BLOB|VARCHAR			false	true	Finds the row with the maximum val. Calculates the non-NULL arg expression at that row.	669
system	main	arg_max	aggregate	TIMESTAMP WITH TIME ZONE	arg|val	TIMESTAMP WITH TIME ZONE|BLOB			false	true	Finds the row with the maximum val. Calculates the non-NULL arg expression at that row.	669
system	main	arg_max	aggregate	TIMESTAMP WITH TIME ZONE	arg|val	TIMESTAMP WITH TIME ZONE|TIMESTAMP WITH TIME ZONE			false	true	Finds the row with the maximum val. Calculates the non-NULL arg expression at that row.	669
system	main	arg_max	aggregate	ANY	arg|val	ANY|TIMESTAMP WITH TIME ZONE			false	true	Finds the row with the maximum val. Calculates the non-NULL arg expression at that row.	669
system	main	arg_max	aggregate	ANY	arg|val	ANY|BLOB			false	true	Finds the row with the maximum val. Calculates the non-NULL arg expression at that row.	669
system	main	arg_max	aggregate	ANY	arg|val	ANY|ANY			false	true	Finds the row with the maximum val. Calculates the non-NULL arg expression at that row.	669
system	main	arg_max	aggregate	DECIMAL	arg|val	DECIMAL|TIMESTAMP WITH TIME ZONE			false	true	Finds the row with the maximum val. Calculates the non-NULL arg expression at that row.	669
system	main	arg_max	aggregate	DECIMAL	arg|val	DECIMAL|BLOB			false	true	Finds the row with the maximum val. Calculates the non-NULL arg expression at that row.	669
system	main	arg_max	aggregate	ANY	arg|val	ANY|INTEGER			false	true	Finds the row with the maximum val. Calculates the non-NULL arg expression at that row.	669
system	main	arg_max	aggregate	ANY	arg|val	ANY|BIGINT			false	true	Finds the row with the maximum val. Calculates the non-NULL arg expression at that row.	669
system	main	arg_max	aggregate	ANY	arg|val	ANY|HUGEINT			false	true	Finds the row with the maximum val. Calculates the non-NULL arg expression at that row.	669
system	main	arg_max	aggregate	ANY	arg|val	ANY|DOUBLE			false	true	Finds the row with the maximum val. Calculates the non-NULL arg expression at that row.	669
system	main	arg_max	aggregate	ANY	arg|val	ANY|VARCHAR			false	true	Finds the row with the maximum val. Calculates the non-NULL arg expression at that row.	669
system	main	arg_max	aggregate	ANY	arg|val	ANY|DATE			false	true	Finds the row with the maximum val. Calculates the non-NULL arg expression at that row.	669
system	main	arg_max	aggregate	TIMESTAMP WITH TIME ZONE	arg|val	TIMESTAMP WITH TIME ZONE|DOUBLE			false	true	Finds the row with the maximum val. Calculates the non-NULL arg expression at that row.	669
system	main	arg_max	aggregate	DECIMAL	arg|val	DECIMAL|DOUBLE			false	true	Finds the row with the maximum val. Calculates the non-NULL arg expression at that row.	669
system	main	arg_max	aggregate	TIMESTAMP	arg|val	TIMESTAMP|TIMESTAMP			false	true	Finds the row with the maximum val. Calculates the non-NULL arg expression at that row.	669
system	main	arg_max	aggregate	DECIMAL	arg|val	DECIMAL|DATE			false	true	Finds the row with the maximum val. Calculates the non-NULL arg expression at that row.	669
system	main	arg_max	aggregate	DECIMAL	arg|val	DECIMAL|TIMESTAMP			false	true	Finds the row with the maximum val. Calculates the non-NULL arg expression at that row.	669
system	main	arg_max	aggregate	INTEGER	arg|val	INTEGER|TIMESTAMP			false	true	Finds the row with the maximum val. Calculates the non-NULL arg expression at that row.	669
system	main	arg_max	aggregate	INTEGER	arg|val	INTEGER|TIMESTAMP WITH TIME ZONE			false	true	Finds the row with the maximum val. Calculates the non-NULL arg expression at that row.	669
system	main	arg_max	aggregate	INTEGER	arg|val	INTEGER|BLOB			false	true	Finds the row with the maximum val. Calculates the non-NULL arg expression at that row.	669
system	main	arg_max	aggregate	BIGINT	arg|val	BIGINT|INTEGER			false	true	Finds the row with the maximum val. Calculates the non-NULL arg expression at that row.	669
system	main	arg_max	aggregate	TIMESTAMP WITH TIME ZONE	arg|val	TIMESTAMP WITH TIME ZONE|VARCHAR			false	true	Finds the row with the maximum val. Calculates the non-NULL arg expression at that row.	669
system	main	arg_max	aggregate	TIMESTAMP WITH TIME ZONE	arg|val	TIMESTAMP WITH TIME ZONE|DATE			false	true	Finds the row with the maximum val. Calculates the non-NULL arg expression at that row.	669
system	main	arg_max	aggregate	TIMESTAMP WITH TIME ZONE	arg|val	TIMESTAMP WITH TIME ZONE|TIMESTAMP			false	true	Finds the row with the maximum val. Calculates the non-NULL arg expression at that row.	669
system	main	arg_max	aggregate	BLOB	arg|val	BLOB|TIMESTAMP			false	true	Finds the row with the maximum val. Calculates the non-NULL arg expression at that row.	669
system	main	arg_max	aggregate	DECIMAL	arg|val	DECIMAL|HUGEINT			false	true	Finds the row with the maximum val. Calculates the non-NULL arg expression at that row.	669
system	main	arg_max	aggregate	BLOB	arg|val	BLOB|TIMESTAMP WITH TIME ZONE			false	true	Finds the row with the maximum val. Calculates the non-NULL arg expression at that row.	669
system	main	arg_max	aggregate	DECIMAL	arg|val	DECIMAL|VARCHAR			false	true	Finds the row with the maximum val. Calculates the non-NULL arg expression at that row.	669
system	main	arg_max	aggregate	DECIMAL	arg|val	DECIMAL|INTEGER			false	true	Finds the row with the maximum val. Calculates the non-NULL arg expression at that row.	669
system	main	arg_max	aggregate	DECIMAL	arg|val	DECIMAL|BIGINT			false	true	Finds the row with the maximum val. Calculates the non-NULL arg expression at that row.	669
system	main	arg_max	aggregate	BLOB	arg|val	BLOB|INTEGER			false	true	Finds the row with the maximum val. Calculates the non-NULL arg expression at that row.	669
system	main	arg_max	aggregate	BLOB	arg|val	BLOB|BIGINT			false	true	Finds the row with the maximum val. Calculates the non-NULL arg expression at that row.	669
system	main	arg_max	aggregate	TIMESTAMP WITH TIME ZONE	arg|val	TIMESTAMP WITH TIME ZONE|HUGEINT			false	true	Finds the row with the maximum val. Calculates the non-NULL arg expression at that row.	669
system	main	arg_max	aggregate	TIMESTAMP WITH TIME ZONE	arg|val	TIMESTAMP WITH TIME ZONE|BIGINT			false	true	Finds the row with the maximum val. Calculates the non-NULL arg expression at that row.	669
system	main	arg_max	aggregate	TIMESTAMP WITH TIME ZONE	arg|val	TIMESTAMP WITH TIME ZONE|INTEGER			false	true	Finds the row with the maximum val. Calculates the non-NULL arg expression at that row.	669
system	main	arg_max	aggregate	TIMESTAMP	arg|val	TIMESTAMP|BLOB			false	true	Finds the row with the maximum val. Calculates the non-NULL arg expression at that row.	669
system	main	arg_max	aggregate	BLOB	arg|val	BLOB|DOUBLE			false	true	Finds the row with the maximum val. Calculates the non-NULL arg expression at that row.	669
system	main	arg_max	aggregate	TIMESTAMP	arg|val	TIMESTAMP|TIMESTAMP WITH TIME ZONE			false	true	Finds the row with the maximum val. Calculates the non-NULL arg expression at that row.	669
system	main	arg_max	aggregate	TIMESTAMP	arg|val	TIMESTAMP|BIGINT			false	true	Finds the row with the maximum val. Calculates the non-NULL arg expression at that row.	669
system	main	arg_max	aggregate	TIMESTAMP	arg|val	TIMESTAMP|HUGEINT			false	true	Finds the row with the maximum val. Calculates the non-NULL arg expression at that row.	669
system	main	arg_max	aggregate	TIMESTAMP	arg|val	TIMESTAMP|DOUBLE			false	true	Finds the row with the maximum val. Calculates the non-NULL arg expression at that row.	669
system	main	arg_max	aggregate	TIMESTAMP	arg|val	TIMESTAMP|VARCHAR			false	true	Finds the row with the maximum val. Calculates the non-NULL arg expression at that row.	669
system	main	arg_max	aggregate	TIMESTAMP	arg|val	TIMESTAMP|DATE			false	true	Finds the row with the maximum val. Calculates the non-NULL arg expression at that row.	669
system	main	arg_max	aggregate	BLOB	arg|val	BLOB|BLOB			false	true	Finds the row with the maximum val. Calculates the non-NULL arg expression at that row.	669
system	main	arg_max	aggregate	INTEGER	arg|val	INTEGER|INTEGER			false	true	Finds the row with the maximum val. Calculates the non-NULL arg expression at that row.	669
system	main	arg_max	aggregate	INTEGER	arg|val	INTEGER|BIGINT			false	true	Finds the row with the maximum val. Calculates the non-NULL arg expression at that row.	669
system	main	arg_max	aggregate	INTEGER	arg|val	INTEGER|HUGEINT			false	true	Finds the row with the maximum val. Calculates the non-NULL arg expression at that row.	669
system	main	arg_max	aggregate	INTEGER	arg|val	INTEGER|DOUBLE			false	true	Finds the row with the maximum val. Calculates the non-NULL arg expression at that row.	669
system	main	arg_max	aggregate	INTEGER	arg|val	INTEGER|VARCHAR			false	true	Finds the row with the maximum val. Calculates the non-NULL arg expression at that row.	669
system	main	arg_max	aggregate	INTEGER	arg|val	INTEGER|DATE			false	true	Finds the row with the maximum val. Calculates the non-NULL arg expression at that row.	669
system	main	arg_max	aggregate	BIGINT	arg|val	BIGINT|BIGINT			false	true	Finds the row with the maximum val. Calculates the non-NULL arg expression at that row.	669
system	main	arg_max	aggregate	BIGINT	arg|val	BIGINT|HUGEINT			false	true	Finds the row with the maximum val. Calculates the non-NULL arg expression at that row.	669
system	main	arg_max	aggregate	BIGINT	arg|val	BIGINT|DOUBLE			false	true	Finds the row with the maximum val. Calculates the non-NULL arg expression at that row.	669
system	main	arg_max	aggregate	BIGINT	arg|val	BIGINT|VARCHAR			false	true	Finds the row with the maximum val. Calculates the non-NULL arg expression at that row.	669
system	main	arg_max	aggregate	BIGINT	arg|val	BIGINT|DATE			false	true	Finds the row with the maximum val. Calculates the non-NULL arg expression at that row.	669
system	main	arg_max	aggregate	BIGINT	arg|val	BIGINT|TIMESTAMP			false	true	Finds the row with the maximum val. Calculates the non-NULL arg expression at that row.	669
system	main	arg_max	aggregate	BIGINT	arg|val	BIGINT|TIMESTAMP WITH TIME ZONE			false	true	Finds the row with the maximum val. Calculates the non-NULL arg expression at that row.	669
system	main	arg_max	aggregate	BIGINT	arg|val	BIGINT|BLOB			false	true	Finds the row with the maximum val. Calculates the non-NULL arg expression at that row.	669
system	main	arg_max	aggregate	DOUBLE	arg|val	DOUBLE|INTEGER			false	true	Finds the row with the maximum val. Calculates the non-NULL arg expression at that row.	669
system	main	arg_max	aggregate	DOUBLE	arg|val	DOUBLE|BIGINT			false	true	Finds the row with the maximum val. Calculates the non-NULL arg expression at that row.	669
system	main	arg_max	aggregate	DOUBLE	arg|val	DOUBLE|HUGEINT			false	true	Finds the row with the maximum val. Calculates the non-NULL arg expression at that row.	669
system	main	arg_max	aggregate	DOUBLE	arg|val	DOUBLE|DOUBLE			false	true	Finds the row with the maximum val. Calculates the non-NULL arg expression at that row.	669
system	main	arg_max	aggregate	DOUBLE	arg|val	DOUBLE|VARCHAR			false	true	Finds the row with the maximum val. Calculates the non-NULL arg expression at that row.	669
system	main	arg_max	aggregate	DOUBLE	arg|val	DOUBLE|DATE			false	true	Finds the row with the maximum val. Calculates the non-NULL arg expression at that row.	669
system	main	arg_max	aggregate	DOUBLE	arg|val	DOUBLE|TIMESTAMP			false	true	Finds the row with the maximum val. Calculates the non-NULL arg expression at that row.	669
system	main	arg_max	aggregate	DOUBLE	arg|val	DOUBLE|TIMESTAMP WITH TIME ZONE			false	true	Finds the row with the maximum val. Calculates the non-NULL arg expression at that row.	669
system	main	arg_max	aggregate	DOUBLE	arg|val	DOUBLE|BLOB			false	true	Finds the row with the maximum val. Calculates the non-NULL arg expression at that row.	669
system	main	arg_max	aggregate	VARCHAR	arg|val	VARCHAR|INTEGER			false	true	Finds the row with the maximum val. Calculates the non-NULL arg expression at that row.	669
system	main	arg_max	aggregate	VARCHAR	arg|val	VARCHAR|BIGINT			false	true	Finds the row with the maximum val. Calculates the non-NULL arg expression at that row.	669
system	main	arg_max	aggregate	VARCHAR	arg|val	VARCHAR|HUGEINT			false	true	Finds the row with the maximum val. Calculates the non-NULL arg expression at that row.	669
system	main	arg_max	aggregate	VARCHAR	arg|val	VARCHAR|DOUBLE			false	true	Finds the row with the maximum val. Calculates the non-NULL arg expression at that row.	669
system	main	arg_max	aggregate	VARCHAR	arg|val	VARCHAR|VARCHAR			false	true	Finds the row with the maximum val. Calculates the non-NULL arg expression at that row.	669
system	main	arg_max	aggregate	VARCHAR	arg|val	VARCHAR|DATE			false	true	Finds the row with the maximum val. Calculates the non-NULL arg expression at that row.	669
system	main	arg_max	aggregate	VARCHAR	arg|val	VARCHAR|TIMESTAMP			false	true	Finds the row with the maximum val. Calculates the non-NULL arg expression at that row.	669
system	main	arg_max	aggregate	VARCHAR	arg|val	VARCHAR|TIMESTAMP WITH TIME ZONE			false	true	Finds the row with the maximum val. Calculates the non-NULL arg expression at that row.	669
system	main	arg_max	aggregate	VARCHAR	arg|val	VARCHAR|BLOB			false	true	Finds the row with the maximum val. Calculates the non-NULL arg expression at that row.	669
system	main	arg_max	aggregate	DATE	arg|val	DATE|INTEGER			false	true	Finds the row with the maximum val. Calculates the non-NULL arg expression at that row.	669
system	main	arg_max	aggregate	DATE	arg|val	DATE|BIGINT			false	true	Finds the row with the maximum val. Calculates the non-NULL arg expression at that row.	669
system	main	arg_max	aggregate	DATE	arg|val	DATE|HUGEINT			false	true	Finds the row with the maximum val. Calculates the non-NULL arg expression at that row.	669
system	main	arg_max	aggregate	DATE	arg|val	DATE|DOUBLE			false	true	Finds the row with the maximum val. Calculates the non-NULL arg expression at that row.	669
system	main	arg_max	aggregate	DATE	arg|val	DATE|VARCHAR			false	true	Finds the row with the maximum val. Calculates the non-NULL arg expression at that row.	669
system	main	arg_max	aggregate	DATE	arg|val	DATE|DATE			false	true	Finds the row with the maximum val. Calculates the non-NULL arg expression at that row.	669
system	main	arg_max	aggregate	DATE	arg|val	DATE|TIMESTAMP			false	true	Finds the row with the maximum val. Calculates the non-NULL arg expression at that row.	669
system	main	arg_max	aggregate	DATE	arg|val	DATE|TIMESTAMP WITH TIME ZONE			false	true	Finds the row with the maximum val. Calculates the non-NULL arg expression at that row.	669
system	main	arg_max	aggregate	DATE	arg|val	DATE|BLOB			false	true	Finds the row with the maximum val. Calculates the non-NULL arg expression at that row.	669
system	main	arg_max	aggregate	TIMESTAMP	arg|val	TIMESTAMP|INTEGER			false	true	Finds the row with the maximum val. Calculates the non-NULL arg expression at that row.	669
system	main	arg_max_null	aggregate	DOUBLE	arg|val	DOUBLE|DOUBLE			false	true	Finds the row with the maximum val. Calculates the arg expression at that row.	671
system	main	arg_max_null	aggregate	DOUBLE	arg|val	DOUBLE|BIGINT			false	true	Finds the row with the maximum val. Calculates the arg expression at that row.	671
system	main	arg_max_null	aggregate	INTEGER	arg|val	INTEGER|TIMESTAMP			false	true	Finds the row with the maximum val. Calculates the arg expression at that row.	671
system	main	arg_max_null	aggregate	INTEGER	arg|val	INTEGER|TIMESTAMP WITH TIME ZONE			false	true	Finds the row with the maximum val. Calculates the arg expression at that row.	671
system	main	arg_max_null	aggregate	DATE	arg|val	DATE|BIGINT			false	true	Finds the row with the maximum val. Calculates the arg expression at that row.	671
system	main	arg_max_null	aggregate	DATE	arg|val	DATE|HUGEINT			false	true	Finds the row with the maximum val. Calculates the arg expression at that row.	671
system	main	arg_max_null	aggregate	DATE	arg|val	DATE|DOUBLE			false	true	Finds the row with the maximum val. Calculates the arg expression at that row.	671
system	main	arg_max_null	aggregate	DATE	arg|val	DATE|VARCHAR			false	true	Finds the row with the maximum val. Calculates the arg expression at that row.	671
system	main	arg_max_null	aggregate	DATE	arg|val	DATE|DATE			false	true	Finds the row with the maximum val. Calculates the arg expression at that row.	671
system	main	arg_max_null	aggregate	BIGINT	arg|val	BIGINT|DOUBLE			false	true	Finds the row with the maximum val. Calculates the arg expression at that row.	671
system	main	arg_max_null	aggregate	BIGINT	arg|val	BIGINT|DATE			false	true	Finds the row with the maximum val. Calculates the arg expression at that row.	671
system	main	arg_max_null	aggregate	DATE	arg|val	DATE|TIMESTAMP			false	true	Finds the row with the maximum val. Calculates the arg expression at that row.	671
system	main	arg_max_null	aggregate	DATE	arg|val	DATE|INTEGER			false	true	Finds the row with the maximum val. Calculates the arg expression at that row.	671
system	main	arg_max_null	aggregate	DATE	arg|val	DATE|TIMESTAMP WITH TIME ZONE			false	true	Finds the row with the maximum val. Calculates the arg expression at that row.	671
system	main	arg_max_null	aggregate	BIGINT	arg|val	BIGINT|HUGEINT			false	true	Finds the row with the maximum val. Calculates the arg expression at that row.	671
system	main	arg_max_null	aggregate	DATE	arg|val	DATE|BLOB			false	true	Finds the row with the maximum val. Calculates the arg expression at that row.	671
system	main	arg_max_null	aggregate	TIMESTAMP	arg|val	TIMESTAMP|INTEGER			false	true	Finds the row with the maximum val. Calculates the arg expression at that row.	671
system	main	arg_max_null	aggregate	TIMESTAMP	arg|val	TIMESTAMP|BIGINT			false	true	Finds the row with the maximum val. Calculates the arg expression at that row.	671
system	main	arg_max_null	aggregate	TIMESTAMP	arg|val	TIMESTAMP|HUGEINT			false	true	Finds the row with the maximum val. Calculates the arg expression at that row.	671
system	main	arg_max_null	aggregate	BIGINT	arg|val	BIGINT|BIGINT			false	true	Finds the row with the maximum val. Calculates the arg expression at that row.	671
system	main	arg_max_null	aggregate	TIMESTAMP	arg|val	TIMESTAMP|DOUBLE			false	true	Finds the row with the maximum val. Calculates the arg expression at that row.	671
system	main	arg_max_null	aggregate	BIGINT	arg|val	BIGINT|BLOB			false	true	Finds the row with the maximum val. Calculates the arg expression at that row.	671
system	main	arg_max_null	aggregate	BIGINT	arg|val	BIGINT|TIMESTAMP WITH TIME ZONE			false	true	Finds the row with the maximum val. Calculates the arg expression at that row.	671
system	main	arg_max_null	aggregate	TIMESTAMP	arg|val	TIMESTAMP|VARCHAR			false	true	Finds the row with the maximum val. Calculates the arg expression at that row.	671
system	main	arg_max_null	aggregate	TIMESTAMP	arg|val	TIMESTAMP|DATE			false	true	Finds the row with the maximum val. Calculates the arg expression at that row.	671
system	main	arg_max_null	aggregate	BIGINT	arg|val	BIGINT|TIMESTAMP			false	true	Finds the row with the maximum val. Calculates the arg expression at that row.	671
system	main	arg_max_null	aggregate	BIGINT	arg|val	BIGINT|VARCHAR			false	true	Finds the row with the maximum val. Calculates the arg expression at that row.	671
system	main	arg_max_null	aggregate	INTEGER	arg|val	INTEGER|INTEGER			false	true	Finds the row with the maximum val. Calculates the arg expression at that row.	671
system	main	arg_max_null	aggregate	INTEGER	arg|val	INTEGER|BIGINT			false	true	Finds the row with the maximum val. Calculates the arg expression at that row.	671
system	main	arg_max_null	aggregate	INTEGER	arg|val	INTEGER|HUGEINT			false	true	Finds the row with the maximum val. Calculates the arg expression at that row.	671
system	main	arg_max_null	aggregate	TIMESTAMP	arg|val	TIMESTAMP|TIMESTAMP			false	true	Finds the row with the maximum val. Calculates the arg expression at that row.	671
system	main	arg_max_null	aggregate	TIMESTAMP	arg|val	TIMESTAMP|TIMESTAMP WITH TIME ZONE			false	true	Finds the row with the maximum val. Calculates the arg expression at that row.	671
system	main	arg_max_null	aggregate	TIMESTAMP	arg|val	TIMESTAMP|BLOB			false	true	Finds the row with the maximum val. Calculates the arg expression at that row.	671
system	main	arg_max_null	aggregate	TIMESTAMP WITH TIME ZONE	arg|val	TIMESTAMP WITH TIME ZONE|INTEGER			false	true	Finds the row with the maximum val. Calculates the arg expression at that row.	671
system	main	arg_max_null	aggregate	TIMESTAMP WITH TIME ZONE	arg|val	TIMESTAMP WITH TIME ZONE|BIGINT			false	true	Finds the row with the maximum val. Calculates the arg expression at that row.	671
system	main	arg_max_null	aggregate	TIMESTAMP WITH TIME ZONE	arg|val	TIMESTAMP WITH TIME ZONE|HUGEINT			false	true	Finds the row with the maximum val. Calculates the arg expression at that row.	671
system	main	arg_max_null	aggregate	TIMESTAMP WITH TIME ZONE	arg|val	TIMESTAMP WITH TIME ZONE|DOUBLE			false	true	Finds the row with the maximum val. Calculates the arg expression at that row.	671
system	main	arg_max_null	aggregate	INTEGER	arg|val	INTEGER|DOUBLE			false	true	Finds the row with the maximum val. Calculates the arg expression at that row.	671
system	main	arg_max_null	aggregate	INTEGER	arg|val	INTEGER|VARCHAR			false	true	Finds the row with the maximum val. Calculates the arg expression at that row.	671
system	main	arg_max_null	aggregate	DOUBLE	arg|val	DOUBLE|INTEGER			false	true	Finds the row with the maximum val. Calculates the arg expression at that row.	671
system	main	arg_max_null	aggregate	INTEGER	arg|val	INTEGER|DATE			false	true	Finds the row with the maximum val. Calculates the arg expression at that row.	671
system	main	arg_max_null	aggregate	TIMESTAMP WITH TIME ZONE	arg|val	TIMESTAMP WITH TIME ZONE|VARCHAR			false	true	Finds the row with the maximum val. Calculates the arg expression at that row.	671
system	main	arg_max_null	aggregate	TIMESTAMP WITH TIME ZONE	arg|val	TIMESTAMP WITH TIME ZONE|DATE			false	true	Finds the row with the maximum val. Calculates the arg expression at that row.	671
system	main	arg_max_null	aggregate	TIMESTAMP WITH TIME ZONE	arg|val	TIMESTAMP WITH TIME ZONE|TIMESTAMP			false	true	Finds the row with the maximum val. Calculates the arg expression at that row.	671
system	main	arg_max_null	aggregate	TIMESTAMP WITH TIME ZONE	arg|val	TIMESTAMP WITH TIME ZONE|TIMESTAMP WITH TIME ZONE			false	true	Finds the row with the maximum val. Calculates the arg expression at that row.	671
system	main	arg_max_null	aggregate	TIMESTAMP WITH TIME ZONE	arg|val	TIMESTAMP WITH TIME ZONE|BLOB			false	true	Finds the row with the maximum val. Calculates the arg expression at that row.	671
system	main	arg_max_null	aggregate	BLOB	arg|val	BLOB|INTEGER			false	true	Finds the row with the maximum val. Calculates the arg expression at that row.	671
system	main	arg_max_null	aggregate	BLOB	arg|val	BLOB|BIGINT			false	true	Finds the row with the maximum val. Calculates the arg expression at that row.	671
system	main	arg_max_null	aggregate	BLOB	arg|val	BLOB|HUGEINT			false	true	Finds the row with the maximum val. Calculates the arg expression at that row.	671
system	main	arg_max_null	aggregate	BLOB	arg|val	BLOB|DOUBLE			false	true	Finds the row with the maximum val. Calculates the arg expression at that row.	671
system	main	arg_max_null	aggregate	BLOB	arg|val	BLOB|VARCHAR			false	true	Finds the row with the maximum val. Calculates the arg expression at that row.	671
system	main	arg_max_null	aggregate	BLOB	arg|val	BLOB|DATE			false	true	Finds the row with the maximum val. Calculates the arg expression at that row.	671
system	main	arg_max_null	aggregate	BLOB	arg|val	BLOB|TIMESTAMP			false	true	Finds the row with the maximum val. Calculates the arg expression at that row.	671
system	main	arg_max_null	aggregate	BLOB	arg|val	BLOB|TIMESTAMP WITH TIME ZONE			false	true	Finds the row with the maximum val. Calculates the arg expression at that row.	671
system	main	arg_max_null	aggregate	BLOB	arg|val	BLOB|BLOB			false	true	Finds the row with the maximum val. Calculates the arg expression at that row.	671
system	main	arg_max_null	aggregate	DECIMAL	arg|val	DECIMAL|INTEGER			false	true	Finds the row with the maximum val. Calculates the arg expression at that row.	671
system	main	arg_max_null	aggregate	DECIMAL	arg|val	DECIMAL|BIGINT			false	true	Finds the row with the maximum val. Calculates the arg expression at that row.	671
system	main	arg_max_null	aggregate	DECIMAL	arg|val	DECIMAL|HUGEINT			false	true	Finds the row with the maximum val. Calculates the arg expression at that row.	671
system	main	arg_max_null	aggregate	DECIMAL	arg|val	DECIMAL|DOUBLE			false	true	Finds the row with the maximum val. Calculates the arg expression at that row.	671
system	main	arg_max_null	aggregate	DECIMAL	arg|val	DECIMAL|VARCHAR			false	true	Finds the row with the maximum val. Calculates the arg expression at that row.	671
system	main	arg_max_null	aggregate	DECIMAL	arg|val	DECIMAL|DATE			false	true	Finds the row with the maximum val. Calculates the arg expression at that row.	671
system	main	arg_max_null	aggregate	DECIMAL	arg|val	DECIMAL|TIMESTAMP			false	true	Finds the row with the maximum val. Calculates the arg expression at that row.	671
system	main	arg_max_null	aggregate	DECIMAL	arg|val	DECIMAL|TIMESTAMP WITH TIME ZONE			false	true	Finds the row with the maximum val. Calculates the arg expression at that row.	671
system	main	arg_max_null	aggregate	DECIMAL	arg|val	DECIMAL|BLOB			false	true	Finds the row with the maximum val. Calculates the arg expression at that row.	671
system	main	arg_max_null	aggregate	ANY	arg|val	ANY|INTEGER			false	true	Finds the row with the maximum val. Calculates the arg expression at that row.	671
system	main	arg_max_null	aggregate	ANY	arg|val	ANY|BIGINT			false	true	Finds the row with the maximum val. Calculates the arg expression at that row.	671
system	main	arg_max_null	aggregate	ANY	arg|val	ANY|VARCHAR			false	true	Finds the row with the maximum val. Calculates the arg expression at that row.	671
system	main	arg_max_null	aggregate	ANY	arg|val	ANY|TIMESTAMP WITH TIME ZONE			false	true	Finds the row with the maximum val. Calculates the arg expression at that row.	671
system	main	arg_max_null	aggregate	BIGINT	arg|val	BIGINT|INTEGER			false	true	Finds the row with the maximum val. Calculates the arg expression at that row.	671
system	main	arg_max_null	aggregate	INTEGER	arg|val	INTEGER|BLOB			false	true	Finds the row with the maximum val. Calculates the arg expression at that row.	671
system	main	arg_max_null	aggregate	ANY	arg|val	ANY|BLOB			false	true	Finds the row with the maximum val. Calculates the arg expression at that row.	671
system	main	arg_max_null	aggregate	ANY	arg|val	ANY|HUGEINT			false	true	Finds the row with the maximum val. Calculates the arg expression at that row.	671
system	main	arg_max_null	aggregate	ANY	arg|val	ANY|ANY			false	true	Finds the row with the maximum val. Calculates the arg expression at that row.	671
system	main	arg_max_null	aggregate	ANY	arg|val	ANY|DOUBLE			false	true	Finds the row with the maximum val. Calculates the arg expression at that row.	671
system	main	arg_max_null	aggregate	DOUBLE	arg|val	DOUBLE|HUGEINT			false	true	Finds the row with the maximum val. Calculates the arg expression at that row.	671
system	main	arg_max_null	aggregate	ANY	arg|val	ANY|DATE			false	true	Finds the row with the maximum val. Calculates the arg expression at that row.	671
system	main	arg_max_null	aggregate	ANY	arg|val	ANY|TIMESTAMP			false	true	Finds the row with the maximum val. Calculates the arg expression at that row.	671
system	main	arg_max_null	aggregate	DOUBLE	arg|val	DOUBLE|VARCHAR			false	true	Finds the row with the maximum val. Calculates the arg expression at that row.	671
system	main	arg_max_null	aggregate	DOUBLE	arg|val	DOUBLE|DATE			false	true	Finds the row with the maximum val. Calculates the arg expression at that row.	671
system	main	arg_max_null	aggregate	DOUBLE	arg|val	DOUBLE|TIMESTAMP			false	true	Finds the row with the maximum val. Calculates the arg expression at that row.	671
system	main	arg_max_null	aggregate	DOUBLE	arg|val	DOUBLE|TIMESTAMP WITH TIME ZONE			false	true	Finds the row with the maximum val. Calculates the arg expression at that row.	671
system	main	arg_max_null	aggregate	DOUBLE	arg|val	DOUBLE|BLOB			false	true	Finds the row with the maximum val. Calculates the arg expression at that row.	671
system	main	arg_max_null	aggregate	VARCHAR	arg|val	VARCHAR|INTEGER			false	true	Finds the row with the maximum val. Calculates the arg expression at that row.	671
system	main	arg_max_null	aggregate	VARCHAR	arg|val	VARCHAR|BIGINT			false	true	Finds the row with the maximum val. Calculates the arg expression at that row.	671
system	main	arg_max_null	aggregate	VARCHAR	arg|val	VARCHAR|HUGEINT			false	true	Finds the row with the maximum val. Calculates the arg expression at that row.	671
system	main	arg_max_null	aggregate	VARCHAR	arg|val	VARCHAR|DOUBLE			false	true	Finds the row with the maximum val. Calculates the arg expression at that row.	671
system	main	arg_max_null	aggregate	VARCHAR	arg|val	VARCHAR|VARCHAR			false	true	Finds the row with the maximum val. Calculates the arg expression at that row.	671
system	main	arg_max_null	aggregate	VARCHAR	arg|val	VARCHAR|DATE			false	true	Finds the row with the maximum val. Calculates the arg expression at that row.	671
system	main	arg_max_null	aggregate	VARCHAR	arg|val	VARCHAR|TIMESTAMP			false	true	Finds the row with the maximum val. Calculates the arg expression at that row.	671
system	main	arg_max_null	aggregate	VARCHAR	arg|val	VARCHAR|TIMESTAMP WITH TIME ZONE			false	true	Finds the row with the maximum val. Calculates the arg expression at that row.	671
system	main	arg_max_null	aggregate	VARCHAR	arg|val	VARCHAR|BLOB			false	true	Finds the row with the maximum val. Calculates the arg expression at that row.	671
system	main	arg_max_nulls_last	aggregate	TIMESTAMP WITH TIME ZONE	arg|val	TIMESTAMP WITH TIME ZONE|INTEGER			false	true	Finds the rows with N maximum vals, including nulls. Calculates the arg expression at that row.	673
system	main	arg_max_nulls_last	aggregate	TIMESTAMP WITH TIME ZONE	arg|val	TIMESTAMP WITH TIME ZONE|BIGINT			false	true	Finds the rows with N maximum vals, including nulls. Calculates the arg expression at that row.	673
system	main	arg_max_nulls_last	aggregate	TIMESTAMP WITH TIME ZONE	arg|val	TIMESTAMP WITH TIME ZONE|HUGEINT			false	true	Finds the rows with N maximum vals, including nulls. Calculates the arg expression at that row.	673
system	main	arg_max_nulls_last	aggregate	TIMESTAMP WITH TIME ZONE	arg|val	TIMESTAMP WITH TIME ZONE|DOUBLE			false	true	Finds the rows with N maximum vals, including nulls. Calculates the arg expression at that row.	673
system	main	arg_max_nulls_last	aggregate	TIMESTAMP WITH TIME ZONE	arg|val	TIMESTAMP WITH TIME ZONE|VARCHAR			false	true	Finds the rows with N maximum vals, including nulls. Calculates the arg expression at that row.	673
system	main	arg_max_nulls_last	aggregate	TIMESTAMP WITH TIME ZONE	arg|val	TIMESTAMP WITH TIME ZONE|DATE			false	true	Finds the rows with N maximum vals, including nulls. Calculates the arg expression at that row.	673
system	main	arg_max_nulls_last	aggregate	TIMESTAMP WITH TIME ZONE	arg|val	TIMESTAMP WITH TIME ZONE|TIMESTAMP			false	true	Finds the rows with N maximum vals, including nulls. Calculates the arg expression at that row.	673
system	main	arg_max_nulls_last	aggregate	TIMESTAMP WITH TIME ZONE	arg|val	TIMESTAMP WITH TIME ZONE|TIMESTAMP WITH TIME ZONE			false	true	Finds the rows with N maximum vals, including nulls. Calculates the arg expression at that row.	673
system	main	arg_max_nulls_last	aggregate	TIMESTAMP WITH TIME ZONE	arg|val	TIMESTAMP WITH TIME ZONE|BLOB			false	true	Finds the rows with N maximum vals, including nulls. Calculates the arg expression at that row.	673
system	main	arg_max_nulls_last	aggregate	BLOB	arg|val	BLOB|INTEGER			false	true	Finds the rows with N maximum vals, including nulls. Calculates the arg expression at that row.	673
system	main	arg_max_nulls_last	aggregate	BLOB	arg|val	BLOB|BIGINT			false	true	Finds the rows with N maximum vals, including nulls. Calculates the arg expression at that row.	673
system	main	arg_max_nulls_last	aggregate	BLOB	arg|val	BLOB|HUGEINT			false	true	Finds the rows with N maximum vals, including nulls. Calculates the arg expression at that row.	673
system	main	arg_max_nulls_last	aggregate	BLOB	arg|val	BLOB|DOUBLE			false	true	Finds the rows with N maximum vals, including nulls. Calculates the arg expression at that row.	673
system	main	arg_max_nulls_last	aggregate	BLOB	arg|val	BLOB|VARCHAR			false	true	Finds the rows with N maximum vals, including nulls. Calculates the arg expression at that row.	673
system	main	arg_max_nulls_last	aggregate	BLOB	arg|val	BLOB|DATE			false	true	Finds the rows with N maximum vals, including nulls. Calculates the arg expression at that row.	673
system	main	arg_max_nulls_last	aggregate	BLOB	arg|val	BLOB|TIMESTAMP			false	true	Finds the rows with N maximum vals, including nulls. Calculates the arg expression at that row.	673
system	main	arg_max_nulls_last	aggregate	BLOB	arg|val	BLOB|TIMESTAMP WITH TIME ZONE			false	true	Finds the rows with N maximum vals, including nulls. Calculates the arg expression at that row.	673
system	main	arg_max_nulls_last	aggregate	BLOB	arg|val	BLOB|BLOB			false	true	Finds the rows with N maximum vals, including nulls. Calculates the arg expression at that row.	673
system	main	arg_max_nulls_last	aggregate	DECIMAL	arg|val	DECIMAL|INTEGER			false	true	Finds the rows with N maximum vals, including nulls. Calculates the arg expression at that row.	673
system	main	arg_max_nulls_last	aggregate	DECIMAL	arg|val	DECIMAL|BIGINT			false	true	Finds the rows with N maximum vals, including nulls. Calculates the arg expression at that row.	673
system	main	arg_max_nulls_last	aggregate	DECIMAL	arg|val	DECIMAL|HUGEINT			false	true	Finds the rows with N maximum vals, including nulls. Calculates the arg expression at that row.	673
system	main	arg_max_nulls_last	aggregate	DECIMAL	arg|val	DECIMAL|DOUBLE			false	true	Finds the rows with N maximum vals, including nulls. Calculates the arg expression at that row.	673
system	main	arg_max_nulls_last	aggregate	DECIMAL	arg|val	DECIMAL|VARCHAR			false	true	Finds the rows with N maximum vals, including nulls. Calculates the arg expression at that row.	673
system	main	arg_max_nulls_last	aggregate	DECIMAL	arg|val	DECIMAL|DATE			false	true	Finds the rows with N maximum vals, including nulls. Calculates the arg expression at that row.	673
system	main	arg_max_nulls_last	aggregate	DECIMAL	arg|val	DECIMAL|TIMESTAMP			false	true	Finds the rows with N maximum vals, including nulls. Calculates the arg expression at that row.	673
system	main	arg_max_nulls_last	aggregate	DECIMAL	arg|val	DECIMAL|TIMESTAMP WITH TIME ZONE			false	true	Finds the rows with N maximum vals, including nulls. Calculates the arg expression at that row.	673
system	main	arg_max_nulls_last	aggregate	DECIMAL	arg|val	DECIMAL|BLOB			false	true	Finds the rows with N maximum vals, including nulls. Calculates the arg expression at that row.	673
system	main	arg_max_nulls_last	aggregate	ANY	arg|val	ANY|INTEGER			false	true	Finds the rows with N maximum vals, including nulls. Calculates the arg expression at that row.	673
system	main	arg_max_nulls_last	aggregate	ANY	arg|val	ANY|BIGINT			false	true	Finds the rows with N maximum vals, including nulls. Calculates the arg expression at that row.	673
system	main	arg_max_nulls_last	aggregate	ANY	arg|val	ANY|HUGEINT			false	true	Finds the rows with N maximum vals, including nulls. Calculates the arg expression at that row.	673
system	main	arg_max_nulls_last	aggregate	ANY	arg|val	ANY|DOUBLE			false	true	Finds the rows with N maximum vals, including nulls. Calculates the arg expression at that row.	673
system	main	arg_max_nulls_last	aggregate	ANY	arg|val	ANY|VARCHAR			false	true	Finds the rows with N maximum vals, including nulls. Calculates the arg expression at that row.	673
system	main	arg_max_nulls_last	aggregate	ANY	arg|val	ANY|DATE			false	true	Finds the rows with N maximum vals, including nulls. Calculates the arg expression at that row.	673
system	main	arg_max_nulls_last	aggregate	ANY	arg|val	ANY|TIMESTAMP			false	true	Finds the rows with N maximum vals, including nulls. Calculates the arg expression at that row.	673
system	main	arg_max_nulls_last	aggregate	ANY	arg|val	ANY|TIMESTAMP WITH TIME ZONE			false	true	Finds the rows with N maximum vals, including nulls. Calculates the arg expression at that row.	673
system	main	arg_max_nulls_last	aggregate	ANY	arg|val	ANY|BLOB			false	true	Finds the rows with N maximum vals, including nulls. Calculates the arg expression at that row.	673
system	main	arg_max_nulls_last	aggregate	ANY	arg|val	ANY|ANY			false	true	Finds the rows with N maximum vals, including nulls. Calculates the arg expression at that row.	673
system	main	arg_max_nulls_last	aggregate	ANY[]	arg|val|N	ANY|ANY|BIGINT			false	true	Finds the rows with N maximum vals, including nulls. Calculates the arg expression at that row.	673
system	main	arg_max_nulls_last	aggregate	BIGINT	arg|val	BIGINT|INTEGER			false	true	Finds the rows with N maximum vals, including nulls. Calculates the arg expression at that row.	673
system	main	arg_max_nulls_last	aggregate	BIGINT	arg|val	BIGINT|BIGINT			false	true	Finds the rows with N maximum vals, including nulls. Calculates the arg expression at that row.	673
system	main	arg_max_nulls_last	aggregate	BIGINT	arg|val	BIGINT|HUGEINT			false	true	Finds the rows with N maximum vals, including nulls. Calculates the arg expression at that row.	673
system	main	arg_max_nulls_last	aggregate	BIGINT	arg|val	BIGINT|DOUBLE			false	true	Finds the rows with N maximum vals, including nulls. Calculates the arg expression at that row.	673
system	main	arg_max_nulls_last	aggregate	BIGINT	arg|val	BIGINT|VARCHAR			false	true	Finds the rows with N maximum vals, including nulls. Calculates the arg expression at that row.	673
system	main	arg_max_nulls_last	aggregate	BIGINT	arg|val	BIGINT|DATE			false	true	Finds the rows with N maximum vals, including nulls. Calculates the arg expression at that row.	673
system	main	arg_max_nulls_last	aggregate	BIGINT	arg|val	BIGINT|TIMESTAMP			false	true	Finds the rows with N maximum vals, including nulls. Calculates the arg expression at that row.	673
system	main	arg_max_nulls_last	aggregate	BIGINT	arg|val	BIGINT|TIMESTAMP WITH TIME ZONE			false	true	Finds the rows with N maximum vals, including nulls. Calculates the arg expression at that row.	673
system	main	arg_max_nulls_last	aggregate	BIGINT	arg|val	BIGINT|BLOB			false	true	Finds the rows with N maximum vals, including nulls. Calculates the arg expression at that row.	673
system	main	arg_max_nulls_last	aggregate	DOUBLE	arg|val	DOUBLE|INTEGER			false	true	Finds the rows with N maximum vals, including nulls. Calculates the arg expression at that row.	673
system	main	arg_max_nulls_last	aggregate	DOUBLE	arg|val	DOUBLE|BIGINT			false	true	Finds the rows with N maximum vals, including nulls. Calculates the arg expression at that row.	673
system	main	arg_max_nulls_last	aggregate	DOUBLE	arg|val	DOUBLE|HUGEINT			false	true	Finds the rows with N maximum vals, including nulls. Calculates the arg expression at that row.	673
system	main	arg_max_nulls_last	aggregate	DOUBLE	arg|val	DOUBLE|DOUBLE			false	true	Finds the rows with N maximum vals, including nulls. Calculates the arg expression at that row.	673
system	main	arg_max_nulls_last	aggregate	DOUBLE	arg|val	DOUBLE|VARCHAR			false	true	Finds the rows with N maximum vals, including nulls. Calculates the arg expression at that row.	673
system	main	arg_max_nulls_last	aggregate	DOUBLE	arg|val	DOUBLE|DATE			false	true	Finds the rows with N maximum vals, including nulls. Calculates the arg expression at that row.	673
system	main	arg_max_nulls_last	aggregate	DOUBLE	arg|val	DOUBLE|TIMESTAMP			false	true	Finds the rows with N maximum vals, including nulls. Calculates the arg expression at that row.	673
system	main	arg_max_nulls_last	aggregate	DOUBLE	arg|val	DOUBLE|TIMESTAMP WITH TIME ZONE			false	true	Finds the rows with N maximum vals, including nulls. Calculates the arg expression at that row.	673
system	main	arg_max_nulls_last	aggregate	DOUBLE	arg|val	DOUBLE|BLOB			false	true	Finds the rows with N maximum vals, including nulls. Calculates the arg expression at that row.	673
system	main	arg_max_nulls_last	aggregate	VARCHAR	arg|val	VARCHAR|INTEGER			false	true	Finds the rows with N maximum vals, including nulls. Calculates the arg expression at that row.	673
system	main	arg_max_nulls_last	aggregate	VARCHAR	arg|val	VARCHAR|BIGINT			false	true	Finds the rows with N maximum vals, including nulls. Calculates the arg expression at that row.	673
system	main	arg_max_nulls_last	aggregate	VARCHAR	arg|val	VARCHAR|HUGEINT			false	true	Finds the rows with N maximum vals, including nulls. Calculates the arg expression at that row.	673
system	main	arg_max_nulls_last	aggregate	VARCHAR	arg|val	VARCHAR|DOUBLE			false	true	Finds the rows with N maximum vals, including nulls. Calculates the arg expression at that row.	673
system	main	arg_max_nulls_last	aggregate	VARCHAR	arg|val	VARCHAR|VARCHAR			false	true	Finds the rows with N maximum vals, including nulls. Calculates the arg expression at that row.	673
system	main	arg_max_nulls_last	aggregate	VARCHAR	arg|val	VARCHAR|DATE			false	true	Finds the rows with N maximum vals, including nulls. Calculates the arg expression at that row.	673
system	main	arg_max_nulls_last	aggregate	VARCHAR	arg|val	VARCHAR|TIMESTAMP			false	true	Finds the rows with N maximum vals, including nulls. Calculates the arg expression at that row.	673
system	main	arg_max_nulls_last	aggregate	VARCHAR	arg|val	VARCHAR|TIMESTAMP WITH TIME ZONE			false	true	Finds the rows with N maximum vals, including nulls. Calculates the arg expression at that row.	673
system	main	arg_max_nulls_last	aggregate	VARCHAR	arg|val	VARCHAR|BLOB			false	true	Finds the rows with N maximum vals, including nulls. Calculates the arg expression at that row.	673
system	main	arg_max_nulls_last	aggregate	DATE	arg|val	DATE|INTEGER			false	true	Finds the rows with N maximum vals, including nulls. Calculates the arg expression at that row.	673
system	main	arg_max_nulls_last	aggregate	DATE	arg|val	DATE|BIGINT			false	true	Finds the rows with N maximum vals, including nulls. Calculates the arg expression at that row.	673
system	main	arg_max_nulls_last	aggregate	DATE	arg|val	DATE|HUGEINT			false	true	Finds the rows with N maximum vals, including nulls. Calculates the arg expression at that row.	673
system	main	arg_max_nulls_last	aggregate	DATE	arg|val	DATE|DOUBLE			false	true	Finds the rows with N maximum vals, including nulls. Calculates the arg expression at that row.	673
system	main	arg_max_nulls_last	aggregate	DATE	arg|val	DATE|VARCHAR			false	true	Finds the rows with N maximum vals, including nulls. Calculates the arg expression at that row.	673
system	main	arg_max_nulls_last	aggregate	DATE	arg|val	DATE|DATE			false	true	Finds the rows with N maximum vals, including nulls. Calculates the arg expression at that row.	673
system	main	arg_max_nulls_last	aggregate	DATE	arg|val	DATE|TIMESTAMP			false	true	Finds the rows with N maximum vals, including nulls. Calculates the arg expression at that row.	673
system	main	arg_max_nulls_last	aggregate	DATE	arg|val	DATE|TIMESTAMP WITH TIME ZONE			false	true	Finds the rows with N maximum vals, including nulls. Calculates the arg expression at that row.	673
system	main	arg_max_nulls_last	aggregate	DATE	arg|val	DATE|BLOB			false	true	Finds the rows with N maximum vals, including nulls. Calculates the arg expression at that row.	673
system	main	arg_max_nulls_last	aggregate	TIMESTAMP	arg|val	TIMESTAMP|INTEGER			false	true	Finds the rows with N maximum vals, including nulls. Calculates the arg expression at that row.	673
system	main	arg_max_nulls_last	aggregate	TIMESTAMP	arg|val	TIMESTAMP|BIGINT			false	true	Finds the rows with N maximum vals, including nulls. Calculates the arg expression at that row.	673
system	main	arg_max_nulls_last	aggregate	TIMESTAMP	arg|val	TIMESTAMP|HUGEINT			false	true	Finds the rows with N maximum vals, including nulls. Calculates the arg expression at that row.	673
system	main	arg_max_nulls_last	aggregate	TIMESTAMP	arg|val	TIMESTAMP|DOUBLE			false	true	Finds the rows with N maximum vals, including nulls. Calculates the arg expression at that row.	673
system	main	arg_max_nulls_last	aggregate	TIMESTAMP	arg|val	TIMESTAMP|DATE			false	true	Finds the rows with N maximum vals, including nulls. Calculates the arg expression at that row.	673
system	main	arg_max_nulls_last	aggregate	TIMESTAMP	arg|val	TIMESTAMP|VARCHAR			false	true	Finds the rows with N maximum vals, including nulls. Calculates the arg expression at that row.	673
system	main	arg_max_nulls_last	aggregate	TIMESTAMP	arg|val	TIMESTAMP|BLOB			false	true	Finds the rows with N maximum vals, including nulls. Calculates the arg expression at that row.	673
system	main	arg_max_nulls_last	aggregate	INTEGER	arg|val	INTEGER|INTEGER			false	true	Finds the rows with N maximum vals, including nulls. Calculates the arg expression at that row.	673
system	main	arg_max_nulls_last	aggregate	INTEGER	arg|val	INTEGER|BIGINT			false	true	Finds the rows with N maximum vals, including nulls. Calculates the arg expression at that row.	673
system	main	arg_max_nulls_last	aggregate	INTEGER	arg|val	INTEGER|HUGEINT			false	true	Finds the rows with N maximum vals, including nulls. Calculates the arg expression at that row.	673
system	main	arg_max_nulls_last	aggregate	INTEGER	arg|val	INTEGER|DOUBLE			false	true	Finds the rows with N maximum vals, including nulls. Calculates the arg expression at that row.	673
system	main	arg_max_nulls_last	aggregate	INTEGER	arg|val	INTEGER|VARCHAR			false	true	Finds the rows with N maximum vals, including nulls. Calculates the arg expression at that row.	673
system	main	arg_max_nulls_last	aggregate	TIMESTAMP	arg|val	TIMESTAMP|TIMESTAMP			false	true	Finds the rows with N maximum vals, including nulls. Calculates the arg expression at that row.	673
system	main	arg_max_nulls_last	aggregate	INTEGER	arg|val	INTEGER|TIMESTAMP			false	true	Finds the rows with N maximum vals, including nulls. Calculates the arg expression at that row.	673
system	main	arg_max_nulls_last	aggregate	INTEGER	arg|val	INTEGER|TIMESTAMP WITH TIME ZONE			false	true	Finds the rows with N maximum vals, including nulls. Calculates the arg expression at that row.	673
system	main	arg_max_nulls_last	aggregate	INTEGER	arg|val	INTEGER|BLOB			false	true	Finds the rows with N maximum vals, including nulls. Calculates the arg expression at that row.	673
system	main	arg_max_nulls_last	aggregate	TIMESTAMP	arg|val	TIMESTAMP|TIMESTAMP WITH TIME ZONE			false	true	Finds the rows with N maximum vals, including nulls. Calculates the arg expression at that row.	673
system	main	arg_max_nulls_last	aggregate	INTEGER	arg|val	INTEGER|DATE			false	true	Finds the rows with N maximum vals, including nulls. Calculates the arg expression at that row.	673
system	main	arg_min	aggregate	VARCHAR	arg|val	VARCHAR|INTEGER			false	true	Finds the row with the minimum val. Calculates the non-NULL arg expression at that row.	675
system	main	arg_min	aggregate	DECIMAL	arg|val	DECIMAL|DOUBLE			false	true	Finds the row with the minimum val. Calculates the non-NULL arg expression at that row.	675
system	main	arg_min	aggregate	DOUBLE	arg|val	DOUBLE|DATE			false	true	Finds the row with the minimum val. Calculates the non-NULL arg expression at that row.	675
system	main	arg_min	aggregate	DOUBLE	arg|val	DOUBLE|INTEGER			false	true	Finds the row with the minimum val. Calculates the non-NULL arg expression at that row.	675
system	main	arg_min	aggregate	DOUBLE	arg|val	DOUBLE|HUGEINT			false	true	Finds the row with the minimum val. Calculates the non-NULL arg expression at that row.	675
system	main	arg_min	aggregate	DOUBLE	arg|val	DOUBLE|BIGINT			false	true	Finds the row with the minimum val. Calculates the non-NULL arg expression at that row.	675
system	main	arg_min	aggregate	BIGINT	arg|val	BIGINT|BLOB			false	true	Finds the row with the minimum val. Calculates the non-NULL arg expression at that row.	675
system	main	arg_min	aggregate	DOUBLE	arg|val	DOUBLE|VARCHAR			false	true	Finds the row with the minimum val. Calculates the non-NULL arg expression at that row.	675
system	main	arg_min	aggregate	BIGINT	arg|val	BIGINT|TIMESTAMP WITH TIME ZONE			false	true	Finds the row with the minimum val. Calculates the non-NULL arg expression at that row.	675
system	main	arg_min	aggregate	DOUBLE	arg|val	DOUBLE|TIMESTAMP WITH TIME ZONE			false	true	Finds the row with the minimum val. Calculates the non-NULL arg expression at that row.	675
system	main	arg_min	aggregate	VARCHAR	arg|val	VARCHAR|HUGEINT			false	true	Finds the row with the minimum val. Calculates the non-NULL arg expression at that row.	675
system	main	arg_min	aggregate	VARCHAR	arg|val	VARCHAR|DOUBLE			false	true	Finds the row with the minimum val. Calculates the non-NULL arg expression at that row.	675
system	main	arg_min	aggregate	BIGINT	arg|val	BIGINT|TIMESTAMP			false	true	Finds the row with the minimum val. Calculates the non-NULL arg expression at that row.	675
system	main	arg_min	aggregate	DOUBLE	arg|val	DOUBLE|TIMESTAMP			false	true	Finds the row with the minimum val. Calculates the non-NULL arg expression at that row.	675
system	main	arg_min	aggregate	DOUBLE	arg|val	DOUBLE|DOUBLE			false	true	Finds the row with the minimum val. Calculates the non-NULL arg expression at that row.	675
system	main	arg_min	aggregate	VARCHAR	arg|val	VARCHAR|VARCHAR			false	true	Finds the row with the minimum val. Calculates the non-NULL arg expression at that row.	675
system	main	arg_min	aggregate	BIGINT	arg|val	BIGINT|BIGINT			false	true	Finds the row with the minimum val. Calculates the non-NULL arg expression at that row.	675
system	main	arg_min	aggregate	BIGINT	arg|val	BIGINT|DATE			false	true	Finds the row with the minimum val. Calculates the non-NULL arg expression at that row.	675
system	main	arg_min	aggregate	BIGINT	arg|val	BIGINT|HUGEINT			false	true	Finds the row with the minimum val. Calculates the non-NULL arg expression at that row.	675
system	main	arg_min	aggregate	BIGINT	arg|val	BIGINT|DOUBLE			false	true	Finds the row with the minimum val. Calculates the non-NULL arg expression at that row.	675
system	main	arg_min	aggregate	BIGINT	arg|val	BIGINT|VARCHAR			false	true	Finds the row with the minimum val. Calculates the non-NULL arg expression at that row.	675
system	main	arg_min	aggregate	DOUBLE	arg|val	DOUBLE|BLOB			false	true	Finds the row with the minimum val. Calculates the non-NULL arg expression at that row.	675
system	main	arg_min	aggregate	INTEGER	arg|val	INTEGER|INTEGER			false	true	Finds the row with the minimum val. Calculates the non-NULL arg expression at that row.	675
system	main	arg_min	aggregate	VARCHAR	arg|val	VARCHAR|BIGINT			false	true	Finds the row with the minimum val. Calculates the non-NULL arg expression at that row.	675
system	main	arg_min	aggregate	INTEGER	arg|val	INTEGER|HUGEINT			false	true	Finds the row with the minimum val. Calculates the non-NULL arg expression at that row.	675
system	main	arg_min	aggregate	INTEGER	arg|val	INTEGER|DOUBLE			false	true	Finds the row with the minimum val. Calculates the non-NULL arg expression at that row.	675
system	main	arg_min	aggregate	INTEGER	arg|val	INTEGER|VARCHAR			false	true	Finds the row with the minimum val. Calculates the non-NULL arg expression at that row.	675
system	main	arg_min	aggregate	INTEGER	arg|val	INTEGER|DATE			false	true	Finds the row with the minimum val. Calculates the non-NULL arg expression at that row.	675
system	main	arg_min	aggregate	INTEGER	arg|val	INTEGER|TIMESTAMP			false	true	Finds the row with the minimum val. Calculates the non-NULL arg expression at that row.	675
system	main	arg_min	aggregate	VARCHAR	arg|val	VARCHAR|TIMESTAMP WITH TIME ZONE			false	true	Finds the row with the minimum val. Calculates the non-NULL arg expression at that row.	675
system	main	arg_min	aggregate	VARCHAR	arg|val	VARCHAR|BLOB			false	true	Finds the row with the minimum val. Calculates the non-NULL arg expression at that row.	675
system	main	arg_min	aggregate	DATE	arg|val	DATE|INTEGER			false	true	Finds the row with the minimum val. Calculates the non-NULL arg expression at that row.	675
system	main	arg_min	aggregate	DATE	arg|val	DATE|BIGINT			false	true	Finds the row with the minimum val. Calculates the non-NULL arg expression at that row.	675
system	main	arg_min	aggregate	DATE	arg|val	DATE|HUGEINT			false	true	Finds the row with the minimum val. Calculates the non-NULL arg expression at that row.	675
system	main	arg_min	aggregate	DATE	arg|val	DATE|DOUBLE			false	true	Finds the row with the minimum val. Calculates the non-NULL arg expression at that row.	675
system	main	arg_min	aggregate	DATE	arg|val	DATE|VARCHAR			false	true	Finds the row with the minimum val. Calculates the non-NULL arg expression at that row.	675
system	main	arg_min	aggregate	DATE	arg|val	DATE|DATE			false	true	Finds the row with the minimum val. Calculates the non-NULL arg expression at that row.	675
system	main	arg_min	aggregate	DATE	arg|val	DATE|TIMESTAMP			false	true	Finds the row with the minimum val. Calculates the non-NULL arg expression at that row.	675
system	main	arg_min	aggregate	DATE	arg|val	DATE|TIMESTAMP WITH TIME ZONE			false	true	Finds the row with the minimum val. Calculates the non-NULL arg expression at that row.	675
system	main	arg_min	aggregate	DATE	arg|val	DATE|BLOB			false	true	Finds the row with the minimum val. Calculates the non-NULL arg expression at that row.	675
system	main	arg_min	aggregate	TIMESTAMP	arg|val	TIMESTAMP|INTEGER			false	true	Finds the row with the minimum val. Calculates the non-NULL arg expression at that row.	675
system	main	arg_min	aggregate	TIMESTAMP	arg|val	TIMESTAMP|BIGINT			false	true	Finds the row with the minimum val. Calculates the non-NULL arg expression at that row.	675
system	main	arg_min	aggregate	TIMESTAMP	arg|val	TIMESTAMP|HUGEINT			false	true	Finds the row with the minimum val. Calculates the non-NULL arg expression at that row.	675
system	main	arg_min	aggregate	TIMESTAMP	arg|val	TIMESTAMP|DOUBLE			false	true	Finds the row with the minimum val. Calculates the non-NULL arg expression at that row.	675
system	main	arg_min	aggregate	TIMESTAMP	arg|val	TIMESTAMP|VARCHAR			false	true	Finds the row with the minimum val. Calculates the non-NULL arg expression at that row.	675
system	main	arg_min	aggregate	TIMESTAMP	arg|val	TIMESTAMP|DATE			false	true	Finds the row with the minimum val. Calculates the non-NULL arg expression at that row.	675
system	main	arg_min	aggregate	TIMESTAMP	arg|val	TIMESTAMP|TIMESTAMP			false	true	Finds the row with the minimum val. Calculates the non-NULL arg expression at that row.	675
system	main	arg_min	aggregate	TIMESTAMP	arg|val	TIMESTAMP|TIMESTAMP WITH TIME ZONE			false	true	Finds the row with the minimum val. Calculates the non-NULL arg expression at that row.	675
system	main	arg_min	aggregate	TIMESTAMP	arg|val	TIMESTAMP|BLOB			false	true	Finds the row with the minimum val. Calculates the non-NULL arg expression at that row.	675
system	main	arg_min	aggregate	TIMESTAMP WITH TIME ZONE	arg|val	TIMESTAMP WITH TIME ZONE|INTEGER			false	true	Finds the row with the minimum val. Calculates the non-NULL arg expression at that row.	675
system	main	arg_min	aggregate	TIMESTAMP WITH TIME ZONE	arg|val	TIMESTAMP WITH TIME ZONE|BIGINT			false	true	Finds the row with the minimum val. Calculates the non-NULL arg expression at that row.	675
system	main	arg_min	aggregate	TIMESTAMP WITH TIME ZONE	arg|val	TIMESTAMP WITH TIME ZONE|HUGEINT			false	true	Finds the row with the minimum val. Calculates the non-NULL arg expression at that row.	675
system	main	arg_min	aggregate	TIMESTAMP WITH TIME ZONE	arg|val	TIMESTAMP WITH TIME ZONE|DOUBLE			false	true	Finds the row with the minimum val. Calculates the non-NULL arg expression at that row.	675
system	main	arg_min	aggregate	TIMESTAMP WITH TIME ZONE	arg|val	TIMESTAMP WITH TIME ZONE|VARCHAR			false	true	Finds the row with the minimum val. Calculates the non-NULL arg expression at that row.	675
system	main	arg_min	aggregate	TIMESTAMP WITH TIME ZONE	arg|val	TIMESTAMP WITH TIME ZONE|DATE			false	true	Finds the row with the minimum val. Calculates the non-NULL arg expression at that row.	675
system	main	arg_min	aggregate	TIMESTAMP WITH TIME ZONE	arg|val	TIMESTAMP WITH TIME ZONE|TIMESTAMP			false	true	Finds the row with the minimum val. Calculates the non-NULL arg expression at that row.	675
system	main	arg_min	aggregate	TIMESTAMP WITH TIME ZONE	arg|val	TIMESTAMP WITH TIME ZONE|TIMESTAMP WITH TIME ZONE			false	true	Finds the row with the minimum val. Calculates the non-NULL arg expression at that row.	675
system	main	arg_min	aggregate	TIMESTAMP WITH TIME ZONE	arg|val	TIMESTAMP WITH TIME ZONE|BLOB			false	true	Finds the row with the minimum val. Calculates the non-NULL arg expression at that row.	675
system	main	arg_min	aggregate	BLOB	arg|val	BLOB|INTEGER			false	true	Finds the row with the minimum val. Calculates the non-NULL arg expression at that row.	675
system	main	arg_min	aggregate	BLOB	arg|val	BLOB|BIGINT			false	true	Finds the row with the minimum val. Calculates the non-NULL arg expression at that row.	675
system	main	arg_min	aggregate	BLOB	arg|val	BLOB|HUGEINT			false	true	Finds the row with the minimum val. Calculates the non-NULL arg expression at that row.	675
system	main	arg_min	aggregate	BLOB	arg|val	BLOB|DOUBLE			false	true	Finds the row with the minimum val. Calculates the non-NULL arg expression at that row.	675
system	main	arg_min	aggregate	BLOB	arg|val	BLOB|VARCHAR			false	true	Finds the row with the minimum val. Calculates the non-NULL arg expression at that row.	675
system	main	arg_min	aggregate	BLOB	arg|val	BLOB|DATE			false	true	Finds the row with the minimum val. Calculates the non-NULL arg expression at that row.	675
system	main	arg_min	aggregate	BLOB	arg|val	BLOB|TIMESTAMP			false	true	Finds the row with the minimum val. Calculates the non-NULL arg expression at that row.	675
system	main	arg_min	aggregate	BLOB	arg|val	BLOB|TIMESTAMP WITH TIME ZONE			false	true	Finds the row with the minimum val. Calculates the non-NULL arg expression at that row.	675
system	main	arg_min	aggregate	BLOB	arg|val	BLOB|BLOB			false	true	Finds the row with the minimum val. Calculates the non-NULL arg expression at that row.	675
system	main	arg_min	aggregate	DECIMAL	arg|val	DECIMAL|INTEGER			false	true	Finds the row with the minimum val. Calculates the non-NULL arg expression at that row.	675
system	main	arg_min	aggregate	DECIMAL	arg|val	DECIMAL|BIGINT			false	true	Finds the row with the minimum val. Calculates the non-NULL arg expression at that row.	675
system	main	arg_min	aggregate	DECIMAL	arg|val	DECIMAL|HUGEINT			false	true	Finds the row with the minimum val. Calculates the non-NULL arg expression at that row.	675
system	main	arg_min	aggregate	VARCHAR	arg|val	VARCHAR|TIMESTAMP			false	true	Finds the row with the minimum val. Calculates the non-NULL arg expression at that row.	675
system	main	arg_min	aggregate	DECIMAL	arg|val	DECIMAL|VARCHAR			false	true	Finds the row with the minimum val. Calculates the non-NULL arg expression at that row.	675
system	main	arg_min	aggregate	DECIMAL	arg|val	DECIMAL|DATE			false	true	Finds the row with the minimum val. Calculates the non-NULL arg expression at that row.	675
system	main	arg_min	aggregate	DECIMAL	arg|val	DECIMAL|TIMESTAMP			false	true	Finds the row with the minimum val. Calculates the non-NULL arg expression at that row.	675
system	main	arg_min	aggregate	DECIMAL	arg|val	DECIMAL|TIMESTAMP WITH TIME ZONE			false	true	Finds the row with the minimum val. Calculates the non-NULL arg expression at that row.	675
system	main	arg_min	aggregate	DECIMAL	arg|val	DECIMAL|BLOB			false	true	Finds the row with the minimum val. Calculates the non-NULL arg expression at that row.	675
system	main	arg_min	aggregate	ANY	arg|val	ANY|INTEGER			false	true	Finds the row with the minimum val. Calculates the non-NULL arg expression at that row.	675
system	main	arg_min	aggregate	ANY	arg|val	ANY|BIGINT			false	true	Finds the row with the minimum val. Calculates the non-NULL arg expression at that row.	675
system	main	arg_min	aggregate	ANY	arg|val	ANY|HUGEINT			false	true	Finds the row with the minimum val. Calculates the non-NULL arg expression at that row.	675
system	main	arg_min	aggregate	ANY	arg|val	ANY|DOUBLE			false	true	Finds the row with the minimum val. Calculates the non-NULL arg expression at that row.	675
system	main	arg_min	aggregate	ANY	arg|val	ANY|VARCHAR			false	true	Finds the row with the minimum val. Calculates the non-NULL arg expression at that row.	675
system	main	arg_min	aggregate	ANY	arg|val	ANY|DATE			false	true	Finds the row with the minimum val. Calculates the non-NULL arg expression at that row.	675
system	main	arg_min	aggregate	ANY	arg|val	ANY|TIMESTAMP			false	true	Finds the row with the minimum val. Calculates the non-NULL arg expression at that row.	675
system	main	arg_min	aggregate	ANY	arg|val	ANY|TIMESTAMP WITH TIME ZONE			false	true	Finds the row with the minimum val. Calculates the non-NULL arg expression at that row.	675
system	main	arg_min	aggregate	ANY	arg|val	ANY|BLOB			false	true	Finds the row with the minimum val. Calculates the non-NULL arg expression at that row.	675
system	main	arg_min	aggregate	ANY	arg|val	ANY|ANY			false	true	Finds the row with the minimum val. Calculates the non-NULL arg expression at that row.	675
system	main	arg_min	aggregate	ANY[]	arg|val|col2	ANY|ANY|BIGINT			false	true	Finds the row with the minimum val. Calculates the non-NULL arg expression at that row.	675
system	main	arg_min	aggregate	INTEGER	arg|val	INTEGER|TIMESTAMP WITH TIME ZONE			false	true	Finds the row with the minimum val. Calculates the non-NULL arg expression at that row.	675
system	main	arg_min	aggregate	INTEGER	arg|val	INTEGER|BLOB			false	true	Finds the row with the minimum val. Calculates the non-NULL arg expression at that row.	675
system	main	arg_min	aggregate	BIGINT	arg|val	BIGINT|INTEGER			false	true	Finds the row with the minimum val. Calculates the non-NULL arg expression at that row.	675
system	main	arg_min	aggregate	VARCHAR	arg|val	VARCHAR|DATE			false	true	Finds the row with the minimum val. Calculates the non-NULL arg expression at that row.	675
system	main	arg_min	aggregate	INTEGER	arg|val	INTEGER|BIGINT			false	true	Finds the row with the minimum val. Calculates the non-NULL arg expression at that row.	675
system	main	arg_min_null	aggregate	INTEGER	arg|val	INTEGER|INTEGER			false	true	Finds the row with the minimum val. Calculates the arg expression at that row.	677
system	main	arg_min_null	aggregate	INTEGER	arg|val	INTEGER|BIGINT			false	true	Finds the row with the minimum val. Calculates the arg expression at that row.	677
system	main	arg_min_null	aggregate	INTEGER	arg|val	INTEGER|HUGEINT			false	true	Finds the row with the minimum val. Calculates the arg expression at that row.	677
system	main	arg_min_null	aggregate	INTEGER	arg|val	INTEGER|DOUBLE			false	true	Finds the row with the minimum val. Calculates the arg expression at that row.	677
system	main	arg_min_null	aggregate	INTEGER	arg|val	INTEGER|VARCHAR			false	true	Finds the row with the minimum val. Calculates the arg expression at that row.	677
system	main	arg_min_null	aggregate	INTEGER	arg|val	INTEGER|DATE			false	true	Finds the row with the minimum val. Calculates the arg expression at that row.	677
system	main	arg_min_null	aggregate	INTEGER	arg|val	INTEGER|TIMESTAMP			false	true	Finds the row with the minimum val. Calculates the arg expression at that row.	677
system	main	arg_min_null	aggregate	INTEGER	arg|val	INTEGER|TIMESTAMP WITH TIME ZONE			false	true	Finds the row with the minimum val. Calculates the arg expression at that row.	677
system	main	arg_min_null	aggregate	INTEGER	arg|val	INTEGER|BLOB			false	true	Finds the row with the minimum val. Calculates the arg expression at that row.	677
system	main	arg_min_null	aggregate	BIGINT	arg|val	BIGINT|INTEGER			false	true	Finds the row with the minimum val. Calculates the arg expression at that row.	677
system	main	arg_min_null	aggregate	BIGINT	arg|val	BIGINT|BIGINT			false	true	Finds the row with the minimum val. Calculates the arg expression at that row.	677
system	main	arg_min_null	aggregate	BIGINT	arg|val	BIGINT|HUGEINT			false	true	Finds the row with the minimum val. Calculates the arg expression at that row.	677
system	main	arg_min_null	aggregate	BIGINT	arg|val	BIGINT|DOUBLE			false	true	Finds the row with the minimum val. Calculates the arg expression at that row.	677
system	main	arg_min_null	aggregate	BIGINT	arg|val	BIGINT|VARCHAR			false	true	Finds the row with the minimum val. Calculates the arg expression at that row.	677
system	main	arg_min_null	aggregate	BIGINT	arg|val	BIGINT|DATE			false	true	Finds the row with the minimum val. Calculates the arg expression at that row.	677
system	main	arg_min_null	aggregate	BIGINT	arg|val	BIGINT|TIMESTAMP			false	true	Finds the row with the minimum val. Calculates the arg expression at that row.	677
system	main	arg_min_null	aggregate	BIGINT	arg|val	BIGINT|TIMESTAMP WITH TIME ZONE			false	true	Finds the row with the minimum val. Calculates the arg expression at that row.	677
system	main	arg_min_null	aggregate	BIGINT	arg|val	BIGINT|BLOB			false	true	Finds the row with the minimum val. Calculates the arg expression at that row.	677
system	main	arg_min_null	aggregate	DOUBLE	arg|val	DOUBLE|INTEGER			false	true	Finds the row with the minimum val. Calculates the arg expression at that row.	677
system	main	arg_min_null	aggregate	DOUBLE	arg|val	DOUBLE|BIGINT			false	true	Finds the row with the minimum val. Calculates the arg expression at that row.	677
system	main	arg_min_null	aggregate	DOUBLE	arg|val	DOUBLE|HUGEINT			false	true	Finds the row with the minimum val. Calculates the arg expression at that row.	677
system	main	arg_min_null	aggregate	DOUBLE	arg|val	DOUBLE|DOUBLE			false	true	Finds the row with the minimum val. Calculates the arg expression at that row.	677
system	main	arg_min_null	aggregate	DOUBLE	arg|val	DOUBLE|VARCHAR			false	true	Finds the row with the minimum val. Calculates the arg expression at that row.	677
system	main	arg_min_null	aggregate	DOUBLE	arg|val	DOUBLE|DATE			false	true	Finds the row with the minimum val. Calculates the arg expression at that row.	677
system	main	arg_min_null	aggregate	DOUBLE	arg|val	DOUBLE|TIMESTAMP			false	true	Finds the row with the minimum val. Calculates the arg expression at that row.	677
system	main	arg_min_null	aggregate	DOUBLE	arg|val	DOUBLE|TIMESTAMP WITH TIME ZONE			false	true	Finds the row with the minimum val. Calculates the arg expression at that row.	677
system	main	arg_min_null	aggregate	DOUBLE	arg|val	DOUBLE|BLOB			false	true	Finds the row with the minimum val. Calculates the arg expression at that row.	677
system	main	arg_min_null	aggregate	VARCHAR	arg|val	VARCHAR|INTEGER			false	true	Finds the row with the minimum val. Calculates the arg expression at that row.	677
system	main	arg_min_null	aggregate	VARCHAR	arg|val	VARCHAR|BIGINT			false	true	Finds the row with the minimum val. Calculates the arg expression at that row.	677
system	main	arg_min_null	aggregate	VARCHAR	arg|val	VARCHAR|HUGEINT			false	true	Finds the row with the minimum val. Calculates the arg expression at that row.	677
system	main	arg_min_null	aggregate	VARCHAR	arg|val	VARCHAR|DOUBLE			false	true	Finds the row with the minimum val. Calculates the arg expression at that row.	677
system	main	arg_min_null	aggregate	VARCHAR	arg|val	VARCHAR|VARCHAR			false	true	Finds the row with the minimum val. Calculates the arg expression at that row.	677
system	main	arg_min_null	aggregate	VARCHAR	arg|val	VARCHAR|DATE			false	true	Finds the row with the minimum val. Calculates the arg expression at that row.	677
system	main	arg_min_null	aggregate	VARCHAR	arg|val	VARCHAR|TIMESTAMP			false	true	Finds the row with the minimum val. Calculates the arg expression at that row.	677
system	main	arg_min_null	aggregate	VARCHAR	arg|val	VARCHAR|TIMESTAMP WITH TIME ZONE			false	true	Finds the row with the minimum val. Calculates the arg expression at that row.	677
system	main	arg_min_null	aggregate	VARCHAR	arg|val	VARCHAR|BLOB			false	true	Finds the row with the minimum val. Calculates the arg expression at that row.	677
system	main	arg_min_null	aggregate	DATE	arg|val	DATE|INTEGER			false	true	Finds the row with the minimum val. Calculates the arg expression at that row.	677
system	main	arg_min_null	aggregate	DATE	arg|val	DATE|BIGINT			false	true	Finds the row with the minimum val. Calculates the arg expression at that row.	677
system	main	arg_min_null	aggregate	DATE	arg|val	DATE|HUGEINT			false	true	Finds the row with the minimum val. Calculates the arg expression at that row.	677
system	main	arg_min_null	aggregate	DATE	arg|val	DATE|DOUBLE			false	true	Finds the row with the minimum val. Calculates the arg expression at that row.	677
system	main	arg_min_null	aggregate	DATE	arg|val	DATE|VARCHAR			false	true	Finds the row with the minimum val. Calculates the arg expression at that row.	677
system	main	arg_min_null	aggregate	DATE	arg|val	DATE|DATE			false	true	Finds the row with the minimum val. Calculates the arg expression at that row.	677
system	main	arg_min_null	aggregate	DATE	arg|val	DATE|TIMESTAMP			false	true	Finds the row with the minimum val. Calculates the arg expression at that row.	677
system	main	arg_min_null	aggregate	DATE	arg|val	DATE|TIMESTAMP WITH TIME ZONE			false	true	Finds the row with the minimum val. Calculates the arg expression at that row.	677
system	main	arg_min_null	aggregate	DATE	arg|val	DATE|BLOB			false	true	Finds the row with the minimum val. Calculates the arg expression at that row.	677
system	main	arg_min_null	aggregate	TIMESTAMP	arg|val	TIMESTAMP|INTEGER			false	true	Finds the row with the minimum val. Calculates the arg expression at that row.	677
system	main	arg_min_null	aggregate	TIMESTAMP	arg|val	TIMESTAMP|BIGINT			false	true	Finds the row with the minimum val. Calculates the arg expression at that row.	677
system	main	arg_min_null	aggregate	TIMESTAMP	arg|val	TIMESTAMP|HUGEINT			false	true	Finds the row with the minimum val. Calculates the arg expression at that row.	677
system	main	arg_min_null	aggregate	TIMESTAMP	arg|val	TIMESTAMP|DOUBLE			false	true	Finds the row with the minimum val. Calculates the arg expression at that row.	677
system	main	arg_min_null	aggregate	TIMESTAMP	arg|val	TIMESTAMP|VARCHAR			false	true	Finds the row with the minimum val. Calculates the arg expression at that row.	677
system	main	arg_min_null	aggregate	TIMESTAMP	arg|val	TIMESTAMP|DATE			false	true	Finds the row with the minimum val. Calculates the arg expression at that row.	677
system	main	arg_min_null	aggregate	TIMESTAMP	arg|val	TIMESTAMP|TIMESTAMP			false	true	Finds the row with the minimum val. Calculates the arg expression at that row.	677
system	main	arg_min_null	aggregate	TIMESTAMP	arg|val	TIMESTAMP|TIMESTAMP WITH TIME ZONE			false	true	Finds the row with the minimum val. Calculates the arg expression at that row.	677
system	main	arg_min_null	aggregate	TIMESTAMP	arg|val	TIMESTAMP|BLOB			false	true	Finds the row with the minimum val. Calculates the arg expression at that row.	677
system	main	arg_min_null	aggregate	TIMESTAMP WITH TIME ZONE	arg|val	TIMESTAMP WITH TIME ZONE|INTEGER			false	true	Finds the row with the minimum val. Calculates the arg expression at that row.	677
system	main	arg_min_null	aggregate	TIMESTAMP WITH TIME ZONE	arg|val	TIMESTAMP WITH TIME ZONE|BIGINT			false	true	Finds the row with the minimum val. Calculates the arg expression at that row.	677
system	main	arg_min_null	aggregate	TIMESTAMP WITH TIME ZONE	arg|val	TIMESTAMP WITH TIME ZONE|HUGEINT			false	true	Finds the row with the minimum val. Calculates the arg expression at that row.	677
system	main	arg_min_null	aggregate	TIMESTAMP WITH TIME ZONE	arg|val	TIMESTAMP WITH TIME ZONE|DOUBLE			false	true	Finds the row with the minimum val. Calculates the arg expression at that row.	677
system	main	arg_min_null	aggregate	TIMESTAMP WITH TIME ZONE	arg|val	TIMESTAMP WITH TIME ZONE|VARCHAR			false	true	Finds the row with the minimum val. Calculates the arg expression at that row.	677
system	main	arg_min_null	aggregate	TIMESTAMP WITH TIME ZONE	arg|val	TIMESTAMP WITH TIME ZONE|DATE			false	true	Finds the row with the minimum val. Calculates the arg expression at that row.	677
system	main	arg_min_null	aggregate	TIMESTAMP WITH TIME ZONE	arg|val	TIMESTAMP WITH TIME ZONE|TIMESTAMP			false	true	Finds the row with the minimum val. Calculates the arg expression at that row.	677
system	main	arg_min_null	aggregate	TIMESTAMP WITH TIME ZONE	arg|val	TIMESTAMP WITH TIME ZONE|TIMESTAMP WITH TIME ZONE			false	true	Finds the row with the minimum val. Calculates the arg expression at that row.	677
system	main	arg_min_null	aggregate	TIMESTAMP WITH TIME ZONE	arg|val	TIMESTAMP WITH TIME ZONE|BLOB			false	true	Finds the row with the minimum val. Calculates the arg expression at that row.	677
system	main	arg_min_null	aggregate	BLOB	arg|val	BLOB|INTEGER			false	true	Finds the row with the minimum val. Calculates the arg expression at that row.	677
system	main	arg_min_null	aggregate	BLOB	arg|val	BLOB|BIGINT			false	true	Finds the row with the minimum val. Calculates the arg expression at that row.	677
system	main	arg_min_null	aggregate	BLOB	arg|val	BLOB|HUGEINT			false	true	Finds the row with the minimum val. Calculates the arg expression at that row.	677
system	main	arg_min_null	aggregate	BLOB	arg|val	BLOB|DOUBLE			false	true	Finds the row with the minimum val. Calculates the arg expression at that row.	677
system	main	arg_min_null	aggregate	BLOB	arg|val	BLOB|VARCHAR			false	true	Finds the row with the minimum val. Calculates the arg expression at that row.	677
system	main	arg_min_null	aggregate	BLOB	arg|val	BLOB|DATE			false	true	Finds the row with the minimum val. Calculates the arg expression at that row.	677
system	main	arg_min_null	aggregate	BLOB	arg|val	BLOB|TIMESTAMP			false	true	Finds the row with the minimum val. Calculates the arg expression at that row.	677
system	main	arg_min_null	aggregate	BLOB	arg|val	BLOB|TIMESTAMP WITH TIME ZONE			false	true	Finds the row with the minimum val. Calculates the arg expression at that row.	677
system	main	arg_min_null	aggregate	BLOB	arg|val	BLOB|BLOB			false	true	Finds the row with the minimum val. Calculates the arg expression at that row.	677
system	main	arg_min_null	aggregate	DECIMAL	arg|val	DECIMAL|INTEGER			false	true	Finds the row with the minimum val. Calculates the arg expression at that row.	677
system	main	arg_min_null	aggregate	DECIMAL	arg|val	DECIMAL|BIGINT			false	true	Finds the row with the minimum val. Calculates the arg expression at that row.	677
system	main	arg_min_null	aggregate	DECIMAL	arg|val	DECIMAL|HUGEINT			false	true	Finds the row with the minimum val. Calculates the arg expression at that row.	677
system	main	arg_min_null	aggregate	DECIMAL	arg|val	DECIMAL|DOUBLE			false	true	Finds the row with the minimum val. Calculates the arg expression at that row.	677
system	main	arg_min_null	aggregate	DECIMAL	arg|val	DECIMAL|VARCHAR			false	true	Finds the row with the minimum val. Calculates the arg expression at that row.	677
system	main	arg_min_null	aggregate	DECIMAL	arg|val	DECIMAL|DATE			false	true	Finds the row with the minimum val. Calculates the arg expression at that row.	677
system	main	arg_min_null	aggregate	DECIMAL	arg|val	DECIMAL|TIMESTAMP			false	true	Finds the row with the minimum val. Calculates the arg expression at that row.	677
system	main	arg_min_null	aggregate	DECIMAL	arg|val	DECIMAL|TIMESTAMP WITH TIME ZONE			false	true	Finds the row with the minimum val. Calculates the arg expression at that row.	677
system	main	arg_min_null	aggregate	DECIMAL	arg|val	DECIMAL|BLOB			false	true	Finds the row with the minimum val. Calculates the arg expression at that row.	677
system	main	arg_min_null	aggregate	ANY	arg|val	ANY|INTEGER			false	true	Finds the row with the minimum val. Calculates the arg expression at that row.	677
system	main	arg_min_null	aggregate	ANY	arg|val	ANY|BIGINT			false	true	Finds the row with the minimum val. Calculates the arg expression at that row.	677
system	main	arg_min_null	aggregate	ANY	arg|val	ANY|HUGEINT			false	true	Finds the row with the minimum val. Calculates the arg expression at that row.	677
system	main	arg_min_null	aggregate	ANY	arg|val	ANY|DOUBLE			false	true	Finds the row with the minimum val. Calculates the arg expression at that row.	677
system	main	arg_min_null	aggregate	ANY	arg|val	ANY|VARCHAR			false	true	Finds the row with the minimum val. Calculates the arg expression at that row.	677
system	main	arg_min_null	aggregate	ANY	arg|val	ANY|DATE			false	true	Finds the row with the minimum val. Calculates the arg expression at that row.	677
system	main	arg_min_null	aggregate	ANY	arg|val	ANY|TIMESTAMP			false	true	Finds the row with the minimum val. Calculates the arg expression at that row.	677
system	main	arg_min_null	aggregate	ANY	arg|val	ANY|TIMESTAMP WITH TIME ZONE			false	true	Finds the row with the minimum val. Calculates the arg expression at that row.	677
system	main	arg_min_null	aggregate	ANY	arg|val	ANY|BLOB			false	true	Finds the row with the minimum val. Calculates the arg expression at that row.	677
system	main	arg_min_null	aggregate	ANY	arg|val	ANY|ANY			false	true	Finds the row with the minimum val. Calculates the arg expression at that row.	677
system	main	arg_min_nulls_last	aggregate	INTEGER	arg|val	INTEGER|INTEGER			false	true	Finds the rows with N minimum vals, including nulls. Calculates the arg expression at that row.	679
system	main	arg_min_nulls_last	aggregate	INTEGER	arg|val	INTEGER|BIGINT			false	true	Finds the rows with N minimum vals, including nulls. Calculates the arg expression at that row.	679
system	main	arg_min_nulls_last	aggregate	INTEGER	arg|val	INTEGER|HUGEINT			false	true	Finds the rows with N minimum vals, including nulls. Calculates the arg expression at that row.	679
system	main	arg_min_nulls_last	aggregate	INTEGER	arg|val	INTEGER|DOUBLE			false	true	Finds the rows with N minimum vals, including nulls. Calculates the arg expression at that row.	679
system	main	arg_min_nulls_last	aggregate	INTEGER	arg|val	INTEGER|VARCHAR			false	true	Finds the rows with N minimum vals, including nulls. Calculates the arg expression at that row.	679
system	main	arg_min_nulls_last	aggregate	INTEGER	arg|val	INTEGER|DATE			false	true	Finds the rows with N minimum vals, including nulls. Calculates the arg expression at that row.	679
system	main	arg_min_nulls_last	aggregate	INTEGER	arg|val	INTEGER|TIMESTAMP			false	true	Finds the rows with N minimum vals, including nulls. Calculates the arg expression at that row.	679
system	main	arg_min_nulls_last	aggregate	INTEGER	arg|val	INTEGER|TIMESTAMP WITH TIME ZONE			false	true	Finds the rows with N minimum vals, including nulls. Calculates the arg expression at that row.	679
system	main	arg_min_nulls_last	aggregate	INTEGER	arg|val	INTEGER|BLOB			false	true	Finds the rows with N minimum vals, including nulls. Calculates the arg expression at that row.	679
system	main	arg_min_nulls_last	aggregate	BIGINT	arg|val	BIGINT|INTEGER			false	true	Finds the rows with N minimum vals, including nulls. Calculates the arg expression at that row.	679
system	main	arg_min_nulls_last	aggregate	BIGINT	arg|val	BIGINT|BIGINT			false	true	Finds the rows with N minimum vals, including nulls. Calculates the arg expression at that row.	679
system	main	arg_min_nulls_last	aggregate	BIGINT	arg|val	BIGINT|HUGEINT			false	true	Finds the rows with N minimum vals, including nulls. Calculates the arg expression at that row.	679
system	main	arg_min_nulls_last	aggregate	BIGINT	arg|val	BIGINT|DOUBLE			false	true	Finds the rows with N minimum vals, including nulls. Calculates the arg expression at that row.	679
system	main	arg_min_nulls_last	aggregate	BIGINT	arg|val	BIGINT|VARCHAR			false	true	Finds the rows with N minimum vals, including nulls. Calculates the arg expression at that row.	679
system	main	arg_min_nulls_last	aggregate	BIGINT	arg|val	BIGINT|DATE			false	true	Finds the rows with N minimum vals, including nulls. Calculates the arg expression at that row.	679
system	main	arg_min_nulls_last	aggregate	BIGINT	arg|val	BIGINT|TIMESTAMP			false	true	Finds the rows with N minimum vals, including nulls. Calculates the arg expression at that row.	679
system	main	arg_min_nulls_last	aggregate	BIGINT	arg|val	BIGINT|TIMESTAMP WITH TIME ZONE			false	true	Finds the rows with N minimum vals, including nulls. Calculates the arg expression at that row.	679
system	main	arg_min_nulls_last	aggregate	BIGINT	arg|val	BIGINT|BLOB			false	true	Finds the rows with N minimum vals, including nulls. Calculates the arg expression at that row.	679
system	main	arg_min_nulls_last	aggregate	DOUBLE	arg|val	DOUBLE|INTEGER			false	true	Finds the rows with N minimum vals, including nulls. Calculates the arg expression at that row.	679
system	main	arg_min_nulls_last	aggregate	DOUBLE	arg|val	DOUBLE|BIGINT			false	true	Finds the rows with N minimum vals, including nulls. Calculates the arg expression at that row.	679
system	main	arg_min_nulls_last	aggregate	DOUBLE	arg|val	DOUBLE|HUGEINT			false	true	Finds the rows with N minimum vals, including nulls. Calculates the arg expression at that row.	679
system	main	arg_min_nulls_last	aggregate	DOUBLE	arg|val	DOUBLE|DOUBLE			false	true	Finds the rows with N minimum vals, including nulls. Calculates the arg expression at that row.	679
system	main	arg_min_nulls_last	aggregate	DOUBLE	arg|val	DOUBLE|VARCHAR			false	true	Finds the rows with N minimum vals, including nulls. Calculates the arg expression at that row.	679
system	main	arg_min_nulls_last	aggregate	DOUBLE	arg|val	DOUBLE|DATE			false	true	Finds the rows with N minimum vals, including nulls. Calculates the arg expression at that row.	679
system	main	arg_min_nulls_last	aggregate	DOUBLE	arg|val	DOUBLE|TIMESTAMP			false	true	Finds the rows with N minimum vals, including nulls. Calculates the arg expression at that row.	679
system	main	arg_min_nulls_last	aggregate	DOUBLE	arg|val	DOUBLE|TIMESTAMP WITH TIME ZONE			false	true	Finds the rows with N minimum vals, including nulls. Calculates the arg expression at that row.	679
system	main	arg_min_nulls_last	aggregate	DOUBLE	arg|val	DOUBLE|BLOB			false	true	Finds the rows with N minimum vals, including nulls. Calculates the arg expression at that row.	679
system	main	arg_min_nulls_last	aggregate	VARCHAR	arg|val	VARCHAR|INTEGER			false	true	Finds the rows with N minimum vals, including nulls. Calculates the arg expression at that row.	679
system	main	arg_min_nulls_last	aggregate	VARCHAR	arg|val	VARCHAR|BIGINT			false	true	Finds the rows with N minimum vals, including nulls. Calculates the arg expression at that row.	679
system	main	arg_min_nulls_last	aggregate	VARCHAR	arg|val	VARCHAR|HUGEINT			false	true	Finds the rows with N minimum vals, including nulls. Calculates the arg expression at that row.	679
system	main	arg_min_nulls_last	aggregate	VARCHAR	arg|val	VARCHAR|DOUBLE			false	true	Finds the rows with N minimum vals, including nulls. Calculates the arg expression at that row.	679
system	main	arg_min_nulls_last	aggregate	VARCHAR	arg|val	VARCHAR|VARCHAR			false	true	Finds the rows with N minimum vals, including nulls. Calculates the arg expression at that row.	679
system	main	arg_min_nulls_last	aggregate	VARCHAR	arg|val	VARCHAR|DATE			false	true	Finds the rows with N minimum vals, including nulls. Calculates the arg expression at that row.	679
system	main	arg_min_nulls_last	aggregate	VARCHAR	arg|val	VARCHAR|TIMESTAMP			false	true	Finds the rows with N minimum vals, including nulls. Calculates the arg expression at that row.	679
system	main	arg_min_nulls_last	aggregate	VARCHAR	arg|val	VARCHAR|TIMESTAMP WITH TIME ZONE			false	true	Finds the rows with N minimum vals, including nulls. Calculates the arg expression at that row.	679
system	main	arg_min_nulls_last	aggregate	VARCHAR	arg|val	VARCHAR|BLOB			false	true	Finds the rows with N minimum vals, including nulls. Calculates the arg expression at that row.	679
system	main	arg_min_nulls_last	aggregate	DATE	arg|val	DATE|INTEGER			false	true	Finds the rows with N minimum vals, including nulls. Calculates the arg expression at that row.	679
system	main	arg_min_nulls_last	aggregate	DATE	arg|val	DATE|BIGINT			false	true	Finds the rows with N minimum vals, including nulls. Calculates the arg expression at that row.	679
system	main	arg_min_nulls_last	aggregate	DATE	arg|val	DATE|HUGEINT			false	true	Finds the rows with N minimum vals, including nulls. Calculates the arg expression at that row.	679
system	main	arg_min_nulls_last	aggregate	DATE	arg|val	DATE|DOUBLE			false	true	Finds the rows with N minimum vals, including nulls. Calculates the arg expression at that row.	679
system	main	arg_min_nulls_last	aggregate	DATE	arg|val	DATE|VARCHAR			false	true	Finds the rows with N minimum vals, including nulls. Calculates the arg expression at that row.	679
system	main	arg_min_nulls_last	aggregate	DATE	arg|val	DATE|DATE			false	true	Finds the rows with N minimum vals, including nulls. Calculates the arg expression at that row.	679
system	main	arg_min_nulls_last	aggregate	DATE	arg|val	DATE|TIMESTAMP			false	true	Finds the rows with N minimum vals, including nulls. Calculates the arg expression at that row.	679
system	main	arg_min_nulls_last	aggregate	DATE	arg|val	DATE|TIMESTAMP WITH TIME ZONE			false	true	Finds the rows with N minimum vals, including nulls. Calculates the arg expression at that row.	679
system	main	arg_min_nulls_last	aggregate	DATE	arg|val	DATE|BLOB			false	true	Finds the rows with N minimum vals, including nulls. Calculates the arg expression at that row.	679
system	main	arg_min_nulls_last	aggregate	TIMESTAMP	arg|val	TIMESTAMP|INTEGER			false	true	Finds the rows with N minimum vals, including nulls. Calculates the arg expression at that row.	679
system	main	arg_min_nulls_last	aggregate	TIMESTAMP	arg|val	TIMESTAMP|BIGINT			false	true	Finds the rows with N minimum vals, including nulls. Calculates the arg expression at that row.	679
system	main	arg_min_nulls_last	aggregate	TIMESTAMP	arg|val	TIMESTAMP|HUGEINT			false	true	Finds the rows with N minimum vals, including nulls. Calculates the arg expression at that row.	679
system	main	arg_min_nulls_last	aggregate	TIMESTAMP	arg|val	TIMESTAMP|DOUBLE			false	true	Finds the rows with N minimum vals, including nulls. Calculates the arg expression at that row.	679
system	main	arg_min_nulls_last	aggregate	TIMESTAMP	arg|val	TIMESTAMP|VARCHAR			false	true	Finds the rows with N minimum vals, including nulls. Calculates the arg expression at that row.	679
system	main	arg_min_nulls_last	aggregate	TIMESTAMP	arg|val	TIMESTAMP|DATE			false	true	Finds the rows with N minimum vals, including nulls. Calculates the arg expression at that row.	679
system	main	arg_min_nulls_last	aggregate	TIMESTAMP	arg|val	TIMESTAMP|TIMESTAMP			false	true	Finds the rows with N minimum vals, including nulls. Calculates the arg expression at that row.	679
system	main	arg_min_nulls_last	aggregate	TIMESTAMP	arg|val	TIMESTAMP|TIMESTAMP WITH TIME ZONE			false	true	Finds the rows with N minimum vals, including nulls. Calculates the arg expression at that row.	679
system	main	arg_min_nulls_last	aggregate	TIMESTAMP	arg|val	TIMESTAMP|BLOB			false	true	Finds the rows with N minimum vals, including nulls. Calculates the arg expression at that row.	679
system	main	arg_min_nulls_last	aggregate	TIMESTAMP WITH TIME ZONE	arg|val	TIMESTAMP WITH TIME ZONE|INTEGER			false	true	Finds the rows with N minimum vals, including nulls. Calculates the arg expression at that row.	679
system	main	arg_min_nulls_last	aggregate	TIMESTAMP WITH TIME ZONE	arg|val	TIMESTAMP WITH TIME ZONE|BIGINT			false	true	Finds the rows with N minimum vals, including nulls. Calculates the arg expression at that row.	679
system	main	arg_min_nulls_last	aggregate	TIMESTAMP WITH TIME ZONE	arg|val	TIMESTAMP WITH TIME ZONE|HUGEINT			false	true	Finds the rows with N minimum vals, including nulls. Calculates the arg expression at that row.	679
system	main	arg_min_nulls_last	aggregate	TIMESTAMP WITH TIME ZONE	arg|val	TIMESTAMP WITH TIME ZONE|DOUBLE			false	true	Finds the rows with N minimum vals, including nulls. Calculates the arg expression at that row.	679
system	main	arg_min_nulls_last	aggregate	TIMESTAMP WITH TIME ZONE	arg|val	TIMESTAMP WITH TIME ZONE|VARCHAR			false	true	Finds the rows with N minimum vals, including nulls. Calculates the arg expression at that row.	679
system	main	arg_min_nulls_last	aggregate	TIMESTAMP WITH TIME ZONE	arg|val	TIMESTAMP WITH TIME ZONE|DATE			false	true	Finds the rows with N minimum vals, including nulls. Calculates the arg expression at that row.	679
system	main	arg_min_nulls_last	aggregate	TIMESTAMP WITH TIME ZONE	arg|val	TIMESTAMP WITH TIME ZONE|TIMESTAMP			false	true	Finds the rows with N minimum vals, including nulls. Calculates the arg expression at that row.	679
system	main	arg_min_nulls_last	aggregate	TIMESTAMP WITH TIME ZONE	arg|val	TIMESTAMP WITH TIME ZONE|TIMESTAMP WITH TIME ZONE			false	true	Finds the rows with N minimum vals, including nulls. Calculates the arg expression at that row.	679
system	main	arg_min_nulls_last	aggregate	TIMESTAMP WITH TIME ZONE	arg|val	TIMESTAMP WITH TIME ZONE|BLOB			false	true	Finds the rows with N minimum vals, including nulls. Calculates the arg expression at that row.	679
system	main	arg_min_nulls_last	aggregate	BLOB	arg|val	BLOB|INTEGER			false	true	Finds the rows with N minimum vals, including nulls. Calculates the arg expression at that row.	679
system	main	arg_min_nulls_last	aggregate	BLOB	arg|val	BLOB|BIGINT			false	true	Finds the rows with N minimum vals, including nulls. Calculates the arg expression at that row.	679
system	main	arg_min_nulls_last	aggregate	BLOB	arg|val	BLOB|HUGEINT			false	true	Finds the rows with N minimum vals, including nulls. Calculates the arg expression at that row.	679
system	main	arg_min_nulls_last	aggregate	BLOB	arg|val	BLOB|DOUBLE			false	true	Finds the rows with N minimum vals, including nulls. Calculates the arg expression at that row.	679
system	main	arg_min_nulls_last	aggregate	BLOB	arg|val	BLOB|VARCHAR			false	true	Finds the rows with N minimum vals, including nulls. Calculates the arg expression at that row.	679
system	main	arg_min_nulls_last	aggregate	BLOB	arg|val	BLOB|DATE			false	true	Finds the rows with N minimum vals, including nulls. Calculates the arg expression at that row.	679
system	main	arg_min_nulls_last	aggregate	BLOB	arg|val	BLOB|TIMESTAMP			false	true	Finds the rows with N minimum vals, including nulls. Calculates the arg expression at that row.	679
system	main	arg_min_nulls_last	aggregate	BLOB	arg|val	BLOB|TIMESTAMP WITH TIME ZONE			false	true	Finds the rows with N minimum vals, including nulls. Calculates the arg expression at that row.	679
system	main	arg_min_nulls_last	aggregate	BLOB	arg|val	BLOB|BLOB			false	true	Finds the rows with N minimum vals, including nulls. Calculates the arg expression at that row.	679
system	main	arg_min_nulls_last	aggregate	DECIMAL	arg|val	DECIMAL|INTEGER			false	true	Finds the rows with N minimum vals, including nulls. Calculates the arg expression at that row.	679
system	main	arg_min_nulls_last	aggregate	DECIMAL	arg|val	DECIMAL|BIGINT			false	true	Finds the rows with N minimum vals, including nulls. Calculates the arg expression at that row.	679
system	main	arg_min_nulls_last	aggregate	DECIMAL	arg|val	DECIMAL|HUGEINT			false	true	Finds the rows with N minimum vals, including nulls. Calculates the arg expression at that row.	679
system	main	arg_min_nulls_last	aggregate	DECIMAL	arg|val	DECIMAL|DOUBLE			false	true	Finds the rows with N minimum vals, including nulls. Calculates the arg expression at that row.	679
system	main	arg_min_nulls_last	aggregate	DECIMAL	arg|val	DECIMAL|VARCHAR			false	true	Finds the rows with N minimum vals, including nulls. Calculates the arg expression at that row.	679
system	main	arg_min_nulls_last	aggregate	DECIMAL	arg|val	DECIMAL|DATE			false	true	Finds the rows with N minimum vals, including nulls. Calculates the arg expression at that row.	679
system	main	arg_min_nulls_last	aggregate	DECIMAL	arg|val	DECIMAL|TIMESTAMP			false	true	Finds the rows with N minimum vals, including nulls. Calculates the arg expression at that row.	679
system	main	arg_min_nulls_last	aggregate	DECIMAL	arg|val	DECIMAL|TIMESTAMP WITH TIME ZONE			false	true	Finds the rows with N minimum vals, including nulls. Calculates the arg expression at that row.	679
system	main	arg_min_nulls_last	aggregate	DECIMAL	arg|val	DECIMAL|BLOB			false	true	Finds the rows with N minimum vals, including nulls. Calculates the arg expression at that row.	679
system	main	arg_min_nulls_last	aggregate	ANY	arg|val	ANY|INTEGER			false	true	Finds the rows with N minimum vals, including nulls. Calculates the arg expression at that row.	679
system	main	arg_min_nulls_last	aggregate	ANY	arg|val	ANY|BIGINT			false	true	Finds the rows with N minimum vals, including nulls. Calculates the arg expression at that row.	679
system	main	arg_min_nulls_last	aggregate	ANY	arg|val	ANY|HUGEINT			false	true	Finds the rows with N minimum vals, including nulls. Calculates the arg expression at that row.	679
system	main	arg_min_nulls_last	aggregate	ANY	arg|val	ANY|DOUBLE			false	true	Finds the rows with N minimum vals, including nulls. Calculates the arg expression at that row.	679
system	main	arg_min_nulls_last	aggregate	ANY	arg|val	ANY|VARCHAR			false	true	Finds the rows with N minimum vals, including nulls. Calculates the arg expression at that row.	679
system	main	arg_min_nulls_last	aggregate	ANY	arg|val	ANY|DATE			false	true	Finds the rows with N minimum vals, including nulls. Calculates the arg expression at that row.	679
system	main	arg_min_nulls_last	aggregate	ANY	arg|val	ANY|TIMESTAMP			false	true	Finds the rows with N minimum vals, including nulls. Calculates the arg expression at that row.	679
system	main	arg_min_nulls_last	aggregate	ANY	arg|val	ANY|TIMESTAMP WITH TIME ZONE			false	true	Finds the rows with N minimum vals, including nulls. Calculates the arg expression at that row.	679
system	main	arg_min_nulls_last	aggregate	ANY	arg|val	ANY|BLOB			false	true	Finds the rows with N minimum vals, including nulls. Calculates the arg expression at that row.	679
system	main	arg_min_nulls_last	aggregate	ANY	arg|val	ANY|ANY			false	true	Finds the rows with N minimum vals, including nulls. Calculates the arg expression at that row.	679
system	main	arg_min_nulls_last	aggregate	ANY[]	arg|val|N	ANY|ANY|BIGINT			false	true	Finds the rows with N minimum vals, including nulls. Calculates the arg expression at that row.	679
system	main	argmax	aggregate	INTEGER	arg|val	INTEGER|INTEGER			false	true	Finds the row with the maximum val. Calculates the non-NULL arg expression at that row.	681
system	main	argmax	aggregate	BLOB	arg|val	BLOB|TIMESTAMP WITH TIME ZONE			false	true	Finds the row with the maximum val. Calculates the non-NULL arg expression at that row.	681
system	main	argmax	aggregate	INTEGER	arg|val	INTEGER|HUGEINT			false	true	Finds the row with the maximum val. Calculates the non-NULL arg expression at that row.	681
system	main	argmax	aggregate	INTEGER	arg|val	INTEGER|DOUBLE			false	true	Finds the row with the maximum val. Calculates the non-NULL arg expression at that row.	681
system	main	argmax	aggregate	INTEGER	arg|val	INTEGER|VARCHAR			false	true	Finds the row with the maximum val. Calculates the non-NULL arg expression at that row.	681
system	main	argmax	aggregate	INTEGER	arg|val	INTEGER|DATE			false	true	Finds the row with the maximum val. Calculates the non-NULL arg expression at that row.	681
system	main	argmax	aggregate	INTEGER	arg|val	INTEGER|TIMESTAMP			false	true	Finds the row with the maximum val. Calculates the non-NULL arg expression at that row.	681
system	main	argmax	aggregate	INTEGER	arg|val	INTEGER|TIMESTAMP WITH TIME ZONE			false	true	Finds the row with the maximum val. Calculates the non-NULL arg expression at that row.	681
system	main	argmax	aggregate	INTEGER	arg|val	INTEGER|BLOB			false	true	Finds the row with the maximum val. Calculates the non-NULL arg expression at that row.	681
system	main	argmax	aggregate	BIGINT	arg|val	BIGINT|INTEGER			false	true	Finds the row with the maximum val. Calculates the non-NULL arg expression at that row.	681
system	main	argmax	aggregate	BIGINT	arg|val	BIGINT|BIGINT			false	true	Finds the row with the maximum val. Calculates the non-NULL arg expression at that row.	681
system	main	argmax	aggregate	BIGINT	arg|val	BIGINT|HUGEINT			false	true	Finds the row with the maximum val. Calculates the non-NULL arg expression at that row.	681
system	main	argmax	aggregate	BIGINT	arg|val	BIGINT|DOUBLE			false	true	Finds the row with the maximum val. Calculates the non-NULL arg expression at that row.	681
system	main	argmax	aggregate	BIGINT	arg|val	BIGINT|VARCHAR			false	true	Finds the row with the maximum val. Calculates the non-NULL arg expression at that row.	681
system	main	argmax	aggregate	BIGINT	arg|val	BIGINT|DATE			false	true	Finds the row with the maximum val. Calculates the non-NULL arg expression at that row.	681
system	main	argmax	aggregate	BIGINT	arg|val	BIGINT|TIMESTAMP			false	true	Finds the row with the maximum val. Calculates the non-NULL arg expression at that row.	681
system	main	argmax	aggregate	BIGINT	arg|val	BIGINT|TIMESTAMP WITH TIME ZONE			false	true	Finds the row with the maximum val. Calculates the non-NULL arg expression at that row.	681
system	main	argmax	aggregate	BIGINT	arg|val	BIGINT|BLOB			false	true	Finds the row with the maximum val. Calculates the non-NULL arg expression at that row.	681
system	main	argmax	aggregate	DOUBLE	arg|val	DOUBLE|INTEGER			false	true	Finds the row with the maximum val. Calculates the non-NULL arg expression at that row.	681
system	main	argmax	aggregate	DOUBLE	arg|val	DOUBLE|BIGINT			false	true	Finds the row with the maximum val. Calculates the non-NULL arg expression at that row.	681
system	main	argmax	aggregate	DOUBLE	arg|val	DOUBLE|HUGEINT			false	true	Finds the row with the maximum val. Calculates the non-NULL arg expression at that row.	681
system	main	argmax	aggregate	DOUBLE	arg|val	DOUBLE|DOUBLE			false	true	Finds the row with the maximum val. Calculates the non-NULL arg expression at that row.	681
system	main	argmax	aggregate	DOUBLE	arg|val	DOUBLE|VARCHAR			false	true	Finds the row with the maximum val. Calculates the non-NULL arg expression at that row.	681
system	main	argmax	aggregate	INTEGER	arg|val	INTEGER|BIGINT			false	true	Finds the row with the maximum val. Calculates the non-NULL arg expression at that row.	681
system	main	argmax	aggregate	DOUBLE	arg|val	DOUBLE|TIMESTAMP			false	true	Finds the row with the maximum val. Calculates the non-NULL arg expression at that row.	681
system	main	argmax	aggregate	DOUBLE	arg|val	DOUBLE|TIMESTAMP WITH TIME ZONE			false	true	Finds the row with the maximum val. Calculates the non-NULL arg expression at that row.	681
system	main	argmax	aggregate	DOUBLE	arg|val	DOUBLE|BLOB			false	true	Finds the row with the maximum val. Calculates the non-NULL arg expression at that row.	681
system	main	argmax	aggregate	VARCHAR	arg|val	VARCHAR|INTEGER			false	true	Finds the row with the maximum val. Calculates the non-NULL arg expression at that row.	681
system	main	argmax	aggregate	VARCHAR	arg|val	VARCHAR|BIGINT			false	true	Finds the row with the maximum val. Calculates the non-NULL arg expression at that row.	681
system	main	argmax	aggregate	VARCHAR	arg|val	VARCHAR|HUGEINT			false	true	Finds the row with the maximum val. Calculates the non-NULL arg expression at that row.	681
system	main	argmax	aggregate	VARCHAR	arg|val	VARCHAR|DOUBLE			false	true	Finds the row with the maximum val. Calculates the non-NULL arg expression at that row.	681
system	main	argmax	aggregate	VARCHAR	arg|val	VARCHAR|VARCHAR			false	true	Finds the row with the maximum val. Calculates the non-NULL arg expression at that row.	681
system	main	argmax	aggregate	VARCHAR	arg|val	VARCHAR|DATE			false	true	Finds the row with the maximum val. Calculates the non-NULL arg expression at that row.	681
system	main	argmax	aggregate	VARCHAR	arg|val	VARCHAR|TIMESTAMP			false	true	Finds the row with the maximum val. Calculates the non-NULL arg expression at that row.	681
system	main	argmax	aggregate	VARCHAR	arg|val	VARCHAR|TIMESTAMP WITH TIME ZONE			false	true	Finds the row with the maximum val. Calculates the non-NULL arg expression at that row.	681
system	main	argmax	aggregate	VARCHAR	arg|val	VARCHAR|BLOB			false	true	Finds the row with the maximum val. Calculates the non-NULL arg expression at that row.	681
system	main	argmax	aggregate	DATE	arg|val	DATE|INTEGER			false	true	Finds the row with the maximum val. Calculates the non-NULL arg expression at that row.	681
system	main	argmax	aggregate	DATE	arg|val	DATE|BIGINT			false	true	Finds the row with the maximum val. Calculates the non-NULL arg expression at that row.	681
system	main	argmax	aggregate	DATE	arg|val	DATE|HUGEINT			false	true	Finds the row with the maximum val. Calculates the non-NULL arg expression at that row.	681
system	main	argmax	aggregate	DATE	arg|val	DATE|DOUBLE			false	true	Finds the row with the maximum val. Calculates the non-NULL arg expression at that row.	681
system	main	argmax	aggregate	DATE	arg|val	DATE|VARCHAR			false	true	Finds the row with the maximum val. Calculates the non-NULL arg expression at that row.	681
system	main	argmax	aggregate	DATE	arg|val	DATE|DATE			false	true	Finds the row with the maximum val. Calculates the non-NULL arg expression at that row.	681
system	main	argmax	aggregate	DATE	arg|val	DATE|TIMESTAMP			false	true	Finds the row with the maximum val. Calculates the non-NULL arg expression at that row.	681
system	main	argmax	aggregate	DATE	arg|val	DATE|TIMESTAMP WITH TIME ZONE			false	true	Finds the row with the maximum val. Calculates the non-NULL arg expression at that row.	681
system	main	argmax	aggregate	DATE	arg|val	DATE|BLOB			false	true	Finds the row with the maximum val. Calculates the non-NULL arg expression at that row.	681
system	main	argmax	aggregate	TIMESTAMP	arg|val	TIMESTAMP|INTEGER			false	true	Finds the row with the maximum val. Calculates the non-NULL arg expression at that row.	681
system	main	argmax	aggregate	TIMESTAMP	arg|val	TIMESTAMP|BIGINT			false	true	Finds the row with the maximum val. Calculates the non-NULL arg expression at that row.	681
system	main	argmax	aggregate	TIMESTAMP	arg|val	TIMESTAMP|HUGEINT			false	true	Finds the row with the maximum val. Calculates the non-NULL arg expression at that row.	681
system	main	argmax	aggregate	TIMESTAMP	arg|val	TIMESTAMP|DOUBLE			false	true	Finds the row with the maximum val. Calculates the non-NULL arg expression at that row.	681
system	main	argmax	aggregate	TIMESTAMP	arg|val	TIMESTAMP|VARCHAR			false	true	Finds the row with the maximum val. Calculates the non-NULL arg expression at that row.	681
system	main	argmax	aggregate	TIMESTAMP	arg|val	TIMESTAMP|DATE			false	true	Finds the row with the maximum val. Calculates the non-NULL arg expression at that row.	681
system	main	argmax	aggregate	TIMESTAMP	arg|val	TIMESTAMP|TIMESTAMP			false	true	Finds the row with the maximum val. Calculates the non-NULL arg expression at that row.	681
system	main	argmax	aggregate	TIMESTAMP	arg|val	TIMESTAMP|TIMESTAMP WITH TIME ZONE			false	true	Finds the row with the maximum val. Calculates the non-NULL arg expression at that row.	681
system	main	argmax	aggregate	TIMESTAMP	arg|val	TIMESTAMP|BLOB			false	true	Finds the row with the maximum val. Calculates the non-NULL arg expression at that row.	681
system	main	argmax	aggregate	TIMESTAMP WITH TIME ZONE	arg|val	TIMESTAMP WITH TIME ZONE|INTEGER			false	true	Finds the row with the maximum val. Calculates the non-NULL arg expression at that row.	681
system	main	argmax	aggregate	TIMESTAMP WITH TIME ZONE	arg|val	TIMESTAMP WITH TIME ZONE|BIGINT			false	true	Finds the row with the maximum val. Calculates the non-NULL arg expression at that row.	681
system	main	argmax	aggregate	TIMESTAMP WITH TIME ZONE	arg|val	TIMESTAMP WITH TIME ZONE|HUGEINT			false	true	Finds the row with the maximum val. Calculates the non-NULL arg expression at that row.	681
system	main	argmax	aggregate	TIMESTAMP WITH TIME ZONE	arg|val	TIMESTAMP WITH TIME ZONE|DOUBLE			false	true	Finds the row with the maximum val. Calculates the non-NULL arg expression at that row.	681
system	main	argmax	aggregate	TIMESTAMP WITH TIME ZONE	arg|val	TIMESTAMP WITH TIME ZONE|VARCHAR			false	true	Finds the row with the maximum val. Calculates the non-NULL arg expression at that row.	681
system	main	argmax	aggregate	TIMESTAMP WITH TIME ZONE	arg|val	TIMESTAMP WITH TIME ZONE|DATE			false	true	Finds the row with the maximum val. Calculates the non-NULL arg expression at that row.	681
system	main	argmax	aggregate	TIMESTAMP WITH TIME ZONE	arg|val	TIMESTAMP WITH TIME ZONE|TIMESTAMP			false	true	Finds the row with the maximum val. Calculates the non-NULL arg expression at that row.	681
system	main	argmax	aggregate	TIMESTAMP WITH TIME ZONE	arg|val	TIMESTAMP WITH TIME ZONE|TIMESTAMP WITH TIME ZONE			false	true	Finds the row with the maximum val. Calculates the non-NULL arg expression at that row.	681
system	main	argmax	aggregate	TIMESTAMP WITH TIME ZONE	arg|val	TIMESTAMP WITH TIME ZONE|BLOB			false	true	Finds the row with the maximum val. Calculates the non-NULL arg expression at that row.	681
system	main	argmax	aggregate	BLOB	arg|val	BLOB|INTEGER			false	true	Finds the row with the maximum val. Calculates the non-NULL arg expression at that row.	681
system	main	argmax	aggregate	BLOB	arg|val	BLOB|BIGINT			false	true	Finds the row with the maximum val. Calculates the non-NULL arg expression at that row.	681
system	main	argmax	aggregate	BLOB	arg|val	BLOB|HUGEINT			false	true	Finds the row with the maximum val. Calculates the non-NULL arg expression at that row.	681
system	main	argmax	aggregate	BLOB	arg|val	BLOB|DOUBLE			false	true	Finds the row with the maximum val. Calculates the non-NULL arg expression at that row.	681
system	main	argmax	aggregate	BLOB	arg|val	BLOB|VARCHAR			false	true	Finds the row with the maximum val. Calculates the non-NULL arg expression at that row.	681
system	main	argmax	aggregate	BLOB	arg|val	BLOB|DATE			false	true	Finds the row with the maximum val. Calculates the non-NULL arg expression at that row.	681
system	main	argmax	aggregate	BLOB	arg|val	BLOB|TIMESTAMP			false	true	Finds the row with the maximum val. Calculates the non-NULL arg expression at that row.	681
system	main	argmax	aggregate	ANY[]	arg|val|col2	ANY|ANY|BIGINT			false	true	Finds the row with the maximum val. Calculates the non-NULL arg expression at that row.	681
system	main	argmax	aggregate	BLOB	arg|val	BLOB|BLOB			false	true	Finds the row with the maximum val. Calculates the non-NULL arg expression at that row.	681
system	main	argmax	aggregate	DECIMAL	arg|val	DECIMAL|INTEGER			false	true	Finds the row with the maximum val. Calculates the non-NULL arg expression at that row.	681
system	main	argmax	aggregate	DECIMAL	arg|val	DECIMAL|BIGINT			false	true	Finds the row with the maximum val. Calculates the non-NULL arg expression at that row.	681
system	main	argmax	aggregate	DECIMAL	arg|val	DECIMAL|HUGEINT			false	true	Finds the row with the maximum val. Calculates the non-NULL arg expression at that row.	681
system	main	argmax	aggregate	DECIMAL	arg|val	DECIMAL|DOUBLE			false	true	Finds the row with the maximum val. Calculates the non-NULL arg expression at that row.	681
system	main	argmax	aggregate	DECIMAL	arg|val	DECIMAL|VARCHAR			false	true	Finds the row with the maximum val. Calculates the non-NULL arg expression at that row.	681
system	main	argmax	aggregate	DECIMAL	arg|val	DECIMAL|DATE			false	true	Finds the row with the maximum val. Calculates the non-NULL arg expression at that row.	681
system	main	argmax	aggregate	DECIMAL	arg|val	DECIMAL|TIMESTAMP			false	true	Finds the row with the maximum val. Calculates the non-NULL arg expression at that row.	681
system	main	argmax	aggregate	DECIMAL	arg|val	DECIMAL|TIMESTAMP WITH TIME ZONE			false	true	Finds the row with the maximum val. Calculates the non-NULL arg expression at that row.	681
system	main	argmax	aggregate	DECIMAL	arg|val	DECIMAL|BLOB			false	true	Finds the row with the maximum val. Calculates the non-NULL arg expression at that row.	681
system	main	argmax	aggregate	ANY	arg|val	ANY|INTEGER			false	true	Finds the row with the maximum val. Calculates the non-NULL arg expression at that row.	681
system	main	argmax	aggregate	ANY	arg|val	ANY|BIGINT			false	true	Finds the row with the maximum val. Calculates the non-NULL arg expression at that row.	681
system	main	argmax	aggregate	ANY	arg|val	ANY|HUGEINT			false	true	Finds the row with the maximum val. Calculates the non-NULL arg expression at that row.	681
system	main	argmax	aggregate	ANY	arg|val	ANY|DOUBLE			false	true	Finds the row with the maximum val. Calculates the non-NULL arg expression at that row.	681
system	main	argmax	aggregate	ANY	arg|val	ANY|VARCHAR			false	true	Finds the row with the maximum val. Calculates the non-NULL arg expression at that row.	681
system	main	argmax	aggregate	ANY	arg|val	ANY|DATE			false	true	Finds the row with the maximum val. Calculates the non-NULL arg expression at that row.	681
system	main	argmax	aggregate	ANY	arg|val	ANY|TIMESTAMP			false	true	Finds the row with the maximum val. Calculates the non-NULL arg expression at that row.	681
system	main	argmax	aggregate	ANY	arg|val	ANY|TIMESTAMP WITH TIME ZONE			false	true	Finds the row with the maximum val. Calculates the non-NULL arg expression at that row.	681
system	main	argmax	aggregate	ANY	arg|val	ANY|BLOB			false	true	Finds the row with the maximum val. Calculates the non-NULL arg expression at that row.	681
system	main	argmax	aggregate	ANY	arg|val	ANY|ANY			false	true	Finds the row with the maximum val. Calculates the non-NULL arg expression at that row.	681
system	main	argmax	aggregate	DOUBLE	arg|val	DOUBLE|DATE			false	true	Finds the row with the maximum val. Calculates the non-NULL arg expression at that row.	681
system	main	argmin	aggregate	INTEGER	arg|val	INTEGER|INTEGER			false	true	Finds the row with the minimum val. Calculates the non-NULL arg expression at that row.	683
system	main	argmin	aggregate	TIMESTAMP	arg|val	TIMESTAMP|BLOB			false	true	Finds the row with the minimum val. Calculates the non-NULL arg expression at that row.	683
system	main	argmin	aggregate	INTEGER	arg|val	INTEGER|HUGEINT			false	true	Finds the row with the minimum val. Calculates the non-NULL arg expression at that row.	683
system	main	argmin	aggregate	INTEGER	arg|val	INTEGER|DOUBLE			false	true	Finds the row with the minimum val. Calculates the non-NULL arg expression at that row.	683
system	main	argmin	aggregate	INTEGER	arg|val	INTEGER|VARCHAR			false	true	Finds the row with the minimum val. Calculates the non-NULL arg expression at that row.	683
system	main	argmin	aggregate	INTEGER	arg|val	INTEGER|DATE			false	true	Finds the row with the minimum val. Calculates the non-NULL arg expression at that row.	683
system	main	argmin	aggregate	INTEGER	arg|val	INTEGER|TIMESTAMP			false	true	Finds the row with the minimum val. Calculates the non-NULL arg expression at that row.	683
system	main	argmin	aggregate	INTEGER	arg|val	INTEGER|TIMESTAMP WITH TIME ZONE			false	true	Finds the row with the minimum val. Calculates the non-NULL arg expression at that row.	683
system	main	argmin	aggregate	INTEGER	arg|val	INTEGER|BLOB			false	true	Finds the row with the minimum val. Calculates the non-NULL arg expression at that row.	683
system	main	argmin	aggregate	BIGINT	arg|val	BIGINT|INTEGER			false	true	Finds the row with the minimum val. Calculates the non-NULL arg expression at that row.	683
system	main	argmin	aggregate	BIGINT	arg|val	BIGINT|BIGINT			false	true	Finds the row with the minimum val. Calculates the non-NULL arg expression at that row.	683
system	main	argmin	aggregate	BIGINT	arg|val	BIGINT|HUGEINT			false	true	Finds the row with the minimum val. Calculates the non-NULL arg expression at that row.	683
system	main	argmin	aggregate	BIGINT	arg|val	BIGINT|DOUBLE			false	true	Finds the row with the minimum val. Calculates the non-NULL arg expression at that row.	683
system	main	argmin	aggregate	BIGINT	arg|val	BIGINT|VARCHAR			false	true	Finds the row with the minimum val. Calculates the non-NULL arg expression at that row.	683
system	main	argmin	aggregate	BIGINT	arg|val	BIGINT|DATE			false	true	Finds the row with the minimum val. Calculates the non-NULL arg expression at that row.	683
system	main	argmin	aggregate	BIGINT	arg|val	BIGINT|TIMESTAMP			false	true	Finds the row with the minimum val. Calculates the non-NULL arg expression at that row.	683
system	main	argmin	aggregate	BIGINT	arg|val	BIGINT|TIMESTAMP WITH TIME ZONE			false	true	Finds the row with the minimum val. Calculates the non-NULL arg expression at that row.	683
system	main	argmin	aggregate	BIGINT	arg|val	BIGINT|BLOB			false	true	Finds the row with the minimum val. Calculates the non-NULL arg expression at that row.	683
system	main	argmin	aggregate	DOUBLE	arg|val	DOUBLE|INTEGER			false	true	Finds the row with the minimum val. Calculates the non-NULL arg expression at that row.	683
system	main	argmin	aggregate	DOUBLE	arg|val	DOUBLE|BIGINT			false	true	Finds the row with the minimum val. Calculates the non-NULL arg expression at that row.	683
system	main	argmin	aggregate	TIMESTAMP WITH TIME ZONE	arg|val	TIMESTAMP WITH TIME ZONE|VARCHAR			false	true	Finds the row with the minimum val. Calculates the non-NULL arg expression at that row.	683
system	main	argmin	aggregate	DOUBLE	arg|val	DOUBLE|HUGEINT			false	true	Finds the row with the minimum val. Calculates the non-NULL arg expression at that row.	683
system	main	argmin	aggregate	DOUBLE	arg|val	DOUBLE|DOUBLE			false	true	Finds the row with the minimum val. Calculates the non-NULL arg expression at that row.	683
system	main	argmin	aggregate	INTEGER	arg|val	INTEGER|BIGINT			false	true	Finds the row with the minimum val. Calculates the non-NULL arg expression at that row.	683
system	main	argmin	aggregate	DOUBLE	arg|val	DOUBLE|DATE			false	true	Finds the row with the minimum val. Calculates the non-NULL arg expression at that row.	683
system	main	argmin	aggregate	DOUBLE	arg|val	DOUBLE|TIMESTAMP			false	true	Finds the row with the minimum val. Calculates the non-NULL arg expression at that row.	683
system	main	argmin	aggregate	DOUBLE	arg|val	DOUBLE|TIMESTAMP WITH TIME ZONE			false	true	Finds the row with the minimum val. Calculates the non-NULL arg expression at that row.	683
system	main	argmin	aggregate	DOUBLE	arg|val	DOUBLE|BLOB			false	true	Finds the row with the minimum val. Calculates the non-NULL arg expression at that row.	683
system	main	argmin	aggregate	VARCHAR	arg|val	VARCHAR|INTEGER			false	true	Finds the row with the minimum val. Calculates the non-NULL arg expression at that row.	683
system	main	argmin	aggregate	VARCHAR	arg|val	VARCHAR|BIGINT			false	true	Finds the row with the minimum val. Calculates the non-NULL arg expression at that row.	683
system	main	argmin	aggregate	TIMESTAMP WITH TIME ZONE	arg|val	TIMESTAMP WITH TIME ZONE|DATE			false	true	Finds the row with the minimum val. Calculates the non-NULL arg expression at that row.	683
system	main	argmin	aggregate	TIMESTAMP WITH TIME ZONE	arg|val	TIMESTAMP WITH TIME ZONE|TIMESTAMP			false	true	Finds the row with the minimum val. Calculates the non-NULL arg expression at that row.	683
system	main	argmin	aggregate	TIMESTAMP WITH TIME ZONE	arg|val	TIMESTAMP WITH TIME ZONE|TIMESTAMP WITH TIME ZONE			false	true	Finds the row with the minimum val. Calculates the non-NULL arg expression at that row.	683
system	main	argmin	aggregate	TIMESTAMP WITH TIME ZONE	arg|val	TIMESTAMP WITH TIME ZONE|BLOB			false	true	Finds the row with the minimum val. Calculates the non-NULL arg expression at that row.	683
system	main	argmin	aggregate	BLOB	arg|val	BLOB|INTEGER			false	true	Finds the row with the minimum val. Calculates the non-NULL arg expression at that row.	683
system	main	argmin	aggregate	BLOB	arg|val	BLOB|BIGINT			false	true	Finds the row with the minimum val. Calculates the non-NULL arg expression at that row.	683
system	main	argmin	aggregate	BLOB	arg|val	BLOB|HUGEINT			false	true	Finds the row with the minimum val. Calculates the non-NULL arg expression at that row.	683
system	main	argmin	aggregate	BLOB	arg|val	BLOB|DOUBLE			false	true	Finds the row with the minimum val. Calculates the non-NULL arg expression at that row.	683
system	main	argmin	aggregate	BLOB	arg|val	BLOB|VARCHAR			false	true	Finds the row with the minimum val. Calculates the non-NULL arg expression at that row.	683
system	main	argmin	aggregate	BLOB	arg|val	BLOB|DATE			false	true	Finds the row with the minimum val. Calculates the non-NULL arg expression at that row.	683
system	main	argmin	aggregate	BLOB	arg|val	BLOB|TIMESTAMP			false	true	Finds the row with the minimum val. Calculates the non-NULL arg expression at that row.	683
system	main	argmin	aggregate	BLOB	arg|val	BLOB|TIMESTAMP WITH TIME ZONE			false	true	Finds the row with the minimum val. Calculates the non-NULL arg expression at that row.	683
system	main	argmin	aggregate	BLOB	arg|val	BLOB|BLOB			false	true	Finds the row with the minimum val. Calculates the non-NULL arg expression at that row.	683
system	main	argmin	aggregate	DECIMAL	arg|val	DECIMAL|INTEGER			false	true	Finds the row with the minimum val. Calculates the non-NULL arg expression at that row.	683
system	main	argmin	aggregate	DECIMAL	arg|val	DECIMAL|BIGINT			false	true	Finds the row with the minimum val. Calculates the non-NULL arg expression at that row.	683
system	main	argmin	aggregate	DECIMAL	arg|val	DECIMAL|HUGEINT			false	true	Finds the row with the minimum val. Calculates the non-NULL arg expression at that row.	683
system	main	argmin	aggregate	VARCHAR	arg|val	VARCHAR|HUGEINT			false	true	Finds the row with the minimum val. Calculates the non-NULL arg expression at that row.	683
system	main	argmin	aggregate	VARCHAR	arg|val	VARCHAR|DOUBLE			false	true	Finds the row with the minimum val. Calculates the non-NULL arg expression at that row.	683
system	main	argmin	aggregate	VARCHAR	arg|val	VARCHAR|VARCHAR			false	true	Finds the row with the minimum val. Calculates the non-NULL arg expression at that row.	683
system	main	argmin	aggregate	VARCHAR	arg|val	VARCHAR|DATE			false	true	Finds the row with the minimum val. Calculates the non-NULL arg expression at that row.	683
system	main	argmin	aggregate	VARCHAR	arg|val	VARCHAR|TIMESTAMP			false	true	Finds the row with the minimum val. Calculates the non-NULL arg expression at that row.	683
system	main	argmin	aggregate	VARCHAR	arg|val	VARCHAR|TIMESTAMP WITH TIME ZONE			false	true	Finds the row with the minimum val. Calculates the non-NULL arg expression at that row.	683
system	main	argmin	aggregate	VARCHAR	arg|val	VARCHAR|BLOB			false	true	Finds the row with the minimum val. Calculates the non-NULL arg expression at that row.	683
system	main	argmin	aggregate	DATE	arg|val	DATE|INTEGER			false	true	Finds the row with the minimum val. Calculates the non-NULL arg expression at that row.	683
system	main	argmin	aggregate	DATE	arg|val	DATE|BIGINT			false	true	Finds the row with the minimum val. Calculates the non-NULL arg expression at that row.	683
system	main	argmin	aggregate	DATE	arg|val	DATE|HUGEINT			false	true	Finds the row with the minimum val. Calculates the non-NULL arg expression at that row.	683
system	main	argmin	aggregate	DATE	arg|val	DATE|DOUBLE			false	true	Finds the row with the minimum val. Calculates the non-NULL arg expression at that row.	683
system	main	argmin	aggregate	DATE	arg|val	DATE|VARCHAR			false	true	Finds the row with the minimum val. Calculates the non-NULL arg expression at that row.	683
system	main	argmin	aggregate	DATE	arg|val	DATE|DATE			false	true	Finds the row with the minimum val. Calculates the non-NULL arg expression at that row.	683
system	main	argmin	aggregate	DATE	arg|val	DATE|TIMESTAMP			false	true	Finds the row with the minimum val. Calculates the non-NULL arg expression at that row.	683
system	main	argmin	aggregate	DATE	arg|val	DATE|TIMESTAMP WITH TIME ZONE			false	true	Finds the row with the minimum val. Calculates the non-NULL arg expression at that row.	683
system	main	argmin	aggregate	DATE	arg|val	DATE|BLOB			false	true	Finds the row with the minimum val. Calculates the non-NULL arg expression at that row.	683
system	main	argmin	aggregate	TIMESTAMP	arg|val	TIMESTAMP|INTEGER			false	true	Finds the row with the minimum val. Calculates the non-NULL arg expression at that row.	683
system	main	argmin	aggregate	TIMESTAMP	arg|val	TIMESTAMP|BIGINT			false	true	Finds the row with the minimum val. Calculates the non-NULL arg expression at that row.	683
system	main	argmin	aggregate	TIMESTAMP	arg|val	TIMESTAMP|HUGEINT			false	true	Finds the row with the minimum val. Calculates the non-NULL arg expression at that row.	683
system	main	argmin	aggregate	TIMESTAMP	arg|val	TIMESTAMP|DOUBLE			false	true	Finds the row with the minimum val. Calculates the non-NULL arg expression at that row.	683
system	main	argmin	aggregate	TIMESTAMP	arg|val	TIMESTAMP|VARCHAR			false	true	Finds the row with the minimum val. Calculates the non-NULL arg expression at that row.	683
system	main	argmin	aggregate	TIMESTAMP	arg|val	TIMESTAMP|DATE			false	true	Finds the row with the minimum val. Calculates the non-NULL arg expression at that row.	683
system	main	argmin	aggregate	TIMESTAMP	arg|val	TIMESTAMP|TIMESTAMP			false	true	Finds the row with the minimum val. Calculates the non-NULL arg expression at that row.	683
system	main	argmin	aggregate	TIMESTAMP	arg|val	TIMESTAMP|TIMESTAMP WITH TIME ZONE			false	true	Finds the row with the minimum val. Calculates the non-NULL arg expression at that row.	683
system	main	argmin	aggregate	ANY	arg|val	ANY|BIGINT			false	true	Finds the row with the minimum val. Calculates the non-NULL arg expression at that row.	683
system	main	argmin	aggregate	TIMESTAMP WITH TIME ZONE	arg|val	TIMESTAMP WITH TIME ZONE|INTEGER			false	true	Finds the row with the minimum val. Calculates the non-NULL arg expression at that row.	683
system	main	argmin	aggregate	TIMESTAMP WITH TIME ZONE	arg|val	TIMESTAMP WITH TIME ZONE|BIGINT			false	true	Finds the row with the minimum val. Calculates the non-NULL arg expression at that row.	683
system	main	argmin	aggregate	TIMESTAMP WITH TIME ZONE	arg|val	TIMESTAMP WITH TIME ZONE|HUGEINT			false	true	Finds the row with the minimum val. Calculates the non-NULL arg expression at that row.	683
system	main	argmin	aggregate	TIMESTAMP WITH TIME ZONE	arg|val	TIMESTAMP WITH TIME ZONE|DOUBLE			false	true	Finds the row with the minimum val. Calculates the non-NULL arg expression at that row.	683
system	main	argmin	aggregate	ANY	arg|val	ANY|HUGEINT			false	true	Finds the row with the minimum val. Calculates the non-NULL arg expression at that row.	683
system	main	argmin	aggregate	ANY	arg|val	ANY|DOUBLE			false	true	Finds the row with the minimum val. Calculates the non-NULL arg expression at that row.	683
system	main	argmin	aggregate	ANY	arg|val	ANY|VARCHAR			false	true	Finds the row with the minimum val. Calculates the non-NULL arg expression at that row.	683
system	main	argmin	aggregate	ANY	arg|val	ANY|DATE			false	true	Finds the row with the minimum val. Calculates the non-NULL arg expression at that row.	683
system	main	argmin	aggregate	ANY	arg|val	ANY|TIMESTAMP			false	true	Finds the row with the minimum val. Calculates the non-NULL arg expression at that row.	683
system	main	argmin	aggregate	ANY	arg|val	ANY|TIMESTAMP WITH TIME ZONE			false	true	Finds the row with the minimum val. Calculates the non-NULL arg expression at that row.	683
system	main	argmin	aggregate	ANY	arg|val	ANY|BLOB			false	true	Finds the row with the minimum val. Calculates the non-NULL arg expression at that row.	683
system	main	argmin	aggregate	ANY	arg|val	ANY|ANY			false	true	Finds the row with the minimum val. Calculates the non-NULL arg expression at that row.	683
system	main	argmin	aggregate	ANY[]	arg|val|col2	ANY|ANY|BIGINT			false	true	Finds the row with the minimum val. Calculates the non-NULL arg expression at that row.	683
system	main	argmin	aggregate	DECIMAL	arg|val	DECIMAL|DOUBLE			false	true	Finds the row with the minimum val. Calculates the non-NULL arg expression at that row.	683
system	main	argmin	aggregate	DECIMAL	arg|val	DECIMAL|VARCHAR			false	true	Finds the row with the minimum val. Calculates the non-NULL arg expression at that row.	683
system	main	argmin	aggregate	DECIMAL	arg|val	DECIMAL|DATE			false	true	Finds the row with the minimum val. Calculates the non-NULL arg expression at that row.	683
system	main	argmin	aggregate	DECIMAL	arg|val	DECIMAL|TIMESTAMP			false	true	Finds the row with the minimum val. Calculates the non-NULL arg expression at that row.	683
system	main	argmin	aggregate	DECIMAL	arg|val	DECIMAL|TIMESTAMP WITH TIME ZONE			false	true	Finds the row with the minimum val. Calculates the non-NULL arg expression at that row.	683
system	main	argmin	aggregate	DECIMAL	arg|val	DECIMAL|BLOB			false	true	Finds the row with the minimum val. Calculates the non-NULL arg expression at that row.	683
system	main	argmin	aggregate	ANY	arg|val	ANY|INTEGER			false	true	Finds the row with the minimum val. Calculates the non-NULL arg expression at that row.	683
system	main	argmin	aggregate	DOUBLE	arg|val	DOUBLE|VARCHAR			false	true	Finds the row with the minimum val. Calculates the non-NULL arg expression at that row.	683
system	main	array_agg	aggregate	T[]	arg	T			false	true	Returns a LIST containing all the values of a column.	685
system	main	array_aggr	scalar	ANY	list|function_name	ANY[]|VARCHAR	ANY		false	true	Executes the aggregate function `function_name` on the elements of `list`.	687
system	main	array_aggregate	scalar	ANY	list|function_name	ANY[]|VARCHAR	ANY		false	true	Executes the aggregate function `function_name` on the elements of `list`.	689
system	main	array_append	macro		arr|el			list_append(arr, el)		true		2057
system	main	array_apply	scalar	ANY[]	list|lambda(x)	ANY[]|LAMBDA			false	true	Returns a list that is the result of applying the `lambda` function to each element of the input `list`. The return type is defined by the return type of the `lambda` function.	691
system	main	array_cat	scalar	ANY[]			ANY[]		false	true	Concatenates lists. `NULL` inputs are skipped. See also operator `||`.	374
system	main	array_concat	scalar	ANY[]			ANY[]		false	true	Concatenates lists. `NULL` inputs are skipped. See also operator `||`.	376
system	main	array_contains	scalar	BOOLEAN	list|element	T[]|T			false	true	Returns true if the list contains the element.	378
system	main	array_cosine_distance	scalar	DOUBLE	array1|array2	DOUBLE[ANY]|DOUBLE[ANY]			false	true	Computes the cosine distance between two arrays of the same size. The array elements can not be `NULL`. The arrays can have any size as long as the size is the same for both arguments.	693
system	main	array_cosine_distance	scalar	FLOAT	array1|array2	FLOAT[ANY]|FLOAT[ANY]			false	true	Computes the cosine distance between two arrays of the same size. The array elements can not be `NULL`. The arrays can have any size as long as the size is the same for both arguments.	693
system	main	array_cosine_similarity	scalar	DOUBLE	array1|array2	DOUBLE[ANY]|DOUBLE[ANY]			false	true	Computes the cosine similarity between two arrays of the same size. The array elements can not be `NULL`. The arrays can have any size as long as the size is the same for both arguments.	695
system	main	array_cosine_similarity	scalar	FLOAT	array1|array2	FLOAT[ANY]|FLOAT[ANY]			false	true	Computes the cosine similarity between two arrays of the same size. The array elements can not be `NULL`. The arrays can have any size as long as the size is the same for both arguments.	695
system	main	array_cross_product	scalar	DOUBLE[3]	array|array	DOUBLE[3]|DOUBLE[3]			false	true	Computes the cross product of two arrays of size 3. The array elements can not be `NULL`.	697
system	main	array_cross_product	scalar	FLOAT[3]	array|array	FLOAT[3]|FLOAT[3]			false	true	Computes the cross product of two arrays of size 3. The array elements can not be `NULL`.	697
system	main	array_distance	scalar	FLOAT	array1|array2	FLOAT[ANY]|FLOAT[ANY]			false	true	Computes the distance between two arrays of the same size. The array elements can not be `NULL`. The arrays can have any size as long as the size is the same for both arguments.	699
system	main	array_distance	scalar	DOUBLE	array1|array2	DOUBLE[ANY]|DOUBLE[ANY]			false	true	Computes the distance between two arrays of the same size. The array elements can not be `NULL`. The arrays can have any size as long as the size is the same for both arguments.	699
system	main	array_distinct	scalar	T[]	list	T[]			false	true	Removes all duplicates and `NULL` values from a list. Does not preserve the original order.	701
system	main	array_dot_product	scalar	FLOAT	array1|array2	FLOAT[ANY]|FLOAT[ANY]			false	true	Computes the inner product between two arrays of the same size. The array elements can not be `NULL`. The arrays can have any size as long as the size is the same for both arguments.	703
system	main	array_dot_product	scalar	DOUBLE	array1|array2	DOUBLE[ANY]|DOUBLE[ANY]			false	true	Computes the inner product between two arrays of the same size. The array elements can not be `NULL`. The arrays can have any size as long as the size is the same for both arguments.	703
system	main	array_extract	scalar	T	col0|col1	T[]|BIGINT			false	true		380
system	main	array_extract	scalar	VARCHAR	string|index	VARCHAR|BIGINT			false	true	Extracts a single character from a `string` using a (1-based) `index`.	380
system	main	array_extract	scalar	ANY	struct|entry	STRUCT|VARCHAR			false	true	Extracts the named `entry` from the `STRUCT`.	380
system	main	array_extract	scalar	ANY	struct|index	STRUCT|BIGINT			false	true	Extracts the entry from an unnamed `STRUCT` (tuple) using an index (1-based).	380
system	main	array_filter	scalar	ANY[]	list|lambda(x)	ANY[]|LAMBDA			false	true	Constructs a list from those elements of the input `list` for which the `lambda` function returns `true`. DuckDB must be able to cast the `lambda` function's return type to `BOOL`. The return type of `list_filter` is the same as the input list's.	705
system	main	array_grade_up	scalar	ANY[]	list	ANY[]			false	true	Works like list_sort, but the results are the indexes that correspond to the position in the original list instead of the actual values.	707
system	main	array_grade_up	scalar	ANY[]	list|col1	ANY[]|VARCHAR			false	true	Works like list_sort, but the results are the indexes that correspond to the position in the original list instead of the actual values.	707
system	main	array_grade_up	scalar	ANY[]	list|col1|col2	ANY[]|VARCHAR|VARCHAR			false	true	Works like list_sort, but the results are the indexes that correspond to the position in the original list instead of the actual values.	707
system	main	array_has	scalar	BOOLEAN	list|element	T[]|T			false	true	Returns true if the list contains the element.	382
system	main	array_has_all	scalar	BOOLEAN	list1|list2	T[]|T[]			false	true	Returns true if all elements of list2 are in list1. NULLs are ignored.	709
system	main	array_has_any	scalar	BOOLEAN	list1|list2	T[]|T[]			false	true	Returns true if the lists have any element in common. NULLs are ignored.	711
system	main	array_indexof	scalar	INTEGER	list|element	T[]|T			false	true	Returns the index of the `element` if the `list` contains the `element`. If the `element` is not found, it returns `NULL`.	384
system	main	array_inner_product	scalar	DOUBLE	array1|array2	DOUBLE[ANY]|DOUBLE[ANY]			false	true	Computes the inner product between two arrays of the same size. The array elements can not be `NULL`. The arrays can have any size as long as the size is the same for both arguments.	713
system	main	array_inner_product	scalar	FLOAT	array1|array2	FLOAT[ANY]|FLOAT[ANY]			false	true	Computes the inner product between two arrays of the same size. The array elements can not be `NULL`. The arrays can have any size as long as the size is the same for both arguments.	713
system	main	array_intersect	scalar	T[]	list1|list2	T[]|T[]			false	true	Returns a list containing the distinct elements that are present in both `list1` and `list2`.	386
system	main	array_length	scalar	BIGINT	list	ANY[]			false	true	Returns the length of the `list`.	388
system	main	array_length	scalar	BIGINT	list|dimension	ANY[]|BIGINT			false	true	`array_length` for lists with dimensions other than 1 not implemented	388
system	main	array_negative_dot_product	scalar	DOUBLE	array1|array2	DOUBLE[ANY]|DOUBLE[ANY]			false	true	Computes the negative inner product between two arrays of the same size. The array elements can not be `NULL`. The arrays can have any size as long as the size is the same for both arguments.	715
system	main	array_negative_dot_product	scalar	FLOAT	array1|array2	FLOAT[ANY]|FLOAT[ANY]			false	true	Computes the negative inner product between two arrays of the same size. The array elements can not be `NULL`. The arrays can have any size as long as the size is the same for both arguments.	715
system	main	array_negative_inner_product	scalar	DOUBLE	array1|array2	DOUBLE[ANY]|DOUBLE[ANY]			false	true	Computes the negative inner product between two arrays of the same size. The array elements can not be `NULL`. The arrays can have any size as long as the size is the same for both arguments.	717
system	main	array_negative_inner_product	scalar	FLOAT	array1|array2	FLOAT[ANY]|FLOAT[ANY]			false	true	Computes the negative inner product between two arrays of the same size. The array elements can not be `NULL`. The arrays can have any size as long as the size is the same for both arguments.	717
system	main	array_pop_back	macro		arr			arr[:(len(arr) - 1)]		true		2060
system	main	array_pop_front	macro		arr			arr[2:]		true		2061
system	main	array_position	scalar	INTEGER	list|element	T[]|T			false	true	Returns the index of the `element` if the `list` contains the `element`. If the `element` is not found, it returns `NULL`.	390
system	main	array_prepend	macro		el|arr			list_prepend(el, arr)		true		2059
system	main	array_push_back	macro		arr|e			list_concat(arr, list_value(e))		true		2062
system	main	array_push_front	macro		arr|e			list_concat(list_value(e), arr)		true		2063
system	main	array_reduce	scalar	ANY	list|lambda(x,y)|initial_value	ANY[]|LAMBDA|ANY			false	true	Reduces all elements of the input `list` into a single scalar value by executing the `lambda` function on a running result and the next list element. The `lambda` function has an optional `initial_value` argument.	719
system	main	array_reduce	scalar	ANY	list|lambda(x,y)	ANY[]|LAMBDA			false	true	Reduces all elements of the input `list` into a single scalar value by executing the `lambda` function on a running result and the next list element. The `lambda` function has an optional `initial_value` argument.	719
system	main	array_resize	scalar	ANY[]	list|size[|value]	ANY[]|ANY|ANY			false	true	Resizes the `list` to contain `size` elements. Initializes new elements with `value` or `NULL` if `value` is not set.	392
system	main	array_resize	scalar	ANY[]	list|size[	ANY[]|ANY			false	true	Resizes the `list` to contain `size` elements. Initializes new elements with `value` or `NULL` if `value` is not set.	392
system	main	array_reverse	macro		l			list_reverse(l)		true		2075
system	main	array_reverse_sort	scalar	ANY[]	list|col1	ANY[]|VARCHAR			false	true	Sorts the elements of the list in reverse order.	721
system	main	array_reverse_sort	scalar	ANY[]	list	ANY[]			false	true	Sorts the elements of the list in reverse order.	721
system	main	array_select	scalar	T[]	value_list|index_list	T[]|BIGINT[]			false	true	Returns a list based on the elements selected by the `index_list`.	394
system	main	array_slice	scalar	ANY	list|begin|end	ANY|ANY|ANY			false	true	Extracts a sublist or substring using slice conventions. Negative values are accepted.	723
system	main	array_slice	scalar	ANY	list|begin|end|step	ANY|ANY|ANY|BIGINT			false	true	list_slice with added step feature.	723
system	main	array_sort	scalar	ANY[]	list	ANY[]			false	true	Sorts the elements of the list.	725
system	main	array_sort	scalar	ANY[]	list|col1	ANY[]|VARCHAR			false	true	Sorts the elements of the list.	725
system	main	array_sort	scalar	ANY[]	list|col1|col2	ANY[]|VARCHAR|VARCHAR			false	true	Sorts the elements of the list.	725
system	main	array_to_json	scalar	JSON			ANY		false	true		1968
system	main	array_to_string	macro		arr|sep			CASE  WHEN ((len(CAST(arr AS VARCHAR[])) = 0)) THEN ('') ELSE list_aggr(CAST(arr AS VARCHAR[]), 'string_agg', sep) END		true		2064
system	main	array_to_string_comma_default	macro		arr|sep			CASE  WHEN ((len(CAST(arr AS VARCHAR[])) = 0)) THEN ('') ELSE list_aggr(CAST(arr AS VARCHAR[]), 'string_agg', sep) END		true		2065
system	main	array_transform	scalar	ANY[]	list|lambda(x)	ANY[]|LAMBDA			false	true	Returns a list that is the result of applying the `lambda` function to each element of the input `list`. The return type is defined by the return type of the `lambda` function.	727
system	main	array_unique	scalar	UBIGINT	list	ANY[]			false	true	Counts the unique elements of a `list`.	729
system	main	array_value	scalar	ARRAY			ANY		false	true	Creates an `ARRAY` containing the argument values.	731
system	main	array_where	scalar	T[]	value_list|mask_list	T[]|BOOLEAN[]			false	true	Returns a list with the `BOOLEAN`s in `mask_list` applied as a mask to the `value_list`.	396
system	main	array_zip	scalar	STRUCT[]			ANY		false	true	Zips n `LIST`s to a new `LIST` whose length will be that of the longest list. Its elements are structs of n elements from each list `list_1`, …, `list_n`, missing elements are replaced with `NULL`. If `truncate` is set, all lists are truncated to the smallest list length.	398
system	main	arrow_scan	table		col0|col1|col2	POINTER|POINTER|POINTER				true		130
system	main	arrow_scan_dumb	table		col0|col1|col2	POINTER|POINTER|POINTER				true		132
system	main	ascii	scalar	INTEGER	string	VARCHAR			false	true	Returns an integer that represents the Unicode code point of the first character of the `string`.	733
system	main	asin	scalar	DOUBLE	x	DOUBLE			false	true	Computes the arcsine of x	735
system	main	asinh	scalar	DOUBLE	x	DOUBLE			false	true	Computes the inverse hyperbolic sin of x	737
system	main	atan	scalar	DOUBLE	x	DOUBLE			false	true	Computes the arctangent of x	739
system	main	atan2	scalar	DOUBLE	y|x	DOUBLE|DOUBLE			false	true	Computes the arctangent (y, x)	741
system	main	atanh	scalar	DOUBLE	x	DOUBLE			false	true	Computes the inverse hyperbolic tan of x	743
system	main	avg	aggregate	DECIMAL	x	DECIMAL			false	true	Calculates the average value for all tuples in x.	745
system	main	avg	aggregate	DOUBLE	x	SMALLINT			false	true	Calculates the average value for all tuples in x.	745
system	main	avg	aggregate	DOUBLE	x	INTEGER			false	true	Calculates the average value for all tuples in x.	745
system	main	avg	aggregate	DOUBLE	x	BIGINT			false	true	Calculates the average value for all tuples in x.	745
system	main	avg	aggregate	DOUBLE	x	HUGEINT			false	true	Calculates the average value for all tuples in x.	745
system	main	avg	aggregate	INTERVAL	x	INTERVAL			false	true	Calculates the average value for all tuples in x.	745
system	main	avg	aggregate	DOUBLE	x	DOUBLE			false	true	Calculates the average value for all tuples in x.	745
system	main	avg	aggregate	TIMESTAMP	x	TIMESTAMP			false	true	Calculates the average value for all tuples in x.	745
system	main	avg	aggregate	TIMESTAMP WITH TIME ZONE	x	TIMESTAMP WITH TIME ZONE			false	true	Calculates the average value for all tuples in x.	745
system	main	avg	aggregate	TIME	x	TIME			false	true	Calculates the average value for all tuples in x.	745
system	main	avg	aggregate	TIME WITH TIME ZONE	x	TIME WITH TIME ZONE			false	true	Calculates the average value for all tuples in x.	745
system	main	bar	scalar	VARCHAR	x|min|max|width	DOUBLE|DOUBLE|DOUBLE|DOUBLE			false	true	Draws a band whose width is proportional to (`x - min`) and equal to `width` characters when `x` = `max`. `width` defaults to 80.	747
system	main	bar	scalar	VARCHAR	x|min|max	DOUBLE|DOUBLE|DOUBLE			false	true	Draws a band whose width is proportional to (`x - min`) and equal to `width` characters when `x` = `max`. `width` defaults to 80.	747
system	main	base64	scalar	VARCHAR	blob	BLOB			false	true	Converts a `blob` to a base64 encoded string.	749
system	main	bin	scalar	VARCHAR	string	VARCHAR			false	true	Converts the `string` to binary representation.	751
system	main	bin	scalar	VARCHAR	value	BIGNUM			false	true	Converts the `value` to binary representation.	751
system	main	bin	scalar	VARCHAR	value	UBIGINT			false	true	Converts the `value` to binary representation.	751
system	main	bin	scalar	VARCHAR	value	BIGINT			false	true	Converts the `value` to binary representation.	751
system	main	bin	scalar	VARCHAR	value	HUGEINT			false	true	Converts the `value` to binary representation.	751
system	main	bin	scalar	VARCHAR	value	UHUGEINT			false	true	Converts the `value` to binary representation.	751
system	main	bit_and	aggregate	BIGINT	arg	BIGINT			false	true	Returns the bitwise AND of all bits in a given expression.	753
system	main	bit_and	aggregate	HUGEINT	arg	HUGEINT			false	true	Returns the bitwise AND of all bits in a given expression.	753
system	main	bit_and	aggregate	INTEGER	arg	INTEGER			false	true	Returns the bitwise AND of all bits in a given expression.	753
system	main	bit_and	aggregate	UTINYINT	arg	UTINYINT			false	true	Returns the bitwise AND of all bits in a given expression.	753
system	main	bit_and	aggregate	USMALLINT	arg	USMALLINT			false	true	Returns the bitwise AND of all bits in a given expression.	753
system	main	bit_and	aggregate	SMALLINT	arg	SMALLINT			false	true	Returns the bitwise AND of all bits in a given expression.	753
system	main	bit_and	aggregate	TINYINT	arg	TINYINT			false	true	Returns the bitwise AND of all bits in a given expression.	753
system	main	bit_and	aggregate	UINTEGER	arg	UINTEGER			false	true	Returns the bitwise AND of all bits in a given expression.	753
system	main	bit_and	aggregate	UBIGINT	arg	UBIGINT			false	true	Returns the bitwise AND of all bits in a given expression.	753
system	main	bit_and	aggregate	UHUGEINT	arg	UHUGEINT			false	true	Returns the bitwise AND of all bits in a given expression.	753
system	main	bit_and	aggregate	BIT	arg	BIT			false	true	Returns the bitwise AND of all bits in a given expression.	753
system	main	bit_count	scalar	TINYINT	x	TINYINT			false	true	Returns the number of bits that are set	755
system	main	bit_count	scalar	TINYINT	x	SMALLINT			false	true	Returns the number of bits that are set	755
system	main	bit_count	scalar	TINYINT	x	INTEGER			false	true	Returns the number of bits that are set	755
system	main	bit_count	scalar	TINYINT	x	BIGINT			false	true	Returns the number of bits that are set	755
system	main	bit_count	scalar	TINYINT	x	HUGEINT			false	true	Returns the number of bits that are set	755
system	main	bit_count	scalar	BIGINT	x	BIT			false	true	Returns the number of bits that are set	755
system	main	bit_length	scalar	BIGINT	string	VARCHAR			false	true	Number of bits in a `string`.	400
system	main	bit_length	scalar	BIGINT	bit	BIT			false	true	Returns the bit-length of the `bit` argument.	400
system	main	bit_or	aggregate	BIT	arg	BIT			false	true	Returns the bitwise OR of all bits in a given expression.	757
system	main	bit_or	aggregate	UHUGEINT	arg	UHUGEINT			false	true	Returns the bitwise OR of all bits in a given expression.	757
system	main	bit_or	aggregate	UBIGINT	arg	UBIGINT			false	true	Returns the bitwise OR of all bits in a given expression.	757
system	main	bit_or	aggregate	UINTEGER	arg	UINTEGER			false	true	Returns the bitwise OR of all bits in a given expression.	757
system	main	bit_or	aggregate	USMALLINT	arg	USMALLINT			false	true	Returns the bitwise OR of all bits in a given expression.	757
system	main	bit_or	aggregate	UTINYINT	arg	UTINYINT			false	true	Returns the bitwise OR of all bits in a given expression.	757
system	main	bit_or	aggregate	HUGEINT	arg	HUGEINT			false	true	Returns the bitwise OR of all bits in a given expression.	757
system	main	bit_or	aggregate	BIGINT	arg	BIGINT			false	true	Returns the bitwise OR of all bits in a given expression.	757
system	main	bit_or	aggregate	SMALLINT	arg	SMALLINT			false	true	Returns the bitwise OR of all bits in a given expression.	757
system	main	bit_or	aggregate	TINYINT	arg	TINYINT			false	true	Returns the bitwise OR of all bits in a given expression.	757
system	main	bit_or	aggregate	INTEGER	arg	INTEGER			false	true	Returns the bitwise OR of all bits in a given expression.	757
system	main	bit_position	scalar	INTEGER	substring|bitstring	BIT|BIT			false	true	Returns first starting index of the specified substring within bits, or zero if it is not present. The first (leftmost) bit is indexed 1	759
system	main	bit_xor	aggregate	HUGEINT	arg	HUGEINT			false	true	Returns the bitwise XOR of all bits in a given expression.	761
system	main	bit_xor	aggregate	UBIGINT	arg	UBIGINT			false	true	Returns the bitwise XOR of all bits in a given expression.	761
system	main	bit_xor	aggregate	UINTEGER	arg	UINTEGER			false	true	Returns the bitwise XOR of all bits in a given expression.	761
system	main	bit_xor	aggregate	USMALLINT	arg	USMALLINT			false	true	Returns the bitwise XOR of all bits in a given expression.	761
system	main	bit_xor	aggregate	UTINYINT	arg	UTINYINT			false	true	Returns the bitwise XOR of all bits in a given expression.	761
system	main	bit_xor	aggregate	UHUGEINT	arg	UHUGEINT			false	true	Returns the bitwise XOR of all bits in a given expression.	761
system	main	bit_xor	aggregate	BIT	arg	BIT			false	true	Returns the bitwise XOR of all bits in a given expression.	761
system	main	bit_xor	aggregate	TINYINT	arg	TINYINT			false	true	Returns the bitwise XOR of all bits in a given expression.	761
system	main	bit_xor	aggregate	SMALLINT	arg	SMALLINT			false	true	Returns the bitwise XOR of all bits in a given expression.	761
system	main	bit_xor	aggregate	INTEGER	arg	INTEGER			false	true	Returns the bitwise XOR of all bits in a given expression.	761
system	main	bit_xor	aggregate	BIGINT	arg	BIGINT			false	true	Returns the bitwise XOR of all bits in a given expression.	761
system	main	bitstring	scalar	BIT	bitstring|length	VARCHAR|INTEGER			false	true	Pads the bitstring until the specified length	763
system	main	bitstring	scalar	BIT	bitstring|length	BIT|INTEGER			false	true	Pads the bitstring until the specified length	763
system	main	bitstring_agg	aggregate	BIT	arg|col1|col2	UHUGEINT|UHUGEINT|UHUGEINT			false	true	Returns a bitstring with bits set for each distinct value.	765
system	main	bitstring_agg	aggregate	BIT	arg	UINTEGER			false	true	Returns a bitstring with bits set for each distinct value.	765
system	main	bitstring_agg	aggregate	BIT	arg|col1|col2	UTINYINT|UTINYINT|UTINYINT			false	true	Returns a bitstring with bits set for each distinct value.	765
system	main	bitstring_agg	aggregate	BIT	arg	UTINYINT			false	true	Returns a bitstring with bits set for each distinct value.	765
system	main	bitstring_agg	aggregate	BIT	arg|col1|col2	HUGEINT|HUGEINT|HUGEINT			false	true	Returns a bitstring with bits set for each distinct value.	765
system	main	bitstring_agg	aggregate	BIT	arg	HUGEINT			false	true	Returns a bitstring with bits set for each distinct value.	765
system	main	bitstring_agg	aggregate	BIT	arg|col1|col2	BIGINT|BIGINT|BIGINT			false	true	Returns a bitstring with bits set for each distinct value.	765
system	main	bitstring_agg	aggregate	BIT	arg	BIGINT			false	true	Returns a bitstring with bits set for each distinct value.	765
system	main	bitstring_agg	aggregate	BIT	arg|col1|col2	INTEGER|INTEGER|INTEGER			false	true	Returns a bitstring with bits set for each distinct value.	765
system	main	bitstring_agg	aggregate	BIT	arg	INTEGER			false	true	Returns a bitstring with bits set for each distinct value.	765
system	main	bitstring_agg	aggregate	BIT	arg|col1|col2	SMALLINT|SMALLINT|SMALLINT			false	true	Returns a bitstring with bits set for each distinct value.	765
system	main	bitstring_agg	aggregate	BIT	arg	SMALLINT			false	true	Returns a bitstring with bits set for each distinct value.	765
system	main	bitstring_agg	aggregate	BIT	arg|col1|col2	TINYINT|TINYINT|TINYINT			false	true	Returns a bitstring with bits set for each distinct value.	765
system	main	bitstring_agg	aggregate	BIT	arg	TINYINT			false	true	Returns a bitstring with bits set for each distinct value.	765
system	main	bitstring_agg	aggregate	BIT	arg	USMALLINT			false	true	Returns a bitstring with bits set for each distinct value.	765
system	main	bitstring_agg	aggregate	BIT	arg	UHUGEINT			false	true	Returns a bitstring with bits set for each distinct value.	765
system	main	bitstring_agg	aggregate	BIT	arg|col1|col2	UBIGINT|UBIGINT|UBIGINT			false	true	Returns a bitstring with bits set for each distinct value.	765
system	main	bitstring_agg	aggregate	BIT	arg	UBIGINT			false	true	Returns a bitstring with bits set for each distinct value.	765
system	main	bitstring_agg	aggregate	BIT	arg|col1|col2	UINTEGER|UINTEGER|UINTEGER			false	true	Returns a bitstring with bits set for each distinct value.	765
system	main	bitstring_agg	aggregate	BIT	arg|col1|col2	USMALLINT|USMALLINT|USMALLINT			false	true	Returns a bitstring with bits set for each distinct value.	765
system	main	bool_and	aggregate	BOOLEAN	arg	BOOLEAN			false	true	Returns TRUE if every input value is TRUE, otherwise FALSE.	767
system	main	bool_or	aggregate	BOOLEAN	arg	BOOLEAN			false	true	Returns TRUE if any input value is TRUE, otherwise FALSE.	769
system	main	can_cast_implicitly	scalar	BOOLEAN	source_type|target_type	ANY|ANY			false	true	Whether or not we can implicitly cast from the source type to the other type	771
system	main	cardinality	scalar	UBIGINT	map	ANY	ANY		false	true	Returns the size of the map (or the number of entries in the map)	773
system	main	cast_to_type	scalar	ANY	param|type	ANY|ANY			false	true	Casts the first argument to the type of the second argument	775
system	main	cbrt	scalar	DOUBLE	x	DOUBLE			false	true	Returns the cube root of x	777
system	main	ceil	scalar	FLOAT	x	FLOAT			false	true	Rounds the number up	779
system	main	ceil	scalar	DOUBLE	x	DOUBLE			false	true	Rounds the number up	779
system	main	ceil	scalar	DECIMAL	x	DECIMAL			false	true	Rounds the number up	779
system	main	ceiling	scalar	FLOAT	x	FLOAT			false	true	Rounds the number up	781
system	main	ceiling	scalar	DOUBLE	x	DOUBLE			false	true	Rounds the number up	781
system	main	ceiling	scalar	DECIMAL	x	DECIMAL			false	true	Rounds the number up	781
system	main	century	scalar	BIGINT	ts	DATE			false	true	Extract the century component from a date or timestamp	1898
system	main	century	scalar	BIGINT	ts	INTERVAL			false	true	Extract the century component from a date or timestamp	1898
system	main	century	scalar	BIGINT	ts	TIMESTAMP			false	true	Extract the century component from a date or timestamp	1898
system	main	century	scalar	BIGINT	ts	TIMESTAMP WITH TIME ZONE			false	true	Extract the century component from a date or timestamp	1898
system	main	char_length	scalar	BIGINT	string	VARCHAR			false	true	Number of characters in `string`.	402
system	main	char_length	scalar	BIGINT	bit	BIT			false	true	Returns the bit-length of the `bit` argument.	402
system	main	char_length	scalar	BIGINT	list	ANY[]			false	true	Returns the length of the `list`.	402
system	main	character_length	scalar	BIGINT	string	VARCHAR			false	true	Number of characters in `string`.	404
system	main	character_length	scalar	BIGINT	bit	BIT			false	true	Returns the bit-length of the `bit` argument.	404
system	main	character_length	scalar	BIGINT	list	ANY[]			false	true	Returns the length of the `list`.	404
system	main	checkpoint	table							true		102
system	main	checkpoint	table		col0	VARCHAR				true		102
system	main	chr	scalar	VARCHAR	code_point	INTEGER			false	true	Returns a character which is corresponding the ASCII code value or Unicode code point.	784
system	pg_catalog	col_description	macro		table_oid|column_number			NULL		true		2149
system	main	collations	pragma							true		148
system	main	combine	scalar	AGGREGATE_STATE<?>	col0|col1	AGGREGATE_STATE<?>|ANY			false	true		406
system	main	concat	scalar	ANY	value	ANY	ANY		false	true	Concatenates multiple strings or lists. `NULL` inputs are skipped. See also operator `||`.	408
system	main	concat_ws	scalar	VARCHAR	separator|string	VARCHAR|ANY	ANY		false	true	Concatenates many strings, separated by `separator`. `NULL` inputs are skipped.	410
system	main	constant_or_null	scalar	ANY	arg1|arg2	ANY|ANY	ANY		false	true	If arg2 is NULL, return NULL. Otherwise, return arg1.	412
system	main	contains	scalar	BOOLEAN	string|search_string	VARCHAR|VARCHAR			false	true	Returns `true` if `search_string` is found within `string`.	414
system	main	contains	scalar	BOOLEAN	col0|col1	T[]|T			false	true		414
system	main	contains	scalar	BOOLEAN	col0|col1	MAP(K, V)|K			false	true		414
system	main	contains	scalar	BOOLEAN	col0|col1	STRUCT|ANY			false	true		414
system	main	copy_database	pragma		col0|col1	VARCHAR|VARCHAR				true		164
system	main	corr	aggregate	DOUBLE	y|x	DOUBLE|DOUBLE			false	true	Returns the correlation coefficient for non-NULL pairs in a group.	786
system	main	cos	scalar	DOUBLE	x	DOUBLE			false	true	Computes the cos of x	788
system	main	cosh	scalar	DOUBLE	x	DOUBLE			false	true	Computes the hyperbolic cos of x	790
system	main	cot	scalar	DOUBLE	x	DOUBLE			false	true	Computes the cotangent of x	792
system	main	count	aggregate	BIGINT	arg	ANY			false	true	Returns the number of non-NULL values in arg.	416
system	main	count	aggregate	BIGINT					false	true	Returns the number of non-NULL values in arg.	416
system	main	count_if	aggregate	HUGEINT	arg	BOOLEAN			false	true	Counts the total number of TRUE values for a boolean column	794
system	main	count_star	aggregate	BIGINT					false	true		418
system	main	countif	aggregate	HUGEINT	arg	BOOLEAN			false	true	Counts the total number of TRUE values for a boolean column	796
system	main	covar_pop	aggregate	DOUBLE	y|x	DOUBLE|DOUBLE			false	true	Returns the population covariance of input values.	798
system	main	covar_samp	aggregate	DOUBLE	y|x	DOUBLE|DOUBLE			false	true	Returns the sample covariance for non-NULL pairs in a group.	800
system	main	create_sort_key	scalar	BLOB	parameters...	ANY	ANY		false	true	Constructs a binary-comparable sort key based on a set of input parameters and sort qualifiers	420
system	main	cume_dist	aggregate	DOUBLE					false	true		0
system	main	current_catalog	macro					main.current_database()		true		2049
system	main	current_connection_id	scalar	UBIGINT					true	true	Get the current connection_id	422
system	main	current_database	scalar	VARCHAR					false	true	Returns the name of the currently active database	802
system	pg_catalog	current_database	macro					"system".main.current_database()		true		2127
system	main	current_date	scalar	DATE					false	true		1886
system	main	current_localtime	scalar	TIME					false	true		1944
system	main	current_localtimestamp	scalar	TIMESTAMP					false	true		1942
system	main	current_query	scalar	VARCHAR					true	true	Returns the current query as a string	804
system	pg_catalog	current_query	macro					"system".main.current_query()		true		2128
system	main	current_query_id	scalar	UBIGINT					true	true	Get the current query_id	424
system	main	current_role	macro					'duckdb'		true		2047
system	main	current_schema	scalar	VARCHAR					false	true	Returns the name of the currently active schema. Default is main	806
system	pg_catalog	current_schema	macro					"system".main.current_schema()		true		2129
system	main	current_schemas	scalar	VARCHAR[]	include_implicit	BOOLEAN			false	true	Returns list of schemas. Pass a parameter of True to include implicit schemas	808
system	pg_catalog	current_schemas	macro		include_implicit			"system".main.current_schemas(include_implicit)		true		2130
system	main	current_setting	scalar	ANY	setting_name	VARCHAR			false	true	Returns the current value of the configuration setting	810
system	main	current_transaction_id	scalar	UBIGINT					true	true	Get the current global transaction_id	426
system	main	current_user	macro					'duckdb'		true		2048
system	main	currval	scalar	BIGINT	'sequence_name'	VARCHAR			true	true	Return the current value of the sequence. Note that nextval must be called at least once prior to calling currval.	428
system	main	damerau_levenshtein	scalar	BIGINT	s1|s2	VARCHAR|VARCHAR			false	true	Extension of Levenshtein distance to also include transposition of adjacent characters as an allowed edit operation. In other words, the minimum number of edit operations (insertions, deletions, substitutions or transpositions) required to change one string to another. Characters of different cases (e.g., `a` and `A`) are considered different.	812
system	main	database_list	pragma							true		146
system	main	database_size	pragma							true		158
system	main	date_add	macro		date|interval			(date + "interval")		true		2107
system	main	date_diff	scalar	BIGINT	part|startdate|enddate	VARCHAR|TIMESTAMP WITH TIME ZONE|TIMESTAMP WITH TIME ZONE			false	true	The number of partition boundaries between the timestamps	1927
system	main	date_diff	scalar	BIGINT	part|startdate|enddate	VARCHAR|TIMESTAMP|TIMESTAMP			false	true	The number of partition boundaries between the timestamps	1927
system	main	date_diff	scalar	BIGINT	part|startdate|enddate	VARCHAR|TIME|TIME			false	true	The number of partition boundaries between the timestamps	1927
system	main	date_diff	scalar	BIGINT	part|startdate|enddate	VARCHAR|DATE|DATE			false	true	The number of partition boundaries between the timestamps	1927
system	main	date_part	scalar	BIGINT	ts|col1	VARCHAR|TIMESTAMP WITH TIME ZONE			false	true	Get subfield (equivalent to extract)	1923
system	main	date_part	scalar	STRUCT()	ts|col1	VARCHAR[]|TIMESTAMP WITH TIME ZONE			false	true	Get subfield (equivalent to extract)	1923
system	main	date_part	scalar	BIGINT	ts|col1	VARCHAR|TIME_NS			false	true	Get subfield (equivalent to extract)	1923
system	main	date_part	scalar	BIGINT	ts|col1	VARCHAR|TIME WITH TIME ZONE			false	true	Get subfield (equivalent to extract)	1923
system	main	date_part	scalar	BIGINT	ts|col1	VARCHAR|TIMESTAMP			false	true	Get subfield (equivalent to extract)	1923
system	main	date_part	scalar	BIGINT	ts|col1	VARCHAR|TIME			false	true	Get subfield (equivalent to extract)	1923
system	main	date_part	scalar	BIGINT	ts|col1	VARCHAR|INTERVAL			false	true	Get subfield (equivalent to extract)	1923
system	main	date_part	scalar	BIGINT	ts|col1	VARCHAR|DATE			false	true	Get subfield (equivalent to extract)	1923
system	main	date_part	scalar	STRUCT()	ts|col1	VARCHAR[]|TIME_NS			false	true	Get subfield (equivalent to extract)	1923
system	main	date_part	scalar	STRUCT()	ts|col1	VARCHAR[]|TIME WITH TIME ZONE			false	true	Get subfield (equivalent to extract)	1923
system	main	date_part	scalar	STRUCT()	ts|col1	VARCHAR[]|TIMESTAMP			false	true	Get subfield (equivalent to extract)	1923
system	main	date_part	scalar	STRUCT()	ts|col1	VARCHAR[]|TIME			false	true	Get subfield (equivalent to extract)	1923
system	main	date_part	scalar	STRUCT()	ts|col1	VARCHAR[]|INTERVAL			false	true	Get subfield (equivalent to extract)	1923
system	main	date_part	scalar	STRUCT()	ts|col1	VARCHAR[]|DATE			false	true	Get subfield (equivalent to extract)	1923
system	main	date_sub	scalar	BIGINT	part|startdate|enddate	VARCHAR|TIMESTAMP WITH TIME ZONE|TIMESTAMP WITH TIME ZONE			false	true	The number of complete partitions between the timestamps	1925
system	main	date_sub	scalar	BIGINT	part|startdate|enddate	VARCHAR|TIMESTAMP|TIMESTAMP			false	true	The number of complete partitions between the timestamps	1925
system	main	date_sub	scalar	BIGINT	part|startdate|enddate	VARCHAR|TIME|TIME			false	true	The number of complete partitions between the timestamps	1925
system	main	date_sub	scalar	BIGINT	part|startdate|enddate	VARCHAR|DATE|DATE			false	true	The number of complete partitions between the timestamps	1925
system	main	date_trunc	scalar	INTERVAL	part|timestamp	VARCHAR|INTERVAL			false	true	Truncate to specified precision	1929
system	main	date_trunc	scalar	TIMESTAMP	part|timestamp	VARCHAR|DATE			false	true	Truncate to specified precision	1929
system	main	date_trunc	scalar	TIMESTAMP WITH TIME ZONE	part|timestamp	VARCHAR|TIMESTAMP WITH TIME ZONE			false	true	Truncate to specified precision	1929
system	main	date_trunc	scalar	TIMESTAMP	part|timestamp	VARCHAR|TIMESTAMP			false	true	Truncate to specified precision	1929
system	main	datediff	scalar	BIGINT	part|startdate|enddate	VARCHAR|DATE|DATE			false	true	The number of partition boundaries between the timestamps	1928
system	main	datediff	scalar	BIGINT	part|startdate|enddate	VARCHAR|TIME|TIME			false	true	The number of partition boundaries between the timestamps	1928
system	main	datediff	scalar	BIGINT	part|startdate|enddate	VARCHAR|TIMESTAMP|TIMESTAMP			false	true	The number of partition boundaries between the timestamps	1928
system	main	datediff	scalar	BIGINT	part|startdate|enddate	VARCHAR|TIMESTAMP WITH TIME ZONE|TIMESTAMP WITH TIME ZONE			false	true	The number of partition boundaries between the timestamps	1928
system	main	datepart	scalar	BIGINT	ts|col1	VARCHAR|TIME WITH TIME ZONE			false	true	Get subfield (equivalent to extract)	1924
system	main	datepart	scalar	STRUCT()	ts|col1	VARCHAR[]|TIME_NS			false	true	Get subfield (equivalent to extract)	1924
system	main	datepart	scalar	BIGINT	ts|col1	VARCHAR|TIME_NS			false	true	Get subfield (equivalent to extract)	1924
system	main	datepart	scalar	STRUCT()	ts|col1	VARCHAR[]|TIMESTAMP WITH TIME ZONE			false	true	Get subfield (equivalent to extract)	1924
system	main	datepart	scalar	BIGINT	ts|col1	VARCHAR|TIMESTAMP WITH TIME ZONE			false	true	Get subfield (equivalent to extract)	1924
system	main	datepart	scalar	STRUCT()	ts|col1	VARCHAR[]|DATE			false	true	Get subfield (equivalent to extract)	1924
system	main	datepart	scalar	STRUCT()	ts|col1	VARCHAR[]|INTERVAL			false	true	Get subfield (equivalent to extract)	1924
system	main	datepart	scalar	STRUCT()	ts|col1	VARCHAR[]|TIME			false	true	Get subfield (equivalent to extract)	1924
system	main	datepart	scalar	STRUCT()	ts|col1	VARCHAR[]|TIMESTAMP			false	true	Get subfield (equivalent to extract)	1924
system	main	datepart	scalar	STRUCT()	ts|col1	VARCHAR[]|TIME WITH TIME ZONE			false	true	Get subfield (equivalent to extract)	1924
system	main	datepart	scalar	BIGINT	ts|col1	VARCHAR|DATE			false	true	Get subfield (equivalent to extract)	1924
system	main	datepart	scalar	BIGINT	ts|col1	VARCHAR|INTERVAL			false	true	Get subfield (equivalent to extract)	1924
system	main	datepart	scalar	BIGINT	ts|col1	VARCHAR|TIME			false	true	Get subfield (equivalent to extract)	1924
system	main	datepart	scalar	BIGINT	ts|col1	VARCHAR|TIMESTAMP			false	true	Get subfield (equivalent to extract)	1924
system	main	datesub	scalar	BIGINT	part|startdate|enddate	VARCHAR|TIMESTAMP WITH TIME ZONE|TIMESTAMP WITH TIME ZONE			false	true	The number of complete partitions between the timestamps	1926
system	main	datesub	scalar	BIGINT	part|startdate|enddate	VARCHAR|DATE|DATE			false	true	The number of complete partitions between the timestamps	1926
system	main	datesub	scalar	BIGINT	part|startdate|enddate	VARCHAR|TIME|TIME			false	true	The number of complete partitions between the timestamps	1926
system	main	datesub	scalar	BIGINT	part|startdate|enddate	VARCHAR|TIMESTAMP|TIMESTAMP			false	true	The number of complete partitions between the timestamps	1926
system	main	datetrunc	scalar	INTERVAL	part|timestamp	VARCHAR|INTERVAL			false	true	Truncate to specified precision	1930
system	main	datetrunc	scalar	TIMESTAMP WITH TIME ZONE	part|timestamp	VARCHAR|TIMESTAMP WITH TIME ZONE			false	true	Truncate to specified precision	1930
system	main	datetrunc	scalar	TIMESTAMP	part|timestamp	VARCHAR|TIMESTAMP			false	true	Truncate to specified precision	1930
system	main	datetrunc	scalar	TIMESTAMP	part|timestamp	VARCHAR|DATE			false	true	Truncate to specified precision	1930
system	main	day	scalar	BIGINT	ts	TIMESTAMP WITH TIME ZONE			false	true	Extract the day component from a date or timestamp	1896
system	main	day	scalar	BIGINT	ts	TIMESTAMP			false	true	Extract the day component from a date or timestamp	1896
system	main	day	scalar	BIGINT	ts	INTERVAL			false	true	Extract the day component from a date or timestamp	1896
system	main	day	scalar	BIGINT	ts	DATE			false	true	Extract the day component from a date or timestamp	1896
system	main	dayname	scalar	VARCHAR	ts	TIMESTAMP WITH TIME ZONE			false	true	The (English) name of the weekday	1922
system	main	dayname	scalar	VARCHAR	ts	DATE			false	true	The (English) name of the weekday	1922
system	main	dayname	scalar	VARCHAR	ts	TIMESTAMP			false	true	The (English) name of the weekday	1922
system	main	dayofmonth	scalar	BIGINT	ts	TIMESTAMP			false	true	Extract the dayofmonth component from a date or timestamp	1917
system	main	dayofmonth	scalar	BIGINT	ts	DATE			false	true	Extract the dayofmonth component from a date or timestamp	1917
system	main	dayofmonth	scalar	BIGINT	ts	INTERVAL			false	true	Extract the dayofmonth component from a date or timestamp	1917
system	main	dayofmonth	scalar	BIGINT	ts	TIMESTAMP WITH TIME ZONE			false	true	Extract the dayofmonth component from a date or timestamp	1917
system	main	dayofweek	scalar	BIGINT	ts	DATE			false	true	Extract the dayofweek component from a date or timestamp	1905
system	main	dayofweek	scalar	BIGINT	ts	INTERVAL			false	true	Extract the dayofweek component from a date or timestamp	1905
system	main	dayofweek	scalar	BIGINT	ts	TIMESTAMP WITH TIME ZONE			false	true	Extract the dayofweek component from a date or timestamp	1905
system	main	dayofweek	scalar	BIGINT	ts	TIMESTAMP			false	true	Extract the dayofweek component from a date or timestamp	1905
system	main	dayofyear	scalar	BIGINT	ts	DATE			false	true	Extract the dayofyear component from a date or timestamp	1908
system	main	dayofyear	scalar	BIGINT	ts	INTERVAL			false	true	Extract the dayofyear component from a date or timestamp	1908
system	main	dayofyear	scalar	BIGINT	ts	TIMESTAMP			false	true	Extract the dayofyear component from a date or timestamp	1908
system	main	dayofyear	scalar	BIGINT	ts	TIMESTAMP WITH TIME ZONE			false	true	Extract the dayofyear component from a date or timestamp	1908
system	main	days_in_month	macro		date			"day"(last_day(date))		true		2108
system	main	decade	scalar	BIGINT	ts	DATE			false	true	Extract the decade component from a date or timestamp	1897
system	main	decade	scalar	BIGINT	ts	INTERVAL			false	true	Extract the decade component from a date or timestamp	1897
system	main	decade	scalar	BIGINT	ts	TIMESTAMP			false	true	Extract the decade component from a date or timestamp	1897
system	main	decade	scalar	BIGINT	ts	TIMESTAMP WITH TIME ZONE			false	true	Extract the decade component from a date or timestamp	1897
system	main	decode	scalar	VARCHAR	blob|varchar	BLOB|VARCHAR			false	true	Converts `blob` to `VARCHAR`. Invalid UTF-8 is handled based on the error behavior argument. Can be 'strict' (default, fail), 'replace' to replace invalid characters with '?', or 'ignore' to skip invalid characters.	828
system	main	decode	scalar	VARCHAR	blob	BLOB			false	true	Converts `blob` to `VARCHAR`. Invalid UTF-8 is handled based on the error behavior argument. Can be 'strict' (default, fail), 'replace' to replace invalid characters with '?', or 'ignore' to skip invalid characters.	828
system	main	degrees	scalar	DOUBLE	x	DOUBLE			false	true	Converts radians to degrees	830
system	main	dense_rank	aggregate	BIGINT					false	true		0
system	main	disable_checkpoint_on_shutdown	pragma							true		218
system	main	disable_logging	table							true		82
system	main	disable_object_cache	pragma							true		200
system	main	disable_optimizer	pragma							true		204
system	main	disable_print_progress_bar	pragma							true		214
system	main	disable_profile	pragma							true		174
system	main	disable_profiling	table							true		88
system	main	disable_profiling	pragma							true		176
system	main	disable_progress_bar	pragma							true		210
system	main	disable_verification	pragma							true		180
system	main	disable_verify_external	pragma							true		184
system	main	disable_verify_fetch_row	pragma							true		188
system	main	disable_verify_parallelism	pragma							true		196
system	main	disable_verify_serializer	pragma							true		192
system	main	divide	scalar	UHUGEINT	col0|col1	UHUGEINT|UHUGEINT			false	true		430
system	main	divide	scalar	UBIGINT	col0|col1	UBIGINT|UBIGINT			false	true		430
system	main	divide	scalar	UINTEGER	col0|col1	UINTEGER|UINTEGER			false	true		430
system	main	divide	scalar	UTINYINT	col0|col1	UTINYINT|UTINYINT			false	true		430
system	main	divide	scalar	DOUBLE	col0|col1	DOUBLE|DOUBLE			false	true		430
system	main	divide	scalar	FLOAT	col0|col1	FLOAT|FLOAT			false	true		430
system	main	divide	scalar	HUGEINT	col0|col1	HUGEINT|HUGEINT			false	true		430
system	main	divide	scalar	BIGINT	col0|col1	BIGINT|BIGINT			false	true		430
system	main	divide	scalar	INTEGER	col0|col1	INTEGER|INTEGER			false	true		430
system	main	divide	scalar	SMALLINT	col0|col1	SMALLINT|SMALLINT			false	true		430
system	main	divide	scalar	USMALLINT	col0|col1	USMALLINT|USMALLINT			false	true		430
system	main	divide	scalar	TINYINT	col0|col1	TINYINT|TINYINT			false	true		430
system	main	duckdb_approx_database_count	table							true		24
system	main	duckdb_columns	table							true		26
system	main	duckdb_connection_count	table							true		22
system	main	duckdb_constraints	table							true		28
system	main	duckdb_coordinate_systems	table							true		30
system	main	duckdb_databases	table							true		32
system	main	duckdb_dependencies	table							true		48
system	main	duckdb_extensions	table							true		50
system	main	duckdb_external_file_cache	table							true		54
system	main	duckdb_functions	table							true		34
system	main	duckdb_indexes	table							true		44
system	main	duckdb_keywords	table							true		36
system	main	duckdb_log_contexts	table							true		42
system	main	duckdb_logs	table		denormalized_table	BOOLEAN				true		40
system	main	duckdb_logs_parsed	table_macro		log_type			SELECT * EXCLUDE (message), unnest(parse_duckdb_log_message(log_type, message)) FROM duckdb_logs((denormalized_table = 1)) WHERE ("type" ~~* log_type)		true		2116
system	main	duckdb_memory	table							true		52
system	main	duckdb_optimizers	table							true		56
system	main	duckdb_prepared_statements	table							true		38
system	main	duckdb_profiling_settings	table_macro					SELECT * EXCLUDE (aliases, "scope", input_type) FROM duckdb_settings() WHERE ("name" IN ('enable_profiling', 'profiling_coverage', 'profiling_output', 'profiling_mode', 'custom_profiling_settings'))		true		2117
system	main	duckdb_schemas	table							true		46
system	main	duckdb_secret_types	table							true		62
system	main	duckdb_secrets	table		redact	BOOLEAN				true		58
system	main	duckdb_sequences	table							true		64
system	main	duckdb_settings	table							true		66
system	main	duckdb_table_sample	table		col0	VARCHAR				true		70
system	main	duckdb_tables	table							true		68
system	main	duckdb_temporary_files	table							true		72
system	main	duckdb_types	table							true		74
system	main	duckdb_variables	table							true		76
system	main	duckdb_views	table							true		78
system	main	editdist3	scalar	BIGINT	s1|s2	VARCHAR|VARCHAR			false	true	The minimum number of single-character edits (insertions, deletions or substitutions) required to change one string to the other. Characters of different cases (e.g., `a` and `A`) are considered different.	832
system	main	element_at	scalar	V[]	map|key	MAP(K, V)|K			false	true	Returns a list containing the value for a given key or an empty list if the key is not contained in the map. The type of the key provided in the second parameter must match the type of the map’s keys else an error is returned	834
system	main	enable_checkpoint_on_shutdown	pragma							true		216
system	main	enable_logging	table		level|storage|storage_config|storage_path|storage_normalize|storage_buffer_size	VARCHAR|VARCHAR|ANY|VARCHAR|BOOLEAN|UBIGINT	ANY			true		80
system	main	enable_object_cache	pragma							true		198
system	main	enable_optimizer	pragma							true		202
system	main	enable_print_progress_bar	pragma							true		212
system	main	enable_profile	pragma							true		170
system	main	enable_profiling	table		format|coverage|save_location|mode|metrics	VARCHAR|VARCHAR|VARCHAR|VARCHAR|ANY	VARCHAR[]			true		86
system	main	enable_profiling	pragma							true		172
system	main	enable_progress_bar	pragma							true		208
system	main	enable_verification	pragma							true		178
system	main	encode	scalar	BLOB	string	VARCHAR			false	true	Converts the `string` to `BLOB`. Converts UTF-8 characters into literal encoding.	836
system	main	ends_with	scalar	BOOLEAN	string|search_string	VARCHAR|VARCHAR			false	true	Returns `true` if `string` ends with `search_string`.	432
system	main	entropy	aggregate	DOUBLE	x	ANY			false	true	Returns the log-2 entropy of count input-values.	838
system	main	enum_code	scalar	ANY	enum	ANY			false	true	Returns the numeric value backing the given enum value	840
system	main	enum_first	scalar	VARCHAR	enum	ANY			false	true	Returns the first value of the input enum type	842
system	main	enum_last	scalar	VARCHAR	enum	ANY			false	true	Returns the last value of the input enum type	844
system	main	enum_range	scalar	VARCHAR[]	enum	ANY			false	true	Returns all values of the input enum type as an array	846
system	main	enum_range_boundary	scalar	VARCHAR[]	start|end	ANY|ANY			false	true	Returns the range between the two given enum values as an array. The values must be of the same enum type. When the first parameter is NULL, the result starts with the first value of the enum type. When the second parameter is NULL, the result ends with the last value of the enum type	848
system	main	epoch	scalar	DOUBLE	temporal	DATE			false	true	Extract the epoch component from a temporal type	1914
system	main	epoch	scalar	DOUBLE	temporal	INTERVAL			false	true	Extract the epoch component from a temporal type	1914
system	main	epoch	scalar	DOUBLE	temporal	TIME			false	true	Extract the epoch component from a temporal type	1914
system	main	epoch	scalar	DOUBLE	temporal	TIMESTAMP			false	true	Extract the epoch component from a temporal type	1914
system	main	epoch	scalar	DOUBLE	temporal	TIME WITH TIME ZONE			false	true	Extract the epoch component from a temporal type	1914
system	main	epoch	scalar	DOUBLE	temporal	TIME_NS			false	true	Extract the epoch component from a temporal type	1914
system	main	epoch	scalar	DOUBLE	temporal	TIMESTAMP WITH TIME ZONE			false	true	Extract the epoch component from a temporal type	1914
system	main	epoch_ms	scalar	BIGINT	temporal	DATE			false	true	Extract the epoch component in milliseconds from a temporal type	851
system	main	epoch_ms	scalar	BIGINT	temporal	TIMESTAMP			false	true	Extract the epoch component in milliseconds from a temporal type	851
system	main	epoch_ms	scalar	BIGINT	temporal	INTERVAL			false	true	Extract the epoch component in milliseconds from a temporal type	851
system	main	epoch_ms	scalar	BIGINT	temporal	TIME			false	true	Extract the epoch component in milliseconds from a temporal type	851
system	main	epoch_ms	scalar	BIGINT	temporal	TIME_NS			false	true	Extract the epoch component in milliseconds from a temporal type	851
system	main	epoch_ms	scalar	BIGINT	temporal	TIME WITH TIME ZONE			false	true	Extract the epoch component in milliseconds from a temporal type	851
system	main	epoch_ms	scalar	BIGINT	temporal	TIMESTAMP WITH TIME ZONE			false	true	Extract the epoch component in milliseconds from a temporal type	851
system	main	epoch_ms	scalar	TIMESTAMP	temporal	BIGINT			false	true	Extract the epoch component in milliseconds from a temporal type	851
system	main	epoch_ns	scalar	BIGINT	temporal	DATE			false	true	Extract the epoch component in nanoseconds from a temporal type	853
system	main	epoch_ns	scalar	BIGINT	temporal	TIMESTAMP			false	true	Extract the epoch component in nanoseconds from a temporal type	853
system	main	epoch_ns	scalar	BIGINT	temporal	INTERVAL			false	true	Extract the epoch component in nanoseconds from a temporal type	853
system	main	epoch_ns	scalar	BIGINT	temporal	TIME			false	true	Extract the epoch component in nanoseconds from a temporal type	853
system	main	epoch_ns	scalar	BIGINT	temporal	TIME_NS			false	true	Extract the epoch component in nanoseconds from a temporal type	853
system	main	epoch_ns	scalar	BIGINT	temporal	TIME WITH TIME ZONE			false	true	Extract the epoch component in nanoseconds from a temporal type	853
system	main	epoch_ns	scalar	BIGINT	temporal	TIMESTAMP WITH TIME ZONE			false	true	Extract the epoch component in nanoseconds from a temporal type	853
system	main	epoch_ns	scalar	BIGINT	temporal	TIMESTAMP_NS			false	true	Extract the epoch component in nanoseconds from a temporal type	853
system	main	epoch_us	scalar	BIGINT	temporal	DATE			false	true	Extract the epoch component in microseconds from a temporal type	855
system	main	epoch_us	scalar	BIGINT	temporal	TIMESTAMP			false	true	Extract the epoch component in microseconds from a temporal type	855
system	main	epoch_us	scalar	BIGINT	temporal	INTERVAL			false	true	Extract the epoch component in microseconds from a temporal type	855
system	main	epoch_us	scalar	BIGINT	temporal	TIME			false	true	Extract the epoch component in microseconds from a temporal type	855
system	main	epoch_us	scalar	BIGINT	temporal	TIME_NS			false	true	Extract the epoch component in microseconds from a temporal type	855
system	main	epoch_us	scalar	BIGINT	temporal	TIME WITH TIME ZONE			false	true	Extract the epoch component in microseconds from a temporal type	855
system	main	epoch_us	scalar	BIGINT	temporal	TIMESTAMP WITH TIME ZONE			false	true	Extract the epoch component in microseconds from a temporal type	855
system	main	equi_width_bins	scalar	ANY[]	min|max|bin_count|nice_rounding	BIGINT|BIGINT|BIGINT|BOOLEAN			false	true	Generates bin_count equi-width bins between the min and max. If enabled nice_rounding makes the numbers more readable/less jagged	857
system	main	equi_width_bins	scalar	ANY[]	min|max|bin_count|nice_rounding	DOUBLE|DOUBLE|BIGINT|BOOLEAN			false	true	Generates bin_count equi-width bins between the min and max. If enabled nice_rounding makes the numbers more readable/less jagged	857
system	main	equi_width_bins	scalar	ANY[]	min|max|bin_count|nice_rounding	TIMESTAMP|TIMESTAMP|BIGINT|BOOLEAN			false	true	Generates bin_count equi-width bins between the min and max. If enabled nice_rounding makes the numbers more readable/less jagged	857
system	main	equi_width_bins	scalar	ANY[]	min|max|bin_count|nice_rounding	ANY|ANY|BIGINT|BOOLEAN			false	true	Generates bin_count equi-width bins between the min and max. If enabled nice_rounding makes the numbers more readable/less jagged	857
system	main	era	scalar	BIGINT	ts	DATE			false	true	Extract the era component from a date or timestamp	1893
system	main	era	scalar	BIGINT	ts	INTERVAL			false	true	Extract the era component from a date or timestamp	1893
system	main	era	scalar	BIGINT	ts	TIMESTAMP			false	true	Extract the era component from a date or timestamp	1893
system	main	era	scalar	BIGINT	ts	TIMESTAMP WITH TIME ZONE			false	true	Extract the era component from a date or timestamp	1893
system	main	error	scalar	"NULL"	message	VARCHAR			true	true	Throws the given error message	434
system	main	even	scalar	DOUBLE	x	DOUBLE			false	true	Rounds x to next even number by rounding away from zero	860
system	main	exp	scalar	DOUBLE	x	DOUBLE			false	true	Computes e to the power of x	862
system	main	extension_versions	pragma							true		154
system	main	factorial	scalar	HUGEINT	x	INTEGER			false	true	Factorial of x. Computes the product of the current integer and all integers below it	864
system	main	favg	aggregate	DOUBLE	x	DOUBLE			false	true	Calculates the average using a more accurate floating point summation (Kahan Sum)	866
system	main	fdiv	macro		x|y			floor((x / y))		true		2067
system	main	fill	aggregate	T	col0	T			false	true		0
system	main	filter	scalar	ANY[]	list|lambda(x)	ANY[]|LAMBDA			false	true	Constructs a list from those elements of the input `list` for which the `lambda` function returns `true`. DuckDB must be able to cast the `lambda` function's return type to `BOOL`. The return type of `list_filter` is the same as the input list's.	868
system	main	finalize	scalar	INVALID	col0	AGGREGATE_STATE<?>			false	true		436
system	main	first	aggregate	T	col0	T			false	true		0
system	main	first	aggregate	DECIMAL	arg	DECIMAL			false	true	Returns the first value (NULL or non-NULL) from arg. This function is affected by ordering.	438
system	main	first	aggregate	ANY	arg	ANY			false	true	Returns the first value (NULL or non-NULL) from arg. This function is affected by ordering.	438
system	main	first_value	aggregate	T	col0	T			false	true		0
system	main	flatten	scalar	T[]	nested_list	T[][]			false	true	Flattens a nested list by one level.	870
system	main	floor	scalar	FLOAT	x	FLOAT			false	true	Rounds the number down	872
system	main	floor	scalar	DOUBLE	x	DOUBLE			false	true	Rounds the number down	872
system	main	floor	scalar	DECIMAL	x	DECIMAL			false	true	Rounds the number down	872
system	main	fmod	macro		x|y			(x - (y * floor((x / y))))		true		2068
system	main	force_checkpoint	table							true		104
system	main	force_checkpoint	table		col0	VARCHAR				true		104
system	main	force_checkpoint	pragma							true		206
system	main	format	scalar	VARCHAR	format	VARCHAR	ANY		false	true	Formats a string using the fmt syntax.	874
system	main	formatReadableDecimalSize	scalar	VARCHAR	integer	BIGINT			false	true	Converts `integer` to a human-readable representation using units based on powers of 10 (KB, MB, GB, etc.).	876
system	main	formatReadableSize	scalar	VARCHAR	integer	BIGINT			false	true	Converts `integer` to a human-readable representation using units based on powers of 2 (KiB, MiB, GiB, etc.).	878
system	main	format_bytes	scalar	VARCHAR	integer	BIGINT			false	true	Converts `integer` to a human-readable representation using units based on powers of 2 (KiB, MiB, GiB, etc.).	880
system	pg_catalog	format_pg_type	macro		logical_type|type_name			CASE  WHEN ((upper(logical_type) = 'FLOAT')) THEN ('float4') WHEN ((upper(logical_type) = 'DOUBLE')) THEN ('float8') WHEN ((upper(logical_type) = 'DECIMAL')) THEN ('numeric') WHEN ((upper(logical_type) = 'ENUM')) THEN (lower(type_name)) WHEN ((upper(logical_type) = 'VARCHAR')) THEN ('varchar') WHEN ((upper(logical_type) = 'BLOB')) THEN ('bytea') WHEN ((upper(logical_type) = 'TIMESTAMP')) THEN ('timestamp') WHEN ((upper(logical_type) = 'TIME')) THEN ('time') WHEN ((upper(logical_type) = 'TIMESTAMP WITH TIME ZONE')) THEN ('timestamptz') WHEN ((upper(logical_type) = 'TIME WITH TIME ZONE')) THEN ('timetz') WHEN ((upper(logical_type) = 'SMALLINT')) THEN ('int2') WHEN ((upper(logical_type) = 'INTEGER')) THEN ('int4') WHEN ((upper(logical_type) = 'BIGINT')) THEN ('int8') WHEN ((upper(logical_type) = 'BOOLEAN')) THEN ('bool') ELSE lower(logical_type) END		true		2145
system	pg_catalog	format_type	macro		type_oid|typemod			((SELECT format_pg_type(logical_type, type_name) FROM duckdb_types() AS t WHERE (t.type_oid = type_oid)) || CASE  WHEN ((typemod > 0)) THEN (concat('(', (typemod // 1000), ',', (typemod % 1000), ')')) ELSE '' END)		true		2146
system	main	from_base64	scalar	BLOB	string	VARCHAR			false	true	Converts a base64 encoded `string` to a character string (`BLOB`).	882
system	main	from_binary	scalar	BLOB	value	VARCHAR			false	true	Converts a `value` from binary representation to a blob.	884
system	main	from_hex	scalar	BLOB	value	VARCHAR			false	true	Converts a `value` from hexadecimal representation to a blob.	886
system	main	from_json	scalar	ANY	col0|col1	VARCHAR|VARCHAR			false	true		1978
system	main	from_json	scalar	ANY	col0|col1	JSON|VARCHAR			false	true		1978
system	main	from_json_strict	scalar	ANY	col0|col1	VARCHAR|VARCHAR			false	true		1982
system	main	from_json_strict	scalar	ANY	col0|col1	JSON|VARCHAR			false	true		1982
system	main	fsum	aggregate	DOUBLE	arg	DOUBLE			false	true	Calculates the sum using a more accurate floating point summation (Kahan Sum).	888
system	main	functions	pragma							true		160
system	main	gamma	scalar	DOUBLE	x	DOUBLE			false	true	Interpolation of (x-1) factorial (so decimal inputs are allowed)	890
system	main	gcd	scalar	BIGINT	x|y	BIGINT|BIGINT			false	true	Computes the greatest common divisor of x and y	892
system	main	gcd	scalar	HUGEINT	x|y	HUGEINT|HUGEINT			false	true	Computes the greatest common divisor of x and y	892
system	main	gen_random_uuid	scalar	UUID					true	true	Returns a random UUID v4 similar to this: eeccb8c5-9943-b2bb-bb5e-222f4e14b687	894
system	main	generate_series	table		col0	BIGINT				true		1934
system	main	generate_series	table		col0|col1	BIGINT|BIGINT				true		1934
system	main	generate_series	table		col0|col1|col2	BIGINT|BIGINT|BIGINT				true		1934
system	main	generate_series	table		col0|col1|col2	TIMESTAMP|TIMESTAMP|INTERVAL				true		1934
system	main	generate_series	table		col0|col1|col2	TIMESTAMP WITH TIME ZONE|TIMESTAMP WITH TIME ZONE|INTERVAL				true		1934
system	main	generate_series	scalar	BIGINT[]	start	BIGINT			false	true	Creates a list of values between `start` and `stop` - the stop parameter is inclusive.	1936
system	main	generate_series	scalar	BIGINT[]	start|stop	BIGINT|BIGINT			false	true	Creates a list of values between `start` and `stop` - the stop parameter is inclusive.	1936
system	main	generate_series	scalar	BIGINT[]	start|stop|step	BIGINT|BIGINT|BIGINT			false	true	Creates a list of values between `start` and `stop` - the stop parameter is inclusive.	1936
system	main	generate_series	scalar	TIMESTAMP[]	start|stop|step	TIMESTAMP|TIMESTAMP|INTERVAL			false	true	Creates a list of values between `start` and `stop` - the stop parameter is inclusive.	1936
system	main	generate_series	scalar	TIMESTAMP WITH TIME ZONE[]	start|stop|step	TIMESTAMP WITH TIME ZONE|TIMESTAMP WITH TIME ZONE|INTERVAL			false	true	Creates a list of values between `start` and `stop` - the stop parameter is inclusive.	1936
system	main	generate_subscripts	macro		arr|dim			unnest(generate_series(1, array_length(arr, dim)))		true		2066
system	main	geomean	macro		x			exp(avg(ln(x)))		true		2070
system	main	geometric_mean	macro		x			geomean(x)		true		2071
system	main	get_bit	scalar	INTEGER	bitstring|index	BIT|INTEGER			false	true	Extracts the nth bit from bitstring; the first (leftmost) bit is indexed 0	897
system	main	get_block_size	macro		db_name			(SELECT block_size FROM pragma_database_size() WHERE (database_name = db_name))		true		2111
system	main	get_current_time	scalar	TIME WITH TIME ZONE					false	true		1884
system	main	get_current_timestamp	scalar	TIMESTAMP WITH TIME ZONE					false	true	Returns the current timestamp	899
system	main	get_type	scalar	TYPE	expression	ANY			false	true	Returns the type of the result of the expression	901
system	main	getvariable	scalar	ANY	col0	VARCHAR			false	true		440
system	main	glob	table		col0	VARCHAR				true		106
system	main	glob	table		col0	VARCHAR[]				true		106
system	main	grade_up	scalar	ANY[]	list	ANY[]			false	true	Works like list_sort, but the results are the indexes that correspond to the position in the original list instead of the actual values.	903
system	main	grade_up	scalar	ANY[]	list|col1	ANY[]|VARCHAR			false	true	Works like list_sort, but the results are the indexes that correspond to the position in the original list instead of the actual values.	903
system	main	grade_up	scalar	ANY[]	list|col1|col2	ANY[]|VARCHAR|VARCHAR			false	true	Works like list_sort, but the results are the indexes that correspond to the position in the original list instead of the actual values.	903
system	main	greatest	scalar	ANY	arg1	ANY	ANY		false	true	Returns the largest value. For strings lexicographical ordering is used. Note that lowercase characters are considered “larger” than uppercase characters and collations are not supported.	905
system	main	greatest_common_divisor	scalar	BIGINT	x|y	BIGINT|BIGINT			false	true	Computes the greatest common divisor of x and y	907
system	main	greatest_common_divisor	scalar	HUGEINT	x|y	HUGEINT|HUGEINT			false	true	Computes the greatest common divisor of x and y	907
system	main	group_concat	aggregate	VARCHAR	str	ANY			false	true	Concatenates the column string values with an optional separator.	909
system	main	group_concat	aggregate	VARCHAR	str|arg	ANY|VARCHAR			false	true	Concatenates the column string values with an optional separator.	909
system	main	hamming	scalar	BIGINT	s1|s2	VARCHAR|VARCHAR			false	true	The Hamming distance between to strings, i.e., the number of positions with different characters for two strings of equal length. Strings must be of equal length. Characters of different cases (e.g., `a` and `A`) are considered different.	911
system	pg_catalog	has_any_column_privilege	macro		table|privilege			CAST('t' AS BOOLEAN)		true		2131
system	pg_catalog	has_any_column_privilege	macro		user|table|privilege			CAST('t' AS BOOLEAN)		true		2131
system	pg_catalog	has_column_privilege	macro		table|column|privilege			CAST('t' AS BOOLEAN)		true		2132
system	pg_catalog	has_column_privilege	macro		user|table|column|privilege			CAST('t' AS BOOLEAN)		true		2132
system	pg_catalog	has_database_privilege	macro		user|database|privilege			CAST('t' AS BOOLEAN)		true		2133
system	pg_catalog	has_database_privilege	macro		database|privilege			CAST('t' AS BOOLEAN)		true		2133
system	pg_catalog	has_foreign_data_wrapper_privilege	macro		user|fdw|privilege			CAST('t' AS BOOLEAN)		true		2134
system	pg_catalog	has_foreign_data_wrapper_privilege	macro		fdw|privilege			CAST('t' AS BOOLEAN)		true		2134
system	pg_catalog	has_function_privilege	macro		user|function|privilege			CAST('t' AS BOOLEAN)		true		2135
system	pg_catalog	has_function_privilege	macro		function|privilege			CAST('t' AS BOOLEAN)		true		2135
system	pg_catalog	has_language_privilege	macro		language|privilege			CAST('t' AS BOOLEAN)		true		2136
system	pg_catalog	has_language_privilege	macro		user|language|privilege			CAST('t' AS BOOLEAN)		true		2136
system	pg_catalog	has_schema_privilege	macro		user|schema|privilege			CAST('t' AS BOOLEAN)		true		2137
system	pg_catalog	has_schema_privilege	macro		schema|privilege			CAST('t' AS BOOLEAN)		true		2137
system	pg_catalog	has_sequence_privilege	macro		user|sequence|privilege			CAST('t' AS BOOLEAN)		true		2138
system	pg_catalog	has_sequence_privilege	macro		sequence|privilege			CAST('t' AS BOOLEAN)		true		2138
system	pg_catalog	has_server_privilege	macro		user|server|privilege			CAST('t' AS BOOLEAN)		true		2139
system	pg_catalog	has_server_privilege	macro		server|privilege			CAST('t' AS BOOLEAN)		true		2139
system	pg_catalog	has_table_privilege	macro		table|privilege			CAST('t' AS BOOLEAN)		true		2140
system	pg_catalog	has_table_privilege	macro		user|table|privilege			CAST('t' AS BOOLEAN)		true		2140
system	pg_catalog	has_tablespace_privilege	macro		tablespace|privilege			CAST('t' AS BOOLEAN)		true		2141
system	pg_catalog	has_tablespace_privilege	macro		user|tablespace|privilege			CAST('t' AS BOOLEAN)		true		2141
system	main	hash	scalar	UBIGINT	value	ANY	ANY		false	true	Returns a `UBIGINT` with the hash of the `value`. Note that this is not a cryptographic hash.	913
system	main	hex	scalar	VARCHAR	string	VARCHAR			false	true	Converts the `string` to hexadecimal representation.	915
system	main	hex	scalar	VARCHAR	value	BIGNUM			false	true	Converts the `value` to `VARCHAR` using hexadecimal representation.	915
system	main	hex	scalar	VARCHAR	blob	BLOB			false	true	Converts `blob` to `VARCHAR` using hexadecimal encoding.	915
system	main	hex	scalar	VARCHAR	value	BIGINT			false	true	Converts the `value` to `VARCHAR` using hexadecimal representation.	915
system	main	hex	scalar	VARCHAR	value	UBIGINT			false	true	Converts the `value` to `VARCHAR` using hexadecimal representation.	915
system	main	hex	scalar	VARCHAR	value	HUGEINT			false	true	Converts the `value` to `VARCHAR` using hexadecimal representation.	915
system	main	hex	scalar	VARCHAR	value	UHUGEINT			false	true	Converts the `value` to `VARCHAR` using hexadecimal representation.	915
system	main	histogram	aggregate	MAP	arg	ANY			false	true	Returns a LIST of STRUCTs with the fields bucket and count.	917
system	main	histogram	aggregate	MAP	arg|col1	ANY|ANY[]			false	true	Returns a LIST of STRUCTs with the fields bucket and count.	917
system	main	histogram	table_macro		source|col_name|bin_count|technique			SELECT CASE  WHEN (is_histogram_other_bin(bin)) THEN ('(other values)') WHEN ((((NOT (can_cast_implicitly(bin, CAST(NULL AS BIGINT)) OR can_cast_implicitly(bin, CAST(NULL AS "DOUBLE")) OR can_cast_implicitly(bin, CAST(NULL AS TIMESTAMP)))) AND (technique = 'auto')) OR (technique = 'sample'))) THEN (CAST(bin AS VARCHAR)) WHEN ((row_number() OVER () = 1)) THEN (concat('x <= ', CAST(bin AS VARCHAR))) ELSE concat(lag(CAST(bin AS VARCHAR)) OVER (), ' < x <= ', CAST(bin AS VARCHAR)) END AS bin, count, bar(count, 0, max(count) OVER ()) AS bar FROM histogram_values("source", col_name, bin_count := bin_count, technique := technique)		true		2115
system	main	histogram_exact	aggregate	MAP	arg|bins	ANY|ANY[]			false	true	Returns a LIST of STRUCTs with the fields bucket and count matching the buckets exactly.	919
system	main	histogram_values	table_macro		source|col_name|bin_count|technique			WITH bins AS (SELECT CASE  WHEN ((((NOT (can_cast_implicitly(min(col_name), CAST(NULL AS BIGINT)) OR can_cast_implicitly(min(col_name), CAST(NULL AS "DOUBLE")) OR can_cast_implicitly(min(col_name), CAST(NULL AS TIMESTAMP)))) AND (technique = 'auto')) OR (technique = 'sample'))) THEN (approx_top_k(col_name, bin_count)) WHEN ((technique = 'equi-height')) THEN (quantile(col_name, main.list_apply(generate_series(1, bin_count), (lambda x: (x / CAST(bin_count AS "DOUBLE")))))) WHEN ((technique = 'equi-width')) THEN (equi_width_bins(min(col_name), max(col_name), bin_count, CAST('f' AS BOOLEAN))) WHEN (((technique = 'equi-width-nice') OR (technique = 'auto'))) THEN (equi_width_bins(min(col_name), max(col_name), bin_count, CAST('t' AS BOOLEAN))) ELSE "error"(concat('Unrecognized technique ', technique)) END AS bins FROM query_table(CAST("source" AS VARCHAR)))SELECT unnest(map_keys(histogram)) AS bin, unnest(map_values(histogram)) AS count FROM (SELECT CASE  WHEN ((((NOT (can_cast_implicitly(min(col_name), CAST(NULL AS BIGINT)) OR can_cast_implicitly(min(col_name), CAST(NULL AS "DOUBLE")) OR can_cast_implicitly(min(col_name), CAST(NULL AS TIMESTAMP)))) AND (technique = 'auto')) OR (technique = 'sample'))) THEN (histogram_exact(col_name, bins)) ELSE histogram(col_name, bins) END AS histogram FROM query_table(CAST("source" AS VARCHAR)) , bins)		true		2114
system	main	hour	scalar	BIGINT	ts	DATE			false	true	Extract the hour component from a date or timestamp	1904
system	main	hour	scalar	BIGINT	ts	INTERVAL			false	true	Extract the hour component from a date or timestamp	1904
system	main	hour	scalar	BIGINT	ts	TIME			false	true	Extract the hour component from a date or timestamp	1904
system	main	hour	scalar	BIGINT	ts	TIMESTAMP			false	true	Extract the hour component from a date or timestamp	1904
system	main	hour	scalar	BIGINT	ts	TIME WITH TIME ZONE			false	true	Extract the hour component from a date or timestamp	1904
system	main	hour	scalar	BIGINT	ts	TIME_NS			false	true	Extract the hour component from a date or timestamp	1904
system	main	hour	scalar	BIGINT	ts	TIMESTAMP WITH TIME ZONE			false	true	Extract the hour component from a date or timestamp	1904
system	main	icu_calendar_names	table							true		1946
system	main	icu_collate_af	scalar	VARCHAR	col0	VARCHAR			false	true		1340
system	main	icu_collate_am	scalar	VARCHAR	col0	VARCHAR			false	true		1344
system	main	icu_collate_ar	scalar	VARCHAR	col0	VARCHAR			false	true		1348
system	main	icu_collate_ar_sa	scalar	VARCHAR	col0	VARCHAR			false	true		1352
system	main	icu_collate_as	scalar	VARCHAR	col0	VARCHAR			false	true		1356
system	main	icu_collate_az	scalar	VARCHAR	col0	VARCHAR			false	true		1360
system	main	icu_collate_be	scalar	VARCHAR	col0	VARCHAR			false	true		1364
system	main	icu_collate_bg	scalar	VARCHAR	col0	VARCHAR			false	true		1368
system	main	icu_collate_bn	scalar	VARCHAR	col0	VARCHAR			false	true		1372
system	main	icu_collate_bo	scalar	VARCHAR	col0	VARCHAR			false	true		1376
system	main	icu_collate_br	scalar	VARCHAR	col0	VARCHAR			false	true		1380
system	main	icu_collate_bs	scalar	VARCHAR	col0	VARCHAR			false	true		1384
system	main	icu_collate_ca	scalar	VARCHAR	col0	VARCHAR			false	true		1390
system	main	icu_collate_ceb	scalar	VARCHAR	col0	VARCHAR			false	true		1394
system	main	icu_collate_chr	scalar	VARCHAR	col0	VARCHAR			false	true		1398
system	main	icu_collate_cs	scalar	VARCHAR	col0	VARCHAR			false	true		1402
system	main	icu_collate_cy	scalar	VARCHAR	col0	VARCHAR			false	true		1406
system	main	icu_collate_da	scalar	VARCHAR	col0	VARCHAR			false	true		1410
system	main	icu_collate_de	scalar	VARCHAR	col0	VARCHAR			false	true		1414
system	main	icu_collate_de_at	scalar	VARCHAR	col0	VARCHAR			false	true		1418
system	main	icu_collate_dsb	scalar	VARCHAR	col0	VARCHAR			false	true		1422
system	main	icu_collate_dz	scalar	VARCHAR	col0	VARCHAR			false	true		1426
system	main	icu_collate_ee	scalar	VARCHAR	col0	VARCHAR			false	true		1430
system	main	icu_collate_el	scalar	VARCHAR	col0	VARCHAR			false	true		1434
system	main	icu_collate_en	scalar	VARCHAR	col0	VARCHAR			false	true		1438
system	main	icu_collate_en_us	scalar	VARCHAR	col0	VARCHAR			false	true		1442
system	main	icu_collate_eo	scalar	VARCHAR	col0	VARCHAR			false	true		1448
system	main	icu_collate_es	scalar	VARCHAR	col0	VARCHAR			false	true		1452
system	main	icu_collate_et	scalar	VARCHAR	col0	VARCHAR			false	true		1456
system	main	icu_collate_fa	scalar	VARCHAR	col0	VARCHAR			false	true		1460
system	main	icu_collate_fa_af	scalar	VARCHAR	col0	VARCHAR			false	true		1464
system	main	icu_collate_ff	scalar	VARCHAR	col0	VARCHAR			false	true		1468
system	main	icu_collate_fi	scalar	VARCHAR	col0	VARCHAR			false	true		1474
system	main	icu_collate_fil	scalar	VARCHAR	col0	VARCHAR			false	true		1478
system	main	icu_collate_fo	scalar	VARCHAR	col0	VARCHAR			false	true		1482
system	main	icu_collate_fr	scalar	VARCHAR	col0	VARCHAR			false	true		1486
system	main	icu_collate_fr_ca	scalar	VARCHAR	col0	VARCHAR			false	true		1490
system	main	icu_collate_fy	scalar	VARCHAR	col0	VARCHAR			false	true		1494
system	main	icu_collate_ga	scalar	VARCHAR	col0	VARCHAR			false	true		1498
system	main	icu_collate_gl	scalar	VARCHAR	col0	VARCHAR			false	true		1502
system	main	icu_collate_gu	scalar	VARCHAR	col0	VARCHAR			false	true		1506
system	main	icu_collate_ha	scalar	VARCHAR	col0	VARCHAR			false	true		1510
system	main	icu_collate_haw	scalar	VARCHAR	col0	VARCHAR			false	true		1514
system	main	icu_collate_he	scalar	VARCHAR	col0	VARCHAR			false	true		1518
system	main	icu_collate_he_il	scalar	VARCHAR	col0	VARCHAR			false	true		1522
system	main	icu_collate_hi	scalar	VARCHAR	col0	VARCHAR			false	true		1526
system	main	icu_collate_hr	scalar	VARCHAR	col0	VARCHAR			false	true		1530
system	main	icu_collate_hsb	scalar	VARCHAR	col0	VARCHAR			false	true		1534
system	main	icu_collate_hu	scalar	VARCHAR	col0	VARCHAR			false	true		1538
system	main	icu_collate_hy	scalar	VARCHAR	col0	VARCHAR			false	true		1542
system	main	icu_collate_id	scalar	VARCHAR	col0	VARCHAR			false	true		1546
system	main	icu_collate_id_id	scalar	VARCHAR	col0	VARCHAR			false	true		1550
system	main	icu_collate_ig	scalar	VARCHAR	col0	VARCHAR			false	true		1554
system	main	icu_collate_is	scalar	VARCHAR	col0	VARCHAR			false	true		1558
system	main	icu_collate_it	scalar	VARCHAR	col0	VARCHAR			false	true		1562
system	main	icu_collate_ja	scalar	VARCHAR	col0	VARCHAR			false	true		1566
system	main	icu_collate_ka	scalar	VARCHAR	col0	VARCHAR			false	true		1570
system	main	icu_collate_kk	scalar	VARCHAR	col0	VARCHAR			false	true		1574
system	main	icu_collate_kl	scalar	VARCHAR	col0	VARCHAR			false	true		1578
system	main	icu_collate_km	scalar	VARCHAR	col0	VARCHAR			false	true		1582
system	main	icu_collate_kn	scalar	VARCHAR	col0	VARCHAR			false	true		1586
system	main	icu_collate_ko	scalar	VARCHAR	col0	VARCHAR			false	true		1590
system	main	icu_collate_kok	scalar	VARCHAR	col0	VARCHAR			false	true		1594
system	main	icu_collate_ku	scalar	VARCHAR	col0	VARCHAR			false	true		1598
system	main	icu_collate_ky	scalar	VARCHAR	col0	VARCHAR			false	true		1602
system	main	icu_collate_lb	scalar	VARCHAR	col0	VARCHAR			false	true		1606
system	main	icu_collate_lkt	scalar	VARCHAR	col0	VARCHAR			false	true		1610
system	main	icu_collate_ln	scalar	VARCHAR	col0	VARCHAR			false	true		1614
system	main	icu_collate_lo	scalar	VARCHAR	col0	VARCHAR			false	true		1618
system	main	icu_collate_lt	scalar	VARCHAR	col0	VARCHAR			false	true		1622
system	main	icu_collate_lv	scalar	VARCHAR	col0	VARCHAR			false	true		1626
system	main	icu_collate_mk	scalar	VARCHAR	col0	VARCHAR			false	true		1630
system	main	icu_collate_ml	scalar	VARCHAR	col0	VARCHAR			false	true		1634
system	main	icu_collate_mn	scalar	VARCHAR	col0	VARCHAR			false	true		1638
system	main	icu_collate_mr	scalar	VARCHAR	col0	VARCHAR			false	true		1642
system	main	icu_collate_ms	scalar	VARCHAR	col0	VARCHAR			false	true		1646
system	main	icu_collate_mt	scalar	VARCHAR	col0	VARCHAR			false	true		1650
system	main	icu_collate_my	scalar	VARCHAR	col0	VARCHAR			false	true		1654
system	main	icu_collate_nb	scalar	VARCHAR	col0	VARCHAR			false	true		1658
system	main	icu_collate_nb_no	scalar	VARCHAR	col0	VARCHAR			false	true		1662
system	main	icu_collate_ne	scalar	VARCHAR	col0	VARCHAR			false	true		1666
system	main	icu_collate_nl	scalar	VARCHAR	col0	VARCHAR			false	true		1670
system	main	icu_collate_nn	scalar	VARCHAR	col0	VARCHAR			false	true		1674
system	main	icu_collate_noaccent	scalar	VARCHAR	col0	VARCHAR			false	true		1880
system	main	icu_collate_om	scalar	VARCHAR	col0	VARCHAR			false	true		1678
system	main	icu_collate_or	scalar	VARCHAR	col0	VARCHAR			false	true		1682
system	main	icu_collate_pa	scalar	VARCHAR	col0	VARCHAR			false	true		1686
system	main	icu_collate_pa_in	scalar	VARCHAR	col0	VARCHAR			false	true		1692
system	main	icu_collate_pl	scalar	VARCHAR	col0	VARCHAR			false	true		1696
system	main	icu_collate_ps	scalar	VARCHAR	col0	VARCHAR			false	true		1700
system	main	icu_collate_pt	scalar	VARCHAR	col0	VARCHAR			false	true		1704
system	main	icu_collate_ro	scalar	VARCHAR	col0	VARCHAR			false	true		1708
system	main	icu_collate_ru	scalar	VARCHAR	col0	VARCHAR			false	true		1712
system	main	icu_collate_sa	scalar	VARCHAR	col0	VARCHAR			false	true		1716
system	main	icu_collate_se	scalar	VARCHAR	col0	VARCHAR			false	true		1720
system	main	icu_collate_si	scalar	VARCHAR	col0	VARCHAR			false	true		1724
system	main	icu_collate_sk	scalar	VARCHAR	col0	VARCHAR			false	true		1728
system	main	icu_collate_sl	scalar	VARCHAR	col0	VARCHAR			false	true		1732
system	main	icu_collate_smn	scalar	VARCHAR	col0	VARCHAR			false	true		1736
system	main	icu_collate_sq	scalar	VARCHAR	col0	VARCHAR			false	true		1740
system	main	icu_collate_sr	scalar	VARCHAR	col0	VARCHAR			false	true		1744
system	main	icu_collate_sr_ba	scalar	VARCHAR	col0	VARCHAR			false	true		1750
system	main	icu_collate_sr_me	scalar	VARCHAR	col0	VARCHAR			false	true		1754
system	main	icu_collate_sr_rs	scalar	VARCHAR	col0	VARCHAR			false	true		1758
system	main	icu_collate_sv	scalar	VARCHAR	col0	VARCHAR			false	true		1768
system	main	icu_collate_sw	scalar	VARCHAR	col0	VARCHAR			false	true		1772
system	main	icu_collate_ta	scalar	VARCHAR	col0	VARCHAR			false	true		1776
system	main	icu_collate_te	scalar	VARCHAR	col0	VARCHAR			false	true		1780
system	main	icu_collate_th	scalar	VARCHAR	col0	VARCHAR			false	true		1784
system	main	icu_collate_tk	scalar	VARCHAR	col0	VARCHAR			false	true		1788
system	main	icu_collate_to	scalar	VARCHAR	col0	VARCHAR			false	true		1792
system	main	icu_collate_tr	scalar	VARCHAR	col0	VARCHAR			false	true		1796
system	main	icu_collate_ug	scalar	VARCHAR	col0	VARCHAR			false	true		1800
system	main	icu_collate_uk	scalar	VARCHAR	col0	VARCHAR			false	true		1804
system	main	icu_collate_ur	scalar	VARCHAR	col0	VARCHAR			false	true		1808
system	main	icu_collate_uz	scalar	VARCHAR	col0	VARCHAR			false	true		1812
system	main	icu_collate_vi	scalar	VARCHAR	col0	VARCHAR			false	true		1816
system	main	icu_collate_wae	scalar	VARCHAR	col0	VARCHAR			false	true		1820
system	main	icu_collate_wo	scalar	VARCHAR	col0	VARCHAR			false	true		1824
system	main	icu_collate_xh	scalar	VARCHAR	col0	VARCHAR			false	true		1828
system	main	icu_collate_yi	scalar	VARCHAR	col0	VARCHAR			false	true		1832
system	main	icu_collate_yo	scalar	VARCHAR	col0	VARCHAR			false	true		1836
system	main	icu_collate_yue	scalar	VARCHAR	col0	VARCHAR			false	true		1844
system	main	icu_collate_yue_cn	scalar	VARCHAR	col0	VARCHAR			false	true		1840
system	main	icu_collate_zh	scalar	VARCHAR	col0	VARCHAR			false	true		1848
system	main	icu_collate_zh_cn	scalar	VARCHAR	col0	VARCHAR			false	true		1854
system	main	icu_collate_zh_hk	scalar	VARCHAR	col0	VARCHAR			false	true		1864
system	main	icu_collate_zh_mo	scalar	VARCHAR	col0	VARCHAR			false	true		1868
system	main	icu_collate_zh_sg	scalar	VARCHAR	col0	VARCHAR			false	true		1858
system	main	icu_collate_zh_tw	scalar	VARCHAR	col0	VARCHAR			false	true		1872
system	main	icu_collate_zu	scalar	VARCHAR	col0	VARCHAR			false	true		1876
system	main	icu_sort_key	scalar	VARCHAR	col0|col1	VARCHAR|VARCHAR			false	true		1882
system	main	ilike_escape	scalar	BOOLEAN	string|like_specifier|escape_character	VARCHAR|VARCHAR|VARCHAR			false	true	Returns `true` if the `string` matches the `like_specifier` (see Pattern Matching) using case-insensitive matching. `escape_character` is used to search for wildcard characters in the `string`.	442
system	main	import_database	pragma		col0	VARCHAR				true		162
system	main	in_search_path	scalar	BOOLEAN	database_name|schema_name	VARCHAR|VARCHAR			false	true	Returns whether or not the database/schema are in the search path	922
system	pg_catalog	inet_client_addr	macro					NULL		true		2118
system	pg_catalog	inet_client_port	macro					NULL		true		2119
system	pg_catalog	inet_server_addr	macro					NULL		true		2120
system	pg_catalog	inet_server_port	macro					NULL		true		2121
system	main	instr	scalar	BIGINT	string|search_string	VARCHAR|VARCHAR			false	true	Returns location of first occurrence of `search_string` in `string`, counting from 1. Returns 0 if no match found.	924
system	main	is_histogram_other_bin	scalar	BOOLEAN	val	ANY			false	true	Whether or not the provided value is the histogram "other" bin (used for values not belonging to any provided bin)	926
system	main	isfinite	scalar	BOOLEAN	x	FLOAT			false	true	Returns true if the floating point value is finite, false otherwise	928
system	main	isfinite	scalar	BOOLEAN	x	DOUBLE			false	true	Returns true if the floating point value is finite, false otherwise	928
system	main	isfinite	scalar	BOOLEAN	x	DATE			false	true	Returns true if the floating point value is finite, false otherwise	928
system	main	isfinite	scalar	BOOLEAN	x	TIMESTAMP			false	true	Returns true if the floating point value is finite, false otherwise	928
system	main	isfinite	scalar	BOOLEAN	x	TIMESTAMP WITH TIME ZONE			false	true	Returns true if the floating point value is finite, false otherwise	928
system	main	isinf	scalar	BOOLEAN	x	FLOAT			false	true	Returns true if the floating point value is infinite, false otherwise	930
system	main	isinf	scalar	BOOLEAN	x	DOUBLE			false	true	Returns true if the floating point value is infinite, false otherwise	930
system	main	isinf	scalar	BOOLEAN	x	DATE			false	true	Returns true if the floating point value is infinite, false otherwise	930
system	main	isinf	scalar	BOOLEAN	x	TIMESTAMP			false	true	Returns true if the floating point value is infinite, false otherwise	930
system	main	isinf	scalar	BOOLEAN	x	TIMESTAMP WITH TIME ZONE			false	true	Returns true if the floating point value is infinite, false otherwise	930
system	main	isnan	scalar	BOOLEAN	x	FLOAT			false	true	Returns true if the floating point value is not a number, false otherwise	932
system	main	isnan	scalar	BOOLEAN	x	DOUBLE			false	true	Returns true if the floating point value is not a number, false otherwise	932
system	main	isodow	scalar	BIGINT	ts	DATE			false	true	Extract the isodow component from a date or timestamp	1906
system	main	isodow	scalar	BIGINT	ts	INTERVAL			false	true	Extract the isodow component from a date or timestamp	1906
system	main	isodow	scalar	BIGINT	ts	TIMESTAMP			false	true	Extract the isodow component from a date or timestamp	1906
system	main	isodow	scalar	BIGINT	ts	TIMESTAMP WITH TIME ZONE			false	true	Extract the isodow component from a date or timestamp	1906
system	main	isoyear	scalar	BIGINT	ts	DATE			false	true	Extract the isoyear component from a date or timestamp	1910
system	main	isoyear	scalar	BIGINT	ts	INTERVAL			false	true	Extract the isoyear component from a date or timestamp	1910
system	main	isoyear	scalar	BIGINT	ts	TIMESTAMP			false	true	Extract the isoyear component from a date or timestamp	1910
system	main	isoyear	scalar	BIGINT	ts	TIMESTAMP WITH TIME ZONE			false	true	Extract the isoyear component from a date or timestamp	1910
system	main	jaccard	scalar	DOUBLE	s1|s2	VARCHAR|VARCHAR			false	true	The Jaccard similarity between two strings. Characters of different cases (e.g., `a` and `A`) are considered different. Returns a number between 0 and 1.	936
system	main	jaro_similarity	scalar	DOUBLE	s1|s2	VARCHAR|VARCHAR			false	true	The Jaro similarity between two strings. Characters of different cases (e.g., `a` and `A`) are considered different. Returns a number between 0 and 1. For similarity < `score_cutoff`, 0 is returned instead. `score_cutoff` defaults to 0.	938
system	main	jaro_similarity	scalar	DOUBLE	s1|s2|score_cutoff	VARCHAR|VARCHAR|DOUBLE			false	true	The Jaro similarity between two strings. Characters of different cases (e.g., `a` and `A`) are considered different. Returns a number between 0 and 1. For similarity < `score_cutoff`, 0 is returned instead. `score_cutoff` defaults to 0.	938
system	main	jaro_winkler_similarity	scalar	DOUBLE	s1|s2	VARCHAR|VARCHAR			false	true	The Jaro-Winkler similarity between two strings. Characters of different cases (e.g., `a` and `A`) are considered different. Returns a number between 0 and 1. For similarity < `score_cutoff`, 0 is returned instead. `score_cutoff` defaults to 0.	940
system	main	jaro_winkler_similarity	scalar	DOUBLE	s1|s2|score_cutoff	VARCHAR|VARCHAR|DOUBLE			false	true	The Jaro-Winkler similarity between two strings. Characters of different cases (e.g., `a` and `A`) are considered different. Returns a number between 0 and 1. For similarity < `score_cutoff`, 0 is returned instead. `score_cutoff` defaults to 0.	940
system	main	json	macro		x			json_extract(x, '$')		true		2040
system	main	json_array	scalar	JSON			ANY		false	true		1960
system	main	json_array_length	scalar	UBIGINT	col0|col1	VARCHAR|VARCHAR			false	true		1984
system	main	json_array_length	scalar	UBIGINT[]	col0|col1	VARCHAR|VARCHAR[]			false	true		1984
system	main	json_array_length	scalar	UBIGINT[]	col0|col1	JSON|VARCHAR[]			false	true		1984
system	main	json_array_length	scalar	UBIGINT	col0|col1	JSON|VARCHAR			false	true		1984
system	main	json_array_length	scalar	UBIGINT	col0	JSON			false	true		1984
system	main	json_array_length	scalar	UBIGINT	col0	VARCHAR			false	true		1984
system	main	json_contains	scalar	BOOLEAN	col0|col1	JSON|JSON			false	true		1986
system	main	json_contains	scalar	BOOLEAN	col0|col1	JSON|VARCHAR			false	true		1986
system	main	json_contains	scalar	BOOLEAN	col0|col1	VARCHAR|JSON			false	true		1986
system	main	json_contains	scalar	BOOLEAN	col0|col1	VARCHAR|VARCHAR			false	true		1986
system	main	json_deserialize_sql	scalar	VARCHAR	col0	JSON			false	true		2002
system	main	json_each	table		col0|col1	JSON|VARCHAR				true		2020
system	main	json_each	table		col0	JSON				true		2020
system	main	json_each	table		col0|col1	VARCHAR|VARCHAR				true		2020
system	main	json_each	table		col0	VARCHAR				true		2020
system	main	json_execute_serialized_sql	table		col0	VARCHAR				true		2024
system	main	json_execute_serialized_sql	pragma		col0	VARCHAR				true		2026
system	main	json_exists	scalar	BOOLEAN[]	col0|col1	VARCHAR|VARCHAR[]			false	true		1988
system	main	json_exists	scalar	BOOLEAN	col0|col1	JSON|VARCHAR			false	true		1988
system	main	json_exists	scalar	BOOLEAN[]	col0|col1	JSON|VARCHAR[]			false	true		1988
system	main	json_exists	scalar	BOOLEAN	col0|col1	VARCHAR|VARCHAR			false	true		1988
system	main	json_extract	scalar	JSON[]	col0|col1	JSON|VARCHAR[]			false	true		1950
system	main	json_extract	scalar	JSON	col0|col1	VARCHAR|BIGINT			false	true		1950
system	main	json_extract	scalar	JSON	col0|col1	VARCHAR|VARCHAR			false	true		1950
system	main	json_extract	scalar	JSON[]	col0|col1	VARCHAR|VARCHAR[]			false	true		1950
system	main	json_extract	scalar	JSON	col0|col1	JSON|BIGINT			false	true		1950
system	main	json_extract	scalar	JSON	col0|col1	JSON|VARCHAR			false	true		1950
system	main	json_extract_path	scalar	JSON	col0|col1	VARCHAR|BIGINT			false	true		1952
system	main	json_extract_path	scalar	JSON	col0|col1	VARCHAR|VARCHAR			false	true		1952
system	main	json_extract_path	scalar	JSON[]	col0|col1	VARCHAR|VARCHAR[]			false	true		1952
system	main	json_extract_path	scalar	JSON	col0|col1	JSON|BIGINT			false	true		1952
system	main	json_extract_path	scalar	JSON	col0|col1	JSON|VARCHAR			false	true		1952
system	main	json_extract_path	scalar	JSON[]	col0|col1	JSON|VARCHAR[]			false	true		1952
system	main	json_extract_path_text	scalar	VARCHAR[]	col0|col1	VARCHAR|VARCHAR[]			false	true		1956
system	main	json_extract_path_text	scalar	VARCHAR[]	col0|col1	JSON|VARCHAR[]			false	true		1956
system	main	json_extract_path_text	scalar	VARCHAR	col0|col1	JSON|VARCHAR			false	true		1956
system	main	json_extract_path_text	scalar	VARCHAR	col0|col1	JSON|BIGINT			false	true		1956
system	main	json_extract_path_text	scalar	VARCHAR	col0|col1	VARCHAR|BIGINT			false	true		1956
system	main	json_extract_path_text	scalar	VARCHAR	col0|col1	VARCHAR|VARCHAR			false	true		1956
system	main	json_extract_string	scalar	VARCHAR[]	col0|col1	JSON|VARCHAR[]			false	true		1954
system	main	json_extract_string	scalar	VARCHAR	col0|col1	VARCHAR|BIGINT			false	true		1954
system	main	json_extract_string	scalar	VARCHAR	col0|col1	VARCHAR|VARCHAR			false	true		1954
system	main	json_extract_string	scalar	VARCHAR[]	col0|col1	VARCHAR|VARCHAR[]			false	true		1954
system	main	json_extract_string	scalar	VARCHAR	col0|col1	JSON|BIGINT			false	true		1954
system	main	json_extract_string	scalar	VARCHAR	col0|col1	JSON|VARCHAR			false	true		1954
system	main	json_group_array	macro		x			CAST((('[' || string_agg(CASE  WHEN ((x IS NULL)) THEN (CAST('null' AS "JSON")) ELSE to_json(x) END, ',')) || ']') AS "JSON")		true		2034
system	main	json_group_object	macro		n|v			CAST((('{' || string_agg(((to_json(CAST(n AS VARCHAR)) || ':') || CASE  WHEN ((v IS NULL)) THEN (CAST('null' AS "JSON")) ELSE to_json(v) END), ',')) || '}') AS "JSON")		true		2036
system	main	json_group_structure	macro		x			(json_structure(json_group_array(x)) -> 0)		true		2038
system	main	json_keys	scalar	VARCHAR[]	col0	VARCHAR			false	true		1990
system	main	json_keys	scalar	VARCHAR[]	col0|col1	VARCHAR|VARCHAR			false	true		1990
system	main	json_keys	scalar	VARCHAR[][]	col0|col1	VARCHAR|VARCHAR[]			false	true		1990
system	main	json_keys	scalar	VARCHAR[]	col0	JSON			false	true		1990
system	main	json_keys	scalar	VARCHAR[]	col0|col1	JSON|VARCHAR			false	true		1990
system	main	json_keys	scalar	VARCHAR[][]	col0|col1	JSON|VARCHAR[]			false	true		1990
system	main	json_merge_patch	scalar	JSON	col0|col1	JSON|JSON	JSON		false	true		1972
system	main	json_object	scalar	JSON			ANY		false	true		1962
system	main	json_pretty	scalar	VARCHAR	col0	JSON			false	true		2004
system	main	json_quote	scalar	JSON			ANY		false	true		1966
system	main	json_serialize_plan	scalar	JSON	col0|col1	VARCHAR|BOOLEAN			false	true		1998
system	main	json_serialize_plan	scalar	JSON	col0|col1|col2|col3|col4	VARCHAR|BOOLEAN|BOOLEAN|BOOLEAN|BOOLEAN			false	true		1998
system	main	json_serialize_plan	scalar	JSON	col0|col1|col2|col3	VARCHAR|BOOLEAN|BOOLEAN|BOOLEAN			false	true		1998
system	main	json_serialize_plan	scalar	JSON	col0|col1|col2	VARCHAR|BOOLEAN|BOOLEAN			false	true		1998
system	main	json_serialize_plan	scalar	JSON	col0	VARCHAR			false	true		1998
system	main	json_serialize_sql	scalar	JSON	col0|col1|col2	VARCHAR|BOOLEAN|BOOLEAN			false	true		2000
system	main	json_serialize_sql	scalar	JSON	col0|col1	VARCHAR|BOOLEAN			false	true		2000
system	main	json_serialize_sql	scalar	JSON	col0	VARCHAR			false	true		2000
system	main	json_serialize_sql	scalar	JSON	col0|col1|col2|col3|col4	VARCHAR|BOOLEAN|BOOLEAN|BOOLEAN|BOOLEAN			false	true		2000
system	main	json_serialize_sql	scalar	JSON	col0|col1|col2|col3	VARCHAR|BOOLEAN|BOOLEAN|BOOLEAN			false	true		2000
system	main	json_structure	scalar	JSON	col0	JSON			false	true		1974
system	main	json_structure	scalar	JSON	col0	VARCHAR			false	true		1974
system	main	json_transform	scalar	ANY	col0|col1	JSON|VARCHAR			false	true		1976
system	main	json_transform	scalar	ANY	col0|col1	VARCHAR|VARCHAR			false	true		1976
system	main	json_transform_strict	scalar	ANY	col0|col1	VARCHAR|VARCHAR			false	true		1980
system	main	json_transform_strict	scalar	ANY	col0|col1	JSON|VARCHAR			false	true		1980
system	main	json_tree	table		col0	VARCHAR				true		2022
system	main	json_tree	table		col0	JSON				true		2022
system	main	json_tree	table		col0|col1	JSON|VARCHAR				true		2022
system	main	json_tree	table		col0|col1	VARCHAR|VARCHAR				true		2022
system	main	json_type	scalar	VARCHAR	col0	VARCHAR			false	true		1992
system	main	json_type	scalar	VARCHAR	col0|col1	VARCHAR|VARCHAR			false	true		1992
system	main	json_type	scalar	VARCHAR[]	col0|col1	VARCHAR|VARCHAR[]			false	true		1992
system	main	json_type	scalar	VARCHAR	col0	JSON			false	true		1992
system	main	json_type	scalar	VARCHAR	col0|col1	JSON|VARCHAR			false	true		1992
system	main	json_type	scalar	VARCHAR[]	col0|col1	JSON|VARCHAR[]			false	true		1992
system	main	json_valid	scalar	BOOLEAN	col0	VARCHAR			false	true		1994
system	main	json_valid	scalar	BOOLEAN	col0	JSON			false	true		1994
system	main	json_value	scalar	VARCHAR	col0|col1	VARCHAR|BIGINT			false	true		1996
system	main	json_value	scalar	VARCHAR	col0|col1	VARCHAR|VARCHAR			false	true		1996
system	main	json_value	scalar	VARCHAR[]	col0|col1	VARCHAR|VARCHAR[]			false	true		1996
system	main	json_value	scalar	VARCHAR	col0|col1	JSON|BIGINT			false	true		1996
system	main	json_value	scalar	VARCHAR	col0|col1	JSON|VARCHAR			false	true		1996
system	main	json_value	scalar	VARCHAR[]	col0|col1	JSON|VARCHAR[]			false	true		1996
system	main	julian	scalar	DOUBLE	ts	DATE			false	true	Extract the Julian Day number from a date or timestamp	1915
system	main	julian	scalar	DOUBLE	ts	TIMESTAMP			false	true	Extract the Julian Day number from a date or timestamp	1915
system	main	julian	scalar	DOUBLE	ts	TIMESTAMP WITH TIME ZONE			false	true	Extract the Julian Day number from a date or timestamp	1915
system	main	kahan_sum	aggregate	DOUBLE	arg	DOUBLE			false	true	Calculates the sum using a more accurate floating point summation (Kahan Sum).	943
system	main	kurtosis	aggregate	DOUBLE	x	DOUBLE			false	true	Returns the excess kurtosis (Fisher’s definition) of all input values, with a bias correction according to the sample size	945
system	main	kurtosis_pop	aggregate	DOUBLE	x	DOUBLE			false	true	Returns the excess kurtosis (Fisher’s definition) of all input values, without bias correction	947
system	main	lag	aggregate	T	col0|col1|col2	T|BIGINT|T			false	true		0
system	main	last	aggregate	T	col0	T			false	true		0
system	main	last	aggregate	ANY	arg	ANY			false	true	Returns the last value of a column. This function is affected by ordering.	444
system	main	last	aggregate	DECIMAL	arg	DECIMAL			false	true	Returns the last value of a column. This function is affected by ordering.	444
system	main	last_day	scalar	DATE	ts	DATE			false	true	Returns the last day of the month	1920
system	main	last_day	scalar	DATE	ts	TIMESTAMP			false	true	Returns the last day of the month	1920
system	main	last_day	scalar	DATE	ts	TIMESTAMP WITH TIME ZONE			false	true	Returns the last day of the month	1920
system	main	last_value	aggregate	T	col0	T			false	true		0
system	main	lcase	scalar	VARCHAR	string	VARCHAR			false	true	Converts `string` to lower case.	446
system	main	lcm	scalar	HUGEINT	x|y	HUGEINT|HUGEINT			false	true	Computes the least common multiple of x and y	950
system	main	lcm	scalar	BIGINT	x|y	BIGINT|BIGINT			false	true	Computes the least common multiple of x and y	950
system	main	lead	aggregate	T	col0|col1|col2	T|BIGINT|T			false	true		0
system	main	least	scalar	ANY	arg1	ANY	ANY		false	true	Returns the smallest value. For strings lexicographical ordering is used. Note that uppercase characters are considered “smaller” than lowercase characters, and collations are not supported.	952
system	main	least_common_multiple	scalar	BIGINT	x|y	BIGINT|BIGINT			false	true	Computes the least common multiple of x and y	954
system	main	least_common_multiple	scalar	HUGEINT	x|y	HUGEINT|HUGEINT			false	true	Computes the least common multiple of x and y	954
system	main	left	scalar	VARCHAR	string|count	VARCHAR|BIGINT			false	true	Extracts the left-most count characters.	956
system	main	left_grapheme	scalar	VARCHAR	string|count	VARCHAR|BIGINT			false	true	Extracts the left-most count grapheme clusters.	958
system	main	len	scalar	BIGINT	bit	BIT			false	true	Returns the bit-length of the `bit` argument.	448
system	main	len	scalar	BIGINT	string	VARCHAR			false	true	Number of characters in `string`.	448
system	main	len	scalar	BIGINT	list	ANY[]			false	true	Returns the length of the `list`.	448
system	main	length	scalar	BIGINT	string	VARCHAR			false	true	Number of characters in `string`.	450
system	main	length	scalar	BIGINT	bit	BIT			false	true	Returns the bit-length of the `bit` argument.	450
system	main	length	scalar	BIGINT	list	ANY[]			false	true	Returns the length of the `list`.	450
system	main	length_grapheme	scalar	BIGINT	string	VARCHAR			false	true	Number of grapheme clusters in `string`.	452
system	main	levenshtein	scalar	BIGINT	s1|s2	VARCHAR|VARCHAR			false	true	The minimum number of single-character edits (insertions, deletions or substitutions) required to change one string to the other. Characters of different cases (e.g., `a` and `A`) are considered different.	960
system	main	lgamma	scalar	DOUBLE	x	DOUBLE			false	true	Computes the log of the gamma function	962
system	main	like_escape	scalar	BOOLEAN	string|like_specifier|escape_character	VARCHAR|VARCHAR|VARCHAR			false	true	Returns `true` if the `string` matches the `like_specifier` (see Pattern Matching) using case-sensitive matching. `escape_character` is used to search for wildcard characters in the `string`.	454
system	main	list	aggregate	T[]	arg	T			false	true	Returns a LIST containing all the values of a column.	964
system	main	list_aggr	scalar	ANY	list|function_name	ANY[]|VARCHAR	ANY		false	true	Executes the aggregate function `function_name` on the elements of `list`.	966
system	main	list_aggregate	scalar	ANY	list|function_name	ANY[]|VARCHAR	ANY		false	true	Executes the aggregate function `function_name` on the elements of `list`.	968
system	main	list_any_value	macro		l			list_aggr(l, 'any_value')		true		2092
system	main	list_append	macro		l|e			list_concat(l, list_value(e))		true		2056
system	main	list_apply	scalar	ANY[]	list|lambda(x)	ANY[]|LAMBDA			false	true	Returns a list that is the result of applying the `lambda` function to each element of the input `list`. The return type is defined by the return type of the `lambda` function.	970
system	main	list_approx_count_distinct	macro		l			list_aggr(l, 'approx_count_distinct')		true		2082
system	main	list_avg	macro		l			list_aggr(l, 'avg')		true		2076
system	main	list_bit_and	macro		l			list_aggr(l, 'bit_and')		true		2085
system	main	list_bit_or	macro		l			list_aggr(l, 'bit_or')		true		2084
system	main	list_bit_xor	macro		l			list_aggr(l, 'bit_xor')		true		2083
system	main	list_bool_and	macro		l			list_aggr(l, 'bool_and')		true		2086
system	main	list_bool_or	macro		l			list_aggr(l, 'bool_or')		true		2087
system	main	list_cat	scalar	ANY[]			ANY[]		false	true	Concatenates lists. `NULL` inputs are skipped. See also operator `||`.	456
system	main	list_concat	scalar	ANY[]			ANY[]		false	true	Concatenates lists. `NULL` inputs are skipped. See also operator `||`.	458
system	main	list_contains	scalar	BOOLEAN	list|element	T[]|T			false	true	Returns true if the list contains the element.	460
system	main	list_cosine_distance	scalar	FLOAT	list1|list2	FLOAT[]|FLOAT[]			false	true	Computes the cosine distance between two same-sized lists.	972
system	main	list_cosine_distance	scalar	DOUBLE	list1|list2	DOUBLE[]|DOUBLE[]			false	true	Computes the cosine distance between two same-sized lists.	972
system	main	list_cosine_similarity	scalar	DOUBLE	list1|list2	DOUBLE[]|DOUBLE[]			false	true	Computes the cosine similarity between two same-sized lists.	974
system	main	list_cosine_similarity	scalar	FLOAT	list1|list2	FLOAT[]|FLOAT[]			false	true	Computes the cosine similarity between two same-sized lists.	974
system	main	list_count	macro		l			list_aggr(l, 'count')		true		2088
system	main	list_distance	scalar	DOUBLE	list1|list2	DOUBLE[]|DOUBLE[]			false	true	Calculates the Euclidean distance between two points with coordinates given in two inputs lists of equal length.	976
system	main	list_distance	scalar	FLOAT	list1|list2	FLOAT[]|FLOAT[]			false	true	Calculates the Euclidean distance between two points with coordinates given in two inputs lists of equal length.	976
system	main	list_distinct	scalar	T[]	list	T[]			false	true	Removes all duplicates and `NULL` values from a list. Does not preserve the original order.	978
system	main	list_dot_product	scalar	DOUBLE	list1|list2	DOUBLE[]|DOUBLE[]			false	true	Computes the inner product between two same-sized lists.	980
system	main	list_dot_product	scalar	FLOAT	list1|list2	FLOAT[]|FLOAT[]			false	true	Computes the inner product between two same-sized lists.	980
system	main	list_element	scalar	T	list|index	T[]|BIGINT			false	true	Extract the `index`th (1-based) value from the list.	462
system	main	list_element	scalar	VARCHAR	list|index	VARCHAR|BIGINT			false	true	Extract the `index`th (1-based) value from the list.	462
system	main	list_entropy	macro		l			list_aggr(l, 'entropy')		true		2089
system	main	list_extract	scalar	T	list|index	T[]|BIGINT			false	true	Extract the `index`th (1-based) value from the list.	464
system	main	list_extract	scalar	VARCHAR	list|index	VARCHAR|BIGINT			false	true	Extract the `index`th (1-based) value from the list.	464
system	main	list_filter	scalar	ANY[]	list|lambda(x)	ANY[]|LAMBDA			false	true	Constructs a list from those elements of the input `list` for which the `lambda` function returns `true`. DuckDB must be able to cast the `lambda` function's return type to `BOOL`. The return type of `list_filter` is the same as the input list's.	982
system	main	list_first	macro		l			list_aggr(l, 'first')		true		2091
system	main	list_grade_up	scalar	ANY[]	list	ANY[]			false	true	Works like list_sort, but the results are the indexes that correspond to the position in the original list instead of the actual values.	984
system	main	list_grade_up	scalar	ANY[]	list|col1	ANY[]|VARCHAR			false	true	Works like list_sort, but the results are the indexes that correspond to the position in the original list instead of the actual values.	984
system	main	list_grade_up	scalar	ANY[]	list|col1|col2	ANY[]|VARCHAR|VARCHAR			false	true	Works like list_sort, but the results are the indexes that correspond to the position in the original list instead of the actual values.	984
system	main	list_has	scalar	BOOLEAN	list|element	T[]|T			false	true	Returns true if the list contains the element.	466
system	main	list_has_all	scalar	BOOLEAN	list1|list2	T[]|T[]			false	true	Returns true if all elements of list2 are in list1. NULLs are ignored.	986
system	main	list_has_any	scalar	BOOLEAN	list1|list2	T[]|T[]			false	true	Returns true if the lists have any element in common. NULLs are ignored.	988
system	main	list_histogram	macro		l			list_aggr(l, 'histogram')		true		2104
system	main	list_indexof	scalar	INTEGER	list|element	T[]|T			false	true	Returns the index of the `element` if the `list` contains the `element`. If the `element` is not found, it returns `NULL`.	468
system	main	list_inner_product	scalar	DOUBLE	list1|list2	DOUBLE[]|DOUBLE[]			false	true	Computes the inner product between two same-sized lists.	990
system	main	list_inner_product	scalar	FLOAT	list1|list2	FLOAT[]|FLOAT[]			false	true	Computes the inner product between two same-sized lists.	990
system	main	list_intersect	scalar	T[]	list1|list2	T[]|T[]			false	true	Returns a list containing the distinct elements that are present in both `list1` and `list2`.	470
system	main	list_kurtosis	macro		l			list_aggr(l, 'kurtosis')		true		2093
system	main	list_kurtosis_pop	macro		l			list_aggr(l, 'kurtosis_pop')		true		2094
system	main	list_last	macro		l			list_aggr(l, 'last')		true		2090
system	main	list_mad	macro		l			list_aggr(l, 'mad')		true		2103
system	main	list_max	macro		l			list_aggr(l, 'max')		true		2096
system	main	list_median	macro		l			list_aggr(l, 'median')		true		2102
system	main	list_min	macro		l			list_aggr(l, 'min')		true		2095
system	main	list_mode	macro		l			list_aggr(l, 'mode')		true		2101
system	main	list_negative_dot_product	scalar	FLOAT	list1|list2	FLOAT[]|FLOAT[]			false	true	Computes the negative inner product between two same-sized lists.	992
system	main	list_negative_dot_product	scalar	DOUBLE	list1|list2	DOUBLE[]|DOUBLE[]			false	true	Computes the negative inner product between two same-sized lists.	992
system	main	list_negative_inner_product	scalar	FLOAT	list1|list2	FLOAT[]|FLOAT[]			false	true	Computes the negative inner product between two same-sized lists.	994
system	main	list_negative_inner_product	scalar	DOUBLE	list1|list2	DOUBLE[]|DOUBLE[]			false	true	Computes the negative inner product between two same-sized lists.	994
system	main	list_pack	scalar	"NULL"[]					false	true	Creates a LIST containing the argument values.	996
system	main	list_pack	scalar	T[]	any	T	T		false	true	Creates a LIST containing the argument values.	996
system	main	list_position	scalar	INTEGER	list|element	T[]|T			false	true	Returns the index of the `element` if the `list` contains the `element`. If the `element` is not found, it returns `NULL`.	472
system	main	list_prepend	macro		e|l			list_concat(list_value(e), l)		true		2058
system	main	list_product	macro		l			list_aggr(l, 'product')		true		2097
system	main	list_reduce	scalar	ANY	list|lambda(x,y)	ANY[]|LAMBDA			false	true	Reduces all elements of the input `list` into a single scalar value by executing the `lambda` function on a running result and the next list element. The `lambda` function has an optional `initial_value` argument.	998
system	main	list_reduce	scalar	ANY	list|lambda(x,y)|initial_value	ANY[]|LAMBDA|ANY			false	true	Reduces all elements of the input `list` into a single scalar value by executing the `lambda` function on a running result and the next list element. The `lambda` function has an optional `initial_value` argument.	998
system	main	list_resize	scalar	ANY[]	list|size[	ANY[]|ANY			false	true	Resizes the `list` to contain `size` elements. Initializes new elements with `value` or `NULL` if `value` is not set.	474
system	main	list_resize	scalar	ANY[]	list|size[|value]	ANY[]|ANY|ANY			false	true	Resizes the `list` to contain `size` elements. Initializes new elements with `value` or `NULL` if `value` is not set.	474
system	main	list_reverse	macro		l			l[:-:-1]		true		2074
system	main	list_reverse_sort	scalar	ANY[]	list|col1	ANY[]|VARCHAR			false	true	Sorts the elements of the list in reverse order.	1000
system	main	list_reverse_sort	scalar	ANY[]	list	ANY[]			false	true	Sorts the elements of the list in reverse order.	1000
system	main	list_select	scalar	T[]	value_list|index_list	T[]|BIGINT[]			false	true	Returns a list based on the elements selected by the `index_list`.	476
system	main	list_sem	macro		l			list_aggr(l, 'sem')		true		2081
system	main	list_skewness	macro		l			list_aggr(l, 'skewness')		true		2098
system	main	list_slice	scalar	ANY	list|begin|end	ANY|ANY|ANY			false	true	Extracts a sublist or substring using slice conventions. Negative values are accepted.	1002
system	main	list_slice	scalar	ANY	list|begin|end|step	ANY|ANY|ANY|BIGINT			false	true	list_slice with added step feature.	1002
system	main	list_sort	scalar	ANY[]	list	ANY[]			false	true	Sorts the elements of the list.	1004
system	main	list_sort	scalar	ANY[]	list|col1	ANY[]|VARCHAR			false	true	Sorts the elements of the list.	1004
system	main	list_sort	scalar	ANY[]	list|col1|col2	ANY[]|VARCHAR|VARCHAR			false	true	Sorts the elements of the list.	1004
system	main	list_stddev_pop	macro		l			list_aggr(l, 'stddev_pop')		true		2079
system	main	list_stddev_samp	macro		l			list_aggr(l, 'stddev_samp')		true		2080
system	main	list_string_agg	macro		l			list_aggr(l, 'string_agg')		true		2100
system	main	list_sum	macro		l			list_aggr(l, 'sum')		true		2099
system	main	list_transform	scalar	ANY[]	list|lambda(x)	ANY[]|LAMBDA			false	true	Returns a list that is the result of applying the `lambda` function to each element of the input `list`. The return type is defined by the return type of the `lambda` function.	1006
system	main	list_unique	scalar	UBIGINT	list	ANY[]			false	true	Counts the unique elements of a `list`.	1008
system	main	list_value	scalar	"NULL"[]					false	true	Creates a LIST containing the argument values.	1010
system	main	list_value	scalar	T[]	any	T	T		false	true	Creates a LIST containing the argument values.	1010
system	main	list_var_pop	macro		l			list_aggr(l, 'var_pop')		true		2078
system	main	list_var_samp	macro		l			list_aggr(l, 'var_samp')		true		2077
system	main	list_where	scalar	T[]	value_list|mask_list	T[]|BOOLEAN[]			false	true	Returns a list with the `BOOLEAN`s in `mask_list` applied as a mask to the `value_list`.	478
system	main	list_zip	scalar	STRUCT[]			ANY		false	true	Zips n `LIST`s to a new `LIST` whose length will be that of the longest list. Its elements are structs of n elements from each list `list_1`, …, `list_n`, missing elements are replaced with `NULL`. If `truncate` is set, all lists are truncated to the smallest list length.	480
system	main	listagg	aggregate	VARCHAR	str	ANY			false	true	Concatenates the column string values with an optional separator.	1012
system	main	listagg	aggregate	VARCHAR	str|arg	ANY|VARCHAR			false	true	Concatenates the column string values with an optional separator.	1012
system	main	ln	scalar	DOUBLE	x	DOUBLE			false	true	Computes the natural logarithm of x	1014
system	main	log	scalar	DOUBLE	b	DOUBLE			false	true	Computes the logarithm of x to base b. b may be omitted, in which case the default 10	1016
system	main	log	scalar	DOUBLE	b|x	DOUBLE|DOUBLE			false	true	Computes the logarithm of x to base b. b may be omitted, in which case the default 10	1016
system	main	log10	scalar	DOUBLE	x	DOUBLE			false	true	Computes the 10-log of x	1018
system	main	log2	scalar	DOUBLE	x	DOUBLE			false	true	Computes the 2-log of x	1020
system	main	lower	scalar	VARCHAR	string	VARCHAR			false	true	Converts `string` to lower case.	482
system	main	lpad	scalar	VARCHAR	string|count|character	VARCHAR|INTEGER|VARCHAR			false	true	Pads the `string` with the `character` on the left until it has `count` characters. Truncates the `string` on the right if it has more than `count` characters.	1022
system	main	ltrim	scalar	VARCHAR	string	VARCHAR			false	true	Removes any occurrences of any of the `characters` from the left side of the `string`. `characters` defaults to `space`.	1024
system	main	ltrim	scalar	VARCHAR	string|characters	VARCHAR|VARCHAR			false	true	Removes any occurrences of any of the `characters` from the left side of the `string`. `characters` defaults to `space`.	1024
system	main	mad	aggregate	DECIMAL	x	DECIMAL			false	true	Returns the median absolute deviation for the values within x. NULL values are ignored. Temporal types return a positive INTERVAL. 	1026
system	main	mad	aggregate	FLOAT	x	FLOAT			false	true	Returns the median absolute deviation for the values within x. NULL values are ignored. Temporal types return a positive INTERVAL. 	1026
system	main	mad	aggregate	DOUBLE	x	DOUBLE			false	true	Returns the median absolute deviation for the values within x. NULL values are ignored. Temporal types return a positive INTERVAL. 	1026
system	main	mad	aggregate	INTERVAL	x	DATE			false	true	Returns the median absolute deviation for the values within x. NULL values are ignored. Temporal types return a positive INTERVAL. 	1026
system	main	mad	aggregate	INTERVAL	x	TIMESTAMP			false	true	Returns the median absolute deviation for the values within x. NULL values are ignored. Temporal types return a positive INTERVAL. 	1026
system	main	mad	aggregate	INTERVAL	x	TIME			false	true	Returns the median absolute deviation for the values within x. NULL values are ignored. Temporal types return a positive INTERVAL. 	1026
system	main	mad	aggregate	INTERVAL	x	TIMESTAMP WITH TIME ZONE			false	true	Returns the median absolute deviation for the values within x. NULL values are ignored. Temporal types return a positive INTERVAL. 	1026
system	main	mad	aggregate	INTERVAL	x	TIME WITH TIME ZONE			false	true	Returns the median absolute deviation for the values within x. NULL values are ignored. Temporal types return a positive INTERVAL. 	1026
system	main	make_date	scalar	DATE	date-struct	STRUCT("year" BIGINT, "month" BIGINT, "day" BIGINT)			false	true	The date for the given struct.	1028
system	main	make_date	scalar	DATE	col0	INTEGER			false	true		1028
system	main	make_date	scalar	DATE	year|month|day	BIGINT|BIGINT|BIGINT			false	true	The date for the given parts.	1028
system	main	make_time	scalar	TIME	hour|minute|seconds	BIGINT|BIGINT|DOUBLE			false	true	The time for the given parts	1030
system	main	make_timestamp	scalar	TIMESTAMP	year|month|day|hour|minute|seconds	BIGINT|BIGINT|BIGINT|BIGINT|BIGINT|DOUBLE			false	true	The timestamp for the given parts	1032
system	main	make_timestamp	scalar	TIMESTAMP	year	BIGINT			false	true	The timestamp for the given parts	1032
system	main	make_timestamp_ms	scalar	TIMESTAMP	nanos	BIGINT			false	true	The timestamp for the given microseconds since the epoch	1034
system	main	make_timestamp_ns	scalar	TIMESTAMP_NS	nanos	BIGINT			false	true	The timestamp for the given nanoseconds since epoch	1036
system	main	make_timestamptz	scalar	TIMESTAMP WITH TIME ZONE	col0	BIGINT			false	true		1931
system	main	make_timestamptz	scalar	TIMESTAMP WITH TIME ZONE	col0|col1|col2|col3|col4|col5	BIGINT|BIGINT|BIGINT|BIGINT|BIGINT|DOUBLE			false	true		1931
system	main	make_timestamptz	scalar	TIMESTAMP WITH TIME ZONE	col0|col1|col2|col3|col4|col5|col6	BIGINT|BIGINT|BIGINT|BIGINT|BIGINT|DOUBLE|VARCHAR			false	true		1931
system	main	make_type	scalar	TYPE	name	VARCHAR	ANY		false	true	Construct a type from its name and optional parameters	1038
system	main	map	scalar	MAP("NULL", "NULL")					false	true	Creates a map from a set of keys and values	1040
system	main	map	scalar	MAP(K, V)	keys|values	K[]|V[]			false	true	Creates a map from a set of keys and values	1040
system	main	map_concat	scalar	LIST			ANY		false	true	Returns a map created from merging the input maps, on key collision the value is taken from the last map with that key	1042
system	main	map_contains	scalar	BOOLEAN	map|key	MAP(K, V)|K			false	true	Checks if a map contains a given key.	484
system	main	map_contains_entry	macro		map|key|value			contains(map_entries("map"), main.struct_pack("key" := "key", "value" := "value"))		true		2105
system	main	map_contains_value	macro		map|value			contains(map_values("map"), "value")		true		2106
system	main	map_entries	scalar	STRUCT("key" K, "value" V)[]	map	MAP(K, V)			false	true	Returns the map entries as a list of keys/values	1044
system	main	map_extract	scalar	V[]	map|key	MAP(K, V)|K			false	true	Returns a list containing the value for a given key or an empty list if the key is not contained in the map. The type of the key provided in the second parameter must match the type of the map’s keys else an error is returned	1046
system	main	map_extract_value	scalar	V	map|key	MAP(K, V)|K			false	true	Returns the value for a given key or NULL if the key is not contained in the map. The type of the key provided in the second parameter must match the type of the map’s keys else an error is returned	1048
system	main	map_from_entries	scalar	MAP(K, V)	map	STRUCT(K, V)[]			false	true	Returns a map created from the entries of the array	1050
system	main	map_keys	scalar	K[]	map	MAP(K, V)			false	true	Returns the keys of a map as a list	1052
system	pg_catalog	map_to_pg_oid	macro		type_name			CASE  WHEN ((type_name = 'bool')) THEN (16) WHEN ((type_name = 'int16')) THEN (21) WHEN ((type_name = 'int')) THEN (23) WHEN ((type_name = 'bigint')) THEN (20) WHEN ((type_name = 'date')) THEN (1082) WHEN ((type_name = 'time')) THEN (1083) WHEN ((type_name = 'datetime')) THEN (1114) WHEN ((type_name = 'dec')) THEN (1700) WHEN ((type_name = 'float')) THEN (700) WHEN ((type_name = 'double')) THEN (701) WHEN ((type_name = 'bpchar')) THEN (1043) WHEN ((type_name = 'binary')) THEN (17) WHEN ((type_name = 'interval')) THEN (1186) WHEN ((type_name = 'timestamptz')) THEN (1184) WHEN ((type_name = 'timestamp with time zone')) THEN (1184) WHEN ((type_name = 'timetz')) THEN (1266) WHEN ((type_name = 'time with time zone')) THEN (1266) WHEN ((type_name = 'bit')) THEN (1560) WHEN ((type_name = 'guid')) THEN (2950) ELSE NULL END		true		2147
system	main	map_values	scalar	V[]	map	MAP(K, V)			false	true	Returns the values of a map as a list	1054
system	main	max	aggregate	ANY	arg	ANY			false	true	Returns the maximum value present in arg.	486
system	main	max	aggregate	ANY[]	arg|col1	ANY|BIGINT			false	true	Returns the maximum value present in arg.	486
system	main	max_by	aggregate	INTEGER	arg|val	INTEGER|INTEGER			false	true	Finds the row with the maximum val. Calculates the non-NULL arg expression at that row.	1056
system	main	max_by	aggregate	INTEGER	arg|val	INTEGER|BIGINT			false	true	Finds the row with the maximum val. Calculates the non-NULL arg expression at that row.	1056
system	main	max_by	aggregate	INTEGER	arg|val	INTEGER|HUGEINT			false	true	Finds the row with the maximum val. Calculates the non-NULL arg expression at that row.	1056
system	main	max_by	aggregate	INTEGER	arg|val	INTEGER|DOUBLE			false	true	Finds the row with the maximum val. Calculates the non-NULL arg expression at that row.	1056
system	main	max_by	aggregate	INTEGER	arg|val	INTEGER|VARCHAR			false	true	Finds the row with the maximum val. Calculates the non-NULL arg expression at that row.	1056
system	main	max_by	aggregate	INTEGER	arg|val	INTEGER|DATE			false	true	Finds the row with the maximum val. Calculates the non-NULL arg expression at that row.	1056
system	main	max_by	aggregate	INTEGER	arg|val	INTEGER|TIMESTAMP			false	true	Finds the row with the maximum val. Calculates the non-NULL arg expression at that row.	1056
system	main	max_by	aggregate	INTEGER	arg|val	INTEGER|TIMESTAMP WITH TIME ZONE			false	true	Finds the row with the maximum val. Calculates the non-NULL arg expression at that row.	1056
system	main	max_by	aggregate	INTEGER	arg|val	INTEGER|BLOB			false	true	Finds the row with the maximum val. Calculates the non-NULL arg expression at that row.	1056
system	main	max_by	aggregate	BIGINT	arg|val	BIGINT|INTEGER			false	true	Finds the row with the maximum val. Calculates the non-NULL arg expression at that row.	1056
system	main	max_by	aggregate	BIGINT	arg|val	BIGINT|BIGINT			false	true	Finds the row with the maximum val. Calculates the non-NULL arg expression at that row.	1056
system	main	max_by	aggregate	BIGINT	arg|val	BIGINT|HUGEINT			false	true	Finds the row with the maximum val. Calculates the non-NULL arg expression at that row.	1056
system	main	max_by	aggregate	BIGINT	arg|val	BIGINT|DOUBLE			false	true	Finds the row with the maximum val. Calculates the non-NULL arg expression at that row.	1056
system	main	max_by	aggregate	BIGINT	arg|val	BIGINT|VARCHAR			false	true	Finds the row with the maximum val. Calculates the non-NULL arg expression at that row.	1056
system	main	max_by	aggregate	BIGINT	arg|val	BIGINT|DATE			false	true	Finds the row with the maximum val. Calculates the non-NULL arg expression at that row.	1056
system	main	max_by	aggregate	BIGINT	arg|val	BIGINT|TIMESTAMP			false	true	Finds the row with the maximum val. Calculates the non-NULL arg expression at that row.	1056
system	main	max_by	aggregate	BIGINT	arg|val	BIGINT|TIMESTAMP WITH TIME ZONE			false	true	Finds the row with the maximum val. Calculates the non-NULL arg expression at that row.	1056
system	main	max_by	aggregate	BIGINT	arg|val	BIGINT|BLOB			false	true	Finds the row with the maximum val. Calculates the non-NULL arg expression at that row.	1056
system	main	max_by	aggregate	DOUBLE	arg|val	DOUBLE|INTEGER			false	true	Finds the row with the maximum val. Calculates the non-NULL arg expression at that row.	1056
system	main	max_by	aggregate	DOUBLE	arg|val	DOUBLE|BIGINT			false	true	Finds the row with the maximum val. Calculates the non-NULL arg expression at that row.	1056
system	main	max_by	aggregate	DOUBLE	arg|val	DOUBLE|HUGEINT			false	true	Finds the row with the maximum val. Calculates the non-NULL arg expression at that row.	1056
system	main	max_by	aggregate	DOUBLE	arg|val	DOUBLE|DOUBLE			false	true	Finds the row with the maximum val. Calculates the non-NULL arg expression at that row.	1056
system	main	max_by	aggregate	DOUBLE	arg|val	DOUBLE|VARCHAR			false	true	Finds the row with the maximum val. Calculates the non-NULL arg expression at that row.	1056
system	main	max_by	aggregate	DOUBLE	arg|val	DOUBLE|DATE			false	true	Finds the row with the maximum val. Calculates the non-NULL arg expression at that row.	1056
system	main	max_by	aggregate	DOUBLE	arg|val	DOUBLE|TIMESTAMP			false	true	Finds the row with the maximum val. Calculates the non-NULL arg expression at that row.	1056
system	main	max_by	aggregate	DOUBLE	arg|val	DOUBLE|TIMESTAMP WITH TIME ZONE			false	true	Finds the row with the maximum val. Calculates the non-NULL arg expression at that row.	1056
system	main	max_by	aggregate	DOUBLE	arg|val	DOUBLE|BLOB			false	true	Finds the row with the maximum val. Calculates the non-NULL arg expression at that row.	1056
system	main	max_by	aggregate	VARCHAR	arg|val	VARCHAR|INTEGER			false	true	Finds the row with the maximum val. Calculates the non-NULL arg expression at that row.	1056
system	main	max_by	aggregate	VARCHAR	arg|val	VARCHAR|BIGINT			false	true	Finds the row with the maximum val. Calculates the non-NULL arg expression at that row.	1056
system	main	max_by	aggregate	VARCHAR	arg|val	VARCHAR|HUGEINT			false	true	Finds the row with the maximum val. Calculates the non-NULL arg expression at that row.	1056
system	main	max_by	aggregate	VARCHAR	arg|val	VARCHAR|DOUBLE			false	true	Finds the row with the maximum val. Calculates the non-NULL arg expression at that row.	1056
system	main	max_by	aggregate	VARCHAR	arg|val	VARCHAR|VARCHAR			false	true	Finds the row with the maximum val. Calculates the non-NULL arg expression at that row.	1056
system	main	max_by	aggregate	VARCHAR	arg|val	VARCHAR|DATE			false	true	Finds the row with the maximum val. Calculates the non-NULL arg expression at that row.	1056
system	main	max_by	aggregate	VARCHAR	arg|val	VARCHAR|TIMESTAMP			false	true	Finds the row with the maximum val. Calculates the non-NULL arg expression at that row.	1056
system	main	max_by	aggregate	VARCHAR	arg|val	VARCHAR|TIMESTAMP WITH TIME ZONE			false	true	Finds the row with the maximum val. Calculates the non-NULL arg expression at that row.	1056
system	main	max_by	aggregate	VARCHAR	arg|val	VARCHAR|BLOB			false	true	Finds the row with the maximum val. Calculates the non-NULL arg expression at that row.	1056
system	main	max_by	aggregate	DATE	arg|val	DATE|INTEGER			false	true	Finds the row with the maximum val. Calculates the non-NULL arg expression at that row.	1056
system	main	max_by	aggregate	DATE	arg|val	DATE|BIGINT			false	true	Finds the row with the maximum val. Calculates the non-NULL arg expression at that row.	1056
system	main	max_by	aggregate	DATE	arg|val	DATE|HUGEINT			false	true	Finds the row with the maximum val. Calculates the non-NULL arg expression at that row.	1056
system	main	max_by	aggregate	DATE	arg|val	DATE|DOUBLE			false	true	Finds the row with the maximum val. Calculates the non-NULL arg expression at that row.	1056
system	main	max_by	aggregate	DATE	arg|val	DATE|VARCHAR			false	true	Finds the row with the maximum val. Calculates the non-NULL arg expression at that row.	1056
system	main	max_by	aggregate	DATE	arg|val	DATE|DATE			false	true	Finds the row with the maximum val. Calculates the non-NULL arg expression at that row.	1056
system	main	max_by	aggregate	DATE	arg|val	DATE|TIMESTAMP			false	true	Finds the row with the maximum val. Calculates the non-NULL arg expression at that row.	1056
system	main	max_by	aggregate	DATE	arg|val	DATE|TIMESTAMP WITH TIME ZONE			false	true	Finds the row with the maximum val. Calculates the non-NULL arg expression at that row.	1056
system	main	max_by	aggregate	DATE	arg|val	DATE|BLOB			false	true	Finds the row with the maximum val. Calculates the non-NULL arg expression at that row.	1056
system	main	max_by	aggregate	TIMESTAMP	arg|val	TIMESTAMP|INTEGER			false	true	Finds the row with the maximum val. Calculates the non-NULL arg expression at that row.	1056
system	main	max_by	aggregate	TIMESTAMP	arg|val	TIMESTAMP|BIGINT			false	true	Finds the row with the maximum val. Calculates the non-NULL arg expression at that row.	1056
system	main	max_by	aggregate	TIMESTAMP	arg|val	TIMESTAMP|HUGEINT			false	true	Finds the row with the maximum val. Calculates the non-NULL arg expression at that row.	1056
system	main	max_by	aggregate	TIMESTAMP	arg|val	TIMESTAMP|DOUBLE			false	true	Finds the row with the maximum val. Calculates the non-NULL arg expression at that row.	1056
system	main	max_by	aggregate	TIMESTAMP	arg|val	TIMESTAMP|VARCHAR			false	true	Finds the row with the maximum val. Calculates the non-NULL arg expression at that row.	1056
system	main	max_by	aggregate	TIMESTAMP	arg|val	TIMESTAMP|DATE			false	true	Finds the row with the maximum val. Calculates the non-NULL arg expression at that row.	1056
system	main	max_by	aggregate	TIMESTAMP	arg|val	TIMESTAMP|TIMESTAMP			false	true	Finds the row with the maximum val. Calculates the non-NULL arg expression at that row.	1056
system	main	max_by	aggregate	TIMESTAMP	arg|val	TIMESTAMP|TIMESTAMP WITH TIME ZONE			false	true	Finds the row with the maximum val. Calculates the non-NULL arg expression at that row.	1056
system	main	max_by	aggregate	TIMESTAMP	arg|val	TIMESTAMP|BLOB			false	true	Finds the row with the maximum val. Calculates the non-NULL arg expression at that row.	1056
system	main	max_by	aggregate	TIMESTAMP WITH TIME ZONE	arg|val	TIMESTAMP WITH TIME ZONE|INTEGER			false	true	Finds the row with the maximum val. Calculates the non-NULL arg expression at that row.	1056
system	main	max_by	aggregate	TIMESTAMP WITH TIME ZONE	arg|val	TIMESTAMP WITH TIME ZONE|BIGINT			false	true	Finds the row with the maximum val. Calculates the non-NULL arg expression at that row.	1056
system	main	max_by	aggregate	TIMESTAMP WITH TIME ZONE	arg|val	TIMESTAMP WITH TIME ZONE|HUGEINT			false	true	Finds the row with the maximum val. Calculates the non-NULL arg expression at that row.	1056
system	main	max_by	aggregate	TIMESTAMP WITH TIME ZONE	arg|val	TIMESTAMP WITH TIME ZONE|DOUBLE			false	true	Finds the row with the maximum val. Calculates the non-NULL arg expression at that row.	1056
system	main	max_by	aggregate	TIMESTAMP WITH TIME ZONE	arg|val	TIMESTAMP WITH TIME ZONE|VARCHAR			false	true	Finds the row with the maximum val. Calculates the non-NULL arg expression at that row.	1056
system	main	max_by	aggregate	TIMESTAMP WITH TIME ZONE	arg|val	TIMESTAMP WITH TIME ZONE|DATE			false	true	Finds the row with the maximum val. Calculates the non-NULL arg expression at that row.	1056
system	main	max_by	aggregate	TIMESTAMP WITH TIME ZONE	arg|val	TIMESTAMP WITH TIME ZONE|TIMESTAMP			false	true	Finds the row with the maximum val. Calculates the non-NULL arg expression at that row.	1056
system	main	max_by	aggregate	TIMESTAMP WITH TIME ZONE	arg|val	TIMESTAMP WITH TIME ZONE|TIMESTAMP WITH TIME ZONE			false	true	Finds the row with the maximum val. Calculates the non-NULL arg expression at that row.	1056
system	main	max_by	aggregate	TIMESTAMP WITH TIME ZONE	arg|val	TIMESTAMP WITH TIME ZONE|BLOB			false	true	Finds the row with the maximum val. Calculates the non-NULL arg expression at that row.	1056
system	main	max_by	aggregate	BLOB	arg|val	BLOB|INTEGER			false	true	Finds the row with the maximum val. Calculates the non-NULL arg expression at that row.	1056
system	main	max_by	aggregate	BLOB	arg|val	BLOB|BIGINT			false	true	Finds the row with the maximum val. Calculates the non-NULL arg expression at that row.	1056
system	main	max_by	aggregate	BLOB	arg|val	BLOB|HUGEINT			false	true	Finds the row with the maximum val. Calculates the non-NULL arg expression at that row.	1056
system	main	max_by	aggregate	BLOB	arg|val	BLOB|DOUBLE			false	true	Finds the row with the maximum val. Calculates the non-NULL arg expression at that row.	1056
system	main	max_by	aggregate	BLOB	arg|val	BLOB|VARCHAR			false	true	Finds the row with the maximum val. Calculates the non-NULL arg expression at that row.	1056
system	main	max_by	aggregate	BLOB	arg|val	BLOB|DATE			false	true	Finds the row with the maximum val. Calculates the non-NULL arg expression at that row.	1056
system	main	max_by	aggregate	BLOB	arg|val	BLOB|TIMESTAMP			false	true	Finds the row with the maximum val. Calculates the non-NULL arg expression at that row.	1056
system	main	max_by	aggregate	BLOB	arg|val	BLOB|TIMESTAMP WITH TIME ZONE			false	true	Finds the row with the maximum val. Calculates the non-NULL arg expression at that row.	1056
system	main	max_by	aggregate	BLOB	arg|val	BLOB|BLOB			false	true	Finds the row with the maximum val. Calculates the non-NULL arg expression at that row.	1056
system	main	max_by	aggregate	DECIMAL	arg|val	DECIMAL|INTEGER			false	true	Finds the row with the maximum val. Calculates the non-NULL arg expression at that row.	1056
system	main	max_by	aggregate	DECIMAL	arg|val	DECIMAL|BIGINT			false	true	Finds the row with the maximum val. Calculates the non-NULL arg expression at that row.	1056
system	main	max_by	aggregate	DECIMAL	arg|val	DECIMAL|HUGEINT			false	true	Finds the row with the maximum val. Calculates the non-NULL arg expression at that row.	1056
system	main	max_by	aggregate	DECIMAL	arg|val	DECIMAL|DOUBLE			false	true	Finds the row with the maximum val. Calculates the non-NULL arg expression at that row.	1056
system	main	max_by	aggregate	DECIMAL	arg|val	DECIMAL|VARCHAR			false	true	Finds the row with the maximum val. Calculates the non-NULL arg expression at that row.	1056
system	main	max_by	aggregate	DECIMAL	arg|val	DECIMAL|DATE			false	true	Finds the row with the maximum val. Calculates the non-NULL arg expression at that row.	1056
system	main	max_by	aggregate	DECIMAL	arg|val	DECIMAL|TIMESTAMP			false	true	Finds the row with the maximum val. Calculates the non-NULL arg expression at that row.	1056
system	main	max_by	aggregate	DECIMAL	arg|val	DECIMAL|TIMESTAMP WITH TIME ZONE			false	true	Finds the row with the maximum val. Calculates the non-NULL arg expression at that row.	1056
system	main	max_by	aggregate	DECIMAL	arg|val	DECIMAL|BLOB			false	true	Finds the row with the maximum val. Calculates the non-NULL arg expression at that row.	1056
system	main	max_by	aggregate	ANY	arg|val	ANY|INTEGER			false	true	Finds the row with the maximum val. Calculates the non-NULL arg expression at that row.	1056
system	main	max_by	aggregate	ANY	arg|val	ANY|BIGINT			false	true	Finds the row with the maximum val. Calculates the non-NULL arg expression at that row.	1056
system	main	max_by	aggregate	ANY	arg|val	ANY|HUGEINT			false	true	Finds the row with the maximum val. Calculates the non-NULL arg expression at that row.	1056
system	main	max_by	aggregate	ANY	arg|val	ANY|DOUBLE			false	true	Finds the row with the maximum val. Calculates the non-NULL arg expression at that row.	1056
system	main	max_by	aggregate	ANY	arg|val	ANY|VARCHAR			false	true	Finds the row with the maximum val. Calculates the non-NULL arg expression at that row.	1056
system	main	max_by	aggregate	ANY	arg|val	ANY|DATE			false	true	Finds the row with the maximum val. Calculates the non-NULL arg expression at that row.	1056
system	main	max_by	aggregate	ANY	arg|val	ANY|TIMESTAMP			false	true	Finds the row with the maximum val. Calculates the non-NULL arg expression at that row.	1056
system	main	max_by	aggregate	ANY	arg|val	ANY|TIMESTAMP WITH TIME ZONE			false	true	Finds the row with the maximum val. Calculates the non-NULL arg expression at that row.	1056
system	main	max_by	aggregate	ANY	arg|val	ANY|BLOB			false	true	Finds the row with the maximum val. Calculates the non-NULL arg expression at that row.	1056
system	main	max_by	aggregate	ANY	arg|val	ANY|ANY			false	true	Finds the row with the maximum val. Calculates the non-NULL arg expression at that row.	1056
system	main	max_by	aggregate	ANY[]	arg|val|col2	ANY|ANY|BIGINT			false	true	Finds the row with the maximum val. Calculates the non-NULL arg expression at that row.	1056
system	main	md5	scalar	VARCHAR	blob	BLOB			false	true	Returns the MD5 hash of the `blob` as a `VARCHAR`.	488
system	main	md5	scalar	VARCHAR	string	VARCHAR			false	true	Returns the MD5 hash of the `string` as a `VARCHAR`.	488
system	main	md5_number	scalar	UHUGEINT	string	VARCHAR			false	true	Returns the MD5 hash of the `string` as a `HUGEINT`.	490
system	main	md5_number	scalar	UHUGEINT	blob	BLOB			false	true	Returns the MD5 hash of the `blob` as a `HUGEINT`.	490
system	main	md5_number_lower	macro		param			CAST(CAST(CAST(CAST(md5_number(param) AS BIT(1)) AS VARCHAR)[:64] AS BIT(1)) AS "UBIGINT")		true		2113
system	main	md5_number_upper	macro		param			CAST(CAST(CAST(CAST(md5_number(param) AS BIT(1)) AS VARCHAR)[65:] AS BIT(1)) AS "UBIGINT")		true		2112
system	main	mean	aggregate	DECIMAL	x	DECIMAL			false	true	Calculates the average value for all tuples in x.	1058
system	main	mean	aggregate	DOUBLE	x	SMALLINT			false	true	Calculates the average value for all tuples in x.	1058
system	main	mean	aggregate	DOUBLE	x	INTEGER			false	true	Calculates the average value for all tuples in x.	1058
system	main	mean	aggregate	DOUBLE	x	BIGINT			false	true	Calculates the average value for all tuples in x.	1058
system	main	mean	aggregate	DOUBLE	x	HUGEINT			false	true	Calculates the average value for all tuples in x.	1058
system	main	mean	aggregate	INTERVAL	x	INTERVAL			false	true	Calculates the average value for all tuples in x.	1058
system	main	mean	aggregate	DOUBLE	x	DOUBLE			false	true	Calculates the average value for all tuples in x.	1058
system	main	mean	aggregate	TIMESTAMP	x	TIMESTAMP			false	true	Calculates the average value for all tuples in x.	1058
system	main	mean	aggregate	TIMESTAMP WITH TIME ZONE	x	TIMESTAMP WITH TIME ZONE			false	true	Calculates the average value for all tuples in x.	1058
system	main	mean	aggregate	TIME	x	TIME			false	true	Calculates the average value for all tuples in x.	1058
system	main	mean	aggregate	TIME WITH TIME ZONE	x	TIME WITH TIME ZONE			false	true	Calculates the average value for all tuples in x.	1058
system	main	median	aggregate	ANY	x	ANY			false	true	Returns the middle value of the set. NULL values are ignored. For even value counts, interpolate-able types (numeric, date/time) return the average of the two middle values. Non-interpolate-able types (everything else) return the lower of the two middle values.	1060
system	main	metadata_info	pragma							true		138
system	main	microsecond	scalar	BIGINT	ts	TIMESTAMP WITH TIME ZONE			false	true	Extract the microsecond component from a date or timestamp	1900
system	main	microsecond	scalar	BIGINT	ts	TIME_NS			false	true	Extract the microsecond component from a date or timestamp	1900
system	main	microsecond	scalar	BIGINT	ts	TIME WITH TIME ZONE			false	true	Extract the microsecond component from a date or timestamp	1900
system	main	microsecond	scalar	BIGINT	ts	TIMESTAMP			false	true	Extract the microsecond component from a date or timestamp	1900
system	main	microsecond	scalar	BIGINT	ts	TIME			false	true	Extract the microsecond component from a date or timestamp	1900
system	main	microsecond	scalar	BIGINT	ts	INTERVAL			false	true	Extract the microsecond component from a date or timestamp	1900
system	main	microsecond	scalar	BIGINT	ts	DATE			false	true	Extract the microsecond component from a date or timestamp	1900
system	main	millennium	scalar	BIGINT	ts	TIMESTAMP WITH TIME ZONE			false	true	Extract the millennium component from a date or timestamp	1899
system	main	millennium	scalar	BIGINT	ts	TIMESTAMP			false	true	Extract the millennium component from a date or timestamp	1899
system	main	millennium	scalar	BIGINT	ts	INTERVAL			false	true	Extract the millennium component from a date or timestamp	1899
system	main	millennium	scalar	BIGINT	ts	DATE			false	true	Extract the millennium component from a date or timestamp	1899
system	main	millisecond	scalar	BIGINT	ts	TIMESTAMP WITH TIME ZONE			false	true	Extract the millisecond component from a date or timestamp	1901
system	main	millisecond	scalar	BIGINT	ts	TIME_NS			false	true	Extract the millisecond component from a date or timestamp	1901
system	main	millisecond	scalar	BIGINT	ts	TIME WITH TIME ZONE			false	true	Extract the millisecond component from a date or timestamp	1901
system	main	millisecond	scalar	BIGINT	ts	TIMESTAMP			false	true	Extract the millisecond component from a date or timestamp	1901
system	main	millisecond	scalar	BIGINT	ts	TIME			false	true	Extract the millisecond component from a date or timestamp	1901
system	main	millisecond	scalar	BIGINT	ts	INTERVAL			false	true	Extract the millisecond component from a date or timestamp	1901
system	main	millisecond	scalar	BIGINT	ts	DATE			false	true	Extract the millisecond component from a date or timestamp	1901
system	main	min	aggregate	ANY	arg	ANY			false	true	Returns the minimum value present in arg.	492
system	main	min	aggregate	ANY[]	arg|col1	ANY|BIGINT			false	true	Returns the minimum value present in arg.	492
system	main	min_by	aggregate	INTEGER	arg|val	INTEGER|INTEGER			false	true	Finds the row with the minimum val. Calculates the non-NULL arg expression at that row.	1065
system	main	min_by	aggregate	BIGINT	arg|val	BIGINT|HUGEINT			false	true	Finds the row with the minimum val. Calculates the non-NULL arg expression at that row.	1065
system	main	min_by	aggregate	BLOB	arg|val	BLOB|BIGINT			false	true	Finds the row with the minimum val. Calculates the non-NULL arg expression at that row.	1065
system	main	min_by	aggregate	BLOB	arg|val	BLOB|HUGEINT			false	true	Finds the row with the minimum val. Calculates the non-NULL arg expression at that row.	1065
system	main	min_by	aggregate	BLOB	arg|val	BLOB|DOUBLE			false	true	Finds the row with the minimum val. Calculates the non-NULL arg expression at that row.	1065
system	main	min_by	aggregate	BLOB	arg|val	BLOB|VARCHAR			false	true	Finds the row with the minimum val. Calculates the non-NULL arg expression at that row.	1065
system	main	min_by	aggregate	BLOB	arg|val	BLOB|DATE			false	true	Finds the row with the minimum val. Calculates the non-NULL arg expression at that row.	1065
system	main	min_by	aggregate	BLOB	arg|val	BLOB|TIMESTAMP			false	true	Finds the row with the minimum val. Calculates the non-NULL arg expression at that row.	1065
system	main	min_by	aggregate	BLOB	arg|val	BLOB|TIMESTAMP WITH TIME ZONE			false	true	Finds the row with the minimum val. Calculates the non-NULL arg expression at that row.	1065
system	main	min_by	aggregate	BLOB	arg|val	BLOB|BLOB			false	true	Finds the row with the minimum val. Calculates the non-NULL arg expression at that row.	1065
system	main	min_by	aggregate	DECIMAL	arg|val	DECIMAL|INTEGER			false	true	Finds the row with the minimum val. Calculates the non-NULL arg expression at that row.	1065
system	main	min_by	aggregate	DECIMAL	arg|val	DECIMAL|BIGINT			false	true	Finds the row with the minimum val. Calculates the non-NULL arg expression at that row.	1065
system	main	min_by	aggregate	DECIMAL	arg|val	DECIMAL|HUGEINT			false	true	Finds the row with the minimum val. Calculates the non-NULL arg expression at that row.	1065
system	main	min_by	aggregate	DECIMAL	arg|val	DECIMAL|DOUBLE			false	true	Finds the row with the minimum val. Calculates the non-NULL arg expression at that row.	1065
system	main	min_by	aggregate	DECIMAL	arg|val	DECIMAL|VARCHAR			false	true	Finds the row with the minimum val. Calculates the non-NULL arg expression at that row.	1065
system	main	min_by	aggregate	DECIMAL	arg|val	DECIMAL|DATE			false	true	Finds the row with the minimum val. Calculates the non-NULL arg expression at that row.	1065
system	main	min_by	aggregate	DECIMAL	arg|val	DECIMAL|TIMESTAMP			false	true	Finds the row with the minimum val. Calculates the non-NULL arg expression at that row.	1065
system	main	min_by	aggregate	DECIMAL	arg|val	DECIMAL|TIMESTAMP WITH TIME ZONE			false	true	Finds the row with the minimum val. Calculates the non-NULL arg expression at that row.	1065
system	main	min_by	aggregate	DECIMAL	arg|val	DECIMAL|BLOB			false	true	Finds the row with the minimum val. Calculates the non-NULL arg expression at that row.	1065
system	main	min_by	aggregate	ANY	arg|val	ANY|INTEGER			false	true	Finds the row with the minimum val. Calculates the non-NULL arg expression at that row.	1065
system	main	min_by	aggregate	ANY	arg|val	ANY|BIGINT			false	true	Finds the row with the minimum val. Calculates the non-NULL arg expression at that row.	1065
system	main	min_by	aggregate	ANY	arg|val	ANY|HUGEINT			false	true	Finds the row with the minimum val. Calculates the non-NULL arg expression at that row.	1065
system	main	min_by	aggregate	ANY	arg|val	ANY|DOUBLE			false	true	Finds the row with the minimum val. Calculates the non-NULL arg expression at that row.	1065
system	main	min_by	aggregate	ANY	arg|val	ANY|VARCHAR			false	true	Finds the row with the minimum val. Calculates the non-NULL arg expression at that row.	1065
system	main	min_by	aggregate	ANY	arg|val	ANY|DATE			false	true	Finds the row with the minimum val. Calculates the non-NULL arg expression at that row.	1065
system	main	min_by	aggregate	ANY	arg|val	ANY|TIMESTAMP			false	true	Finds the row with the minimum val. Calculates the non-NULL arg expression at that row.	1065
system	main	min_by	aggregate	ANY	arg|val	ANY|TIMESTAMP WITH TIME ZONE			false	true	Finds the row with the minimum val. Calculates the non-NULL arg expression at that row.	1065
system	main	min_by	aggregate	ANY	arg|val	ANY|BLOB			false	true	Finds the row with the minimum val. Calculates the non-NULL arg expression at that row.	1065
system	main	min_by	aggregate	ANY	arg|val	ANY|ANY			false	true	Finds the row with the minimum val. Calculates the non-NULL arg expression at that row.	1065
system	main	min_by	aggregate	ANY[]	arg|val|col2	ANY|ANY|BIGINT			false	true	Finds the row with the minimum val. Calculates the non-NULL arg expression at that row.	1065
system	main	min_by	aggregate	DATE	arg|val	DATE|TIMESTAMP WITH TIME ZONE			false	true	Finds the row with the minimum val. Calculates the non-NULL arg expression at that row.	1065
system	main	min_by	aggregate	TIMESTAMP WITH TIME ZONE	arg|val	TIMESTAMP WITH TIME ZONE|BLOB			false	true	Finds the row with the minimum val. Calculates the non-NULL arg expression at that row.	1065
system	main	min_by	aggregate	VARCHAR	arg|val	VARCHAR|INTEGER			false	true	Finds the row with the minimum val. Calculates the non-NULL arg expression at that row.	1065
system	main	min_by	aggregate	VARCHAR	arg|val	VARCHAR|BIGINT			false	true	Finds the row with the minimum val. Calculates the non-NULL arg expression at that row.	1065
system	main	min_by	aggregate	VARCHAR	arg|val	VARCHAR|HUGEINT			false	true	Finds the row with the minimum val. Calculates the non-NULL arg expression at that row.	1065
system	main	min_by	aggregate	VARCHAR	arg|val	VARCHAR|DOUBLE			false	true	Finds the row with the minimum val. Calculates the non-NULL arg expression at that row.	1065
system	main	min_by	aggregate	VARCHAR	arg|val	VARCHAR|VARCHAR			false	true	Finds the row with the minimum val. Calculates the non-NULL arg expression at that row.	1065
system	main	min_by	aggregate	VARCHAR	arg|val	VARCHAR|DATE			false	true	Finds the row with the minimum val. Calculates the non-NULL arg expression at that row.	1065
system	main	min_by	aggregate	VARCHAR	arg|val	VARCHAR|TIMESTAMP			false	true	Finds the row with the minimum val. Calculates the non-NULL arg expression at that row.	1065
system	main	min_by	aggregate	VARCHAR	arg|val	VARCHAR|TIMESTAMP WITH TIME ZONE			false	true	Finds the row with the minimum val. Calculates the non-NULL arg expression at that row.	1065
system	main	min_by	aggregate	VARCHAR	arg|val	VARCHAR|BLOB			false	true	Finds the row with the minimum val. Calculates the non-NULL arg expression at that row.	1065
system	main	min_by	aggregate	DATE	arg|val	DATE|INTEGER			false	true	Finds the row with the minimum val. Calculates the non-NULL arg expression at that row.	1065
system	main	min_by	aggregate	DATE	arg|val	DATE|VARCHAR			false	true	Finds the row with the minimum val. Calculates the non-NULL arg expression at that row.	1065
system	main	min_by	aggregate	DATE	arg|val	DATE|DATE			false	true	Finds the row with the minimum val. Calculates the non-NULL arg expression at that row.	1065
system	main	min_by	aggregate	DOUBLE	arg|val	DOUBLE|HUGEINT			false	true	Finds the row with the minimum val. Calculates the non-NULL arg expression at that row.	1065
system	main	min_by	aggregate	DOUBLE	arg|val	DOUBLE|BIGINT			false	true	Finds the row with the minimum val. Calculates the non-NULL arg expression at that row.	1065
system	main	min_by	aggregate	DOUBLE	arg|val	DOUBLE|INTEGER			false	true	Finds the row with the minimum val. Calculates the non-NULL arg expression at that row.	1065
system	main	min_by	aggregate	TIMESTAMP	arg|val	TIMESTAMP|HUGEINT			false	true	Finds the row with the minimum val. Calculates the non-NULL arg expression at that row.	1065
system	main	min_by	aggregate	DOUBLE	arg|val	DOUBLE|VARCHAR			false	true	Finds the row with the minimum val. Calculates the non-NULL arg expression at that row.	1065
system	main	min_by	aggregate	DOUBLE	arg|val	DOUBLE|DATE			false	true	Finds the row with the minimum val. Calculates the non-NULL arg expression at that row.	1065
system	main	min_by	aggregate	DOUBLE	arg|val	DOUBLE|TIMESTAMP			false	true	Finds the row with the minimum val. Calculates the non-NULL arg expression at that row.	1065
system	main	min_by	aggregate	DOUBLE	arg|val	DOUBLE|TIMESTAMP WITH TIME ZONE			false	true	Finds the row with the minimum val. Calculates the non-NULL arg expression at that row.	1065
system	main	min_by	aggregate	TIMESTAMP WITH TIME ZONE	arg|val	TIMESTAMP WITH TIME ZONE|TIMESTAMP WITH TIME ZONE			false	true	Finds the row with the minimum val. Calculates the non-NULL arg expression at that row.	1065
system	main	min_by	aggregate	TIMESTAMP WITH TIME ZONE	arg|val	TIMESTAMP WITH TIME ZONE|TIMESTAMP			false	true	Finds the row with the minimum val. Calculates the non-NULL arg expression at that row.	1065
system	main	min_by	aggregate	TIMESTAMP WITH TIME ZONE	arg|val	TIMESTAMP WITH TIME ZONE|DATE			false	true	Finds the row with the minimum val. Calculates the non-NULL arg expression at that row.	1065
system	main	min_by	aggregate	TIMESTAMP WITH TIME ZONE	arg|val	TIMESTAMP WITH TIME ZONE|VARCHAR			false	true	Finds the row with the minimum val. Calculates the non-NULL arg expression at that row.	1065
system	main	min_by	aggregate	TIMESTAMP WITH TIME ZONE	arg|val	TIMESTAMP WITH TIME ZONE|DOUBLE			false	true	Finds the row with the minimum val. Calculates the non-NULL arg expression at that row.	1065
system	main	min_by	aggregate	TIMESTAMP WITH TIME ZONE	arg|val	TIMESTAMP WITH TIME ZONE|HUGEINT			false	true	Finds the row with the minimum val. Calculates the non-NULL arg expression at that row.	1065
system	main	min_by	aggregate	TIMESTAMP WITH TIME ZONE	arg|val	TIMESTAMP WITH TIME ZONE|BIGINT			false	true	Finds the row with the minimum val. Calculates the non-NULL arg expression at that row.	1065
system	main	min_by	aggregate	TIMESTAMP WITH TIME ZONE	arg|val	TIMESTAMP WITH TIME ZONE|INTEGER			false	true	Finds the row with the minimum val. Calculates the non-NULL arg expression at that row.	1065
system	main	min_by	aggregate	TIMESTAMP	arg|val	TIMESTAMP|BLOB			false	true	Finds the row with the minimum val. Calculates the non-NULL arg expression at that row.	1065
system	main	min_by	aggregate	TIMESTAMP	arg|val	TIMESTAMP|TIMESTAMP WITH TIME ZONE			false	true	Finds the row with the minimum val. Calculates the non-NULL arg expression at that row.	1065
system	main	min_by	aggregate	TIMESTAMP	arg|val	TIMESTAMP|TIMESTAMP			false	true	Finds the row with the minimum val. Calculates the non-NULL arg expression at that row.	1065
system	main	min_by	aggregate	TIMESTAMP	arg|val	TIMESTAMP|DATE			false	true	Finds the row with the minimum val. Calculates the non-NULL arg expression at that row.	1065
system	main	min_by	aggregate	TIMESTAMP	arg|val	TIMESTAMP|VARCHAR			false	true	Finds the row with the minimum val. Calculates the non-NULL arg expression at that row.	1065
system	main	min_by	aggregate	TIMESTAMP	arg|val	TIMESTAMP|DOUBLE			false	true	Finds the row with the minimum val. Calculates the non-NULL arg expression at that row.	1065
system	main	min_by	aggregate	TIMESTAMP	arg|val	TIMESTAMP|BIGINT			false	true	Finds the row with the minimum val. Calculates the non-NULL arg expression at that row.	1065
system	main	min_by	aggregate	TIMESTAMP	arg|val	TIMESTAMP|INTEGER			false	true	Finds the row with the minimum val. Calculates the non-NULL arg expression at that row.	1065
system	main	min_by	aggregate	DATE	arg|val	DATE|BLOB			false	true	Finds the row with the minimum val. Calculates the non-NULL arg expression at that row.	1065
system	main	min_by	aggregate	DATE	arg|val	DATE|TIMESTAMP			false	true	Finds the row with the minimum val. Calculates the non-NULL arg expression at that row.	1065
system	main	min_by	aggregate	BIGINT	arg|val	BIGINT|BLOB			false	true	Finds the row with the minimum val. Calculates the non-NULL arg expression at that row.	1065
system	main	min_by	aggregate	BIGINT	arg|val	BIGINT|TIMESTAMP WITH TIME ZONE			false	true	Finds the row with the minimum val. Calculates the non-NULL arg expression at that row.	1065
system	main	min_by	aggregate	BIGINT	arg|val	BIGINT|TIMESTAMP			false	true	Finds the row with the minimum val. Calculates the non-NULL arg expression at that row.	1065
system	main	min_by	aggregate	BIGINT	arg|val	BIGINT|DATE			false	true	Finds the row with the minimum val. Calculates the non-NULL arg expression at that row.	1065
system	main	min_by	aggregate	BIGINT	arg|val	BIGINT|VARCHAR			false	true	Finds the row with the minimum val. Calculates the non-NULL arg expression at that row.	1065
system	main	min_by	aggregate	BIGINT	arg|val	BIGINT|DOUBLE			false	true	Finds the row with the minimum val. Calculates the non-NULL arg expression at that row.	1065
system	main	min_by	aggregate	INTEGER	arg|val	INTEGER|BIGINT			false	true	Finds the row with the minimum val. Calculates the non-NULL arg expression at that row.	1065
system	main	min_by	aggregate	DOUBLE	arg|val	DOUBLE|BLOB			false	true	Finds the row with the minimum val. Calculates the non-NULL arg expression at that row.	1065
system	main	min_by	aggregate	INTEGER	arg|val	INTEGER|HUGEINT			false	true	Finds the row with the minimum val. Calculates the non-NULL arg expression at that row.	1065
system	main	min_by	aggregate	INTEGER	arg|val	INTEGER|DOUBLE			false	true	Finds the row with the minimum val. Calculates the non-NULL arg expression at that row.	1065
system	main	min_by	aggregate	INTEGER	arg|val	INTEGER|VARCHAR			false	true	Finds the row with the minimum val. Calculates the non-NULL arg expression at that row.	1065
system	main	min_by	aggregate	INTEGER	arg|val	INTEGER|DATE			false	true	Finds the row with the minimum val. Calculates the non-NULL arg expression at that row.	1065
system	main	min_by	aggregate	INTEGER	arg|val	INTEGER|TIMESTAMP			false	true	Finds the row with the minimum val. Calculates the non-NULL arg expression at that row.	1065
system	main	min_by	aggregate	INTEGER	arg|val	INTEGER|TIMESTAMP WITH TIME ZONE			false	true	Finds the row with the minimum val. Calculates the non-NULL arg expression at that row.	1065
system	main	min_by	aggregate	INTEGER	arg|val	INTEGER|BLOB			false	true	Finds the row with the minimum val. Calculates the non-NULL arg expression at that row.	1065
system	main	min_by	aggregate	DATE	arg|val	DATE|HUGEINT			false	true	Finds the row with the minimum val. Calculates the non-NULL arg expression at that row.	1065
system	main	min_by	aggregate	DATE	arg|val	DATE|DOUBLE			false	true	Finds the row with the minimum val. Calculates the non-NULL arg expression at that row.	1065
system	main	min_by	aggregate	DOUBLE	arg|val	DOUBLE|DOUBLE			false	true	Finds the row with the minimum val. Calculates the non-NULL arg expression at that row.	1065
system	main	min_by	aggregate	DATE	arg|val	DATE|BIGINT			false	true	Finds the row with the minimum val. Calculates the non-NULL arg expression at that row.	1065
system	main	min_by	aggregate	BIGINT	arg|val	BIGINT|INTEGER			false	true	Finds the row with the minimum val. Calculates the non-NULL arg expression at that row.	1065
system	main	min_by	aggregate	BIGINT	arg|val	BIGINT|BIGINT			false	true	Finds the row with the minimum val. Calculates the non-NULL arg expression at that row.	1065
system	main	min_by	aggregate	BLOB	arg|val	BLOB|INTEGER			false	true	Finds the row with the minimum val. Calculates the non-NULL arg expression at that row.	1065
system	main	minute	scalar	BIGINT	ts	TIMESTAMP WITH TIME ZONE			false	true	Extract the minute component from a date or timestamp	1903
system	main	minute	scalar	BIGINT	ts	TIMESTAMP			false	true	Extract the minute component from a date or timestamp	1903
system	main	minute	scalar	BIGINT	ts	TIME			false	true	Extract the minute component from a date or timestamp	1903
system	main	minute	scalar	BIGINT	ts	INTERVAL			false	true	Extract the minute component from a date or timestamp	1903
system	main	minute	scalar	BIGINT	ts	DATE			false	true	Extract the minute component from a date or timestamp	1903
system	main	minute	scalar	BIGINT	ts	TIME_NS			false	true	Extract the minute component from a date or timestamp	1903
system	main	minute	scalar	BIGINT	ts	TIME WITH TIME ZONE			false	true	Extract the minute component from a date or timestamp	1903
system	main	mismatches	scalar	BIGINT	s1|s2	VARCHAR|VARCHAR			false	true	The Hamming distance between to strings, i.e., the number of positions with different characters for two strings of equal length. Strings must be of equal length. Characters of different cases (e.g., `a` and `A`) are considered different.	1068
system	main	mod	scalar	TINYINT	col0|col1	TINYINT|TINYINT			false	true		494
system	main	mod	scalar	SMALLINT	col0|col1	SMALLINT|SMALLINT			false	true		494
system	main	mod	scalar	INTEGER	col0|col1	INTEGER|INTEGER			false	true		494
system	main	mod	scalar	BIGINT	col0|col1	BIGINT|BIGINT			false	true		494
system	main	mod	scalar	HUGEINT	col0|col1	HUGEINT|HUGEINT			false	true		494
system	main	mod	scalar	FLOAT	col0|col1	FLOAT|FLOAT			false	true		494
system	main	mod	scalar	DOUBLE	col0|col1	DOUBLE|DOUBLE			false	true		494
system	main	mod	scalar	DECIMAL	col0|col1	DECIMAL|DECIMAL			false	true		494
system	main	mod	scalar	UTINYINT	col0|col1	UTINYINT|UTINYINT			false	true		494
system	main	mod	scalar	USMALLINT	col0|col1	USMALLINT|USMALLINT			false	true		494
system	main	mod	scalar	UINTEGER	col0|col1	UINTEGER|UINTEGER			false	true		494
system	main	mod	scalar	UBIGINT	col0|col1	UBIGINT|UBIGINT			false	true		494
system	main	mod	scalar	UHUGEINT	col0|col1	UHUGEINT|UHUGEINT			false	true		494
system	main	mode	aggregate	ANY	x	ANY			false	true	Returns the most frequent value for the values within x. NULL values are ignored.	1070
system	main	month	scalar	BIGINT	ts	DATE			false	true	Extract the month component from a date or timestamp	1895
system	main	month	scalar	BIGINT	ts	INTERVAL			false	true	Extract the month component from a date or timestamp	1895
system	main	month	scalar	BIGINT	ts	TIMESTAMP			false	true	Extract the month component from a date or timestamp	1895
system	main	month	scalar	BIGINT	ts	TIMESTAMP WITH TIME ZONE			false	true	Extract the month component from a date or timestamp	1895
system	main	monthname	scalar	VARCHAR	ts	DATE			false	true	The (English) name of the month	1921
system	main	monthname	scalar	VARCHAR	ts	TIMESTAMP			false	true	The (English) name of the month	1921
system	main	monthname	scalar	VARCHAR	ts	TIMESTAMP WITH TIME ZONE			false	true	The (English) name of the month	1921
system	main	multiply	scalar	FLOAT	col0|col1	FLOAT|FLOAT			false	true		496
system	main	multiply	scalar	UTINYINT	col0|col1	UTINYINT|UTINYINT			false	true		496
system	main	multiply	scalar	USMALLINT	col0|col1	USMALLINT|USMALLINT			false	true		496
system	main	multiply	scalar	DOUBLE	col0|col1	DOUBLE|DOUBLE			false	true		496
system	main	multiply	scalar	UINTEGER	col0|col1	UINTEGER|UINTEGER			false	true		496
system	main	multiply	scalar	UBIGINT	col0|col1	UBIGINT|UBIGINT			false	true		496
system	main	multiply	scalar	DECIMAL	col0|col1	DECIMAL|DECIMAL			false	true		496
system	main	multiply	scalar	UHUGEINT	col0|col1	UHUGEINT|UHUGEINT			false	true		496
system	main	multiply	scalar	INTERVAL	col0|col1	INTERVAL|DOUBLE			false	true		496
system	main	multiply	scalar	INTERVAL	col0|col1	DOUBLE|INTERVAL			false	true		496
system	main	multiply	scalar	INTERVAL	col0|col1	BIGINT|INTERVAL			false	true		496
system	main	multiply	scalar	INTERVAL	col0|col1	INTERVAL|BIGINT			false	true		496
system	main	multiply	scalar	TINYINT	col0|col1	TINYINT|TINYINT			false	true		496
system	main	multiply	scalar	SMALLINT	col0|col1	SMALLINT|SMALLINT			false	true		496
system	main	multiply	scalar	INTEGER	col0|col1	INTEGER|INTEGER			false	true		496
system	main	multiply	scalar	BIGINT	col0|col1	BIGINT|BIGINT			false	true		496
system	main	multiply	scalar	HUGEINT	col0|col1	HUGEINT|HUGEINT			false	true		496
system	main	nanosecond	scalar	BIGINT	tsns	TIME WITH TIME ZONE			false	true	Extract the nanosecond component from a date or timestamp	1074
system	main	nanosecond	scalar	BIGINT	tsns	TIMESTAMP_NS			false	true	Extract the nanosecond component from a date or timestamp	1074
system	main	nanosecond	scalar	BIGINT	tsns	DATE			false	true	Extract the nanosecond component from a date or timestamp	1074
system	main	nanosecond	scalar	BIGINT	tsns	TIMESTAMP			false	true	Extract the nanosecond component from a date or timestamp	1074
system	main	nanosecond	scalar	BIGINT	tsns	INTERVAL			false	true	Extract the nanosecond component from a date or timestamp	1074
system	main	nanosecond	scalar	BIGINT	tsns	TIME			false	true	Extract the nanosecond component from a date or timestamp	1074
system	main	nanosecond	scalar	BIGINT	tsns	TIME_NS			false	true	Extract the nanosecond component from a date or timestamp	1074
system	main	nanosecond	scalar	BIGINT	tsns	TIMESTAMP WITH TIME ZONE			false	true	Extract the nanosecond component from a date or timestamp	1074
system	main	nextafter	scalar	DOUBLE	x|y	DOUBLE|DOUBLE			false	true	Returns the next floating point value after x in the direction of y	1076
system	main	nextafter	scalar	FLOAT	x|y	FLOAT|FLOAT			false	true	Returns the next floating point value after x in the direction of y	1076
system	main	nextval	scalar	BIGINT	'sequence_name'	VARCHAR			true	true	Return the following value of the sequence.	498
system	main	nfc_normalize	scalar	VARCHAR	string	VARCHAR			false	true	Converts `string` to Unicode NFC normalized string. Useful for comparisons and ordering if text data is mixed between NFC normalized and not.	500
system	main	normalized_interval	scalar	INTERVAL	interval	INTERVAL			false	true	Normalizes an INTERVAL to an equivalent interval	1078
system	main	not_ilike_escape	scalar	BOOLEAN	string|like_specifier|escape_character	VARCHAR|VARCHAR|VARCHAR			false	true	Returns `false` if the `string` matches the `like_specifier` (see Pattern Matching) using case-insensitive matching. `escape_character` is used to search for wildcard characters in the `string`.	502
system	main	not_like_escape	scalar	BOOLEAN	string|like_specifier|escape_character	VARCHAR|VARCHAR|VARCHAR			false	true	Returns `false` if the `string` matches the `like_specifier` (see Pattern Matching) using case-sensitive matching. `escape_character` is used to search for wildcard characters in the `string`.	504
system	main	now	scalar	TIMESTAMP WITH TIME ZONE					false	true	Returns the current timestamp	1080
system	main	nth_value	aggregate	T	col0|col1	T|BIGINT			false	true		0
system	main	ntile	aggregate	BIGINT	col0	BIGINT			false	true		0
system	main	nullif	macro		a|b			CASE  WHEN ((a = b)) THEN (NULL) ELSE a END		true		2055
system	pg_catalog	obj_description	macro		object_oid|catalog_name			NULL		true		2150
system	main	octet_length	scalar	BIGINT	blob	BLOB			false	true	Number of bytes in `blob`.	506
system	main	octet_length	scalar	BIGINT	bitstring	BIT			false	true	Returns the number of bytes in the `bitstring`.	506
system	main	ord	scalar	INTEGER	string	VARCHAR			false	true	Returns an `INTEGER` representing the `unicode` codepoint of the first character in the `string`.	1082
system	main	parquet_bloom_probe	table		col0|col1|col2	VARCHAR[]|VARCHAR|ANY				true		1328
system	main	parquet_bloom_probe	table		col0|col1|col2	VARCHAR|VARCHAR|ANY				true		1328
system	main	parquet_file_metadata	table		col0	VARCHAR[]				true		1326
system	main	parquet_file_metadata	table		col0	VARCHAR				true		1326
system	main	parquet_full_metadata	table		col0	VARCHAR				true		1330
system	main	parquet_full_metadata	table		col0	VARCHAR[]				true		1330
system	main	parquet_kv_metadata	table		col0	VARCHAR				true		1324
system	main	parquet_kv_metadata	table		col0	VARCHAR[]				true		1324
system	main	parquet_metadata	table		col0	VARCHAR				true		1320
system	main	parquet_metadata	table		col0	VARCHAR[]				true		1320
system	main	parquet_scan	table		col0|can_have_nan|encryption_config|file_row_number|schema|parquet_version|filename|binary_as_string|debug_use_openssl|union_by_name|explicit_cardinality|compression|hive_types|hive_partitioning|hive_types_autocast	VARCHAR|BOOLEAN|ANY|BOOLEAN|ANY|VARCHAR|ANY|BOOLEAN|BOOLEAN|BOOLEAN|UBIGINT|VARCHAR|ANY|BOOLEAN|BOOLEAN				true		1318
system	main	parquet_scan	table		col0|hive_types_autocast|hive_partitioning|hive_types|compression|explicit_cardinality|union_by_name|debug_use_openssl|binary_as_string|filename|parquet_version|schema|file_row_number|encryption_config|can_have_nan	VARCHAR[]|BOOLEAN|BOOLEAN|ANY|VARCHAR|UBIGINT|BOOLEAN|BOOLEAN|BOOLEAN|ANY|VARCHAR|ANY|BOOLEAN|ANY|BOOLEAN				true		1318
system	main	parquet_schema	table		col0	VARCHAR				true		1322
system	main	parquet_schema	table		col0	VARCHAR[]				true		1322
system	main	parse_dirname	scalar	VARCHAR	path|separator	VARCHAR|VARCHAR			false	true	Returns the top-level directory name from the given `path`. `separator` options: `system`, `both_slash` (default), `forward_slash`, `backslash`.	1084
system	main	parse_dirname	scalar	VARCHAR	path	VARCHAR			false	true	Returns the top-level directory name from the given `path`. `separator` options: `system`, `both_slash` (default), `forward_slash`, `backslash`.	1084
system	main	parse_dirpath	scalar	VARCHAR	path|separator	VARCHAR|VARCHAR			false	true	Returns the head of the `path` (the pathname until the last slash) similarly to Python's `os.path.dirname`. `separator` options: `system`, `both_slash` (default), `forward_slash`, `backslash`.	1086
system	main	parse_dirpath	scalar	VARCHAR	path	VARCHAR			false	true	Returns the head of the `path` (the pathname until the last slash) similarly to Python's `os.path.dirname`. `separator` options: `system`, `both_slash` (default), `forward_slash`, `backslash`.	1086
system	main	parse_duckdb_log_message	scalar	ANY	type|message	VARCHAR|VARCHAR			false	true	Parse the message into the expected logical type	508
system	main	parse_filename	scalar	VARCHAR	string	VARCHAR			false	true	Returns the last component of the `path` similarly to Python's `os.path.basename` function. If `trim_extension` is `true`, the file extension will be removed (defaults to `false`). `separator` options: `system`, `both_slash` (default), `forward_slash`, `backslash`.	1088
system	main	parse_filename	scalar	VARCHAR	string|trim_extension	VARCHAR|VARCHAR			false	true	Returns the last component of the `path` similarly to Python's `os.path.basename` function. If `trim_extension` is `true`, the file extension will be removed (defaults to `false`). `separator` options: `system`, `both_slash` (default), `forward_slash`, `backslash`.	1088
system	main	parse_filename	scalar	VARCHAR	string|trim_extension	VARCHAR|BOOLEAN			false	true	Returns the last component of the `path` similarly to Python's `os.path.basename` function. If `trim_extension` is `true`, the file extension will be removed (defaults to `false`). `separator` options: `system`, `both_slash` (default), `forward_slash`, `backslash`.	1088
system	main	parse_filename	scalar	VARCHAR	string|trim_extension|separator	VARCHAR|BOOLEAN|VARCHAR			false	true	Returns the last component of the `path` similarly to Python's `os.path.basename` function. If `trim_extension` is `true`, the file extension will be removed (defaults to `false`). `separator` options: `system`, `both_slash` (default), `forward_slash`, `backslash`.	1088
system	main	parse_formatted_bytes	scalar	UBIGINT	string	VARCHAR			false	true	Parses a human-readable representation of a size in bytes into an integer.	1090
system	main	parse_path	scalar	VARCHAR[]	path	VARCHAR			false	true	Returns a list of the components (directories and filename) in the `path` similarly to Python's `pathlib.parts` function. `separator` options: `system`, `both_slash` (default), `forward_slash`, `backslash`.	1092
system	main	parse_path	scalar	VARCHAR[]	path|separator	VARCHAR|VARCHAR			false	true	Returns a list of the components (directories and filename) in the `path` similarly to Python's `pathlib.parts` function. `separator` options: `system`, `both_slash` (default), `forward_slash`, `backslash`.	1092
system	main	percent_rank	aggregate	DOUBLE					false	true		0
system	pg_catalog	pg_collation_is_visible	macro		collation_oid			CAST('t' AS BOOLEAN)		true		2152
system	pg_catalog	pg_conf_load_time	macro					current_timestamp		true		2124
system	pg_catalog	pg_conversion_is_visible	macro		conversion_oid			CAST('t' AS BOOLEAN)		true		2153
system	pg_catalog	pg_function_is_visible	macro		function_oid			CAST('t' AS BOOLEAN)		true		2154
system	pg_catalog	pg_get_constraintdef	macro		constraint_oid|pretty_bool			pg_get_constraintdef(constraint_oid)		true		2143
system	pg_catalog	pg_get_constraintdef	macro		constraint_oid			(SELECT constraint_text FROM duckdb_constraints() AS d_constraint WHERE ((d_constraint.table_oid = (constraint_oid // 1000000)) AND (d_constraint.constraint_index = (constraint_oid % 1000000))))		true		2143
system	pg_catalog	pg_get_expr	macro		pg_node_tree|relation_oid			pg_node_tree		true		2144
system	pg_catalog	pg_get_viewdef	macro		oid			(SELECT "sql" FROM duckdb_views() AS v WHERE (v.view_oid = oid))		true		2142
system	pg_catalog	pg_has_role	macro		role|privilege			CAST('t' AS BOOLEAN)		true		2148
system	pg_catalog	pg_has_role	macro		user|role|privilege			CAST('t' AS BOOLEAN)		true		2148
system	pg_catalog	pg_is_other_temp_schema	macro		schema_id			CAST('f' AS BOOLEAN)		true		2123
system	pg_catalog	pg_my_temp_schema	macro					0		true		2122
system	pg_catalog	pg_opclass_is_visible	macro		opclass_oid			CAST('t' AS BOOLEAN)		true		2155
system	pg_catalog	pg_operator_is_visible	macro		operator_oid			CAST('t' AS BOOLEAN)		true		2156
system	pg_catalog	pg_opfamily_is_visible	macro		opclass_oid			CAST('t' AS BOOLEAN)		true		2157
system	pg_catalog	pg_postmaster_start_time	macro					current_timestamp		true		2125
system	pg_catalog	pg_size_pretty	macro		bytes			format_bytes(bytes)		true		2164
system	pg_catalog	pg_sleep	macro		seconds			sleep_ms(CAST(("seconds" * 1000) AS BIGINT))		true		2165
system	pg_catalog	pg_table_is_visible	macro		table_oid			CAST('t' AS BOOLEAN)		true		2158
system	main	pg_timezone_names	table							true		1939
system	pg_catalog	pg_ts_config_is_visible	macro		config_oid			CAST('t' AS BOOLEAN)		true		2159
system	pg_catalog	pg_ts_dict_is_visible	macro		dict_oid			CAST('t' AS BOOLEAN)		true		2160
system	pg_catalog	pg_ts_parser_is_visible	macro		parser_oid			CAST('t' AS BOOLEAN)		true		2161
system	pg_catalog	pg_ts_template_is_visible	macro		template_oid			CAST('t' AS BOOLEAN)		true		2162
system	pg_catalog	pg_type_is_visible	macro		type_oid			CAST('t' AS BOOLEAN)		true		2163
system	pg_catalog	pg_typeof	macro		expression			lower(typeof(expression))		true		2126
system	main	pi	scalar	DOUBLE					false	true	Returns the value of pi	1094
system	main	platform	pragma							true		156
system	main	position	scalar	BIGINT	string|search_string	VARCHAR|VARCHAR			false	true	Returns location of first occurrence of `search_string` in `string`, counting from 1. Returns 0 if no match found.	1096
system	main	pow	scalar	DOUBLE	x|y	DOUBLE|DOUBLE			false	true	Computes x to the power of y	1098
system	main	power	scalar	DOUBLE	x|y	DOUBLE|DOUBLE			false	true	Computes x to the power of y	1100
system	main	pragma_collations	table							true		8
system	main	pragma_database_size	table							true		18
system	main	pragma_metadata_info	table		col0	VARCHAR				true		16
system	main	pragma_metadata_info	table							true		16
system	main	pragma_platform	table							true		6
system	main	pragma_show	table		col0	VARCHAR				true		12
system	main	pragma_storage_info	table		col0	VARCHAR				true		14
system	main	pragma_table_info	table		col0	VARCHAR				true		10
system	main	pragma_user_agent	table							true		20
system	main	pragma_version	table							true		4
system	main	prefix	scalar	BOOLEAN	string|search_string	VARCHAR|VARCHAR			false	true	Returns `true` if `string` starts with `search_string`.	510
system	main	printf	scalar	VARCHAR	format	VARCHAR	ANY		false	true	Formats a `string` using printf syntax.	1102
system	main	product	aggregate	DOUBLE	arg	DOUBLE			false	true	Calculates the product of all tuples in arg.	1104
system	main	quantile	aggregate	ANY	x|pos	ANY|DOUBLE			false	true	Returns the exact quantile number between 0 and 1 . If pos is a LIST of FLOATs, then the result is a LIST of the corresponding exact quantiles.	1106
system	main	quantile	aggregate	ANY	x	ANY			false	true	Returns the exact quantile number between 0 and 1 . If pos is a LIST of FLOATs, then the result is a LIST of the corresponding exact quantiles.	1106
system	main	quantile	aggregate	ANY	x|pos	ANY|DOUBLE[]			false	true	Returns the exact quantile number between 0 and 1 . If pos is a LIST of FLOATs, then the result is a LIST of the corresponding exact quantiles.	1106
system	main	quantile_cont	aggregate	TIME WITH TIME ZONE	x|pos	TIME WITH TIME ZONE|DOUBLE[]			false	true	Returns the interpolated quantile number between 0 and 1 . If pos is a LIST of FLOATs, then the result is a LIST of the corresponding interpolated quantiles. 	1108
system	main	quantile_cont	aggregate	TIME	x|pos	TIME|DOUBLE[]			false	true	Returns the interpolated quantile number between 0 and 1 . If pos is a LIST of FLOATs, then the result is a LIST of the corresponding interpolated quantiles. 	1108
system	main	quantile_cont	aggregate	TIMESTAMP	x|pos	TIMESTAMP|DOUBLE			false	true	Returns the interpolated quantile number between 0 and 1 . If pos is a LIST of FLOATs, then the result is a LIST of the corresponding interpolated quantiles. 	1108
system	main	quantile_cont	aggregate	TIMESTAMP WITH TIME ZONE	x|pos	TIMESTAMP WITH TIME ZONE|DOUBLE[]			false	true	Returns the interpolated quantile number between 0 and 1 . If pos is a LIST of FLOATs, then the result is a LIST of the corresponding interpolated quantiles. 	1108
system	main	quantile_cont	aggregate	DECIMAL	x|pos	DECIMAL|DOUBLE			false	true	Returns the interpolated quantile number between 0 and 1 . If pos is a LIST of FLOATs, then the result is a LIST of the corresponding interpolated quantiles. 	1108
system	main	quantile_cont	aggregate	DECIMAL	x|pos	DECIMAL|DOUBLE[]			false	true	Returns the interpolated quantile number between 0 and 1 . If pos is a LIST of FLOATs, then the result is a LIST of the corresponding interpolated quantiles. 	1108
system	main	quantile_cont	aggregate	TINYINT	x|pos	TINYINT|DOUBLE			false	true	Returns the interpolated quantile number between 0 and 1 . If pos is a LIST of FLOATs, then the result is a LIST of the corresponding interpolated quantiles. 	1108
system	main	quantile_cont	aggregate	TINYINT	x|pos	TINYINT|DOUBLE[]			false	true	Returns the interpolated quantile number between 0 and 1 . If pos is a LIST of FLOATs, then the result is a LIST of the corresponding interpolated quantiles. 	1108
system	main	quantile_cont	aggregate	TIMESTAMP WITH TIME ZONE	x|pos	TIMESTAMP WITH TIME ZONE|DOUBLE			false	true	Returns the interpolated quantile number between 0 and 1 . If pos is a LIST of FLOATs, then the result is a LIST of the corresponding interpolated quantiles. 	1108
system	main	quantile_cont	aggregate	SMALLINT	x|pos	SMALLINT|DOUBLE[]			false	true	Returns the interpolated quantile number between 0 and 1 . If pos is a LIST of FLOATs, then the result is a LIST of the corresponding interpolated quantiles. 	1108
system	main	quantile_cont	aggregate	INTEGER	x|pos	INTEGER|DOUBLE			false	true	Returns the interpolated quantile number between 0 and 1 . If pos is a LIST of FLOATs, then the result is a LIST of the corresponding interpolated quantiles. 	1108
system	main	quantile_cont	aggregate	INTEGER	x|pos	INTEGER|DOUBLE[]			false	true	Returns the interpolated quantile number between 0 and 1 . If pos is a LIST of FLOATs, then the result is a LIST of the corresponding interpolated quantiles. 	1108
system	main	quantile_cont	aggregate	BIGINT	x|pos	BIGINT|DOUBLE			false	true	Returns the interpolated quantile number between 0 and 1 . If pos is a LIST of FLOATs, then the result is a LIST of the corresponding interpolated quantiles. 	1108
system	main	quantile_cont	aggregate	BIGINT	x|pos	BIGINT|DOUBLE[]			false	true	Returns the interpolated quantile number between 0 and 1 . If pos is a LIST of FLOATs, then the result is a LIST of the corresponding interpolated quantiles. 	1108
system	main	quantile_cont	aggregate	HUGEINT	x|pos	HUGEINT|DOUBLE			false	true	Returns the interpolated quantile number between 0 and 1 . If pos is a LIST of FLOATs, then the result is a LIST of the corresponding interpolated quantiles. 	1108
system	main	quantile_cont	aggregate	HUGEINT	x|pos	HUGEINT|DOUBLE[]			false	true	Returns the interpolated quantile number between 0 and 1 . If pos is a LIST of FLOATs, then the result is a LIST of the corresponding interpolated quantiles. 	1108
system	main	quantile_cont	aggregate	FLOAT	x|pos	FLOAT|DOUBLE			false	true	Returns the interpolated quantile number between 0 and 1 . If pos is a LIST of FLOATs, then the result is a LIST of the corresponding interpolated quantiles. 	1108
system	main	quantile_cont	aggregate	FLOAT	x|pos	FLOAT|DOUBLE[]			false	true	Returns the interpolated quantile number between 0 and 1 . If pos is a LIST of FLOATs, then the result is a LIST of the corresponding interpolated quantiles. 	1108
system	main	quantile_cont	aggregate	DOUBLE	x|pos	DOUBLE|DOUBLE			false	true	Returns the interpolated quantile number between 0 and 1 . If pos is a LIST of FLOATs, then the result is a LIST of the corresponding interpolated quantiles. 	1108
system	main	quantile_cont	aggregate	DOUBLE	x|pos	DOUBLE|DOUBLE[]			false	true	Returns the interpolated quantile number between 0 and 1 . If pos is a LIST of FLOATs, then the result is a LIST of the corresponding interpolated quantiles. 	1108
system	main	quantile_cont	aggregate	DATE	x|pos	DATE|DOUBLE			false	true	Returns the interpolated quantile number between 0 and 1 . If pos is a LIST of FLOATs, then the result is a LIST of the corresponding interpolated quantiles. 	1108
system	main	quantile_cont	aggregate	DATE	x|pos	DATE|DOUBLE[]			false	true	Returns the interpolated quantile number between 0 and 1 . If pos is a LIST of FLOATs, then the result is a LIST of the corresponding interpolated quantiles. 	1108
system	main	quantile_cont	aggregate	TIME WITH TIME ZONE	x|pos	TIME WITH TIME ZONE|DOUBLE			false	true	Returns the interpolated quantile number between 0 and 1 . If pos is a LIST of FLOATs, then the result is a LIST of the corresponding interpolated quantiles. 	1108
system	main	quantile_cont	aggregate	TIMESTAMP	x|pos	TIMESTAMP|DOUBLE[]			false	true	Returns the interpolated quantile number between 0 and 1 . If pos is a LIST of FLOATs, then the result is a LIST of the corresponding interpolated quantiles. 	1108
system	main	quantile_cont	aggregate	TIME	x|pos	TIME|DOUBLE			false	true	Returns the interpolated quantile number between 0 and 1 . If pos is a LIST of FLOATs, then the result is a LIST of the corresponding interpolated quantiles. 	1108
system	main	quantile_cont	aggregate	SMALLINT	x|pos	SMALLINT|DOUBLE			false	true	Returns the interpolated quantile number between 0 and 1 . If pos is a LIST of FLOATs, then the result is a LIST of the corresponding interpolated quantiles. 	1108
system	main	quantile_disc	aggregate	ANY	x|pos	ANY|DOUBLE			false	true	Returns the exact quantile number between 0 and 1 . If pos is a LIST of FLOATs, then the result is a LIST of the corresponding exact quantiles.	1110
system	main	quantile_disc	aggregate	ANY	x	ANY			false	true	Returns the exact quantile number between 0 and 1 . If pos is a LIST of FLOATs, then the result is a LIST of the corresponding exact quantiles.	1110
system	main	quantile_disc	aggregate	ANY	x|pos	ANY|DOUBLE[]			false	true	Returns the exact quantile number between 0 and 1 . If pos is a LIST of FLOATs, then the result is a LIST of the corresponding exact quantiles.	1110
system	main	quarter	scalar	BIGINT	ts	TIMESTAMP WITH TIME ZONE			false	true	Extract the quarter component from a date or timestamp	1909
system	main	quarter	scalar	BIGINT	ts	DATE			false	true	Extract the quarter component from a date or timestamp	1909
system	main	quarter	scalar	BIGINT	ts	INTERVAL			false	true	Extract the quarter component from a date or timestamp	1909
system	main	quarter	scalar	BIGINT	ts	TIMESTAMP			false	true	Extract the quarter component from a date or timestamp	1909
system	main	query	table		col0	VARCHAR				true		126
system	main	query_table	table		col0|col1	VARCHAR[]|BOOLEAN				true		128
system	main	query_table	table		col0	VARCHAR[]				true		128
system	main	query_table	table		col0	VARCHAR				true		128
system	main	radians	scalar	DOUBLE	x	DOUBLE			false	true	Converts degrees to radians	1113
system	main	random	scalar	DOUBLE					true	true	Returns a random number between 0 and 1	1115
system	main	range	table		col0	BIGINT				true		1933
system	main	range	table		col0|col1	BIGINT|BIGINT				true		1933
system	main	range	table		col0|col1|col2	BIGINT|BIGINT|BIGINT				true		1933
system	main	range	table		col0|col1|col2	TIMESTAMP|TIMESTAMP|INTERVAL				true		1933
system	main	range	table		col0|col1|col2	TIMESTAMP WITH TIME ZONE|TIMESTAMP WITH TIME ZONE|INTERVAL				true		1933
system	main	range	scalar	BIGINT[]	start	BIGINT			false	true	Creates a list of values between `start` and `stop` - the stop parameter is exclusive.	1935
system	main	range	scalar	BIGINT[]	start|stop	BIGINT|BIGINT			false	true	Creates a list of values between `start` and `stop` - the stop parameter is exclusive.	1935
system	main	range	scalar	BIGINT[]	start|stop|step	BIGINT|BIGINT|BIGINT			false	true	Creates a list of values between `start` and `stop` - the stop parameter is exclusive.	1935
system	main	range	scalar	TIMESTAMP[]	start|stop|step	TIMESTAMP|TIMESTAMP|INTERVAL			false	true	Creates a list of values between `start` and `stop` - the stop parameter is exclusive.	1935
system	main	range	scalar	TIMESTAMP WITH TIME ZONE[]	start|stop|step	TIMESTAMP WITH TIME ZONE|TIMESTAMP WITH TIME ZONE|INTERVAL			false	true	Creates a list of values between `start` and `stop` - the stop parameter is exclusive.	1935
system	main	rank	aggregate	BIGINT					false	true		0
system	main	rank_dense	aggregate	BIGINT					false	true		0
system	main	read_blob	table		col0	VARCHAR				true		122
system	main	read_blob	table		col0	VARCHAR[]				true		122
system	main	read_csv	table		col0|hive_types_autocast|skip|types|nullstr|encoding|hive_types|filename|header|delim|dateformat|column_names|union_by_name|new_line|escape|allow_quoted_nulls|comment|hive_partitioning|sep|columns|rejects_limit|force_not_null|auto_type_candidates|sample_size|timestampformat|auto_detect|all_varchar|store_rejects|normalize_names|rejects_table|column_types|compression|ignore_errors|names|max_line_size|quote|maximum_line_size|rejects_scan|buffer_size|decimal_separator|parallel|null_padding|dtypes|strict_mode|thousands|files_to_sniff	VARCHAR|BOOLEAN|BIGINT|ANY|ANY|VARCHAR|ANY|ANY|BOOLEAN|VARCHAR|VARCHAR|VARCHAR[]|BOOLEAN|VARCHAR|VARCHAR|BOOLEAN|VARCHAR|BOOLEAN|VARCHAR|ANY|BIGINT|VARCHAR[]|ANY|BIGINT|VARCHAR|BOOLEAN|BOOLEAN|BOOLEAN|BOOLEAN|VARCHAR|ANY|VARCHAR|BOOLEAN|VARCHAR[]|VARCHAR|VARCHAR|VARCHAR|VARCHAR|UBIGINT|VARCHAR|BOOLEAN|BOOLEAN|ANY|BOOLEAN|VARCHAR|BIGINT				true		96
system	main	read_csv	table		col0|files_to_sniff|thousands|strict_mode|dtypes|null_padding|parallel|decimal_separator|buffer_size|rejects_scan|maximum_line_size|quote|max_line_size|names|ignore_errors|compression|column_types|rejects_table|normalize_names|store_rejects|all_varchar|auto_detect|timestampformat|sample_size|auto_type_candidates|force_not_null|rejects_limit|columns|sep|hive_partitioning|comment|allow_quoted_nulls|escape|new_line|union_by_name|column_names|dateformat|delim|header|filename|hive_types|encoding|nullstr|types|skip|hive_types_autocast	VARCHAR[]|BIGINT|VARCHAR|BOOLEAN|ANY|BOOLEAN|BOOLEAN|VARCHAR|UBIGINT|VARCHAR|VARCHAR|VARCHAR|VARCHAR|VARCHAR[]|BOOLEAN|VARCHAR|ANY|VARCHAR|BOOLEAN|BOOLEAN|BOOLEAN|BOOLEAN|VARCHAR|BIGINT|ANY|VARCHAR[]|BIGINT|ANY|VARCHAR|BOOLEAN|VARCHAR|BOOLEAN|VARCHAR|VARCHAR|BOOLEAN|VARCHAR[]|VARCHAR|VARCHAR|BOOLEAN|ANY|ANY|VARCHAR|ANY|ANY|BIGINT|BOOLEAN				true		96
system	main	read_csv_auto	table		col0|hive_types_autocast|skip|types|nullstr|encoding|hive_types|filename|header|delim|dateformat|column_names|union_by_name|new_line|escape|allow_quoted_nulls|comment|hive_partitioning|sep|columns|rejects_limit|force_not_null|auto_type_candidates|sample_size|timestampformat|auto_detect|all_varchar|store_rejects|normalize_names|rejects_table|column_types|compression|ignore_errors|names|max_line_size|quote|maximum_line_size|rejects_scan|buffer_size|decimal_separator|parallel|null_padding|dtypes|strict_mode|thousands|files_to_sniff	VARCHAR|BOOLEAN|BIGINT|ANY|ANY|VARCHAR|ANY|ANY|BOOLEAN|VARCHAR|VARCHAR|VARCHAR[]|BOOLEAN|VARCHAR|VARCHAR|BOOLEAN|VARCHAR|BOOLEAN|VARCHAR|ANY|BIGINT|VARCHAR[]|ANY|BIGINT|VARCHAR|BOOLEAN|BOOLEAN|BOOLEAN|BOOLEAN|VARCHAR|ANY|VARCHAR|BOOLEAN|VARCHAR[]|VARCHAR|VARCHAR|VARCHAR|VARCHAR|UBIGINT|VARCHAR|BOOLEAN|BOOLEAN|ANY|BOOLEAN|VARCHAR|BIGINT				true		98
system	main	read_csv_auto	table		col0|files_to_sniff|thousands|strict_mode|dtypes|null_padding|parallel|decimal_separator|buffer_size|rejects_scan|maximum_line_size|quote|max_line_size|names|ignore_errors|compression|column_types|rejects_table|normalize_names|store_rejects|all_varchar|auto_detect|timestampformat|sample_size|auto_type_candidates|force_not_null|rejects_limit|columns|sep|hive_partitioning|comment|allow_quoted_nulls|escape|new_line|union_by_name|column_names|dateformat|delim|header|filename|hive_types|encoding|nullstr|types|skip|hive_types_autocast	VARCHAR[]|BIGINT|VARCHAR|BOOLEAN|ANY|BOOLEAN|BOOLEAN|VARCHAR|UBIGINT|VARCHAR|VARCHAR|VARCHAR|VARCHAR|VARCHAR[]|BOOLEAN|VARCHAR|ANY|VARCHAR|BOOLEAN|BOOLEAN|BOOLEAN|BOOLEAN|VARCHAR|BIGINT|ANY|VARCHAR[]|BIGINT|ANY|VARCHAR|BOOLEAN|VARCHAR|BOOLEAN|VARCHAR|VARCHAR|BOOLEAN|VARCHAR[]|VARCHAR|VARCHAR|BOOLEAN|ANY|ANY|VARCHAR|ANY|ANY|BIGINT|BOOLEAN				true		98
system	main	read_duckdb	table		col0|filename|hive_types_autocast|hive_partitioning|hive_types|union_by_name|schema_name|table_name	VARCHAR|ANY|BOOLEAN|BOOLEAN|ANY|BOOLEAN|VARCHAR|VARCHAR				true		100
system	main	read_duckdb	table		col0|table_name|schema_name|union_by_name|hive_types|hive_partitioning|hive_types_autocast|filename	VARCHAR[]|VARCHAR|VARCHAR|BOOLEAN|ANY|BOOLEAN|BOOLEAN|ANY				true		100
system	main	read_json	table		col0|filename|hive_types_autocast|hive_partitioning|hive_types|timestamp_format|compression|maximum_sample_files|union_by_name|maximum_depth|auto_detect|maximum_object_size|ignore_errors|convert_strings_to_integers|format|columns|sample_size|dateformat|field_appearance_threshold|date_format|timestampformat|map_inference_threshold|records	VARCHAR|ANY|BOOLEAN|BOOLEAN|ANY|VARCHAR|VARCHAR|BIGINT|BOOLEAN|BIGINT|BOOLEAN|UINTEGER|BOOLEAN|BOOLEAN|VARCHAR|ANY|BIGINT|VARCHAR|DOUBLE|VARCHAR|VARCHAR|BIGINT|VARCHAR				true		2012
system	main	read_json	table		col0|records|map_inference_threshold|timestampformat|date_format|field_appearance_threshold|dateformat|sample_size|columns|format|convert_strings_to_integers|ignore_errors|maximum_object_size|auto_detect|maximum_depth|union_by_name|maximum_sample_files|compression|timestamp_format|hive_types|hive_partitioning|hive_types_autocast|filename	VARCHAR[]|VARCHAR|BIGINT|VARCHAR|VARCHAR|DOUBLE|VARCHAR|BIGINT|ANY|VARCHAR|BOOLEAN|BOOLEAN|UINTEGER|BOOLEAN|BIGINT|BOOLEAN|BIGINT|VARCHAR|VARCHAR|ANY|BOOLEAN|BOOLEAN|ANY				true		2012
system	main	read_json_auto	table		col0|filename|hive_types_autocast|hive_partitioning|hive_types|timestamp_format|compression|maximum_sample_files|union_by_name|maximum_depth|auto_detect|maximum_object_size|ignore_errors|convert_strings_to_integers|format|columns|sample_size|dateformat|field_appearance_threshold|date_format|timestampformat|map_inference_threshold|records	VARCHAR|ANY|BOOLEAN|BOOLEAN|ANY|VARCHAR|VARCHAR|BIGINT|BOOLEAN|BIGINT|BOOLEAN|UINTEGER|BOOLEAN|BOOLEAN|VARCHAR|ANY|BIGINT|VARCHAR|DOUBLE|VARCHAR|VARCHAR|BIGINT|VARCHAR				true		2016
system	main	read_json_auto	table		col0|records|map_inference_threshold|timestampformat|date_format|field_appearance_threshold|dateformat|sample_size|columns|format|convert_strings_to_integers|ignore_errors|maximum_object_size|auto_detect|maximum_depth|union_by_name|maximum_sample_files|compression|timestamp_format|hive_types|hive_partitioning|hive_types_autocast|filename	VARCHAR[]|VARCHAR|BIGINT|VARCHAR|VARCHAR|DOUBLE|VARCHAR|BIGINT|ANY|VARCHAR|BOOLEAN|BOOLEAN|UINTEGER|BOOLEAN|BIGINT|BOOLEAN|BIGINT|VARCHAR|VARCHAR|ANY|BOOLEAN|BOOLEAN|ANY				true		2016
system	main	read_json_objects	table		col0|filename|hive_types_autocast|hive_partitioning|hive_types|compression|union_by_name|maximum_object_size|ignore_errors|format	VARCHAR|ANY|BOOLEAN|BOOLEAN|ANY|VARCHAR|BOOLEAN|UINTEGER|BOOLEAN|VARCHAR				true		2006
system	main	read_json_objects	table		col0|format|ignore_errors|maximum_object_size|union_by_name|compression|hive_types|hive_partitioning|hive_types_autocast|filename	VARCHAR[]|VARCHAR|BOOLEAN|UINTEGER|BOOLEAN|VARCHAR|ANY|BOOLEAN|BOOLEAN|ANY				true		2006
system	main	read_json_objects_auto	table		col0|filename|hive_types_autocast|hive_partitioning|hive_types|compression|union_by_name|maximum_object_size|ignore_errors|format	VARCHAR|ANY|BOOLEAN|BOOLEAN|ANY|VARCHAR|BOOLEAN|UINTEGER|BOOLEAN|VARCHAR				true		2010
system	main	read_json_objects_auto	table		col0|format|ignore_errors|maximum_object_size|union_by_name|compression|hive_types|hive_partitioning|hive_types_autocast|filename	VARCHAR[]|VARCHAR|BOOLEAN|UINTEGER|BOOLEAN|VARCHAR|ANY|BOOLEAN|BOOLEAN|ANY				true		2010
system	main	read_ndjson	table		col0|records|map_inference_threshold|timestampformat|date_format|field_appearance_threshold|dateformat|sample_size|columns|format|convert_strings_to_integers|ignore_errors|maximum_object_size|auto_detect|maximum_depth|union_by_name|maximum_sample_files|compression|timestamp_format|hive_types|hive_partitioning|hive_types_autocast|filename	VARCHAR[]|VARCHAR|BIGINT|VARCHAR|VARCHAR|DOUBLE|VARCHAR|BIGINT|ANY|VARCHAR|BOOLEAN|BOOLEAN|UINTEGER|BOOLEAN|BIGINT|BOOLEAN|BIGINT|VARCHAR|VARCHAR|ANY|BOOLEAN|BOOLEAN|ANY				true		2014
system	main	read_ndjson	table		col0|filename|hive_types_autocast|hive_partitioning|hive_types|timestamp_format|compression|maximum_sample_files|union_by_name|maximum_depth|auto_detect|maximum_object_size|ignore_errors|convert_strings_to_integers|format|columns|sample_size|dateformat|field_appearance_threshold|date_format|timestampformat|map_inference_threshold|records	VARCHAR|ANY|BOOLEAN|BOOLEAN|ANY|VARCHAR|VARCHAR|BIGINT|BOOLEAN|BIGINT|BOOLEAN|UINTEGER|BOOLEAN|BOOLEAN|VARCHAR|ANY|BIGINT|VARCHAR|DOUBLE|VARCHAR|VARCHAR|BIGINT|VARCHAR				true		2014
system	main	read_ndjson_auto	table		col0|filename|hive_types_autocast|hive_partitioning|hive_types|timestamp_format|compression|maximum_sample_files|union_by_name|maximum_depth|auto_detect|maximum_object_size|ignore_errors|convert_strings_to_integers|format|columns|sample_size|dateformat|field_appearance_threshold|date_format|timestampformat|map_inference_threshold|records	VARCHAR|ANY|BOOLEAN|BOOLEAN|ANY|VARCHAR|VARCHAR|BIGINT|BOOLEAN|BIGINT|BOOLEAN|UINTEGER|BOOLEAN|BOOLEAN|VARCHAR|ANY|BIGINT|VARCHAR|DOUBLE|VARCHAR|VARCHAR|BIGINT|VARCHAR				true		2018
system	main	read_ndjson_auto	table		col0|records|map_inference_threshold|timestampformat|date_format|field_appearance_threshold|dateformat|sample_size|columns|format|convert_strings_to_integers|ignore_errors|maximum_object_size|auto_detect|maximum_depth|union_by_name|maximum_sample_files|compression|timestamp_format|hive_types|hive_partitioning|hive_types_autocast|filename	VARCHAR[]|VARCHAR|BIGINT|VARCHAR|VARCHAR|DOUBLE|VARCHAR|BIGINT|ANY|VARCHAR|BOOLEAN|BOOLEAN|UINTEGER|BOOLEAN|BIGINT|BOOLEAN|BIGINT|VARCHAR|VARCHAR|ANY|BOOLEAN|BOOLEAN|ANY				true		2018
system	main	read_ndjson_objects	table		col0|filename|hive_types_autocast|hive_partitioning|hive_types|compression|union_by_name|maximum_object_size|ignore_errors|format	VARCHAR|ANY|BOOLEAN|BOOLEAN|ANY|VARCHAR|BOOLEAN|UINTEGER|BOOLEAN|VARCHAR				true		2008
system	main	read_ndjson_objects	table		col0|format|ignore_errors|maximum_object_size|union_by_name|compression|hive_types|hive_partitioning|hive_types_autocast|filename	VARCHAR[]|VARCHAR|BOOLEAN|UINTEGER|BOOLEAN|VARCHAR|ANY|BOOLEAN|BOOLEAN|ANY				true		2008
system	main	read_parquet	table		col0|can_have_nan|encryption_config|file_row_number|schema|parquet_version|filename|binary_as_string|debug_use_openssl|union_by_name|explicit_cardinality|compression|hive_types|hive_partitioning|hive_types_autocast	VARCHAR|BOOLEAN|ANY|BOOLEAN|ANY|VARCHAR|ANY|BOOLEAN|BOOLEAN|BOOLEAN|UBIGINT|VARCHAR|ANY|BOOLEAN|BOOLEAN				true		1316
system	main	read_parquet	table		col0|hive_types_autocast|hive_partitioning|hive_types|compression|explicit_cardinality|union_by_name|debug_use_openssl|binary_as_string|filename|parquet_version|schema|file_row_number|encryption_config|can_have_nan	VARCHAR[]|BOOLEAN|BOOLEAN|ANY|VARCHAR|UBIGINT|BOOLEAN|BOOLEAN|BOOLEAN|ANY|VARCHAR|ANY|BOOLEAN|ANY|BOOLEAN				true		1316
system	main	read_text	table		col0	VARCHAR				true		124
system	main	read_text	table		col0	VARCHAR[]				true		124
system	main	reduce	scalar	ANY	list|lambda(x,y)	ANY[]|LAMBDA			false	true	Reduces all elements of the input `list` into a single scalar value by executing the `lambda` function on a running result and the next list element. The `lambda` function has an optional `initial_value` argument.	1118
system	main	reduce	scalar	ANY	list|lambda(x,y)|initial_value	ANY[]|LAMBDA|ANY			false	true	Reduces all elements of the input `list` into a single scalar value by executing the `lambda` function on a running result and the next list element. The `lambda` function has an optional `initial_value` argument.	1118
system	main	regexp_escape	scalar	VARCHAR	string	VARCHAR			false	true	Escapes special patterns to turn `string` into a regular expression similarly to Python's `re.escape` function.	512
system	main	regexp_extract	scalar	VARCHAR	string|regex|group|options	VARCHAR|VARCHAR|INTEGER|VARCHAR			false	true	If `string` contains the `regex` pattern, returns the capturing group specified by optional parameter `group`; otherwise, returns the empty string. The `group` must be a constant value. If no `group` is given, it defaults to 0. A set of optional regex `options` can be set.	514
system	main	regexp_extract	scalar	VARCHAR	string|regex	VARCHAR|VARCHAR			false	true	If `string` contains the `regex` pattern, returns the capturing group specified by optional parameter `group`; otherwise, returns the empty string. The `group` must be a constant value. If no `group` is given, it defaults to 0. A set of optional regex `options` can be set.	514
system	main	regexp_extract	scalar	VARCHAR	string|regex|group	VARCHAR|VARCHAR|INTEGER			false	true	If `string` contains the `regex` pattern, returns the capturing group specified by optional parameter `group`; otherwise, returns the empty string. The `group` must be a constant value. If no `group` is given, it defaults to 0. A set of optional regex `options` can be set.	514
system	main	regexp_extract	scalar	VARCHAR	string|regex|name_list	VARCHAR|VARCHAR|VARCHAR[]			false	true	If `string` contains the `regex` pattern, returns the capturing groups as a struct with corresponding names from `name_list`; otherwise, returns a struct with the same keys and empty strings as values. A set of optional regex `options` can be set.	514
system	main	regexp_extract	scalar	VARCHAR	string|regex|name_list|options	VARCHAR|VARCHAR|VARCHAR[]|VARCHAR			false	true	If `string` contains the `regex` pattern, returns the capturing groups as a struct with corresponding names from `name_list`; otherwise, returns a struct with the same keys and empty strings as values. A set of optional regex `options` can be set.	514
system	main	regexp_extract_all	scalar	VARCHAR[]	string|regex|group	VARCHAR|VARCHAR|INTEGER			false	true	Finds non-overlapping occurrences of the `regex` in the `string` and returns the corresponding values of the capturing `group`. A set of optional regex `options` can be set.	516
system	main	regexp_extract_all	scalar	VARCHAR[]	string|regex|group|options	VARCHAR|VARCHAR|INTEGER|VARCHAR			false	true	Finds non-overlapping occurrences of the `regex` in the `string` and returns the corresponding values of the capturing `group`. A set of optional regex `options` can be set.	516
system	main	regexp_extract_all	scalar	VARCHAR[]	string|regex	VARCHAR|VARCHAR			false	true	Finds non-overlapping occurrences of the `regex` in the `string` and returns the corresponding values of the capturing `group`. A set of optional regex `options` can be set.	516
system	main	regexp_extract_all	scalar	VARCHAR[]	string|regex|group	VARCHAR|VARCHAR|VARCHAR[]			false	true	Finds non-overlapping occurrences of the `regex` in the `string` and returns the corresponding values of the capturing `group`. A set of optional regex `options` can be set.	516
system	main	regexp_extract_all	scalar	VARCHAR[]	string|regex|group|options	VARCHAR|VARCHAR|VARCHAR[]|VARCHAR			false	true	Finds non-overlapping occurrences of the `regex` in the `string` and returns the corresponding values of the capturing `group`. A set of optional regex `options` can be set.	516
system	main	regexp_full_match	scalar	BOOLEAN	string|regex	VARCHAR|VARCHAR			false	true	Returns `true` if the entire `string` matches the `regex`. A set of optional regex `options` can be set.	518
system	main	regexp_full_match	scalar	BOOLEAN	string|regex|col2	VARCHAR|VARCHAR|VARCHAR			false	true	Returns `true` if the entire `string` matches the `regex`. A set of optional regex `options` can be set.	518
system	main	regexp_matches	scalar	BOOLEAN	string|regex	VARCHAR|VARCHAR			false	true	Returns `true` if `string` contains the `regex`, `false` otherwise. A set of optional regex `options` can be set.	520
system	main	regexp_matches	scalar	BOOLEAN	string|regex|options	VARCHAR|VARCHAR|VARCHAR			false	true	Returns `true` if `string` contains the `regex`, `false` otherwise. A set of optional regex `options` can be set.	520
system	main	regexp_replace	scalar	VARCHAR	string|regex|replacement	VARCHAR|VARCHAR|VARCHAR			false	true	If `string` contains the `regex`, replaces the matching part with `replacement`. A set of optional regex `options` can be set.	522
system	main	regexp_replace	scalar	VARCHAR	string|regex|replacement|options	VARCHAR|VARCHAR|VARCHAR|VARCHAR			false	true	If `string` contains the `regex`, replaces the matching part with `replacement`. A set of optional regex `options` can be set.	522
system	main	regexp_split_to_array	scalar	VARCHAR[]	string|regex	VARCHAR|VARCHAR			false	true	Splits the `string` along the `regex`. A set of optional regex `options` can be set.	524
system	main	regexp_split_to_array	scalar	VARCHAR[]	string|regex|options	VARCHAR|VARCHAR|VARCHAR			false	true	Splits the `string` along the `regex`. A set of optional regex `options` can be set.	524
system	main	regexp_split_to_table	macro		text|pattern			unnest(string_split_regex("text", pattern))		true		2110
system	main	regr_avgx	aggregate	DOUBLE	y|x	DOUBLE|DOUBLE			false	true	Returns the average of the independent variable for non-NULL pairs in a group, where x is the independent variable and y is the dependent variable.	1120
system	main	regr_avgy	aggregate	DOUBLE	y|x	DOUBLE|DOUBLE			false	true	Returns the average of the dependent variable for non-NULL pairs in a group, where x is the independent variable and y is the dependent variable.	1122
system	main	regr_count	aggregate	UINTEGER	y|x	DOUBLE|DOUBLE			false	true	Returns the number of non-NULL number pairs in a group.	1124
system	main	regr_intercept	aggregate	DOUBLE	y|x	DOUBLE|DOUBLE			false	true	Returns the intercept of the univariate linear regression line for non-NULL pairs in a group.	1126
system	main	regr_r2	aggregate	DOUBLE	y|x	DOUBLE|DOUBLE			false	true	Returns the coefficient of determination for non-NULL pairs in a group.	1128
system	main	regr_slope	aggregate	DOUBLE	y|x	DOUBLE|DOUBLE			false	true	Returns the slope of the linear regression line for non-NULL pairs in a group.	1130
system	main	regr_sxx	aggregate	DOUBLE	y|x	DOUBLE|DOUBLE			false	true		1132
system	main	regr_sxy	aggregate	DOUBLE	y|x	DOUBLE|DOUBLE			false	true	Returns the population covariance of input values	1134
system	main	regr_syy	aggregate	DOUBLE	y|x	DOUBLE|DOUBLE			false	true		1136
system	main	remap_struct	scalar	ANY	input|target_type|mapping|defaults	ANY|ANY|ANY|ANY			false	true	Map a struct to another struct type, potentially re-ordering, renaming and casting members and filling in defaults for missing values	526
system	main	repeat	table		col0|col1	ANY|BIGINT				true		112
system	main	repeat	scalar	VARCHAR	string|count	VARCHAR|BIGINT			false	true	Repeats the `string` `count` number of times.	1138
system	main	repeat	scalar	BLOB	blob|count	BLOB|BIGINT			false	true	Repeats the `blob` `count` number of times.	1138
system	main	repeat	scalar	T[]	col0|col1	T[]|BIGINT			false	true		1138
system	main	repeat_row	table		num_rows	BIGINT	ANY			true		118
system	main	replace	scalar	VARCHAR	string|source|target	VARCHAR|VARCHAR|VARCHAR			false	true	Replaces any occurrences of the `source` with `target` in `string`.	1140
system	main	replace_type	scalar	ANY	param|type1|type2	ANY|ANY|ANY			false	true	Casts all fields of type1 to type2	1142
system	main	reservoir_quantile	aggregate	DECIMAL	x|quantile|sample_size	DECIMAL|DOUBLE|INTEGER			false	true	Gives the approximate quantile using reservoir sampling, the sample size is optional and uses 8192 as a default size.	1144
system	main	reservoir_quantile	aggregate	DECIMAL	x|quantile	DECIMAL|DOUBLE			false	true	Gives the approximate quantile using reservoir sampling, the sample size is optional and uses 8192 as a default size.	1144
system	main	reservoir_quantile	aggregate	DOUBLE	x|quantile	DOUBLE|DOUBLE			false	true	Gives the approximate quantile using reservoir sampling, the sample size is optional and uses 8192 as a default size.	1144
system	main	reservoir_quantile	aggregate	FLOAT[]	x|quantile|sample_size	FLOAT|DOUBLE[]|INTEGER			false	true	Gives the approximate quantile using reservoir sampling, the sample size is optional and uses 8192 as a default size.	1144
system	main	reservoir_quantile	aggregate	FLOAT	x|quantile|sample_size	FLOAT|DOUBLE|INTEGER			false	true	Gives the approximate quantile using reservoir sampling, the sample size is optional and uses 8192 as a default size.	1144
system	main	reservoir_quantile	aggregate	FLOAT	x|quantile	FLOAT|DOUBLE			false	true	Gives the approximate quantile using reservoir sampling, the sample size is optional and uses 8192 as a default size.	1144
system	main	reservoir_quantile	aggregate	HUGEINT[]	x|quantile|sample_size	HUGEINT|DOUBLE[]|INTEGER			false	true	Gives the approximate quantile using reservoir sampling, the sample size is optional and uses 8192 as a default size.	1144
system	main	reservoir_quantile	aggregate	HUGEINT[]	x|quantile	HUGEINT|DOUBLE[]			false	true	Gives the approximate quantile using reservoir sampling, the sample size is optional and uses 8192 as a default size.	1144
system	main	reservoir_quantile	aggregate	HUGEINT	x|quantile|sample_size	HUGEINT|DOUBLE|INTEGER			false	true	Gives the approximate quantile using reservoir sampling, the sample size is optional and uses 8192 as a default size.	1144
system	main	reservoir_quantile	aggregate	DOUBLE	x|quantile|sample_size	DOUBLE|DOUBLE|INTEGER			false	true	Gives the approximate quantile using reservoir sampling, the sample size is optional and uses 8192 as a default size.	1144
system	main	reservoir_quantile	aggregate	DOUBLE[]	x|quantile	DOUBLE|DOUBLE[]			false	true	Gives the approximate quantile using reservoir sampling, the sample size is optional and uses 8192 as a default size.	1144
system	main	reservoir_quantile	aggregate	DOUBLE[]	x|quantile|sample_size	DOUBLE|DOUBLE[]|INTEGER			false	true	Gives the approximate quantile using reservoir sampling, the sample size is optional and uses 8192 as a default size.	1144
system	main	reservoir_quantile	aggregate	TINYINT[]	x|quantile|sample_size	TINYINT|DOUBLE[]|INTEGER			false	true	Gives the approximate quantile using reservoir sampling, the sample size is optional and uses 8192 as a default size.	1144
system	main	reservoir_quantile	aggregate	BIGINT[]	x|quantile|sample_size	BIGINT|DOUBLE[]|INTEGER			false	true	Gives the approximate quantile using reservoir sampling, the sample size is optional and uses 8192 as a default size.	1144
system	main	reservoir_quantile	aggregate	BIGINT[]	x|quantile	BIGINT|DOUBLE[]			false	true	Gives the approximate quantile using reservoir sampling, the sample size is optional and uses 8192 as a default size.	1144
system	main	reservoir_quantile	aggregate	BIGINT	x|quantile|sample_size	BIGINT|DOUBLE|INTEGER			false	true	Gives the approximate quantile using reservoir sampling, the sample size is optional and uses 8192 as a default size.	1144
system	main	reservoir_quantile	aggregate	BIGINT	x|quantile	BIGINT|DOUBLE			false	true	Gives the approximate quantile using reservoir sampling, the sample size is optional and uses 8192 as a default size.	1144
system	main	reservoir_quantile	aggregate	INTEGER[]	x|quantile|sample_size	INTEGER|DOUBLE[]|INTEGER			false	true	Gives the approximate quantile using reservoir sampling, the sample size is optional and uses 8192 as a default size.	1144
system	main	reservoir_quantile	aggregate	INTEGER[]	x|quantile	INTEGER|DOUBLE[]			false	true	Gives the approximate quantile using reservoir sampling, the sample size is optional and uses 8192 as a default size.	1144
system	main	reservoir_quantile	aggregate	INTEGER	x|quantile|sample_size	INTEGER|DOUBLE|INTEGER			false	true	Gives the approximate quantile using reservoir sampling, the sample size is optional and uses 8192 as a default size.	1144
system	main	reservoir_quantile	aggregate	INTEGER	x|quantile	INTEGER|DOUBLE			false	true	Gives the approximate quantile using reservoir sampling, the sample size is optional and uses 8192 as a default size.	1144
system	main	reservoir_quantile	aggregate	SMALLINT[]	x|quantile|sample_size	SMALLINT|DOUBLE[]|INTEGER			false	true	Gives the approximate quantile using reservoir sampling, the sample size is optional and uses 8192 as a default size.	1144
system	main	reservoir_quantile	aggregate	SMALLINT[]	x|quantile	SMALLINT|DOUBLE[]			false	true	Gives the approximate quantile using reservoir sampling, the sample size is optional and uses 8192 as a default size.	1144
system	main	reservoir_quantile	aggregate	SMALLINT	x|quantile|sample_size	SMALLINT|DOUBLE|INTEGER			false	true	Gives the approximate quantile using reservoir sampling, the sample size is optional and uses 8192 as a default size.	1144
system	main	reservoir_quantile	aggregate	SMALLINT	x|quantile	SMALLINT|DOUBLE			false	true	Gives the approximate quantile using reservoir sampling, the sample size is optional and uses 8192 as a default size.	1144
system	main	reservoir_quantile	aggregate	FLOAT[]	x|quantile	FLOAT|DOUBLE[]			false	true	Gives the approximate quantile using reservoir sampling, the sample size is optional and uses 8192 as a default size.	1144
system	main	reservoir_quantile	aggregate	TINYINT[]	x|quantile	TINYINT|DOUBLE[]			false	true	Gives the approximate quantile using reservoir sampling, the sample size is optional and uses 8192 as a default size.	1144
system	main	reservoir_quantile	aggregate	TINYINT	x|quantile|sample_size	TINYINT|DOUBLE|INTEGER			false	true	Gives the approximate quantile using reservoir sampling, the sample size is optional and uses 8192 as a default size.	1144
system	main	reservoir_quantile	aggregate	TINYINT	x|quantile	TINYINT|DOUBLE			false	true	Gives the approximate quantile using reservoir sampling, the sample size is optional and uses 8192 as a default size.	1144
system	main	reservoir_quantile	aggregate	DECIMAL[]	x|quantile|sample_size	DECIMAL|DOUBLE[]|INTEGER			false	true	Gives the approximate quantile using reservoir sampling, the sample size is optional and uses 8192 as a default size.	1144
system	main	reservoir_quantile	aggregate	DECIMAL[]	x|quantile	DECIMAL|DOUBLE[]			false	true	Gives the approximate quantile using reservoir sampling, the sample size is optional and uses 8192 as a default size.	1144
system	main	reservoir_quantile	aggregate	HUGEINT	x|quantile	HUGEINT|DOUBLE			false	true	Gives the approximate quantile using reservoir sampling, the sample size is optional and uses 8192 as a default size.	1144
system	main	reverse	scalar	VARCHAR	string	VARCHAR			false	true	Reverses the `string`.	1146
system	main	right	scalar	VARCHAR	string|count	VARCHAR|BIGINT			false	true	Extract the right-most `count` characters.	1148
system	main	right_grapheme	scalar	VARCHAR	string|count	VARCHAR|BIGINT			false	true	Extracts the right-most `count` grapheme clusters.	1150
system	main	round	scalar	TINYINT	x	TINYINT			false	true	Rounds x to s decimal places	1152
system	main	round	scalar	TINYINT	x|precision	TINYINT|INTEGER			false	true	Rounds x to s decimal places	1152
system	main	round	scalar	SMALLINT	x	SMALLINT			false	true	Rounds x to s decimal places	1152
system	main	round	scalar	SMALLINT	x|precision	SMALLINT|INTEGER			false	true	Rounds x to s decimal places	1152
system	main	round	scalar	INTEGER	x	INTEGER			false	true	Rounds x to s decimal places	1152
system	main	round	scalar	INTEGER	x|precision	INTEGER|INTEGER			false	true	Rounds x to s decimal places	1152
system	main	round	scalar	BIGINT	x	BIGINT			false	true	Rounds x to s decimal places	1152
system	main	round	scalar	BIGINT	x|precision	BIGINT|INTEGER			false	true	Rounds x to s decimal places	1152
system	main	round	scalar	HUGEINT	x	HUGEINT			false	true	Rounds x to s decimal places	1152
system	main	round	scalar	HUGEINT	x|precision	HUGEINT|INTEGER			false	true	Rounds x to s decimal places	1152
system	main	round	scalar	FLOAT	x	FLOAT			false	true	Rounds x to s decimal places	1152
system	main	round	scalar	FLOAT	x|precision	FLOAT|INTEGER			false	true	Rounds x to s decimal places	1152
system	main	round	scalar	DOUBLE	x	DOUBLE			false	true	Rounds x to s decimal places	1152
system	main	round	scalar	DOUBLE	x|precision	DOUBLE|INTEGER			false	true	Rounds x to s decimal places	1152
system	main	round	scalar	DECIMAL	x	DECIMAL			false	true	Rounds x to s decimal places	1152
system	main	round	scalar	DECIMAL	x|precision	DECIMAL|INTEGER			false	true	Rounds x to s decimal places	1152
system	main	round_even	macro		x|n			CASE  WHEN ((((abs(x) * power(10, (n + 1))) % 10) = 5)) THEN ((round((x / 2), n) * 2)) ELSE round(x, n) END		true		2052
system	main	roundbankers	macro		x|n			round_even(x, n)		true		2053
system	main	row	scalar	STRUCT			ANY		false	true	Create an unnamed STRUCT (tuple) containing the argument values.	528
system	main	row_number	aggregate	BIGINT					false	true		0
system	main	row_to_json	scalar	JSON			ANY		false	true		1970
system	main	rpad	scalar	VARCHAR	string|count|character	VARCHAR|INTEGER|VARCHAR			false	true	Pads the `string` with the `character` on the right until it has `count` characters. Truncates the `string` on the right if it has more than `count` characters.	1154
system	main	rtrim	scalar	VARCHAR	string	VARCHAR			false	true	Removes any occurrences of any of the `characters` from the right side of the `string`. `characters` defaults to `space`.	1156
system	main	rtrim	scalar	VARCHAR	string|characters	VARCHAR|VARCHAR			false	true	Removes any occurrences of any of the `characters` from the right side of the `string`. `characters` defaults to `space`.	1156
system	main	second	scalar	BIGINT	ts	INTERVAL			false	true	Extract the second component from a date or timestamp	1902
system	main	second	scalar	BIGINT	ts	TIME			false	true	Extract the second component from a date or timestamp	1902
system	main	second	scalar	BIGINT	ts	TIMESTAMP			false	true	Extract the second component from a date or timestamp	1902
system	main	second	scalar	BIGINT	ts	TIME WITH TIME ZONE			false	true	Extract the second component from a date or timestamp	1902
system	main	second	scalar	BIGINT	ts	TIME_NS			false	true	Extract the second component from a date or timestamp	1902
system	main	second	scalar	BIGINT	ts	TIMESTAMP WITH TIME ZONE			false	true	Extract the second component from a date or timestamp	1902
system	main	second	scalar	BIGINT	ts	DATE			false	true	Extract the second component from a date or timestamp	1902
system	main	sem	aggregate	DOUBLE	x	DOUBLE			false	true	Returns the standard error of the mean	1159
system	main	seq_scan	table							true		2
system	main	session_user	macro					'duckdb'		true		2051
system	main	set_bit	scalar	BIT	bitstring|index|new_value	BIT|INTEGER|INTEGER			false	true	Sets the nth bit in bitstring to newvalue; the first (leftmost) bit is indexed 0. Returns a new bitstring	1161
system	main	setseed	scalar	"NULL"	col0	DOUBLE			true	true	Sets the seed to be used for the random function	1163
system	main	sha1	scalar	VARCHAR	value	VARCHAR			false	true	Returns a `VARCHAR` with the SHA-1 hash of the `value`.	530
system	main	sha1	scalar	VARCHAR	blob	BLOB			false	true	Returns a `VARCHAR` with the SHA-1 hash of the `blob`.	530
system	main	sha256	scalar	VARCHAR	value	VARCHAR			false	true	Returns a `VARCHAR` with the SHA-256 hash of the `value`	532
system	main	sha256	scalar	VARCHAR	blob	BLOB			false	true	Returns a `VARCHAR` with the SHA-256 hash of the `blob`.	532
system	pg_catalog	shobj_description	macro		object_oid|catalog_name			NULL		true		2151
system	main	show	pragma		col0	VARCHAR				true		150
system	main	show_databases	pragma							true		144
system	main	show_tables	pragma							true		140
system	main	show_tables_expanded	pragma							true		142
system	main	sign	scalar	TINYINT	x	FLOAT			false	true	Returns the sign of x as -1, 0 or 1	1165
system	main	sign	scalar	TINYINT	x	DOUBLE			false	true	Returns the sign of x as -1, 0 or 1	1165
system	main	sign	scalar	TINYINT	x	UTINYINT			false	true	Returns the sign of x as -1, 0 or 1	1165
system	main	sign	scalar	TINYINT	x	UINTEGER			false	true	Returns the sign of x as -1, 0 or 1	1165
system	main	sign	scalar	TINYINT	x	UBIGINT			false	true	Returns the sign of x as -1, 0 or 1	1165
system	main	sign	scalar	TINYINT	x	UHUGEINT			false	true	Returns the sign of x as -1, 0 or 1	1165
system	main	sign	scalar	TINYINT	x	TINYINT			false	true	Returns the sign of x as -1, 0 or 1	1165
system	main	sign	scalar	TINYINT	x	SMALLINT			false	true	Returns the sign of x as -1, 0 or 1	1165
system	main	sign	scalar	TINYINT	x	USMALLINT			false	true	Returns the sign of x as -1, 0 or 1	1165
system	main	sign	scalar	TINYINT	x	INTEGER			false	true	Returns the sign of x as -1, 0 or 1	1165
system	main	sign	scalar	TINYINT	x	BIGINT			false	true	Returns the sign of x as -1, 0 or 1	1165
system	main	sign	scalar	TINYINT	x	HUGEINT			false	true	Returns the sign of x as -1, 0 or 1	1165
system	main	signbit	scalar	BOOLEAN	x	FLOAT			false	true	Returns whether the signbit is set or not	1167
system	main	signbit	scalar	BOOLEAN	x	DOUBLE			false	true	Returns whether the signbit is set or not	1167
system	main	sin	scalar	DOUBLE	x	DOUBLE			false	true	Computes the sin of x	1169
system	main	sinh	scalar	DOUBLE	x	DOUBLE			false	true	Computes the hyperbolic sin of x	1171
system	main	skewness	aggregate	DOUBLE	x	DOUBLE			false	true	Returns the skewness of all input values.	1173
system	main	sleep_ms	scalar	"NULL"	milliseconds	BIGINT			true	true	Sleeps for the specified number of milliseconds and returns NULL	1175
system	main	sniff_csv	table		col0|delim|dateformat|column_names|sep|hive_partitioning|header|escape|allow_quoted_nulls|comment|maximum_line_size|new_line|columns|rejects_limit|force_not_null|timestampformat|auto_detect|sample_size|auto_type_candidates|nullstr|encoding|normalize_names|rejects_table|column_types|skip|types|max_line_size|quote|rejects_scan|ignore_errors|compression|names|force_match|store_rejects|all_varchar|buffer_size|decimal_separator|parallel|null_padding|dtypes|strict_mode|thousands|files_to_sniff|filename|union_by_name|hive_types|hive_types_autocast	VARCHAR|VARCHAR|VARCHAR|VARCHAR[]|VARCHAR|BOOLEAN|BOOLEAN|VARCHAR|BOOLEAN|VARCHAR|VARCHAR|VARCHAR|ANY|BIGINT|VARCHAR[]|VARCHAR|BOOLEAN|BIGINT|ANY|ANY|VARCHAR|BOOLEAN|VARCHAR|ANY|BIGINT|ANY|VARCHAR|VARCHAR|VARCHAR|BOOLEAN|VARCHAR|VARCHAR[]|BOOLEAN|BOOLEAN|BOOLEAN|UBIGINT|VARCHAR|BOOLEAN|BOOLEAN|ANY|BOOLEAN|VARCHAR|BIGINT|ANY|BOOLEAN|ANY|BOOLEAN				true		120
system	main	split	scalar	VARCHAR[]	string|separator	VARCHAR|VARCHAR			false	true	Splits the `string` along the `separator`.	534
system	main	split_part	macro		string|delimiter|position			CASE  WHEN (((string IS NOT NULL) AND ("delimiter" IS NOT NULL) AND ("position" IS NOT NULL))) THEN (COALESCE(string_split(string, "delimiter")["position"], '')) ELSE NULL END		true		2069
system	main	sqrt	scalar	DOUBLE	x	DOUBLE			false	true	Returns the square root of x	1177
system	main	st_asbinary	scalar	BLOB	geom	GEOMETRY			false	true	Returns the Well-Known Binary (WKB) representation of the geometry	536
system	main	st_astext	scalar	VARCHAR	geom	GEOMETRY			false	true	Returns the Well-Known Text (WKT) representation of the geometry	538
system	main	st_aswkb	scalar	BLOB	geom	GEOMETRY			false	true	Returns the Well-Known Binary (WKB) representation of the geometry	540
system	main	st_aswkt	scalar	VARCHAR	geom	GEOMETRY			false	true	Returns the Well-Known Text (WKT) representation of the geometry	542
system	main	st_crs	scalar	VARCHAR	geom	GEOMETRY			false	true	Returns the Coordinate Reference System (CRS) identifier of the geometry	544
system	main	st_geomfromwkb	scalar	GEOMETRY	wkb	BLOB			false	true	Creates a geometry from Well-Known Binary (WKB) representation	546
system	main	st_intersects_extent	scalar	BOOLEAN	geom1|geom2	GEOMETRY|GEOMETRY			false	true	Returns true if the geometries bounding boxes intersect	548
system	main	st_setcrs	scalar	GEOMETRY	geom|crs	GEOMETRY|VARCHAR			false	true	Sets the Coordinate Reference System (CRS) identifier of the geometry	550
system	main	starts_with	scalar	BOOLEAN	string|search_string	VARCHAR|VARCHAR			false	true	Returns `true` if `string` begins with `search_string`.	1179
system	main	stats	scalar	VARCHAR	expression	ANY			true	true	Returns a string with statistics about the expression. Expression can be a column, constant, or SQL expression	1181
system	main	stddev	aggregate	DOUBLE	x	DOUBLE			false	true	Returns the sample standard deviation	1183
system	main	stddev_pop	aggregate	DOUBLE	x	DOUBLE			false	true	Returns the population standard deviation.	1185
system	main	stddev_samp	aggregate	DOUBLE	x	DOUBLE			false	true	Returns the sample standard deviation	1187
system	main	storage_info	pragma		col0	VARCHAR				true		136
system	main	str_split	scalar	VARCHAR[]	string|separator	VARCHAR|VARCHAR			false	true	Splits the `string` along the `separator`.	552
system	main	str_split_regex	scalar	VARCHAR[]	string|regex|options	VARCHAR|VARCHAR|VARCHAR			false	true	Splits the `string` along the `regex`. A set of optional regex `options` can be set.	554
system	main	str_split_regex	scalar	VARCHAR[]	string|regex	VARCHAR|VARCHAR			false	true	Splits the `string` along the `regex`. A set of optional regex `options` can be set.	554
system	main	strftime	scalar	VARCHAR	data|format	TIMESTAMP|VARCHAR			false	true	Converts a `date` to a string according to the format string.	1937
system	main	strftime	scalar	VARCHAR	data|format	TIMESTAMP_NS|VARCHAR			false	true	Converts a `date` to a string according to the format string.	1937
system	main	strftime	scalar	VARCHAR	data|format	VARCHAR|DATE			false	true	Converts a `date` to a string according to the format string.	1937
system	main	strftime	scalar	VARCHAR	data|format	VARCHAR|TIMESTAMP			false	true	Converts a `date` to a string according to the format string.	1937
system	main	strftime	scalar	VARCHAR	data|format	VARCHAR|TIMESTAMP_NS			false	true	Converts a `date` to a string according to the format string.	1937
system	main	strftime	scalar	VARCHAR	data|format	DATE|VARCHAR			false	true	Converts a `date` to a string according to the format string.	1937
system	main	strftime	scalar	VARCHAR	data|format	TIMESTAMP WITH TIME ZONE|VARCHAR			false	true	Converts a `date` to a string according to the format string.	1937
system	main	string_agg	aggregate	VARCHAR	str|arg	ANY|VARCHAR			false	true	Concatenates the column string values with an optional separator.	1189
system	main	string_agg	aggregate	VARCHAR	str	ANY			false	true	Concatenates the column string values with an optional separator.	1189
system	main	string_split	scalar	VARCHAR[]	string|separator	VARCHAR|VARCHAR			false	true	Splits the `string` along the `separator`.	558
system	main	string_split_regex	scalar	VARCHAR[]	string|regex|options	VARCHAR|VARCHAR|VARCHAR			false	true	Splits the `string` along the `regex`. A set of optional regex `options` can be set.	560
system	main	string_split_regex	scalar	VARCHAR[]	string|regex	VARCHAR|VARCHAR			false	true	Splits the `string` along the `regex`. A set of optional regex `options` can be set.	560
system	main	string_to_array	scalar	VARCHAR[]	string|separator	VARCHAR|VARCHAR			false	true	Splits the `string` along the `separator`.	562
system	main	strip_accents	scalar	VARCHAR	string	VARCHAR			false	true	Strips accents from `string`.	564
system	main	strlen	scalar	BIGINT	string	VARCHAR			false	true	Number of bytes in `string`.	566
system	main	strpos	scalar	BIGINT	string|search_string	VARCHAR|VARCHAR			false	true	Returns location of first occurrence of `search_string` in `string`, counting from 1. Returns 0 if no match found.	1191
system	main	strptime	scalar	TIMESTAMP	text|format-list	VARCHAR|VARCHAR[]			false	true	Converts the `string` text to timestamp applying the format strings in the list until one succeeds. Throws an error on failure. To return `NULL` on failure, use try_strptime.	568
system	main	strptime	scalar	TIMESTAMP	text|format	VARCHAR|VARCHAR			false	true	Converts the `string` text to timestamp according to the format string. Throws an error on failure. To return `NULL` on failure, use try_strptime.	568
system	main	struct_concat	scalar	STRUCT			ANY		false	true	Merge the multiple STRUCTs into a single STRUCT.	570
system	main	struct_contains	scalar	BOOLEAN	struct|'entry'	STRUCT|ANY			false	true	Check if an unnamed STRUCT contains the value.	572
system	main	struct_extract	scalar	ANY	struct|'entry'	STRUCT|VARCHAR			false	true	Extract the named entry from the STRUCT.	574
system	main	struct_extract	scalar	ANY	struct|'entry'	STRUCT|BIGINT			false	true	Extract the named entry from the STRUCT.	574
system	main	struct_extract_at	scalar	ANY	struct|'entry'	STRUCT|BIGINT			false	true	Extract the entry from the STRUCT by position (starts at 1!).	576
system	main	struct_has	scalar	BOOLEAN	struct|'entry'	STRUCT|ANY			false	true	Check if an unnamed STRUCT contains the value.	578
system	main	struct_indexof	scalar	INTEGER	struct|'entry'	STRUCT|ANY			false	true	Get the position of the entry in an unnamed STRUCT, starting at 1.	580
system	main	struct_insert	scalar	STRUCT			ANY		false	true	Adds field(s)/value(s) to an existing STRUCT with the argument values. The entry name(s) will be the bound variable name(s)	1193
system	main	struct_keys	scalar	VARCHAR[]	struct	ANY			false	true	Returns the field names of a STRUCT as a list	1195
system	main	struct_pack	scalar	STRUCT			ANY		false	true	Create a STRUCT containing the argument values. The entry name will be the bound variable name.	582
system	main	struct_position	scalar	INTEGER	struct|'entry'	STRUCT|ANY			false	true	Get the position of the entry in an unnamed STRUCT, starting at 1.	584
system	main	struct_update	scalar	STRUCT			ANY		false	true	Changes field(s)/value(s) to an existing STRUCT with the argument values. The entry name(s) will be the bound variable name(s)	1197
system	main	struct_values	scalar	STRUCT	struct	STRUCT			false	true	Returns the field values of a STRUCT as an UnnamedStruct	1199
system	main	substr	scalar	VARCHAR	string|start	VARCHAR|BIGINT			false	true	Extracts substring starting from character `start` up to the end of the string. If optional argument `length` is set, extracts a substring of `length` characters instead. Note that a `start` value of `1` refers to the first character of the `string`.	586
system	main	substr	scalar	VARCHAR	string|start|length	VARCHAR|BIGINT|BIGINT			false	true	Extracts substring starting from character `start` up to the end of the string. If optional argument `length` is set, extracts a substring of `length` characters instead. Note that a `start` value of `1` refers to the first character of the `string`.	586
system	main	substring	scalar	VARCHAR	string|start	VARCHAR|BIGINT			false	true	Extracts substring starting from character `start` up to the end of the string. If optional argument `length` is set, extracts a substring of `length` characters instead. Note that a `start` value of `1` refers to the first character of the `string`.	588
system	main	substring	scalar	VARCHAR	string|start|length	VARCHAR|BIGINT|BIGINT			false	true	Extracts substring starting from character `start` up to the end of the string. If optional argument `length` is set, extracts a substring of `length` characters instead. Note that a `start` value of `1` refers to the first character of the `string`.	588
system	main	substring_grapheme	scalar	VARCHAR	string|start	VARCHAR|BIGINT			false	true	Extracts substring starting from grapheme clusters `start` up to the end of the string. If optional argument `length` is set, extracts a substring of `length` grapheme clusters instead. Note that a `start` value of `1` refers to the `first` character of the `string`.	590
system	main	substring_grapheme	scalar	VARCHAR	string|start|length	VARCHAR|BIGINT|BIGINT			false	true	Extracts substring starting from grapheme clusters `start` up to the end of the string. If optional argument `length` is set, extracts a substring of `length` grapheme clusters instead. Note that a `start` value of `1` refers to the `first` character of the `string`.	590
system	main	subtract	scalar	INTEGER	col0|col1	INTEGER|INTEGER			false	true		592
system	main	subtract	scalar	BIGNUM	col0	BIGNUM			false	true		592
system	main	subtract	scalar	TIMESTAMP	col0|col1	DATE|INTERVAL			false	true		592
system	main	subtract	scalar	TIME	col0|col1	TIME|INTERVAL			false	true		592
system	main	subtract	scalar	TIMESTAMP	col0|col1	TIMESTAMP|INTERVAL			false	true		592
system	main	subtract	scalar	TIME WITH TIME ZONE	col0|col1	TIME WITH TIME ZONE|INTERVAL			false	true		592
system	main	subtract	scalar	INTERVAL	col0	INTERVAL			false	true		592
system	main	subtract	scalar	BIGINT	col0	BIGINT			false	true		592
system	main	subtract	scalar	INTERVAL	col0|col1	INTERVAL|INTERVAL			false	true		592
system	main	subtract	scalar	SMALLINT	col0	SMALLINT			false	true		592
system	main	subtract	scalar	TINYINT	col0	TINYINT			false	true		592
system	main	subtract	scalar	TINYINT	col0|col1	TINYINT|TINYINT			false	true		592
system	main	subtract	scalar	BIGINT	col0|col1	BIGINT|BIGINT			false	true		592
system	main	subtract	scalar	INTERVAL	col0|col1	TIMESTAMP|TIMESTAMP			false	true		592
system	main	subtract	scalar	HUGEINT	col0	HUGEINT			false	true		592
system	main	subtract	scalar	HUGEINT	col0|col1	HUGEINT|HUGEINT			false	true		592
system	main	subtract	scalar	FLOAT	col0	FLOAT			false	true		592
system	main	subtract	scalar	FLOAT	col0|col1	FLOAT|FLOAT			false	true		592
system	main	subtract	scalar	DOUBLE	col0	DOUBLE			false	true		592
system	main	subtract	scalar	DOUBLE	col0|col1	DOUBLE|DOUBLE			false	true		592
system	main	subtract	scalar	DECIMAL	col0	DECIMAL			false	true		592
system	main	subtract	scalar	DECIMAL	col0|col1	DECIMAL|DECIMAL			false	true		592
system	main	subtract	scalar	SMALLINT	col0|col1	SMALLINT|SMALLINT			false	true		592
system	main	subtract	scalar	DATE	col0|col1	DATE|INTEGER			false	true		592
system	main	subtract	scalar	BIGINT	col0|col1	DATE|DATE			false	true		592
system	main	subtract	scalar	USMALLINT	col0|col1	USMALLINT|USMALLINT			false	true		592
system	main	subtract	scalar	UINTEGER	col0	UINTEGER			false	true		592
system	main	subtract	scalar	UINTEGER	col0|col1	UINTEGER|UINTEGER			false	true		592
system	main	subtract	scalar	UBIGINT	col0	UBIGINT			false	true		592
system	main	subtract	scalar	UTINYINT	col0	UTINYINT			false	true		592
system	main	subtract	scalar	UTINYINT	col0|col1	UTINYINT|UTINYINT			false	true		592
system	main	subtract	scalar	USMALLINT	col0	USMALLINT			false	true		592
system	main	subtract	scalar	UBIGINT	col0|col1	UBIGINT|UBIGINT			false	true		592
system	main	subtract	scalar	UHUGEINT	col0	UHUGEINT			false	true		592
system	main	subtract	scalar	INTEGER	col0	INTEGER			false	true		592
system	main	subtract	scalar	UHUGEINT	col0|col1	UHUGEINT|UHUGEINT			false	true		592
system	main	subtract	scalar	BIGNUM	col0|col1	BIGNUM|BIGNUM			false	true		592
system	main	suffix	scalar	BOOLEAN	string|search_string	VARCHAR|VARCHAR			false	true	Returns `true` if `string` ends with `search_string`.	594
system	main	sum	aggregate	HUGEINT	arg	INTEGER			false	true	Calculates the sum value for all tuples in arg.	1201
system	main	sum	aggregate	HUGEINT	arg	HUGEINT			false	true	Calculates the sum value for all tuples in arg.	1201
system	main	sum	aggregate	DECIMAL	arg	DECIMAL			false	true	Calculates the sum value for all tuples in arg.	1201
system	main	sum	aggregate	HUGEINT	arg	SMALLINT			false	true	Calculates the sum value for all tuples in arg.	1201
system	main	sum	aggregate	HUGEINT	arg	BOOLEAN			false	true	Calculates the sum value for all tuples in arg.	1201
system	main	sum	aggregate	BIGNUM	arg	BIGNUM			false	true	Calculates the sum value for all tuples in arg.	1201
system	main	sum	aggregate	DOUBLE	arg	DOUBLE			false	true	Calculates the sum value for all tuples in arg.	1201
system	main	sum	aggregate	HUGEINT	arg	BIGINT			false	true	Calculates the sum value for all tuples in arg.	1201
system	main	sum_no_overflow	aggregate	HUGEINT	arg	INTEGER			false	true	Internal only. Calculates the sum value for all tuples in arg without overflow checks.	1203
system	main	sum_no_overflow	aggregate	HUGEINT	arg	BIGINT			false	true	Internal only. Calculates the sum value for all tuples in arg without overflow checks.	1203
system	main	sum_no_overflow	aggregate	DECIMAL	arg	DECIMAL			false	true	Internal only. Calculates the sum value for all tuples in arg without overflow checks.	1203
system	main	sumkahan	aggregate	DOUBLE	arg	DOUBLE			false	true	Calculates the sum using a more accurate floating point summation (Kahan Sum).	1205
system	main	summary	table		col0	TABLE				true		114
system	main	switch	scalar	V	key|map	K|MAP(K, V)			false	true	Creates a switch statement similar to CASE WHEN/THEN	1207
system	main	switch	scalar	V	key|map|value	K|MAP(K, V)|V			false	true	Creates a switch statement similar to CASE WHEN/THEN	1207
system	main	switch	scalar	V	key|map	MAP(K, V)|V			false	true	Creates a switch statement similar to CASE WHEN/THEN	1207
system	main	switch	scalar	V	key	MAP(K, V)			false	true	Creates a switch statement similar to CASE WHEN/THEN	1207
system	main	table_info	pragma		col0	VARCHAR				true		134
system	main	tan	scalar	DOUBLE	x	DOUBLE			false	true	Computes the tan of x	1209
system	main	tanh	scalar	DOUBLE	x	DOUBLE			false	true	Computes the hyperbolic tan of x	1211
system	main	test_all_types	table		use_large_enum|use_large_bignum	BOOLEAN|BOOLEAN				true		90
system	main	test_vector_types	table		col0|all_flat	ANY|BOOLEAN	ANY			true		92
system	main	time_bucket	scalar	DATE	bucket_width|timestamp	INTERVAL|DATE			false	true	Truncate TIMESTAMPTZ by the specified interval bucket_width. Buckets are aligned relative to origin TIMESTAMPTZ. The origin defaults to 2000-01-03 00:00:00+00 for buckets that do not include a month or year interval, and to 2000-01-01 00:00:00+00 for month and year buckets	1938
system	main	time_bucket	scalar	TIMESTAMP WITH TIME ZONE	bucket_width|timestamp|origin	INTERVAL|TIMESTAMP WITH TIME ZONE|VARCHAR			false	true	Truncate TIMESTAMPTZ by the specified interval bucket_width. Buckets are aligned relative to origin TIMESTAMPTZ. The origin defaults to 2000-01-03 00:00:00+00 for buckets that do not include a month or year interval, and to 2000-01-01 00:00:00+00 for month and year buckets	1938
system	main	time_bucket	scalar	DATE	bucket_width|timestamp|origin	INTERVAL|DATE|DATE			false	true	Truncate TIMESTAMPTZ by the specified interval bucket_width. Buckets are aligned relative to origin TIMESTAMPTZ. The origin defaults to 2000-01-03 00:00:00+00 for buckets that do not include a month or year interval, and to 2000-01-01 00:00:00+00 for month and year buckets	1938
system	main	time_bucket	scalar	DATE	bucket_width|timestamp|origin	INTERVAL|DATE|INTERVAL			false	true	Truncate TIMESTAMPTZ by the specified interval bucket_width. Buckets are aligned relative to origin TIMESTAMPTZ. The origin defaults to 2000-01-03 00:00:00+00 for buckets that do not include a month or year interval, and to 2000-01-01 00:00:00+00 for month and year buckets	1938
system	main	time_bucket	scalar	TIMESTAMP	bucket_width|timestamp	INTERVAL|TIMESTAMP			false	true	Truncate TIMESTAMPTZ by the specified interval bucket_width. Buckets are aligned relative to origin TIMESTAMPTZ. The origin defaults to 2000-01-03 00:00:00+00 for buckets that do not include a month or year interval, and to 2000-01-01 00:00:00+00 for month and year buckets	1938
system	main	time_bucket	scalar	TIMESTAMP	bucket_width|timestamp|origin	INTERVAL|TIMESTAMP|INTERVAL			false	true	Truncate TIMESTAMPTZ by the specified interval bucket_width. Buckets are aligned relative to origin TIMESTAMPTZ. The origin defaults to 2000-01-03 00:00:00+00 for buckets that do not include a month or year interval, and to 2000-01-01 00:00:00+00 for month and year buckets	1938
system	main	time_bucket	scalar	TIMESTAMP	bucket_width|timestamp|origin	INTERVAL|TIMESTAMP|TIMESTAMP			false	true	Truncate TIMESTAMPTZ by the specified interval bucket_width. Buckets are aligned relative to origin TIMESTAMPTZ. The origin defaults to 2000-01-03 00:00:00+00 for buckets that do not include a month or year interval, and to 2000-01-01 00:00:00+00 for month and year buckets	1938
system	main	time_bucket	scalar	TIMESTAMP WITH TIME ZONE	bucket_width|timestamp	INTERVAL|TIMESTAMP WITH TIME ZONE			false	true	Truncate TIMESTAMPTZ by the specified interval bucket_width. Buckets are aligned relative to origin TIMESTAMPTZ. The origin defaults to 2000-01-03 00:00:00+00 for buckets that do not include a month or year interval, and to 2000-01-01 00:00:00+00 for month and year buckets	1938
system	main	time_bucket	scalar	TIMESTAMP WITH TIME ZONE	bucket_width|timestamp|origin	INTERVAL|TIMESTAMP WITH TIME ZONE|INTERVAL			false	true	Truncate TIMESTAMPTZ by the specified interval bucket_width. Buckets are aligned relative to origin TIMESTAMPTZ. The origin defaults to 2000-01-03 00:00:00+00 for buckets that do not include a month or year interval, and to 2000-01-01 00:00:00+00 for month and year buckets	1938
system	main	time_bucket	scalar	TIMESTAMP WITH TIME ZONE	bucket_width|timestamp|origin	INTERVAL|TIMESTAMP WITH TIME ZONE|TIMESTAMP WITH TIME ZONE			false	true	Truncate TIMESTAMPTZ by the specified interval bucket_width. Buckets are aligned relative to origin TIMESTAMPTZ. The origin defaults to 2000-01-03 00:00:00+00 for buckets that do not include a month or year interval, and to 2000-01-01 00:00:00+00 for month and year buckets	1938
system	main	timetz_byte_comparable	scalar	UBIGINT	time_tz	TIME WITH TIME ZONE			false	true	Converts a TIME WITH TIME ZONE to an integer sort key	1214
system	main	timezone	scalar	TIMESTAMP	ts|col1	VARCHAR|TIMESTAMP WITH TIME ZONE			false	true	Extract the timezone component from a date or timestamp	1941
system	main	timezone	scalar	BIGINT	ts	INTERVAL			false	true	Extract the timezone component from a date or timestamp	1941
system	main	timezone	scalar	TIME WITH TIME ZONE	ts|col1	VARCHAR|TIME WITH TIME ZONE			false	true	Extract the timezone component from a date or timestamp	1941
system	main	timezone	scalar	TIMESTAMP WITH TIME ZONE	ts|col1	VARCHAR|TIMESTAMP			false	true	Extract the timezone component from a date or timestamp	1941
system	main	timezone	scalar	BIGINT	ts	TIMESTAMP WITH TIME ZONE			false	true	Extract the timezone component from a date or timestamp	1941
system	main	timezone	scalar	BIGINT	ts	TIMESTAMP			false	true	Extract the timezone component from a date or timestamp	1941
system	main	timezone	scalar	TIME WITH TIME ZONE	ts|col1	INTERVAL|TIME WITH TIME ZONE			false	true	Extract the timezone component from a date or timestamp	1941
system	main	timezone	scalar	BIGINT	ts	DATE			false	true	Extract the timezone component from a date or timestamp	1941
system	main	timezone_hour	scalar	BIGINT	ts	TIMESTAMP WITH TIME ZONE			false	true	Extract the timezone_hour component from a date or timestamp	1912
system	main	timezone_hour	scalar	BIGINT	ts	TIMESTAMP			false	true	Extract the timezone_hour component from a date or timestamp	1912
system	main	timezone_hour	scalar	BIGINT	ts	INTERVAL			false	true	Extract the timezone_hour component from a date or timestamp	1912
system	main	timezone_hour	scalar	BIGINT	ts	DATE			false	true	Extract the timezone_hour component from a date or timestamp	1912
system	main	timezone_minute	scalar	BIGINT	ts	TIMESTAMP			false	true	Extract the timezone_minute component from a date or timestamp	1913
system	main	timezone_minute	scalar	BIGINT	ts	INTERVAL			false	true	Extract the timezone_minute component from a date or timestamp	1913
system	main	timezone_minute	scalar	BIGINT	ts	DATE			false	true	Extract the timezone_minute component from a date or timestamp	1913
system	main	timezone_minute	scalar	BIGINT	ts	TIMESTAMP WITH TIME ZONE			false	true	Extract the timezone_minute component from a date or timestamp	1913
system	main	to_base	scalar	VARCHAR	number|radix|min_length	BIGINT|INTEGER|INTEGER			false	true	Converts `number` to a string in the given base `radix`, optionally padding with leading zeros to `min_length`.	1219
system	main	to_base	scalar	VARCHAR	number|radix	BIGINT|INTEGER			false	true	Converts `number` to a string in the given base `radix`, optionally padding with leading zeros to `min_length`.	1219
system	main	to_base64	scalar	VARCHAR	blob	BLOB			false	true	Converts a `blob` to a base64 encoded string.	1221
system	main	to_binary	scalar	VARCHAR	value	UHUGEINT			false	true	Converts the `value` to binary representation.	1223
system	main	to_binary	scalar	VARCHAR	value	HUGEINT			false	true	Converts the `value` to binary representation.	1223
system	main	to_binary	scalar	VARCHAR	value	BIGINT			false	true	Converts the `value` to binary representation.	1223
system	main	to_binary	scalar	VARCHAR	value	UBIGINT			false	true	Converts the `value` to binary representation.	1223
system	main	to_binary	scalar	VARCHAR	value	BIGNUM			false	true	Converts the `value` to binary representation.	1223
system	main	to_binary	scalar	VARCHAR	string	VARCHAR			false	true	Converts the `string` to binary representation.	1223
system	main	to_centuries	scalar	INTERVAL	integer	BIGINT			false	true	Construct a century interval	1225
system	main	to_centuries	scalar	INTERVAL	integer	INTEGER			false	true	Construct a century interval	1225
system	main	to_days	scalar	INTERVAL	integer	INTEGER			false	true	Construct a day interval	1227
system	main	to_days	scalar	INTERVAL	integer	BIGINT			false	true	Construct a day interval	1227
system	main	to_decades	scalar	INTERVAL	integer	BIGINT			false	true	Construct a decade interval	1229
system	main	to_decades	scalar	INTERVAL	integer	INTEGER			false	true	Construct a decade interval	1229
system	main	to_hex	scalar	VARCHAR	blob	BLOB			false	true	Converts `blob` to `VARCHAR` using hexadecimal encoding.	1231
system	main	to_hex	scalar	VARCHAR	value	HUGEINT			false	true	Converts the `value` to `VARCHAR` using hexadecimal representation.	1231
system	main	to_hex	scalar	VARCHAR	value	BIGNUM			false	true	Converts the `value` to `VARCHAR` using hexadecimal representation.	1231
system	main	to_hex	scalar	VARCHAR	value	BIGINT			false	true	Converts the `value` to `VARCHAR` using hexadecimal representation.	1231
system	main	to_hex	scalar	VARCHAR	string	VARCHAR			false	true	Converts the `string` to hexadecimal representation.	1231
system	main	to_hex	scalar	VARCHAR	value	UHUGEINT			false	true	Converts the `value` to `VARCHAR` using hexadecimal representation.	1231
system	main	to_hex	scalar	VARCHAR	value	UBIGINT			false	true	Converts the `value` to `VARCHAR` using hexadecimal representation.	1231
system	main	to_hours	scalar	INTERVAL	integer	BIGINT			false	true	Construct a hour interval	1233
system	main	to_json	scalar	JSON			ANY		false	true		1964
system	main	to_microseconds	scalar	INTERVAL	integer	BIGINT			false	true	Construct a microsecond interval	1235
system	main	to_millennia	scalar	INTERVAL	integer	BIGINT			false	true	Construct a millenium interval	1237
system	main	to_millennia	scalar	INTERVAL	integer	INTEGER			false	true	Construct a millenium interval	1237
system	main	to_milliseconds	scalar	INTERVAL	double	DOUBLE			false	true	Construct a millisecond interval	1239
system	main	to_minutes	scalar	INTERVAL	integer	BIGINT			false	true	Construct a minute interval	1241
system	main	to_months	scalar	INTERVAL	integer	BIGINT			false	true	Construct a month interval	1243
system	main	to_months	scalar	INTERVAL	integer	INTEGER			false	true	Construct a month interval	1243
system	main	to_quarters	scalar	INTERVAL	integer	BIGINT			false	true	Construct a quarter interval	1245
system	main	to_quarters	scalar	INTERVAL	integer	INTEGER			false	true	Construct a quarter interval	1245
system	main	to_seconds	scalar	INTERVAL	double	DOUBLE			false	true	Construct a second interval	1247
system	main	to_timestamp	scalar	TIMESTAMP WITH TIME ZONE	sec	DOUBLE			false	true	Converts secs since epoch to a timestamp with time zone	1249
system	main	to_weeks	scalar	INTERVAL	integer	BIGINT			false	true	Construct a week interval	1251
system	main	to_weeks	scalar	INTERVAL	integer	INTEGER			false	true	Construct a week interval	1251
system	main	to_years	scalar	INTERVAL	integer	BIGINT			false	true	Construct a year interval	1253
system	main	to_years	scalar	INTERVAL	integer	INTEGER			false	true	Construct a year interval	1253
system	main	today	scalar	DATE					false	true		1888
system	main	transaction_timestamp	scalar	TIMESTAMP WITH TIME ZONE					false	true	Returns the current timestamp	1255
system	main	translate	scalar	VARCHAR	string|from|to	VARCHAR|VARCHAR|VARCHAR			false	true	Replaces each character in `string` that matches a character in the `from` set with the corresponding character in the `to` set. If `from` is longer than `to`, occurrences of the extra characters in `from` are deleted.	1257
system	main	trim	scalar	VARCHAR	string	VARCHAR			false	true	Removes any occurrences of any of the `characters` from either side of the `string`. `characters` defaults to `space`.	1259
system	main	trim	scalar	VARCHAR	string|characters	VARCHAR|VARCHAR			false	true	Removes any occurrences of any of the `characters` from either side of the `string`. `characters` defaults to `space`.	1259
system	main	trunc	scalar	BIGINT	x|col1	BIGINT|INTEGER			false	true	Truncates the number	1261
system	main	trunc	scalar	SMALLINT	x	SMALLINT			false	true	Truncates the number	1261
system	main	trunc	scalar	HUGEINT	x	HUGEINT			false	true	Truncates the number	1261
system	main	trunc	scalar	HUGEINT	x|col1	HUGEINT|INTEGER			false	true	Truncates the number	1261
system	main	trunc	scalar	FLOAT	x	FLOAT			false	true	Truncates the number	1261
system	main	trunc	scalar	FLOAT	x|col1	FLOAT|INTEGER			false	true	Truncates the number	1261
system	main	trunc	scalar	DOUBLE	x	DOUBLE			false	true	Truncates the number	1261
system	main	trunc	scalar	DOUBLE	x|col1	DOUBLE|INTEGER			false	true	Truncates the number	1261
system	main	trunc	scalar	DECIMAL	x	DECIMAL			false	true	Truncates the number	1261
system	main	trunc	scalar	DECIMAL	x|col1	DECIMAL|INTEGER			false	true	Truncates the number	1261
system	main	trunc	scalar	UTINYINT	x	UTINYINT			false	true	Truncates the number	1261
system	main	trunc	scalar	UTINYINT	x|col1	UTINYINT|INTEGER			false	true	Truncates the number	1261
system	main	trunc	scalar	USMALLINT	x	USMALLINT			false	true	Truncates the number	1261
system	main	trunc	scalar	USMALLINT	x|col1	USMALLINT|INTEGER			false	true	Truncates the number	1261
system	main	trunc	scalar	UINTEGER	x	UINTEGER			false	true	Truncates the number	1261
system	main	trunc	scalar	UINTEGER	x|col1	UINTEGER|INTEGER			false	true	Truncates the number	1261
system	main	trunc	scalar	UBIGINT	x	UBIGINT			false	true	Truncates the number	1261
system	main	trunc	scalar	UBIGINT	x|col1	UBIGINT|INTEGER			false	true	Truncates the number	1261
system	main	trunc	scalar	UHUGEINT	x	UHUGEINT			false	true	Truncates the number	1261
system	main	trunc	scalar	UHUGEINT	x|col1	UHUGEINT|INTEGER			false	true	Truncates the number	1261
system	main	trunc	scalar	INTEGER	x|col1	INTEGER|INTEGER			false	true	Truncates the number	1261
system	main	trunc	scalar	INTEGER	x	INTEGER			false	true	Truncates the number	1261
system	main	trunc	scalar	SMALLINT	x|col1	SMALLINT|INTEGER			false	true	Truncates the number	1261
system	main	trunc	scalar	TINYINT	x	TINYINT			false	true	Truncates the number	1261
system	main	trunc	scalar	TINYINT	x|col1	TINYINT|INTEGER			false	true	Truncates the number	1261
system	main	trunc	scalar	BIGINT	x	BIGINT			false	true	Truncates the number	1261
system	main	truncate_duckdb_logs	table							true		84
system	main	try_strptime	scalar	TIMESTAMP	text|format	VARCHAR|VARCHAR[]			false	true	Converts the `string` text to timestamp according to the format string. Returns `NULL` on failure.	596
system	main	try_strptime	scalar	TIMESTAMP	text|format	VARCHAR|VARCHAR			false	true	Converts the `string` text to timestamp according to the format string. Returns `NULL` on failure.	596
system	main	txid_current	scalar	UBIGINT					false	true	Returns the current transaction’s ID (a BIGINT). It will assign a new one if the current transaction does not have one already	1263
system	main	typeof	scalar	VARCHAR	expression	ANY			false	true	Returns the name of the data type of the result of the expression	1265
system	main	ucase	scalar	VARCHAR	string	VARCHAR			false	true	Converts `string` to upper case.	598
system	main	unbin	scalar	BLOB	value	VARCHAR			false	true	Converts a `value` from binary representation to a blob.	1267
system	main	unhex	scalar	BLOB	value	VARCHAR			false	true	Converts a `value` from hexadecimal representation to a blob.	1269
system	main	unicode	scalar	INTEGER	string	VARCHAR			false	true	Returns an `INTEGER` representing the `unicode` codepoint of the first character in the `string`.	1271
system	main	union_extract	scalar	ANY	union|tag	UNION|VARCHAR			false	true	Extract the value with the named tags from the union. NULL if the tag is not currently selected	1273
system	main	union_tag	scalar	ANY	union	UNION			false	true	Retrieve the currently selected tag of the union as an ENUM	1275
system	main	union_value	scalar	UNION			ANY		false	true	Create a single member UNION containing the argument value. The tag of the value will be the bound variable name	1277
system	main	unnest	table		col0	ANY				true		116
system	main	unpivot_list	scalar	LIST			ANY		false	true	Identical to list_value, but generated as part of unpivot for better error messages.	1279
system	main	upper	scalar	VARCHAR	string	VARCHAR			false	true	Converts `string` to upper case.	600
system	main	url_decode	scalar	VARCHAR	string	VARCHAR			false	true	Decodes a URL from a representation using Percent-Encoding.	1281
system	main	url_encode	scalar	VARCHAR	string	VARCHAR			false	true	Encodes a URL to a representation using Percent-Encoding.	1283
system	main	user	macro					current_user		true		2050
system	main	user_agent	pragma							true		168
system	main	uuid	scalar	UUID					true	true	Returns a random UUID v4 similar to this: eeccb8c5-9943-b2bb-bb5e-222f4e14b687	1285
system	main	uuid_extract_timestamp	scalar	TIMESTAMP WITH TIME ZONE	uuid	UUID			false	true	Extract the timestamp for the given UUID v7.	1287
system	main	uuid_extract_version	scalar	UINTEGER	uuid	UUID			false	true	Extract a version for the given UUID.	1289
system	main	uuidv4	scalar	UUID					true	true	Returns a random UUIDv4 similar to this: eeccb8c5-9943-b2bb-bb5e-222f4e14b687	1291
system	main	uuidv7	scalar	UUID					true	true	Returns a random UUID v7 similar to this: 019482e4-1441-7aad-8127-eec99573b0a0	1293
system	main	var_pop	aggregate	DOUBLE	x	DOUBLE			false	true	Returns the population variance.	1295
system	main	var_samp	aggregate	DOUBLE	x	DOUBLE			false	true	Returns the sample variance of all input values.	1297
system	main	variance	aggregate	DOUBLE	x	DOUBLE			false	true	Returns the sample variance of all input values.	1299
system	main	variant_extract	scalar	VARIANT	col0|col1	VARIANT|VARCHAR			false	true		602
system	main	variant_extract	scalar	VARIANT	col0|col1	VARIANT|UINTEGER			false	true		602
system	main	variant_normalize	scalar	VARIANT	input_variant	VARIANT			false	true	Normalizes the `input_variant` to a canonical representation.	604
system	main	variant_to_parquet_variant	scalar	ANY	col0	VARIANT			false	true		1332
system	main	variant_typeof	scalar	VARCHAR	input_variant	VARIANT			false	true	Returns the internal type of the `input_variant`.	606
system	main	vector_type	scalar	VARCHAR	col	ANY			false	true	Returns the VectorType of a given column	1301
system	main	verify_external	pragma							true		182
system	main	verify_fetch_row	pragma							true		186
system	main	verify_parallelism	pragma							true		194
system	main	verify_serializer	pragma							true		190
system	main	version	pragma							true		152
system	main	version	scalar	VARCHAR					false	true	Returns the currently active version of DuckDB in this format: v0.3.2 	1303
system	main	wavg	macro		value|weight			weighted_avg("value", weight)		true		2073
system	main	week	scalar	BIGINT	ts	DATE			false	true	Extract the week component from a date or timestamp	1907
system	main	week	scalar	BIGINT	ts	INTERVAL			false	true	Extract the week component from a date or timestamp	1907
system	main	week	scalar	BIGINT	ts	TIMESTAMP			false	true	Extract the week component from a date or timestamp	1907
system	main	week	scalar	BIGINT	ts	TIMESTAMP WITH TIME ZONE			false	true	Extract the week component from a date or timestamp	1907
system	main	weekday	scalar	BIGINT	ts	DATE			false	true	Extract the weekday component from a date or timestamp	1918
system	main	weekday	scalar	BIGINT	ts	INTERVAL			false	true	Extract the weekday component from a date or timestamp	1918
system	main	weekday	scalar	BIGINT	ts	TIMESTAMP			false	true	Extract the weekday component from a date or timestamp	1918
system	main	weekday	scalar	BIGINT	ts	TIMESTAMP WITH TIME ZONE			false	true	Extract the weekday component from a date or timestamp	1918
system	main	weekofyear	scalar	BIGINT	ts	DATE			false	true	Extract the weekofyear component from a date or timestamp	1919
system	main	weekofyear	scalar	BIGINT	ts	INTERVAL			false	true	Extract the weekofyear component from a date or timestamp	1919
system	main	weekofyear	scalar	BIGINT	ts	TIMESTAMP			false	true	Extract the weekofyear component from a date or timestamp	1919
system	main	weekofyear	scalar	BIGINT	ts	TIMESTAMP WITH TIME ZONE			false	true	Extract the weekofyear component from a date or timestamp	1919
system	main	weighted_avg	macro		value|weight			(sum(("value" * weight)) / sum(CASE  WHEN (("value" IS NOT NULL)) THEN (weight) ELSE 0 END))		true		2072
system	main	which_secret	table		col0|col1	VARCHAR|VARCHAR				true		60
system	main	write_log	scalar	ANY	string	VARCHAR	ANY		true	true	Writes to the logger	608
system	main	xor	scalar	TINYINT	left|right	TINYINT|TINYINT			false	true	Bitwise XOR	1308
system	main	xor	scalar	SMALLINT	left|right	SMALLINT|SMALLINT			false	true	Bitwise XOR	1308
system	main	xor	scalar	INTEGER	left|right	INTEGER|INTEGER			false	true	Bitwise XOR	1308
system	main	xor	scalar	BIGINT	left|right	BIGINT|BIGINT			false	true	Bitwise XOR	1308
system	main	xor	scalar	HUGEINT	left|right	HUGEINT|HUGEINT			false	true	Bitwise XOR	1308
system	main	xor	scalar	UTINYINT	left|right	UTINYINT|UTINYINT			false	true	Bitwise XOR	1308
system	main	xor	scalar	USMALLINT	left|right	USMALLINT|USMALLINT			false	true	Bitwise XOR	1308
system	main	xor	scalar	UINTEGER	left|right	UINTEGER|UINTEGER			false	true	Bitwise XOR	1308
system	main	xor	scalar	UBIGINT	left|right	UBIGINT|UBIGINT			false	true	Bitwise XOR	1308
system	main	xor	scalar	UHUGEINT	left|right	UHUGEINT|UHUGEINT			false	true	Bitwise XOR	1308
system	main	xor	scalar	BIT	left|right	BIT|BIT			false	true	Bitwise XOR	1308
system	main	year	scalar	BIGINT	ts	DATE			false	true	Extract the year component from a date or timestamp	1894
system	main	year	scalar	BIGINT	ts	INTERVAL			false	true	Extract the year component from a date or timestamp	1894
system	main	year	scalar	BIGINT	ts	TIMESTAMP			false	true	Extract the year component from a date or timestamp	1894
system	main	year	scalar	BIGINT	ts	TIMESTAMP WITH TIME ZONE			false	true	Extract the year component from a date or timestamp	1894
system	main	yearweek	scalar	BIGINT	ts	DATE			false	true	Extract the yearweek component from a date or timestamp	1916
system	main	yearweek	scalar	BIGINT	ts	INTERVAL			false	true	Extract the yearweek component from a date or timestamp	1916
system	main	yearweek	scalar	BIGINT	ts	TIMESTAMP			false	true	Extract the yearweek component from a date or timestamp	1916
system	main	yearweek	scalar	BIGINT	ts	TIMESTAMP WITH TIME ZONE			false	true	Extract the yearweek component from a date or timestamp	1916
system	main	|	scalar	TINYINT	left|right	TINYINT|TINYINT			false	true	Bitwise OR	1312
system	main	|	scalar	SMALLINT	left|right	SMALLINT|SMALLINT			false	true	Bitwise OR	1312
system	main	|	scalar	INTEGER	left|right	INTEGER|INTEGER			false	true	Bitwise OR	1312
system	main	|	scalar	HUGEINT	left|right	HUGEINT|HUGEINT			false	true	Bitwise OR	1312
system	main	|	scalar	UTINYINT	left|right	UTINYINT|UTINYINT			false	true	Bitwise OR	1312
system	main	|	scalar	USMALLINT	left|right	USMALLINT|USMALLINT			false	true	Bitwise OR	1312
system	main	|	scalar	UINTEGER	left|right	UINTEGER|UINTEGER			false	true	Bitwise OR	1312
system	main	|	scalar	UBIGINT	left|right	UBIGINT|UBIGINT			false	true	Bitwise OR	1312
system	main	|	scalar	UHUGEINT	left|right	UHUGEINT|UHUGEINT			false	true	Bitwise OR	1312
system	main	|	scalar	BIT	left|right	BIT|BIT			false	true	Bitwise OR	1312
system	main	|	scalar	BIGINT	left|right	BIGINT|BIGINT			false	true	Bitwise OR	1312
system	main	||	scalar	ANY	arg1|arg2	ANY|ANY			false	true	Concatenates two strings, lists, or blobs. Any `NULL` input results in `NULL`. See also `concat(arg1, arg2, ...)` and `list_concat(list1, list2, ...)`.	610
system	main	~	scalar	TINYINT	input	TINYINT			false	true	Bitwise NOT	1314
system	main	~	scalar	SMALLINT	input	SMALLINT			false	true	Bitwise NOT	1314
system	main	~	scalar	INTEGER	input	INTEGER			false	true	Bitwise NOT	1314
system	main	~	scalar	USMALLINT	input	USMALLINT			false	true	Bitwise NOT	1314
system	main	~	scalar	UINTEGER	input	UINTEGER			false	true	Bitwise NOT	1314
system	main	~	scalar	UBIGINT	input	UBIGINT			false	true	Bitwise NOT	1314
system	main	~	scalar	UHUGEINT	input	UHUGEINT			false	true	Bitwise NOT	1314
system	main	~	scalar	BIT	input	BIT			false	true	Bitwise NOT	1314
system	main	~	scalar	HUGEINT	input	HUGEINT			false	true	Bitwise NOT	1314
system	main	~	scalar	UTINYINT	input	UTINYINT			false	true	Bitwise NOT	1314
system	main	~	scalar	BIGINT	input	BIGINT			false	true	Bitwise NOT	1314
system	main	~~	scalar	BOOLEAN	col0|col1	VARCHAR|VARCHAR			false	true		612
system	main	~~*	scalar	BOOLEAN	col0|col1	VARCHAR|VARCHAR			false	true		614
system	main	~~~	scalar	BOOLEAN	col0|col1	VARCHAR|VARCHAR			false	true		616
