test	mode	position	shapes	sql_prefix	census_arms
meta::external::store::relational::modelJoins::test::testJoinWithConstantDate	default	project	grouped-subselect-join	select "root".value as "Value", "legalentity_view_0".name as "Client/Name" from Trades.Trade as "root" left outer join (select "root".ENTITY_ID as ENTITY_ID, "r	exists-material
meta::external::store::relational::modelJoins::test::testJoinWithConstantDouble	default	project	grouped-subselect-join	select "root".value as "Value", "legalentity_view_0".name as "Client/Name" from Trades.Trade as "root" left outer join (select "root".ENTITY_ID as ENTITY_ID, "r	exists-material
meta::external::store::relational::modelJoins::test::testJoinWithConstantString	default	project	grouped-subselect-join+on-clause-literal-pred	select "root".value as "Value", "legalentity_view_0".name as "Client/Name" from Trades.Trade as "root" left outer join (select "root".ENTITY_ID as ENTITY_ID, "r	exists-material
meta::external::store::relational::modelJoins::test::testJoinWithInequalities	default	project	grouped-subselect-join	select "root".value as "Value", "legalentity_view_0".name as "Client/Name" from Trades.Trade as "root" left outer join (select "root".ENTITY_ID as ENTITY_ID, "r	exists-material
meta::external::store::relational::modelJoins::test::testPersonToFirmUsingFromProject	default	project	no-sql-golden		exists-material
meta::pure::alloy::connections::tests::relationalMapper::testRelationalMapperTwoDBs	default	filter+project	on-clause-literal-pred+top-where-pred	select "root".NAME as "name", "synonymtable_0".NAME as "cusip" from snDB.productSchemaNewDBINC.productTableNewINC as "root" left outer join snDB.productSchemaNe	exists-join-form-dedup|exists-material
meta::pure::alloy::connections::tests::relationalMapper::testRelationalMapperWithJoin	default	project	on-clause-literal-pred	select "addresstable_0".NAME as "address" from snDBDefault.default.firmTableNew as "root" left outer join snDBDefault.default.personTable as "persontable_0" on 	exists-material
meta::pure::executionPlan::tests::tdsWithEnumReturn	default	project	no-sql-golden		exists-material
meta::pure::executionPlan::tests::testGroupByWithOpenVariableInAgg	default	filter+groupBy	no-sql-golden		exists-material
meta::pure::executionPlan::tests::testGroupByWithTwoOpenVariablesInAggAndFilter	default	filter+groupBy	no-sql-golden		exists-material
meta::pure::executionPlan::tests::testMultiExpressionWithPlatformAndFromFunction	default	filter+map	no-sql-golden		exists-material
meta::pure::executionPlan::tests::testTemporalDateVariableInFunctionExpression	default	filter+project	top-where-pred	select "productclassificationtable_0".type as "classificationType" from ProductTable as "root" left outer join ProductClassificationTable as "productclassificat	exists-material
meta::pure::executionPlan::tests::testTemporalDateVariableInFunctionExpression	default	filter+project	top-where-pred	select "productclassificationtable_0".type as "classificationType" from ProductTable as "root" left outer join ProductClassificationTable as "productclassificat	exists-material
meta::pure::executionPlan::tests::testTemporalDateVariableInFunctionExpressionWithPropagation	default	filter+project	filtered-subselect-join+top-where-pred	select "productexchangetable_0".name as "exchangeName" from ProductTable as "root" left outer join ProductClassificationTable as "productclassificationtable_0" 	exists-material
meta::pure::executionPlan::tests::testTemporalDateVariableInFunctionExpressionWithPropagation	default	filter+project	filtered-subselect-join+top-where-pred	select "productexchangetable_0".name as "exchangeName" from ProductTable as "root" left outer join ProductClassificationTable as "productclassificationtable_0" 	exists-material
meta::pure::executionPlan::tests::testTemporalDateVariableInPropertySequence	default	filter+project	on-clause-literal-pred+top-where-pred	select "productclassificationtable_0".type as "classificationType" from ProductTable as "root" left outer join ProductClassificationTable as "productclassificat	exists-material
meta::pure::executionPlan::tests::testTemporalDateVariableInPropertySequence	default	filter+project	top-where-pred	select "productclassificationtable_0".type as "classificationType" from ProductTable as "root" left outer join ProductClassificationTable as "productclassificat	exists-material
meta::pure::lineage::scanColumns::test::testQualifier	default	map+project	no-sql-golden		exists-material
meta::pure::lineage::scanColumns::test::testSubType	default	map+project	no-sql-golden		exists-material
meta::relational::graphFetch::tests::chain::testRelationalChainExecutionFlat	default	other	no-sql-golden		correlated-count-reducer
meta::relational::graphFetch::tests::chain::testRelationalChainExecutionNested	default	other	no-sql-golden		correlated-count-reducer
meta::relational::graphFetch::tests::chain::testRelationalChainExecutionWithFilter	default	filter	no-sql-golden		correlated-count-reducer
meta::relational::graphFetch::tests::chain::testRelationalChainExecutionWithInScopeVariableFilter	default	filter	no-sql-golden		correlated-count-reducer
meta::relational::graphFetch::tests::milestoning::testSnapshotMilestoning	default	filter	no-sql-golden		exists-material
meta::relational::graphFetch::tests::qualifier::testEnumParameter	default	filter	no-sql-golden		exists-join-form-dedup|exists-material
meta::relational::graphFetch::tests::qualifier::testSubAggregationInQualifier	default	other	no-sql-golden		correlated-agg-reducer
meta::relational::graphFetch::tests::resultSourcing::testSourcingJsonResultToQuery	default	filter+project	no-sql-golden		exists-material
meta::relational::graphFetch::tests::resultSourcing::testSourcingJsonResultToQueryWithFiltersInMapping	default	filter+project	no-sql-golden		exists-material
meta::relational::graphFetch::tests::resultSourcing::testSourcingJsonResultToQueryWithParametersInUrl	default	filter+project	no-sql-golden		exists-material
meta::relational::graphFetch::tests::simple::testSelfJoinWithFilterOnPropertyHavingSameDatatypeAsRootInGraphFetchTree	default	filter	no-sql-golden		exists-material
meta::relational::testDataGeneration::tests::TestDatGenForNestedViews	default	project	no-sql-golden		exists-material
meta::relational::testDataGeneration::tests::testDataGenerationWithBiTemporalMilestoning	default	project	no-sql-golden		exists-material
meta::relational::testDataGeneration::tests::testDataGenerationWithBiTemporalMilestoning_WithMilestoningDates	default	project	no-sql-golden		exists-material
meta::relational::testDataGeneration::tests::testDataGenerationWithBusinessDateMilestoning_WithMilestoningDates	default	project	no-sql-golden		exists-material
meta::relational::testDataGeneration::tests::testDataGenerationWithSnapshotMilestoning_WithMilestoningDates	default	project	no-sql-golden		exists-material
meta::relational::testDataGeneration::tests::testInheritanceMultipleLevel	default	project	single-table	select top 20  	"root".ID, "root".name  from Person as "root"  where "root".ID = '1' or "root".name = 'Atul Anand'	exists-material
meta::relational::testDataGeneration::tests::testInheritanceMultipleLevel	default	project	plain-join	select top 20  	"bicycle_0".ID, "bicycle_0".b_PersonID  from testDataGen_Temp_Person as "testdatagen_temp_person_0"  	inner join Bicycle  	as "bicycle_0" 	 on (	exists-material
meta::relational::testDataGeneration::tests::testInheritanceMultipleLevel	default	project	plain-join	select top 20  	"person_0".ID, "person_0".name  from testDataGen_Temp_Bicycle as "testdatagen_temp_bicycle_0"  	inner join Person  	as "person_0" 	 on ("person_	exists-material
meta::relational::testDataGeneration::tests::testInheritanceMultipleLevel	default	project	plain-join	select top 20  	"car_0".ID, "car_0".c_PersonID, "car_0".engineType  from testDataGen_Temp_Person as "testdatagen_temp_person_0"  	inner join Car  	as "car_0" 	 	exists-material
meta::relational::testDataGeneration::tests::testInheritanceMultipleTableJoin	default	project	single-table	select top 20 "root".ID, "root".name from Person as "root" where "root".ID = '1' or "root".name = 'Atul Anand'	exists-material
meta::relational::testDataGeneration::tests::testInheritanceMultipleTableJoin	default	project	plain-join	select top 20 "bicycle_0".ID, "bicycle_0".b_Description, "bicycle_0".b_PersonID from testDataGen_Temp_Person as "testdatagen_temp_person_0" inner join Bicycle a	exists-material
meta::relational::testDataGeneration::tests::testInheritanceMultipleTableJoin	default	project	plain-join	select top 20 "car_0".ID, "car_0".c_Description, "car_0".c_PersonID from testDataGen_Temp_Person as "testdatagen_temp_person_0" inner join Car as "car_0" on ("t	exists-material
meta::relational::testDataGeneration::tests::testQualifier	default	project	single-table	select top 20  	"root".ID, "root".prodId  from tradeTable as "root"  where "root".tradeDate = '2014-12-04' or "root".prodId = 2	exists-material
meta::relational::testDataGeneration::tests::testQualifier	default	project	single-table	select top 20  	"root".ID, "root".prodId  from tradeTable as "root"  where "root".tradeDate = DATE'2014-12-04' or "root".prodId = 2	exists-material
meta::relational::testDataGeneration::tests::testQualifier	default	project	plain-join	select top 20  	"producttable_0".ID, "producttable_0".NAME  from testDataGen_Temp_tradeTable as "testdatagen_temp_tradetable_0"  	inner join productSchema.produ	exists-material
meta::relational::testDataGeneration::tests::testQualifier	default	project	plain-join	select top 20  	"synonymtable_0".ID, "synonymtable_0".NAME, "synonymtable_0".PRODID, "synonymtable_0".TYPE  from testDataGen_Temp_productTable as "testdatagen_t	exists-material
meta::relational::testDataGeneration::tests::testSelfJoin	default	project	single-table	select top 20  	"root".FIRSTNAME, "root".ID, "root".LASTNAME, "root".MANAGERID  from personTable as "root"  where "root".ID = 5 or "root".ID = 1	exists-material
meta::relational::testDataGeneration::tests::testSelfJoin	default	project	plain-join	select top 20  	"persontable_0".FIRSTNAME, "persontable_0".ID, "persontable_0".LASTNAME, "persontable_0".MANAGERID  from testDataGen_Temp_personTable as "testda	exists-material
meta::relational::testDataGeneration::tests::testSelfJoin	default	project	plain-join	select top 20  	"persontable_0".FIRSTNAME, "persontable_0".ID, "persontable_0".LASTNAME, "persontable_0".MANAGERID  from testDataGen_Temp_personTable as "testda	exists-material
meta::relational::testDataGeneration::tests::testSimpleTwoTable	default	project	single-table	select top 20  	"root".ID, "root".name  from Person as "root"  where "root".name = 'Atul Anand'	exists-material
meta::relational::testDataGeneration::tests::testSimpleTwoTable	default	project	plain-join	select top 20  	"bicycle_0".ID, "bicycle_0".b_PersonID  from testDataGen_Temp_Person as "testdatagen_temp_person_0"  	inner join Bicycle  	as "bicycle_0" 	 on (	exists-material
meta::relational::testDataGeneration::tests::testSimpleTwoTableMultipleStartRows	default	project	single-table	select top 20  	"root".ID, "root".name  from Person as "root"  where "root".ID = '1' or "root".name = 'Atul Anand'	exists-material
meta::relational::testDataGeneration::tests::testSimpleTwoTableMultipleStartRows	default	project	plain-join	select top 20  	"bicycle_0".ID, "bicycle_0".b_PersonID  from testDataGen_Temp_Person as "testdatagen_temp_person_0"  	inner join Bicycle  	as "bicycle_0" 	 on (	exists-material
meta::relational::testDataGeneration::tests::testSimpleViewRootToJoin	default	project	no-sql-golden		exists-material
meta::relational::testDataGeneration::tests::testUnion	default	project	single-table	select top 20  	"root".ID, "root".name  from FirmSet1 as "root"  where "root".name = 'Firm X'	exists-material
meta::relational::testDataGeneration::tests::testUnion	default	project	plain-join	select top 20  	"personmaster_0".FirmID, "personmaster_0".ID, "personmaster_0".lastName  from testDataGen_Temp_FirmSet1 as "testdatagen_temp_firmset1_0"  	inner	exists-material
meta::relational::testDataGeneration::tests::testUnion	default	project	plain-join	select top 20  	"personmaster_0".FirmID, "personmaster_0".ID, "personmaster_0".lastName  from testDataGen_Temp_FirmSet1 as "testdatagen_temp_firmset1_0"  	inner	exists-material
meta::relational::testDataGeneration::tests::testUnion	default	project	single-table	select top 20  	"root".ID, "root".name  from FirmSet2 as "root"  where "root".name = 'Firm A'	exists-material
meta::relational::testDataGeneration::tests::testUnion	default	project	plain-join	select top 20  	"personmaster_0".FirmID, "personmaster_0".ID, "personmaster_0".lastName  from testDataGen_Temp_FirmSet2 as "testdatagen_temp_firmset2_0"  	inner	exists-material
meta::relational::testDataGeneration::tests::testUnion	default	project	plain-join	select top 20  	"personmaster_0".FirmID, "personmaster_0".ID, "personmaster_0".lastName  from testDataGen_Temp_FirmSet2 as "testdatagen_temp_firmset2_0"  	inner	exists-material
meta::relational::testDataGeneration::tests::testUnionToUnionMultipleLevels	default	project	no-sql-golden		exists-material
meta::relational::testDataGeneration::tests::testUnionToUnionMultipleLevelsWithStringHashing	default	project	no-sql-golden		exists-material
meta::relational::testDataGeneration::tests::testUnionViewOnView	default	project	no-sql-golden		exists-material
meta::relational::testDataGeneration::tests::testViewEmbeddedInChainedJoin	default	project	no-sql-golden		exists-material
meta::relational::tests::advanced::failures::moveFilterInOnClause::failMoveFilterInOnClauseJoin	default	map+project	filtered-subselect-join+top-where-pred	select "root".NAME as "name", "synonymtable_0".NAME as "cusip" from productTable as "root" left outer join (select "synonymtable_1".PRODID as PRODID, "synonymta	exists-material
meta::relational::tests::advanced::failures::moveFilterInOnClause::failMoveFilterInOnClauseModel	default	map+project	filtered-subselect-join+top-where-pred	select "root".NAME as "name", "synonymtable_0".NAME as "cusip" from productTable as "root" left outer join (select "synonymtable_1".PRODID as PRODID, "synonymta	exists-material
meta::relational::tests::advanced::forced::filter::testFilterMappingWithProjectionOverlappForcedCorrelated	forced	other	filtered-subselect-join+top-where-pred	select "root".name as "name", "orgtable_1".name as "p_name", "orgtable_3".name as "p_p_name" from orgTable as "root" left outer join (select "orgtable_2".id as 	correlated-count-reducer|exists-material
meta::relational::tests::advanced::forced::filter::testFilterMappingWithProjectionOverlappForcedOnClause	forced	other	top-where-pred	select "root".name as "name", "orgtable_1".name as "p_name", "orgtable_2".name as "p_p_name" from orgTable as "root" left outer join orgTable as "orgtable_1" on	correlated-count-reducer|exists-material
meta::relational::tests::advanced::forced::injection::testProject	forced	map+project	no-sql-golden		correlated-count-reducer|exists-material
meta::relational::tests::advanced::forced::milestoning::testMilestoningQueryWithSimpleProjectWithMilestoneFilterForcedCorrelated	forced	other	filtered-subselect-join+top-where-pred	select "root".name as "name", "productclassificationtable_0".type_description as "classificationDescription" from ProductTable as "root" left outer join (select	exists-material
meta::relational::tests::advanced::forced::milestoning::testMilestoningQueryWithSimpleProjectWithMilestoneFilterForcedCorrelated	forced	other	filtered-subselect-join+top-where-pred	select "root".name as "name", "productclassificationtable_0".type_description as "classificationDescription" from ProductTable as "root" left outer join (select	exists-material
meta::relational::tests::advanced::forced::milestoning::testMilestoningQueryWithSimpleProjectWithMilestoneFilterForcedOnClause	forced	other	on-clause-literal-pred+top-where-pred	select "root".name as "name", "productclassificationtable_0".type_description as "classificationDescription" from ProductTable as "root" left outer join Product	exists-material
meta::relational::tests::advanced::forced::milestoning::testMilestoningQueryWithSimpleProjectWithMilestoneFilterForcedOnClause	forced	other	top-where-pred	select "root".name as "name", "productclassificationtable_0".type_description as "classificationDescription" from ProductTable as "root" left outer join Product	exists-material
meta::relational::tests::advanced::forced::milestoning::testNonMilestoningQueryWithMilestoneFilterProjectForcedCorrelated	forced	other	filtered-subselect-join+top-where-pred	select "root".id as "orderId", "producttable_2".name as "productName" from OrderTable as "root" left outer join (select distinct "producttable_1".id from (selec	exists-join-form-dedup|exists-material
meta::relational::tests::advanced::forced::milestoning::testNonMilestoningQueryWithMilestoneFilterProjectForcedCorrelated	forced	other	filtered-subselect-join+top-where-pred	select "root".id as "orderId", "producttable_2".name as "productName" from OrderTable as "root" left outer join (select distinct "producttable_1".id from (selec	exists-join-form-dedup|exists-material
meta::relational::tests::advanced::forced::milestoning::testNonMilestoningQueryWithMilestoneFilterProjectForcedOnClause	forced	other	filtered-subselect-join+on-clause-literal-pred+top-where-pred	select "root".id as "orderId", "producttable_2".name as "productName" from OrderTable as "root" left outer join (select distinct "producttable_1".id, "productta	exists-join-form-dedup|exists-material
meta::relational::tests::advanced::forced::milestoning::testNonMilestoningQueryWithMilestoneFilterProjectForcedOnClause	forced	other	filtered-subselect-join+top-where-pred	select "root".id as "orderId", "producttable_2".name as "productName" from OrderTable as "root" left outer join (select distinct "producttable_1".id, "productta	exists-join-form-dedup|exists-material
meta::relational::tests::advanced::forced::qualifier::testDerivedWithFilteringTwoPropertiesForcedCorrelated	forced	other	filtered-subselect-join+top-where-pred	select "root".NAME as "name", "synonymtable_0".NAME as "cusip", "synonymtable_2".NAME as "isin" from productSchema.productTable as "root" left outer join (selec	exists-material
meta::relational::tests::advanced::forced::qualifier::testDerivedWithFilteringTwoPropertiesForcedOnClause	forced	other	on-clause-literal-pred	select "root".NAME as "name", "synonymtable_0".NAME as "cusip", "synonymtable_1".NAME as "isin" from productSchema.productTable as "root" left outer join produc	exists-material
meta::relational::tests::advanced::forced::structure::testQualifierQuery	forced	filter	top-where-pred	select "root".ID as "pk_0", "root".LEGALNAME as "legalName" from firmTable as "root" left outer join (select "persontable_1".FIRMID as FIRMID, "persontable_1".F	exists-join-form-dedup|exists-material
meta::relational::tests::advanced::forced::structure::testQualifierQueryWithOr	forced	filter	top-where-pred	select "root".ID as "pk_0", "root".LEGALNAME as "legalName" from firmTable as "root" left outer join (select "persontable_1".FIRMID as FIRMID, "persontable_1".F	exists-material
meta::relational::tests::advanced::forced::structure::testQualifierWithOperation	forced	map	top-where-pred	select concat("persontable_0".FIRSTNAME, 'Test') from firmTable as "root" left outer join (select "persontable_0".FIRMID as FIRMID, "persontable_0".FIRSTNAME as	exists-material
meta::relational::tests::advanced::forced::structure::testTwoQualifiersWithOperation	forced	map	top-where-pred	select concat("persontable_0".FIRSTNAME, "persontable_2".FIRSTNAME) from firmTable as "root" left outer join (select "persontable_0".FIRMID as FIRMID, "personta	exists-material
meta::relational::tests::advanced::forcedselfjoin::isolationTest	default	filter+project	filtered-subselect-join+top-where-pred	select "root".legalName as "firmname", concat("persontable_0".firstName, ' ', "persontable_0".lastName) as "employeeProductName", "persontable_1".name as "testC	exists-material
meta::relational::tests::advanced::resultSourcing::relationalResultSourcingOfList	default	filter+project	no-sql-golden		exists-join-form-dedup|exists-material
meta::relational::tests::advanced::structure::testForcedIsolationFilterOnTop	forced	filter	top-where-pred	select "root".ID as "pk_0", "root".LEGALNAME as "legalName" from firmTable as "root" left outer join personTable as "persontable_0" on ("root".ID = "persontable	exists-material
meta::relational::tests::advanced::structure::testIfIncludingQualifiers	default	filter+project	filtered-subselect-join+top-where-pred	select case when true then "persontable_2".LASTNAME else "persontable_3".LASTNAME end as "name1" from firmTable as "root" left outer join (select distinct "pers	correlated-count-reducer|exists-join-form-dedup|exists-material
meta::relational::tests::advanced::structure::testLiteralConditionsForcedIsolation	forced	filter	filtered-subselect-join+top-where-pred	select "root".ID as "pk_0", "root".LEGALNAME as "legalName" from firmTable as "root" left outer join personTable as "persontable_0" on ("root".ID = "persontable	exists-join-form-dedup|exists-material
meta::relational::tests::advanced::structure::testMultipleIsolationWithSameProp	default	filter+project	filtered-subselect-join+top-where-pred	select "root".FIRSTNAME as "1", "addresstable_2".NAME as "2" from personTable as "root" left outer join (select "firmtable_1".ID as ID, "firmtable_1".ADDRESSID 	exists-material
meta::relational::tests::advanced::structure::testQualifierContainingAJoinWithIsolationAndExistsDeep	default	filter	top-where-pred	select "root".ID as "pk_0", "root".FIRSTNAME as "firstName", "root".AGE as "age", "root".LASTNAME as "lastName" from personTable as "root" left outer join firmT	exists-join-form-dedup|exists-material
meta::relational::tests::advanced::structure::testQualifierQuery	default	filter	top-where-pred	select "root".ID as "pk_0", "root".LEGALNAME as "legalName" from firmTable as "root" left outer join personTable as "persontable_0" on ("root".ID = "persontable	exists-join-form-dedup|exists-material
meta::relational::tests::advanced::structure::testQualifierQueryWithOr	default	filter	top-where-pred	select "root".ID as "pk_0", "root".LEGALNAME as "legalName" from firmTable as "root" left outer join personTable as "persontable_0" on ("root".ID = "persontable	exists-material
meta::relational::tests::advanced::structure::testQualifierWithForkAndOrWithInline	default	filter+map+project	filtered-subselect-join+top-where-pred	select "persontable_3".FIRSTNAME as "name1", "persontable_3".LASTNAME as "name2", "persontable_0".LASTNAME as "name3", "persontable_3".LASTNAME as "name4", "per	exists-material
meta::relational::tests::advanced::structure::testQualifierWithForkAndOrWithInlineWithOffset	default	filter+map+project	filtered-subselect-join+top-where-pred	select "root".LASTNAME as "name1", "firmtable_0".LEGALNAME as "name2", "persontable_3".FIRSTNAME as "name3", "persontable_3".LASTNAME as "name4", "persontable_3	exists-join-form-dedup|exists-material
meta::relational::tests::advanced::structure::testQualifierWithForkAndOrWithInlineWithOffsetExplosion	default	filter+map+project	filtered-subselect-join+top-where-pred	select "root".LASTNAME as "name1", "firmtable_0".LEGALNAME as "name2", "persontable_3".FIRSTNAME as "name3", "persontable_6".FIRSTNAME as "name4", "persontable_	exists-join-form-dedup|exists-material
meta::relational::tests::advanced::structure::testQualifierWithIsolation	forced	project	filtered-subselect-join+top-where-pred	select case when "persontable_0".LASTNAME = 'ok' then null else "persontable_0".AGE * "persontable_4".AGE end as "name1" from firmTable as "root" left outer joi	exists-material
meta::relational::tests::advanced::structure::testQualifierWithIsolationAndExists	default	filter+project	filtered-subselect-join+top-where-pred	select "persontable_2".LASTNAME as "name1" from firmTable as "root" left outer join (select distinct "persontable_1".FIRMID from personTable as "persontable_1" 	correlated-count-reducer|exists-join-form-dedup|exists-material
meta::relational::tests::advanced::structure::testQualifierWithIsolationAndExistsDeep	default	filter	filtered-subselect-join+top-where-pred	select "root".ID as "pk_0", "root".FIRSTNAME as "firstName", "root".AGE as "age", "root".LASTNAME as "lastName" from personTable as "root" left outer join firmT	correlated-count-reducer|exists-join-form-dedup|exists-material
meta::relational::tests::advanced::structure::testQualifierWithIsolationAndExistsDeepWithParallelProject	default	filter+project	filtered-subselect-join+top-where-pred	select "persontable_4".LASTNAME as "name1" from personTable as "root" left outer join firmTable as "firmtable_0" on ("firmtable_0".ID = "root".FIRMID) left oute	exists-join-form-dedup|exists-material
meta::relational::tests::advanced::structure::testQualifierWithIsolationForced	forced	project	filtered-subselect-join+top-where-pred	select case when "persontable_1".LASTNAME = 'smith' then 'ok' else 'bla' end as "name1", "firmtable_1".LEGALNAME as "name3" from personTable as "root" left oute	exists-material
meta::relational::tests::advanced::structure::testQualifierWithIsolationForced2	forced	project	filtered-subselect-join+top-where-pred	select "firmtable_1".LEGALNAME as "name1", "addresstable_0".NAME as "name2" from personTable as "root" left outer join firmTable as "firmtable_0" on ("firmtable	exists-material
meta::relational::tests::advanced::structure::testQualifierWithIsolationXX	default	project	on-clause-literal-pred	select case when "persontable_0".LASTNAME = 'ok' then null else concat("persontable_0".LASTNAME, "firmtable_1".LEGALNAME) end as "name1" from firmTable as "root	exists-material
meta::relational::tests::advanced::structure::testQualifierWithLineAndOrWithInLine	default	filter+map+project	filtered-subselect-join+top-where-pred	select "root".LEGALNAME as "name1", "persontable_0".FIRSTNAME as "name2", "persontable_0".LASTNAME as "name3" from firmTable as "root" left outer join (select "	exists-material
meta::relational::tests::advanced::structure::testQualifierWithOperation	default	map	top-where-pred	select concat("persontable_0".FIRSTNAME, 'Test') from firmTable as "root" left outer join personTable as "persontable_0" on ("root".ID = "persontable_0".FIRMID)	exists-material
meta::relational::tests::advanced::structure::testTwoQualifiersWithOperation	default	map	top-where-pred	select concat("persontable_0".FIRSTNAME, "persontable_2".FIRSTNAME) from firmTable as "root" left outer join personTable as "persontable_0" on ("root".ID = "per	exists-material
meta::relational::tests::aggregationAware::testRewrite::objectGroupBy::testRewriteEmployeeToSales	default	filter+project	plain-join	select "root".first_name as "Sales Person First Name", "product_0".prod_id as "Product ID", "salestable_0".discount as "Discount" from base_view.Employee as "ro	exists-material
meta::relational::tests::aggregationAware::testRewrite::objectGroupBy::testRewriteEmployeeToSalesBackToEmployee	default	filter+project	plain-join	select "root".first_name as "Sales Person First Name", "employee_1".first_name as "All Sales Person First Name", "salestable_0".discount as "Discount" from base	exists-material
meta::relational::tests::aggregationAware::testRewrite::objectGroupBy::testRewriteEmployeeToSalesToProduct	default	filter+project	plain-join	select "root".first_name as "Sales Person First Name", "product_0".prod_id as "Product ID", "product_0".prod_name as "Product Name", "employee_1".first_name as 	exists-material
meta::relational::tests::aggregationAware::testRewrite::objectGroupBy::testRewriteEmployeeToSalesToProductToProdLine	default	filter+project	plain-join	select "root".first_name as "Sales Person First Name", "product_0".prod_id as "Product ID", "productline_0".prod_line_name as "Product Line", "employee_1".first	exists-material
meta::relational::tests::aggregationAware::testRewrite::objectGroupBy::testRewriteSwitchToProdLineSalesPersonYearTable	default	groupBy	grouped-subselect-join	select "employee_0".last_name as "Sales Person Last Name", "productline_0".prod_line_name as "Product Line", "salestable_prodline_salesperson_year_1".aggCol as 	exists-material
meta::relational::tests::aggregationAware::testRewrite::objectGroupBy::testRewriteSwitchToProdLineYearTable	default	groupBy	grouped-subselect-join	select "productline_0".prod_line_name as "Product Line", "salestable_prodline_year_1".aggCol as "Products Concat", sum("root".revenue) as "Total Price 1" from u	exists-material
meta::relational::tests::aggregationAware::testRewrite::objectGroupBy::testRewriteSwitchToProductMonthTable	default	filter+groupBy	top-where-pred	select "product_0".prod_id as "Product ID", "product_0".prod_name as "Product Name", "productline_0".prod_line_name as "Product Line", "calendar_0".fiscal_month	exists-material
meta::relational::tests::aggregationAware::testRewrite::objectGroupBy::testRewriteSwitchToSalesTable	default	groupBy	plain-join	select "product_0".prod_id as "Product ID", "root".discount as "Discount", "calendar_0".dt_date as "Product Date/Date", "calendar_0".fiscal_month as "Product Da	exists-material
meta::relational::tests::aggregationAware::testRewrite::objectGroupBy::testRewriteSwitchToSalesTableWithQualifiedProperty	default	groupBy	plain-join	select concat("product_0".prod_name, ': ', cast("root".revenue as varchar)) as "Product Description", sum("root".revenue) as "Total Price Sum" from user_view_ag	exists-material
meta::relational::tests::aggregationAware::testRewrite::objectGroupBy::testRewriteWithMilestonedDescriptionPropertyAccess	default	groupBy	filtered-subselect-join+top-where-pred	select "product_0".prod_id as "Product ID", concat("productdescription_0".prod_description, ':', 'abc') as "Product Description", sum("root".revenue) as "Revenu	exists-material
meta::relational::tests::aggregationAware::testRewrite::objectGroupBy::testRewriteWithMilestonedDescriptionPropertyAccess	default	groupBy	filtered-subselect-join+top-where-pred	select "product_0".prod_id as "Product ID", concat("productdescription_0".prod_description, ':', 'abc') as "Product Description", sum("root".revenue) as "Revenu	exists-material
meta::relational::tests::aggregationAware::testRewrite::objectGroupBy::testRewriteWithTDSJoin	default	filter+groupBy	grouped-subselect-join+top-where-pred	select "salestable_month_0"."Product ID" as "Product ID", "salestable_month_0"."Total Price 1" as "Total Price 1", "salestable_month_0"."Total Price 2" as "Tota	exists-material
meta::relational::tests::aggregationAware::testRewriteAsNOP::nonAggregationAware::testRewriteFilter	default	filter	top-where-pred	select "product_0".prod_id from base_view.SalesTable as "root" left outer join base_view.Product as "product_0" on ("root".product_id = "product_0".prod_id) whe	exists-material
meta::relational::tests::aggregationAware::testRewriteAsNOP::nonAggregationAware::testRewriteProjectCol	default	filter+project	plain-join	select "product_0".prod_id as "Product ID" from base_view.SalesTable as "root" left outer join base_view.Product as "product_0" on ("root".product_id = "product	exists-material
meta::relational::tests::aggregationAware::testRewriteAsNOP::nonAggregationAware::testRewriteProjectColMulti	default	filter+project	plain-join	select "product_0".prod_id as "Product ID", case when "root".is_cancelled_flag = 'Y' then 'true' else 'false' end as "Is Cancelled" from base_view.SalesTable as	exists-material
meta::relational::tests::aggregationAware::testRewriteAsNOP::nonAggregationAware::testRewriteProjectFunction	default	filter+project	plain-join	select "product_0".prod_id as "Product ID" from base_view.SalesTable as "root" left outer join base_view.Product as "product_0" on ("root".product_id = "product	exists-material
meta::relational::tests::aggregationAware::testRewriteAsNOP::nonAggregationAware::testRewriteProjectFunctionMulti	default	filter+project	plain-join	select "product_0".prod_id as "Product ID", case when "root".is_cancelled_flag = 'Y' then 'true' else 'false' end as "Is Cancelled" from base_view.SalesTable as	exists-material
meta::relational::tests::aggregationAware::testRewriteAsNOP::nonAggregationAware::testRewriteTDSGroupBy	default	filter+project+groupBy	plain-join	select case when "root".is_cancelled_flag = 'Y' then 'true' else 'false' end as "Is Cancelled", max("product_0".prod_id) as "Max Product ID" from base_view.Sale	exists-material
meta::relational::tests::aggregationAware::testRewriteAsNOP::nonAggregationAware::testRewriteTDSOperation	default	filter+project	plain-join	select "product_0".prod_id as "Product ID", case when "root".is_cancelled_flag = 'Y' then 'true' else 'false' end as "Is Cancelled", "product_0".prod_id + 2 as 	exists-material
meta::relational::tests::aggregationAware::testRewriteAsNOP::nonGroupBy::testRewriteFilter	default	filter	top-where-pred	select "product_0".prod_id from base_view.SalesTable as "root" left outer join base_view.Product as "product_0" on ("root".product_id = "product_0".prod_id) whe	exists-material
meta::relational::tests::aggregationAware::testRewriteAsNOP::nonGroupBy::testRewriteProjectCol	default	project	plain-join	select "product_0".prod_id as "Product ID" from base_view.SalesTable as "root" left outer join base_view.Product as "product_0" on ("root".product_id = "product	exists-material
meta::relational::tests::aggregationAware::testRewriteAsNOP::nonGroupBy::testRewriteProjectColMulti	default	project	plain-join	select "product_0".prod_id as "Product ID", case when "root".is_cancelled_flag = 'Y' then 'true' else 'false' end as "Is Cancelled" from base_view.SalesTable as	exists-material
meta::relational::tests::aggregationAware::testRewriteAsNOP::nonGroupBy::testRewriteProjectFunction	default	filter+project	plain-join	select "product_0".prod_id as "Product ID" from base_view.SalesTable as "root" left outer join base_view.Product as "product_0" on ("root".product_id = "product	exists-material
meta::relational::tests::aggregationAware::testRewriteAsNOP::nonGroupBy::testRewriteProjectFunctionMulti	default	filter+project	plain-join	select "product_0".prod_id as "Product ID", case when "root".is_cancelled_flag = 'Y' then 'true' else 'false' end as "Is Cancelled" from base_view.SalesTable as	exists-material
meta::relational::tests::aggregationAware::testRewriteAsNOP::nonGroupBy::testRewriteTDSOperation	default	filter+project	plain-join	select "product_0".prod_id as "Product ID" from base_view.SalesTable as "root" left outer join base_view.Product as "product_0" on ("root".product_id = "product	exists-material
meta::relational::tests::fromMapping::testEnumProjection	default	project	no-sql-golden		exists-material
meta::relational::tests::fromMapping::testMappingFromQueriesViaMappingWithAssociationsOnly	default	filter+project	top-where-pred	select "unionalias_0"."Name" as "Name" from (select "firmtable_0".LEGALNAME as "Name" from personTable as "root" left outer join firmTable as "firmtable_0" on (	exists-material
meta::relational::tests::functions::objectReferenceIn::testObjectReferenceInSimple	default	filter	no-sql-golden		exists-material
meta::relational::tests::functions::objectReferenceIn::testObjectReferenceInWithBiTemporalMilestoning	default	filter	no-sql-golden		exists-material
meta::relational::tests::functions::objectReferenceIn::testObjectReferenceInWithEmptyLists	default	filter	no-sql-golden		exists-material
meta::relational::tests::functions::objectReferenceIn::testObjectReferenceInWithMilestonedProperty	default	filter	no-sql-golden		exists-material
meta::relational::tests::functions::objectReferenceIn::testObjectReferenceInWithObjReferenceOutput	default	filter+map	no-sql-golden		exists-material
meta::relational::tests::functions::sqlstring::testEqualityInFilterOnOptionalProperties	default	filter+project	plain-join	select "root".FIRSTNAME as "name" from personTable as "root" left outer join personTable as "personTable_d#6_d#3_m1_d#2_m1" on ("root".MANAGERID = "personTable_	exists-material
meta::relational::tests::functions::sqlstring::testEqualityInFilterOnOptionalPropertiesLegacy	default	filter+project	top-where-pred	select "root".FIRSTNAME as "name" from personTable as "root" left outer join personTable as "personTable_d#6_d#3_m1_d#2_m1" on ("root".MANAGERID = "personTable_	exists-material
meta::relational::tests::functions::sqlstring::testIsDistinctSQLGeneration	default	groupBy	plain-join	select "root".LEGALNAME as "LegalName", count(distinct("personTable_d#4_d_m1".FIRSTNAME)) = count("personTable_d#4_d_m1".FIRSTNAME) as "IsDistinctFirstName" fro	exists-material
meta::relational::tests::functions::sqlstring::testIsDistinctSQLGeneration	default	groupBy	plain-join	select "root".LEGALNAME as "LegalName", case when (count(distinct("personTable_d#4_d_m1".FIRSTNAME)) = count("personTable_d#4_d_m1".FIRSTNAME)) then 'true' else	exists-material
meta::relational::tests::functions::sqlstring::testNotEqualityForOptionalProperties	default	project	plain-join	select "root".FIRSTNAME as "name", "root".AGE is distinct from "personTable_d#6_d#3_m1_d_m2".AGE as "notmatch" from personTable as "root" left outer join person	exists-material
meta::relational::tests::functions::sqlstring::testNotEqualityInFilterOnOptionalProperties	default	filter+project	plain-join	select "root".FIRSTNAME as "name" from personTable as "root" left outer join personTable as "personTable_d#7_d#4_m1_d#2_m1" on ("root".MANAGERID = "personTable_	exists-material
meta::relational::tests::functions::sqlstring::testNotEqualityInFilterOnOptionalPropertiesLegacy	default	filter+project	top-where-pred	select "root".FIRSTNAME as "name" from personTable as "root" left outer join personTable as "personTable_d#7_d#4_m1_d#2_m1" on ("root".MANAGERID = "personTable_	exists-material
meta::relational::tests::functions::sqlstring::testNullSafeEqualityForOptionalProperties	default	project	plain-join	select "root".FIRSTNAME as "name", "root".AGE is not distinct from "personTable_d#5_d#2_m1_d_m2".AGE as "match" from personTable as "root" left outer join perso	exists-material
meta::relational::tests::functions::sqlstring::testToSQLStringJoinStrings	default	groupBy	plain-join	select "root".LEGALNAME as "legalName", listagg("personTable_d#4_d_m1".FIRSTNAME, '*') as "employeesFirstName" from firmTable as "root" left outer join personTa	exists-material
meta::relational::tests::getter::testSimpleGetter	default	map	no-sql-golden		exists-material
meta::relational::tests::groupBy::datePeriods::testDayOfWeek	default	filter+project	top-where-pred	select "org_chart_entity_0".name as "name" from SALES_GCS as "root" left outer join calendar as "calendar_0" on ("root".tradeDate = "calendar_0"."date") left ou	exists-material
meta::relational::tests::groupBy::datePeriods::testDayOfWeek	default	filter+project	top-where-pred	select "org_chart_entity_0".name as "name" from SALES_GCS as "root" left outer join calendar as "calendar_0" on ("root".tradeDate = "calendar_0"."date") left ou	exists-material
meta::relational::tests::groupBy::datePeriods::testGroupByWithFilterFunction_noDatePath	default	filter+groupBy	single-table	select "root"."date" as "pk_0", "root"."calendar name" as "pk_1", "root"."date" as "date", "root"."fiscal week start" as "weekStart", "root"."fiscal week end" a	exists-material
meta::relational::tests::groupBy::datePeriods::testGroupByWithFilterFunction_noDatePath	default	filter+groupBy	single-table	select "root"."date" as "pk_0", "root"."calendar name" as "pk_1", "root"."date" as "date", "root"."fiscal week start" as "weekStart", "root"."fiscal week end" a	exists-material
meta::relational::tests::groupBy::datePeriods::testGroupByWithFilterFunction_noDatePath	default	filter+groupBy	top-where-pred	select "org_chart_entity_0".name as "Sales Division", "income_function_0".code as "Income Function", sum(case when "calendar_0"."fiscal day" <= 37 then "root".c	exists-material
meta::relational::tests::groupBy::datePeriods::testGroupByWithFilterFunction_noDatePath	default	filter+groupBy	top-where-pred	select "org_chart_entity_0".name as "Sales Division", "income_function_0".code as "Income Function", sum(case when "calendar_0"."fiscal day" <= 37 then "root".c	exists-material
meta::relational::tests::groupBy::datePeriods::testGroupByWithFilterFunction_noDatePath	default	filter+groupBy	single-table	select "root"."date" as "pk_0", "root"."calendar name" as "pk_1", "root"."date" as "date", "root"."fiscal week start" as "weekStart", "root"."fiscal week end" a	exists-material
meta::relational::tests::groupBy::datePeriods::testGroupByWithFilterFunction_noDatePath	default	filter+groupBy	single-table	select "root"."date" as "pk_0", "root"."calendar name" as "pk_1", "root"."date" as "date", "root"."fiscal week start" as "weekStart", "root"."fiscal week end" a	exists-material
meta::relational::tests::groupBy::testAggFunctionUsingMultipleSetImplementation	default	groupBy	no-sql-golden		exists-material
meta::relational::tests::groupBy::testAggToManyWithAverage	default	groupBy	grouped-subselect-join	select "addresstable_0".TYPE as "Address Type", count("root".LEGALNAME) as "Count of Firms", avg(1.0 * "persontable_0".AGE) as "Average Age of Employees", avg(1	exists-material
meta::relational::tests::groupBy::testAggToManyWithFilter	default	filter+groupBy	top-where-pred	select "addresstable_0".TYPE as "Address Type", avg(1.0 * "persontable_0".AGE) as "Average Age of Employees" from firmTable as "root" left outer join addressTab	exists-material
meta::relational::tests::groupBy::testAggToManyWithMaxDate	default	groupBy	plain-join	select "root".name as "Account", max("tradetable_0".tradeDate) as "Max Trade Date" from accountTable as "root" left outer join tradeTable as "tradetable_0" on (	exists-material
meta::relational::tests::groupBy::testAggToManyWithMaxInteger	default	groupBy	plain-join	select "addresstable_0".TYPE as "Address Type", max("persontable_0".AGE) as "Max Age of Employees" from firmTable as "root" left outer join addressTable as "add	exists-material
meta::relational::tests::groupBy::testAggToManyWithMinDate	default	groupBy	plain-join	select "root".name as "Account", min("tradetable_0".tradeDate) as "Min Trade Date" from accountTable as "root" left outer join tradeTable as "tradetable_0" on (	exists-material
meta::relational::tests::groupBy::testAggToManyWithMinInteger	default	groupBy	plain-join	select "addresstable_0".TYPE as "Address Type", min("persontable_0".AGE) as "Min Age of Employees" from firmTable as "root" left outer join addressTable as "add	exists-material
meta::relational::tests::groupBy::testFilterWithQualifiedProperty	default	filter+groupBy	top-where-pred	select "producttable_0".NAME as "prodName", sum(-"root".quantity) as "qt" from tradeTable as "root" left outer join productSchema.productTable as "producttable_	exists-material
meta::relational::tests::groupBy::testGroupByAndFilterIsolatedJoinMerge	default	filter+groupBy	filtered-subselect-join+on-clause-literal-pred+top-where-pred	select "synonymtable_0".NAME as "Cusip", sum("root".quantity) as "Total Quantity" from tradeTable as "root" left outer join productSchema.productTable as "produ	exists-material
meta::relational::tests::groupBy::testGroupByIsDistinct	default	map+groupBy	plain-join	select "root".LEGALNAME as "LegalName", count(distinct("persontable_0".FIRSTNAME)) as "FirstNameDistinctCount", count("persontable_0".FIRSTNAME) as "FirstNameCo	exists-material
meta::relational::tests::groupBy::testGroupByPercentile	default	map+groupBy	plain-join	select "producttable_0".NAME as "prodName", percentile_cont(cast(0.9 as float)) within group (order by "root".quantity asc) as "p1", percentile_disc(cast(0.5 as	exists-material
meta::relational::tests::groupBy::testGroupByWithJoinDB2	default	groupBy	plain-join	select "root".LEGALNAME as "legalName", "personTable_d#4_d_m1".FIRSTNAME as "employeesFirstName", sum(1) as "sum" from firmTable as "root" left outer join perso	exists-material
meta::relational::tests::groupBy::testGroupByWithJoinH2	default	groupBy	plain-join	select "root".LEGALNAME as "legalName", "persontable_0".FIRSTNAME as "employeesFirstName", sum(1) as "sum" from firmTable as "root" left outer join personTable 	exists-material
meta::relational::tests::groupBy::testGroupByWithWavgAggregation	default	map+groupBy	single-table	select dateadd(day, 1, "root".tradeDate) as "tradeDate", count("root".ID) as "id count", (1.0 * sum("root".quantity * "root".weight)) / sum("root".weight) as "W	correlated-count-reducer
meta::relational::tests::groupBy::testJoinStringsTwiceWithAssociation	default	groupBy	grouped-subselect-join	select "addresstable_0".TYPE as "type", listagg("firmtable_1".aggCol, '-') as "employeesFirstName" from firmTable as "root" left outer join addressTable as "add	correlated-count-reducer|exists-material
meta::relational::tests::groupBy::testJoinStringsWithAssociation	default	groupBy	plain-join	select "root".LEGALNAME as "legalName", listagg("persontable_0".FIRSTNAME, '*') as "employeesFirstName" from firmTable as "root" left outer join personTable as 	correlated-count-reducer|exists-material
meta::relational::tests::groupBy::testMax	default	groupBy	plain-join	select "producttable_0".NAME as "prodName", max("root".quantity) as "max" from tradeTable as "root" left outer join productSchema.productTable as "producttable_	exists-material
meta::relational::tests::groupBy::testMin	default	groupBy	plain-join	select "producttable_0".NAME as "prodName", min("root".quantity) as "min" from tradeTable as "root" left outer join productSchema.productTable as "producttable_	exists-material
meta::relational::tests::groupBy::testObjectLevelGroupByWTDSLevelGroupByWTDSExtend	default	filter+groupBy	plain-join	select "persontable_0"."FirstName" as "FirstName", "persontable_0"."Case Column" as "Case Column", group_concat("LastName" separator ',') as "Joined Last Name" 	exists-material
meta::relational::tests::groupBy::testObjectLevelGroupByWTDSLevelGroupByWTDSExtend	default	filter+groupBy	plain-join	select "persontable_0"."FirstName" as "FirstName", "persontable_0"."Case Column" as "Case Column", listagg("LastName", ',') as "Joined Last Name" from (select "	exists-material
meta::relational::tests::groupBy::testReprocessGroupByAlias	default	groupBy	filtered-subselect-join	select "salespersontable_0".lastName as "last name", "salespersontable_0".firm_name as "legal name", sum("root".quantity) as "quantity" from orderTable as "root	exists-material
meta::relational::tests::groupBy::testSimple	default	groupBy	plain-join	select "producttable_0".NAME as "prodName", sum("root".quantity) as "cnt" from tradeTable as "root" left outer join productSchema.productTable as "producttable_	exists-material
meta::relational::tests::groupBy::testSimpleOneAggInAnArray	default	groupBy	plain-join	select "producttable_0".NAME as "prodName", sum("root".quantity) as "cnt" from tradeTable as "root" left outer join productSchema.productTable as "producttable_	exists-material
meta::relational::tests::groupBy::testSimpleTwoAggs	default	groupBy	plain-join	select "producttable_0".NAME as "prodName", sum("root".quantity) as "cnt", sum("root".quantity) * 2 as "cnt2" from tradeTable as "root" left outer join productS	exists-material
meta::relational::tests::groupBy::testSimpleWithFilter	default	filter+groupBy	top-where-pred	select "producttable_0".NAME as "prodName", "root".quantity as "qt", sum("root".quantity) as "cnt" from tradeTable as "root" left outer join productSchema.produ	exists-material
meta::relational::tests::groupBy::testStdDevPopulation	default	groupBy	plain-join	select "producttable_0".NAME as "prodName", stddev_pop("root".quantity) as "stdDevPopulation" from tradeTable as "root" left outer join productSchema.productTab	exists-material
meta::relational::tests::groupBy::testStdDevSample	default	groupBy	plain-join	select "producttable_0".NAME as "prodName", stddev_samp("root".quantity) as "stdDevSample" from tradeTable as "root" left outer join productSchema.productTable 	exists-material
meta::relational::tests::groupBy::testUniqueValueOnly1	default	filter+groupBy	top-where-pred	select "producttable_0".NAME as "prodName", count(distinct("root".quantity)) as "count", case when count(distinct("root".quantity)) = 1 then max("root".quantity	exists-material
meta::relational::tests::groupBy::testUniqueValueOnly1	default	filter+groupBy	top-where-pred	select "producttable_0".NAME as "prodName", count(distinct("root".quantity)) as "count", case when count(distinct("root".quantity)) = 1 then max("root".quantity	exists-material
meta::relational::tests::groupBy::testUniqueValueOnly2	default	filter+groupBy	top-where-pred	select "producttable_0".NAME as "prodName", count(distinct("root".quantity)) as "count", case when count(distinct("root".quantity)) = 1 then max("root".quantity	exists-material
meta::relational::tests::groupBy::testUniqueValueOnly2	default	filter+groupBy	top-where-pred	select "producttable_0".NAME as "prodName", count(distinct("root".quantity)) as "count", case when count(distinct("root".quantity)) = 1 then max("root".quantity	exists-material
meta::relational::tests::groupBy::testUniqueValueOnly3	default	filter+groupBy	top-where-pred	select "producttable_0".NAME as "prodName", count(distinct("root".quantity)) as "count", case when count(distinct("root".quantity)) = 1 then max("root".quantity	exists-material
meta::relational::tests::groupBy::testUniqueValueOnly4	default	filter+groupBy	top-where-pred	select "producttable_0".NAME as "prodName", count(distinct("root".quantity)) as "count", case when count(distinct("root".quantity)) = 1 then max("root".quantity	exists-material
meta::relational::tests::groupBy::testUsingAFunctionInTheMapLambdaAndAMultiplyInTheAggregation	default	groupBy	plain-join	select "producttable_0".NAME as "prodName", (sum(case when (("producttable_0".NAME is not null and "producttable_0".NAME like '%X') or ("producttable_0".NAME is	exists-material
meta::relational::tests::groupBy::testUsingAFunctionInTheMapLambdaAndAMultiplyInTheAggregation	default	groupBy	plain-join	select "producttable_0".NAME as "prodName", sum(case when ("producttable_0".NAME is not null and "producttable_0".NAME like '%X') or ("producttable_0".NAME is n	exists-material
meta::relational::tests::groupBy::testUsingAMultiplyInTheAggregation	default	groupBy	plain-join	select "producttable_0".NAME as "prodName", sum("root".quantity) * 2 as "cnt" from tradeTable as "root" left outer join productSchema.productTable as "productta	exists-material
meta::relational::tests::groupBy::testUsingAnAssociationInTheMapFunction	default	groupBy	plain-join	select "producttable_0".NAME as "prodName", (sum(case when ("accounttable_0".name is not null and "accounttable_0".name like 'Account 1%') then "root".quantity 	exists-material
meta::relational::tests::groupBy::testUsingAnAssociationInTheMapFunction	default	groupBy	plain-join	select "producttable_0".NAME as "prodName", sum(case when "accounttable_0".name is not null and "accounttable_0".name like 'Account 1%' then "root".quantity els	exists-material
meta::relational::tests::groupBy::testUsingAnAssociationInTheMapFunctionNestedInAFunctionAndTwoGroupBysUsingOneAssociation	default	groupBy	grouped-subselect-join	select "root".LEGALNAME as "legalName", "addresstable_0".NAME as "addressName", sum("firmtable_1".aggCol) * 2 as "employeeAge" from firmTable as "root" left out	exists-material
meta::relational::tests::groupBy::testUsingFunctionInMapLambdaTakingAFirstParameterThatMustBeProcessed	default	groupBy	plain-join	select "producttable_0".NAME as "prodName", sum("root".quantity * 2) * 2 as "cnt" from tradeTable as "root" left outer join productSchema.productTable as "produ	exists-material
meta::relational::tests::groupBy::testUsingFunctionInMapLambdaTakingAParameter	default	groupBy	grouped-subselect-join	select "root".LEGALNAME as "legalName", "addresstable_0".NAME as "addressName", sum("firmtable_1".aggCol) * 2 as "employeeAge" from firmTable as "root" left out	exists-material
meta::relational::tests::groupBy::testUsingFunctionInMapLambdaTakingAParameterPartial	default	groupBy	grouped-subselect-join	select "root".LEGALNAME as "legalName", "addresstable_0".NAME as "addressName", sum("firmtable_1".aggCol) * 2 as "employeeAge" from firmTable as "root" left out	exists-material
meta::relational::tests::groupBy::testUsingFunctionInMapLambdaTakingAPathParameterPartial	default	groupBy	grouped-subselect-join	select "root".LEGALNAME as "legalName", "addresstable_0".NAME as "addressName", sum("firmtable_1".aggCol) * 2 as "employeeAge" from firmTable as "root" left out	exists-material
meta::relational::tests::groupBy::testVariancePopulation	default	groupBy	plain-join	select "producttable_0".NAME as "prodName", var_pop("root".quantity) as "variancePopulation" from tradeTable as "root" left outer join productSchema.productTabl	exists-material
meta::relational::tests::groupBy::testVarianceSample	default	groupBy	plain-join	select "producttable_0".NAME as "prodName", var_samp("root".quantity) as "varianceSample" from tradeTable as "root" left outer join productSchema.productTable a	exists-material
meta::relational::tests::injection::testProject	default	map+project	no-sql-golden		correlated-count-reducer|exists-material
meta::relational::tests::injection::testProjectThroughAssociation	default	map+project	no-sql-golden		exists-material
meta::relational::tests::injection::testProjectThroughAssociationAutoMap	default	map+project	no-sql-golden		exists-material
meta::relational::tests::m2m2r::testPreeavalOnSort	default	project	no-sql-golden		exists-material
meta::relational::tests::m2m2r::testProp1	default	project	no-sql-golden		exists-material
meta::relational::tests::m2m2r::testProp2	default	project	no-sql-golden		exists-material
meta::relational::tests::m2m2r::testProp3	default	project	no-sql-golden		exists-material
meta::relational::tests::m2m2r::testProp4	default	filter+project	no-sql-golden		exists-material
meta::relational::tests::map::testAdvancedDerivedPropertyThroughAssociation	default	map	plain-join	select concat(case when true then concat("persontable_0".LASTNAME, ', ', "persontable_0".FIRSTNAME) else concat("persontable_0".FIRSTNAME, ' ', "persontable_0".	exists-material
meta::relational::tests::map::testAssociationDeep	default	other	plain-join	select "addresstable_0".NAME from firmTable as "root" left outer join personTable as "persontable_0" on ("root".ID = "persontable_0".FIRMID) left outer join add	exists-material
meta::relational::tests::map::testAssociationToManyAutoMap	default	other	plain-join	select "persontable_0".LASTNAME from firmTable as "root" left outer join personTable as "persontable_0" on ("root".ID = "persontable_0".FIRMID)	exists-material
meta::relational::tests::map::testAssociationToOneAutoMap	default	other	plain-join	select "addresstable_0".NAME from personTable as "root" left outer join addressTable as "addresstable_0" on ("addresstable_0".ID = "root".ADDRESSID)	exists-material
meta::relational::tests::map::testBooleanFilterWithProperty	default	filter+map	top-where-pred	select "persontable_0".LASTNAME from firmTable as "root" left outer join personTable as "persontable_0" on ("root".ID = "persontable_0".FIRMID) where "persontab	exists-material
meta::relational::tests::map::testDeepBooleanFilterWithProperty	default	filter+map	top-where-pred	select "persontable_0".LASTNAME from firmTable as "root" left outer join personTable as "persontable_0" on ("root".ID = "persontable_0".FIRMID) left outer join 	exists-material
meta::relational::tests::map::testDeepBooleanFilterWithPropertyUsingOr	default	filter+map	top-where-pred	select "persontable_0".LASTNAME from firmTable as "root" left outer join personTable as "persontable_0" on ("root".ID = "persontable_0".FIRMID) left outer join 	exists-material
meta::relational::tests::map::testFilterOnSimpleTypeProperty	default	filter	top-where-pred	select "persontable_0".LASTNAME from firmTable as "root" left outer join personTable as "persontable_0" on ("root".ID = "persontable_0".FIRMID) where "persontab	exists-material
meta::relational::tests::map::testFilterOnSimpleTypePropertyDeep	default	filter	top-where-pred	select "addresstable_0".NAME from firmTable as "root" left outer join personTable as "persontable_0" on ("root".ID = "persontable_0".FIRMID) left outer join add	exists-material
meta::relational::tests::map::testFilterOnSimpleTypePropertyEq	default	filter	top-where-pred	select "persontable_0".LASTNAME from firmTable as "root" left outer join personTable as "persontable_0" on ("root".ID = "persontable_0".FIRMID) where "persontab	exists-material
meta::relational::tests::map::testFilterWithProperty	default	filter+map	top-where-pred	select "persontable_0".LASTNAME from firmTable as "root" left outer join personTable as "persontable_0" on ("root".ID = "persontable_0".FIRMID) where "persontab	exists-material
meta::relational::tests::map::testGlobalAggregation	default	other	plain-join	select count(*) from firmTable as "root" left outer join personTable as "persontable_0" on ("root".ID = "persontable_0".FIRMID)	correlated-count-reducer
meta::relational::tests::map::testSequenceMapWithConfusingSetImplementation	default	map+project	top-where-pred	select "root".name as "name", 'ok' as "p_name", "orgtable_1".name as "p_p_name" from orgTable as "root" left outer join orgTable as "orgtable_1" on ("root".pare	correlated-count-reducer|exists-material
meta::relational::tests::map::testSubAggregationMultiLevel	default	map	plain-join	select avg(1.0 * "persontable_0".AGE) from firmTable as "root" left outer join personTable as "persontable_0" on ("root".ID = "persontable_0".FIRMID) group by "	correlated-agg-reducer|exists-material
meta::relational::tests::map::testSubAggregationMultiLevel	default	map	plain-join	select avg(1.0 * "persontable_0".AGE) from firmTable as "root" left outer join personTable as "persontable_0" on ("root".ID = "persontable_0".FIRMID)	correlated-agg-reducer|exists-material
meta::relational::tests::map::testSubAggregationMultiLevel	default	map	grouped-subselect-join	select "firmtable_1".aggCol from firmTable as "root" left outer join (select "firmtable_1".ID as ID, avg(1.0 * "persontable_0".AGE) as aggCol from firmTable as 	correlated-agg-reducer|exists-material
meta::relational::tests::map::testSubAggregationMultiLevelJoinString	default	map	plain-join	select listagg("persontable_0".LASTNAME, '') from firmTable as "root" left outer join personTable as "persontable_0" on ("root".ID = "persontable_0".FIRMID) gro	exists-material
meta::relational::tests::map::testSubAggregationMultiLevelJoinString	default	map	plain-join	select listagg("persontable_0".LASTNAME, ',') from firmTable as "root" left outer join personTable as "persontable_0" on ("root".ID = "persontable_0".FIRMID)	exists-material
meta::relational::tests::map::testSubAggregationMultiLevelJoinString	default	map	plain-join	select "firmtable_1".aggCol from firmTable as "root" left outer join (select "firmtable_2".ID as ID, listagg("firmtable_2".LASTNAME, ',') as aggCol from (select	exists-material
meta::relational::tests::mapping::association::embedded::testFirmToOrganisations	default	map+project	no-sql-golden		correlated-count-reducer|exists-material
meta::relational::tests::mapping::association::embedded::testPersonToFirmAddressNestedInlineEmbedded	default	map+project	no-sql-golden		correlated-count-reducer
meta::relational::tests::mapping::association::embedded::testPersonToFirmLocationsInlineEmbedded	default	map+project	no-sql-golden		correlated-count-reducer
meta::relational::tests::mapping::association::embedded::testPersonToOrganisations	default	map+project	no-sql-golden		correlated-count-reducer
meta::relational::tests::mapping::association::embedded::testPersonToOrganisationsInlineEmbedded	default	map+project	no-sql-golden		correlated-count-reducer
meta::relational::tests::mapping::association::inheritence::testBuilderRoutingOfAggFunctionParameters	default	groupBy	on-clause-literal-pred	select "root".name as "name", sum("car_0".db_car_wheelCount) as "wheelCountSum" from Person as "root" left outer join Car as "car_0" on ("root".ID = "car_0".c_P	correlated-count-reducer|exists-material
meta::relational::tests::mapping::association::inheritence::testFilterProject	default	filter+project	no-sql-golden		correlated-count-reducer|exists-material
meta::relational::tests::mapping::association::inheritence::testFilterProjectBooleanInFilter	default	filter+project	no-sql-golden		correlated-count-reducer|exists-material
meta::relational::tests::mapping::association::inheritence::testGetAllFilterWithAssociation	default	filter	no-sql-golden		correlated-count-reducer|exists-material
meta::relational::tests::mapping::association::inheritence::testGroupBy	default	map+project+groupBy	no-sql-golden		correlated-count-reducer|exists-material
meta::relational::tests::mapping::association::inheritence::testProjectTwoLambdas	default	map+project	no-sql-golden		correlated-count-reducer|exists-material
meta::relational::tests::mapping::association::inheritence::testQuery	default	filter	no-sql-golden		correlated-count-reducer|exists-material
meta::relational::tests::mapping::association::inheritence::testSubTypeFilter	default	filter	no-sql-golden		correlated-count-reducer|exists-material
meta::relational::tests::mapping::association::inheritence::testSubTypeInColumnProjectionsWithInlineMappings	default	map+project	no-sql-golden		correlated-count-reducer
meta::relational::tests::mapping::association::inheritence::testSubTypeProjectSharedNonDirectlyRouted	default	map+project	no-sql-golden		correlated-count-reducer
meta::relational::tests::mapping::association::inheritence::testSubTypeProjectWithAssociation	default	map+project	no-sql-golden		correlated-count-reducer|exists-material
meta::relational::tests::mapping::association::testFirmToEmployees	default	map+project	no-sql-golden		correlated-count-reducer|exists-material
meta::relational::tests::mapping::association::testFirmToEmployeesIncludes	default	map+project	no-sql-golden		correlated-count-reducer|exists-material
meta::relational::tests::mapping::association::testFirmToEmployeesWithDefaults	default	map+project	no-sql-golden		correlated-count-reducer|exists-material
meta::relational::tests::mapping::association::testPersonToFirm	default	map+project	no-sql-golden		correlated-count-reducer|exists-material
meta::relational::tests::mapping::association::testPersonToFirmIncludes	default	map+project	no-sql-golden		correlated-count-reducer|exists-material
meta::relational::tests::mapping::association::testPersonToFirmWithDefaults	default	map+project	no-sql-golden		correlated-count-reducer|exists-material
meta::relational::tests::mapping::association::testPersonToFirmWithDifferentRootMapping	default	project	no-sql-golden		correlated-count-reducer|exists-material
meta::relational::tests::mapping::classMappingFilterWithInnerJoin::TestClassMappingsWithInnerFilterJoinedWithMilestoningDepthTwoNestedGeneration	default	map+project	top-where-pred	select cast("producttableviewnested_0".id as varchar) as "positionType" from tradeTable as "root" left outer join (select "root".id as id, "root".name as name, 	exists-material
meta::relational::tests::mapping::classMappingFilterWithInnerJoin::testChainedJoinsWithUnionsAndIsolationWithProjectionQueryTableFilter	default	filter+map+project	filtered-subselect-join+top-where-pred	select "unionalias_2"."PersonSet1lastName_s1_PersonSet2lastName_s2" as "Employees" from (select "root".ID as "pk_0_0", null as "pk_0_1", "root".FirmID as FirmID	exists-material
meta::relational::tests::mapping::classMappingFilterWithInnerJoin::testCorrelatedSubSqlQueryGeneration	default	project	filtered-subselect-join+on-clause-literal-pred+top-where-pred	select "root".name as "productName", "producttableview_0".type as "productClassificationTypes", "producttableview_0".type_description as "productClassificationD	exists-material
meta::relational::tests::mapping::classMappingFilterWithInnerJoin::testCorrelatedSubSqlQueryGeneration	default	project	filtered-subselect-join+top-where-pred	select "root".name as "productName", "producttableview_0".type as "productClassificationTypes", "producttableview_0".type_description as "productClassificationD	exists-material
meta::relational::tests::mapping::classMappingFilterWithInnerJoin::testInnerJoinClassMappingFilterAtPropertyLevelWithSameFilterInQuery	default	filter+project	filtered-subselect-join+top-where-pred	select "persontable_2".FIRSTNAME as "employees" from firmTable as "root" left outer join (select "persontable_1".FIRMID as FIRMID, "firmtable_1".LEGALNAME as LE	exists-material
meta::relational::tests::mapping::classMappingFilterWithInnerJoin::testInnerJoinClassMappingFilterProjectingPropertyUsingFilterJoin	default	project	filtered-subselect-join+top-where-pred	select "persontable_1".LEGALNAME as "extraInfo" from (select "root".ID as ID, "root".FIRSTNAME as FIRSTNAME, "root".LASTNAME as LASTNAME, "root".AGE as AGE, "ro	correlated-count-reducer
meta::relational::tests::mapping::classMappingFilterWithInnerJoin::testLazyExecution	default	other	no-sql-golden		correlated-count-reducer|exists-material
meta::relational::tests::mapping::classMappingFilterWithInnerJoin::testMergeForClassMappingInnerJoinFilter	default	project	filtered-subselect-join+on-clause-literal-pred+top-where-pred	select "root".LEGALNAME as "legalName", "persontable_0".FIRSTNAME as "firstName1", "persontable_2".FIRSTNAME as "firstName2" from firmTable as "root" left outer	exists-material
meta::relational::tests::mapping::classMappingFilterWithInnerJoin::testMergeForClassMappingInnerJoinFilter1	default	project	filtered-subselect-join+top-where-pred	select "root".LEGALNAME as "legalName", "persontable_0".FIRSTNAME as "firstName1", "persontable_2".FIRSTNAME as "firstName3" from firmTable as "root" left outer	exists-material
meta::relational::tests::mapping::classMappingFilterWithInnerJoin::testMilestoneDatePropogationThruExistsConditionalClause	default	filter+map+project	no-sql-golden		exists-join-form-dedup|exists-material
meta::relational::tests::mapping::classMappingFilterWithInnerJoin::testPropertyProjectionQueryWithInnerJoinClassMappingWithMilestoningTableFilter	default	filter	on-clause-literal-pred+top-where-pred	select "root".id as "pk_0", "root".name as "pk_1", "root".id as "id", "root".name as "name", "root".type as "type", '2015-10-16' as "k_businessDate" from (selec	correlated-count-reducer|exists-material
meta::relational::tests::mapping::classMappingFilterWithInnerJoin::testPropertyProjectionQueryWithInnerJoinClassMappingWithMilestoningTableFilter	default	filter	top-where-pred	select "root".id as "pk_0", "root".name as "pk_1", "root".id as "id", "root".name as "name", "root".type as "type", '2015-10-16' as "k_businessDate" from (selec	correlated-count-reducer|exists-material
meta::relational::tests::mapping::classMappingFilterWithInnerJoin::testPropertyProjectionQueryWithInnerJoinEmbeddedMappingTable	default	map+project	filtered-subselect-join+top-where-pred	select "person_firm_denorm_2".PERSON_ADDRESS_NAME as "address" from (select distinct "person_firm_denorm_1".FIRM_LEGALNAME as FIRM_LEGALNAME, "person_firm_denor	exists-material
meta::relational::tests::mapping::distinct::testDistinctMappingWithCaseStatement	default	project	plain-join	select "root"."name" as "name", case when "if_other_info_0".IF_OTHER_NAME is null then 'Unknown' else "if_other_info_0".IF_OTHER_NAME end as "IfName" from (sele	exists-material
meta::relational::tests::mapping::distinct::testDistinctMappingWithDistinctInJoinWithFilter	default	filter+project	filtered-subselect-join+top-where-pred	select "root".IF_OTHER_NAME as "name", "account_info_0".IF_NAME as "incomeFunction" from IF_OTHER_INFO as "root" left outer join (select distinct "root".IF_CODE	exists-material
meta::relational::tests::mapping::distinct::testDistinctMappingWithDistinctInJoinWithFilterOnJoin	default	filter+project	exists-predicate+filtered-subselect-join+on-clause-literal-pred+top-where-pred	select "root".IF_OTHER_NAME as "name", "account_info_0".IF_NAME as "incomeFunction" from IF_OTHER_INFO as "root" left outer join (select distinct "root".IF_CODE	exists-join-form-dedup|exists-material
meta::relational::tests::mapping::distinct::testDistinctMappingWithFullDenormSelfJoins	default	project	filtered-subselect-join+top-where-pred	select "root".ACCT_NAME as "accountName", "account_info_1".IF_NAME as "IncomeFunction", "account_info_2".DESKHEAD_NAME as "DeskHead" from ACCOUNT_INFO as "root"	exists-material
meta::relational::tests::mapping::distinct::testDistinctMappingWithFullDenormSelfJoinsWithFilterOnJoin	default	filter	filtered-subselect-join+top-where-pred	select "root".id as "pk_0", "root".ACC_NUM as "number", "root".ACCT_NAME as "name" from ACCOUNT_INFO as "root" left outer join (select distinct "root".IF_CODE, 	exists-material
meta::relational::tests::mapping::distinct::testDistinctMappingWithFullDenormSelfJoinsWithTwoFiltersOnJoin	default	filter	filtered-subselect-join+top-where-pred	select "root".id as "pk_0", "root".ACC_NUM as "number", "root".ACCT_NAME as "name" from ACCOUNT_INFO as "root" left outer join (select distinct "root".IF_CODE, 	exists-material
meta::relational::tests::mapping::distinct::testDistinctMappingWithSize	default	other	single-table	select count(*) from (select distinct "root".IF_CODE as "code", "root".IF_NAME as "name" from ACCOUNT_INFO as "root") as "subselect"	correlated-count-reducer
meta::relational::tests::mapping::distinct::testProjectDistinctMappingWithDistinctInJoin	default	project	filtered-subselect-join	select "root".IF_OTHER_NAME as "name", "account_info_0".IF_NAME as "incomeFunction" from IF_OTHER_INFO as "root" left outer join (select distinct "root".IF_CODE	exists-material
meta::relational::tests::mapping::distinct::testProjectDistinctMappingWithDistinctInJoinWithDup	default	project	filtered-subselect-join	select "root".IF_OTHER_NAME as "name", "account_info_0".IF_NAME as "incomeFunction" from IF_OTHER_INFO as "root" left outer join (select distinct "root".IF_NAME	exists-material
meta::relational::tests::mapping::dynajoin::testSelfJoinWithAggregateFunction	default	filter+map	no-sql-golden		exists-material
meta::relational::tests::mapping::embedded::advanced::otherwiseTestComplexExpression	default	filter+project	top-where-pred	select "root".PRODUCT_NAME as "name", "bond_detail_0".TYPE as "type" from PRODUCT_DENORM as "root" left outer join BOND_DETAIL as "bond_detail_0" on ("root".PRO	exists-material
meta::relational::tests::mapping::embedded::advanced::otherwiseTestComplexExpressionWithEnumMapping	default	filter+project	top-where-pred	select "root".BOND_STATUS as "status", "bond_detail_0".TYPE as "type" from PRODUCT_DENORM as "root" left outer join BOND_DETAIL as "bond_detail_0" on ("root".PR	exists-material
meta::relational::tests::mapping::embedded::advanced::otherwiseTestDenormWithComplexFilter	default	filter+project	top-where-pred	select "root".PRODUCT_NAME as "name", "bond_detail_0".TYPE as "type" from PRODUCT_DENORM as "root" left outer join BOND_DETAIL as "bond_detail_0" on ("root".PRO	exists-material
meta::relational::tests::mapping::embedded::advanced::otherwiseTestEmbeddedToEmbedded	default	project	plain-join	select 'test' as "name" from PRODUCT_DENORM as "root" left outer join BOND_DETAIL as "bond_detail_0" on ("root".PRODUCT_ID = "bond_detail_0".BOND_ID)	exists-material
meta::relational::tests::mapping::embedded::advanced::otherwiseTestFilter	default	filter+project	top-where-pred	select "root".PRODUCT_NAME as "name", "bond_detail_0".TYPE as "type" from PRODUCT_DENORM as "root" left outer join BOND_DETAIL as "bond_detail_0" on ("root".PRO	exists-material
meta::relational::tests::mapping::embedded::advanced::otherwiseTestFilterExistsOnEmbeddedProperty	default	filter+project	single-table	select "root".PRODUCT_NAME as "name" from PRODUCT_DENORM as "root" where "root".BOND_DETAILS like 'Bond%'	exists-material
meta::relational::tests::mapping::embedded::advanced::otherwiseTestFilterExistsOnOtherwiseProperty	default	filter+project	top-where-pred	select "root".PRODUCT_NAME as "name" from PRODUCT_DENORM as "root" left outer join BOND_DETAIL as "bond_detail_0" on ("root".PRODUCT_ID = "bond_detail_0".BOND_I	exists-join-form-dedup|exists-material
meta::relational::tests::mapping::embedded::advanced::otherwiseTestGroupBy	default	groupBy	plain-join	select "bond_detail_0".TYPE as "Bond Type", sum(case when "root".MARKET_NAME = 'LSE' then 5.0 else 1.0 end) as "Profit" from PRODUCT_DENORM as "root" left outer	exists-material
meta::relational::tests::mapping::embedded::advanced::otherwiseTestGroupBy	default	groupBy	plain-join	select "bond_detail_0".TYPE as "Bond Type", sum(case when "root".MARKET_NAME = 'LSE' then cast(5.0 as float) else cast(1.0 as float) end) as "Profit" from PRODU	exists-material
meta::relational::tests::mapping::embedded::advanced::otherwiseTestGroupByComplexAgg	default	groupBy	plain-join	select "bond_detail_0".TYPE as "Bond Type", sum(case when "bond_detail_0".TYPE like '5%' then 5.0 else 1.0 end) as "sum" from PRODUCT_DENORM as "root" left oute	exists-material
meta::relational::tests::mapping::embedded::advanced::otherwiseTestGroupByComplexAgg	default	groupBy	plain-join	select "bond_detail_0".TYPE as "Bond Type", sum(case when "bond_detail_0".TYPE like '5%' then cast(5.0 as float) else cast(1.0 as float) end) as "sum" from PROD	exists-material
meta::relational::tests::mapping::embedded::advanced::otherwiseTestGroupByComplexExpressionEmbeddedAndJoin	default	groupBy	plain-join	select "root".BOND_DETAILS as "Bond Type", sum(case when "bond_detail_0".TYPE like '5%' then 5.0 else 1.0 end) as "sum" from PRODUCT_DENORM as "root" left outer	exists-material
meta::relational::tests::mapping::embedded::advanced::otherwiseTestGroupByComplexExpressionEmbeddedAndJoin	default	groupBy	plain-join	select "root".BOND_DETAILS as "Bond Type", sum(case when "bond_detail_0".TYPE like '5%' then cast(5.0 as float) else cast(1.0 as float) end) as "sum" from PRODU	exists-material
meta::relational::tests::mapping::embedded::advanced::otherwiseTestProjectExistsOnEmbeddedProperty	default	project	single-table	select "root".BOND_DETAILS like 'Bond%' as "descriptionExists" from PRODUCT_DENORM as "root"	exists-material
meta::relational::tests::mapping::embedded::advanced::otherwiseTestProjectExistsOnOtherwiseProperty	default	project	plain-join	select "bond_detail_0".TYPE = '15 years' as "typeExists" from PRODUCT_DENORM as "root" left outer join BOND_DETAIL as "bond_detail_0" on ("root".PRODUCT_ID = "b	exists-material
meta::relational::tests::mapping::embedded::advanced::otherwiseTestProjection	default	project	plain-join	select "root".PRODUCT_NAME as "name", "root".BOND_DETAILS as "description", "bond_detail_0".TYPE as "type" from PRODUCT_DENORM as "root" left outer join BOND_DE	exists-material
meta::relational::tests::mapping::embedded::advanced::otherwiseTestQualifierProperty	default	filter+project	top-where-pred	select "root".PRODUCT_NAME as "name", case when "bond_detail_0".TYPE like '5%' then 5 else 0 end as "duration" from PRODUCT_DENORM as "root" left outer join BON	exists-material
meta::relational::tests::mapping::embedded::advanced::otherwiseTestQualifierPropertyExpressionWithEmbeddedProperty	default	filter+project	single-table	select "root".PRODUCT_NAME as "name", concat('la', "root".BOND_DETAILS) as "description" from PRODUCT_DENORM as "root" where concat('', "root".BOND_DETAILS) is 	exists-material
meta::relational::tests::mapping::embedded::advanced::otherwiseTestQualifierPropertyExpressionWithEmbeddedPropertyandJoinProperty	default	project	plain-join	select concat("bond_detail_0".TYPE, ' ', "root".BOND_DETAILS) as "fullName" from PRODUCT_DENORM as "root" left outer join BOND_DETAIL as "bond_detail_0" on ("ro	exists-material
meta::relational::tests::mapping::embedded::advanced::otherwiseTestQualifierPropertyExpressionWithPropertyInJoinOnly	default	filter+project	top-where-pred	select "root".PRODUCT_NAME as "name", "bond_detail_0".TYPE as "type" from PRODUCT_DENORM as "root" left outer join BOND_DETAIL as "bond_detail_0" on ("root".PRO	exists-material
meta::relational::tests::mapping::embedded::advanced::testProjectionOtherwise	default	project	single-table	select "root".PRODUCT_NAME as "name", "root".BOND_DETAILS as "description" from PRODUCT_DENORM as "root"	exists-material
meta::relational::tests::mapping::embedded::advanced::testProjectionOtherwiseDeepTraversal	default	project	plain-join	select "party_0".name as "holder" from PRODUCT_DENORM as "root" left outer join BOND_DETAIL as "bond_detail_0" on ("root".PRODUCT_ID = "bond_detail_0".BOND_ID) 	exists-material
meta::relational::tests::mapping::embedded::advanced::testProjectionOtherwiseDeepTraversal	default	project	plain-join	select "root".PRODUCT_NAME as "name", "party_0".name as "holder", "bondclassificationtable_0".type as "type" from PRODUCT_DENORM as "root" left outer join BOND_	exists-material
meta::relational::tests::mapping::embedded::advanced::testProjectionOtherwiseNonPrimitive	default	project	plain-join	select "root".PRODUCT_NAME as "name", "party_0".name as "holder", "bondclassificationtable_0".type as "type" from PRODUCT_DENORM as "root" left outer join BOND_	exists-material
meta::relational::tests::mapping::embedded::testDenormMappingOneToManyProjectLambdaSyntaxWithMap	default	project	plain-join	select "person_firm_denorm_2".PERSON_ADDRESS_NAME as "address" from (select distinct "person_firm_denorm_1".FIRM_LEGALNAME as FIRM_LEGALNAME, "person_firm_denor	exists-material
meta::relational::tests::mapping::embedded::testExistsWithEmbedded	default	filter+project	filtered-subselect-join+top-where-pred	select "root".FIRM_LEGALNAME as "name" from (select distinct "person_firm_denorm_1".FIRM_LEGALNAME as FIRM_LEGALNAME, "person_firm_denorm_1".FIRM_ID as FIRM_ID 	correlated-count-reducer|exists-join-form-dedup|exists-material
meta::relational::tests::mapping::embedded::testExistsWithEmbeddedWithPostProcessor	default	filter+project	filtered-subselect-join+top-where-pred	select "root".FIRM_LEGALNAME as "Name" from (select distinct "person_firm_denorm_1".FIRM_LEGALNAME as FIRM_LEGALNAME, "person_firm_denorm_1".FIRM_ID as FIRM_ID 	exists-join-form-dedup|exists-material
meta::relational::tests::mapping::embedded::testProjectToEmbedded	default	project	plain-join	select "root".FIRM_LEGALNAME as "legalName", "person_firm_denorm_2".PERSON_ADDRESS_NAME as "address" from (select distinct "person_firm_denorm_1".FIRM_LEGALNAME	exists-material
meta::relational::tests::mapping::extend::propertyMapping::testPropertyMappingsForA	default	filter	single-table	select "root".id as "pk_0", "root".id as "id", "root".aName as "aName" from ABC as "root" where "root".aName = 'aName1'	exists-material
meta::relational::tests::mapping::extend::propertyMapping::testPropertyMappingsForA	default	filter	top-where-pred	select "root".id as "pk_0", "root".id as "id", "root".aName as "aName" from ABC as "root" left outer join DEF as "def_0" on ("root".id = "def_0".id) where conca	exists-material
meta::relational::tests::mapping::extend::propertyMapping::testPropertyMappingsForA	default	filter	top-where-pred	select "root".id as "pk_0", "root".id as "id", "root".aName as "aName" from ABC as "root" left outer join DEF as "def_0" on ("root".id = "def_0".id) where "def_	exists-material
meta::relational::tests::mapping::extend::propertyMapping::testPropertyMappingsForA	default	filter	top-where-pred	select "root".id as "pk_0", "root".id as "id", "root".aName as "aName" from ABC as "root" left outer join DEF as "def_0" on ("root".id = "def_0".id) where "def_	exists-material
meta::relational::tests::mapping::extend::propertyMapping::testPropertyMappingsForB	default	filter	single-table	select "root".id as "pk_0", concat('bName_', "root".aName) as "aName", "root".bName as "bName", "root".id as "id" from ABC as "root" where concat('bName_', "roo	exists-material
meta::relational::tests::mapping::extend::propertyMapping::testPropertyMappingsForB	default	filter	top-where-pred	select "root".id as "pk_0", concat('bName_', "root".aName) as "aName", "root".bName as "bName", "root".id as "id" from ABC as "root" left outer join DEF as "def	exists-material
meta::relational::tests::mapping::extend::propertyMapping::testPropertyMappingsForB	default	filter	top-where-pred	select "root".id as "pk_0", concat('bName_', "root".aName) as "aName", "root".bName as "bName", "root".id as "id" from ABC as "root" left outer join DEF as "def	exists-material
meta::relational::tests::mapping::extend::propertyMapping::testPropertyMappingsForB	default	filter	top-where-pred	select "root".id as "pk_0", concat('bName_', "root".aName) as "aName", "root".bName as "bName", "root".id as "id" from ABC as "root" left outer join DEF as "def	exists-material
meta::relational::tests::mapping::extend::propertyMapping::testPropertyMappingsForB	default	filter	single-table	select "root".id as "pk_0", concat('bName_', "root".aName) as "aName", "root".bName as "bName", "root".id as "id" from ABC as "root" where "root".bName = 'bName	exists-material
meta::relational::tests::mapping::extend::propertyMapping::testPropertyMappingsForB	default	filter	top-where-pred	select "root".id as "pk_0", concat('bName_', "root".aName) as "aName", "root".bName as "bName", "root".id as "id" from ABC as "root" left outer join GHI as "ghi	exists-material
meta::relational::tests::mapping::extend::propertyMapping::testPropertyMappingsForB	default	filter	top-where-pred	select "root".id as "pk_0", concat('bName_', "root".aName) as "aName", "root".bName as "bName", "root".id as "id" from ABC as "root" left outer join GHI as "ghi	exists-material
meta::relational::tests::mapping::extend::propertyMapping::testPropertyMappingsForB	default	filter	top-where-pred	select "root".id as "pk_0", concat('bName_', "root".aName) as "aName", "root".bName as "bName", "root".id as "id" from ABC as "root" left outer join GHI as "ghi	exists-material
meta::relational::tests::mapping::extend::propertyMapping::testPropertyMappingsForC	default	filter	single-table	select "root".id as "pk_0", concat('cName_', "root".aName) as "aName", concat('cName_', "root".bName) as "bName", "root".cName as "cName", "root".id as "id" fro	exists-material
meta::relational::tests::mapping::extend::propertyMapping::testPropertyMappingsForC	default	filter	top-where-pred	select "root".id as "pk_0", concat('cName_', "root".aName) as "aName", concat('cName_', "root".bName) as "bName", "root".cName as "cName", "root".id as "id" fro	exists-material
meta::relational::tests::mapping::extend::propertyMapping::testPropertyMappingsForC	default	filter	top-where-pred	select "root".id as "pk_0", concat('cName_', "root".aName) as "aName", concat('cName_', "root".bName) as "bName", "root".cName as "cName", "root".id as "id" fro	exists-material
meta::relational::tests::mapping::extend::propertyMapping::testPropertyMappingsForC	default	filter	top-where-pred	select "root".id as "pk_0", concat('cName_', "root".aName) as "aName", concat('cName_', "root".bName) as "bName", "root".cName as "cName", "root".id as "id" fro	exists-material
meta::relational::tests::mapping::extend::propertyMapping::testPropertyMappingsForC	default	filter	single-table	select "root".id as "pk_0", concat('cName_', "root".aName) as "aName", concat('cName_', "root".bName) as "bName", "root".cName as "cName", "root".id as "id" fro	exists-material
meta::relational::tests::mapping::extend::propertyMapping::testPropertyMappingsForC	default	filter	top-where-pred	select "root".id as "pk_0", concat('cName_', "root".aName) as "aName", concat('cName_', "root".bName) as "bName", "root".cName as "cName", "root".id as "id" fro	exists-material
meta::relational::tests::mapping::extend::propertyMapping::testPropertyMappingsForC	default	filter	top-where-pred	select "root".id as "pk_0", concat('cName_', "root".aName) as "aName", concat('cName_', "root".bName) as "bName", "root".cName as "cName", "root".id as "id" fro	exists-material
meta::relational::tests::mapping::extend::propertyMapping::testPropertyMappingsForC	default	filter	top-where-pred	select "root".id as "pk_0", concat('cName_', "root".aName) as "aName", concat('cName_', "root".bName) as "bName", "root".cName as "cName", "root".id as "id" fro	exists-material
meta::relational::tests::mapping::extend::propertyMapping::testPropertyMappingsForC	default	filter	single-table	select "root".id as "pk_0", concat('cName_', "root".aName) as "aName", concat('cName_', "root".bName) as "bName", "root".cName as "cName", "root".id as "id" fro	exists-material
meta::relational::tests::mapping::extend::propertyMapping::testPropertyMappingsForC	default	filter	top-where-pred	select "root".id as "pk_0", concat('cName_', "root".aName) as "aName", concat('cName_', "root".bName) as "bName", "root".cName as "cName", "root".id as "id" fro	exists-material
meta::relational::tests::mapping::extend::propertyMapping::testPropertyMappingsForC	default	filter	top-where-pred	select "root".id as "pk_0", concat('cName_', "root".aName) as "aName", concat('cName_', "root".bName) as "bName", "root".cName as "cName", "root".id as "id" fro	exists-material
meta::relational::tests::mapping::extend::propertyMapping::testPropertyMappingsForC	default	filter	top-where-pred	select "root".id as "pk_0", concat('cName_', "root".aName) as "aName", concat('cName_', "root".bName) as "bName", "root".cName as "cName", "root".id as "id" fro	exists-material
meta::relational::tests::mapping::extend::union::propertyMapping::testPropertyMappingsForA	default	filter	single-table	select "unionBase".u_type as u_type, "unionBase"."pk_0_0" as "pk_0_0", "unionBase"."pk_0_1" as "pk_0_1", "unionBase"."id" as "id", "unionBase"."aName" as "aName	exists-material
meta::relational::tests::mapping::extend::union::propertyMapping::testPropertyMappingsForA	default	filter	top-where-pred	select "unionBase".u_type as u_type, "unionBase"."pk_0_0" as "pk_0_0", "unionBase"."pk_0_1" as "pk_0_1", "unionBase"."id" as "id", "unionBase"."aName" as "aName	exists-material
meta::relational::tests::mapping::extend::union::propertyMapping::testPropertyMappingsForA	default	filter	top-where-pred	select "unionBase".u_type as u_type, "unionBase"."pk_0_0" as "pk_0_0", "unionBase"."pk_0_1" as "pk_0_1", "unionBase"."id" as "id", "unionBase"."aName" as "aName	exists-material
meta::relational::tests::mapping::extend::union::propertyMapping::testPropertyMappingsForA	default	filter	top-where-pred	select "unionBase".u_type as u_type, "unionBase"."pk_0_0" as "pk_0_0", "unionBase"."pk_0_1" as "pk_0_1", "unionBase"."id" as "id", "unionBase"."aName" as "aName	exists-material
meta::relational::tests::mapping::extend::union::propertyMapping::testPropertyMappingsForB	default	filter	single-table	select "unionBase".u_type as u_type, "unionBase"."pk_0_0" as "pk_0_0", "unionBase"."pk_0_1" as "pk_0_1", "unionBase"."aName" as "aName", "unionBase"."bName" as 	exists-material
meta::relational::tests::mapping::extend::union::propertyMapping::testPropertyMappingsForB	default	filter	top-where-pred	select "unionBase".u_type as u_type, "unionBase"."pk_0_0" as "pk_0_0", "unionBase"."pk_0_1" as "pk_0_1", "unionBase"."aName" as "aName", "unionBase"."bName" as 	exists-material
meta::relational::tests::mapping::extend::union::propertyMapping::testPropertyMappingsForB	default	filter	top-where-pred	select "unionBase".u_type as u_type, "unionBase"."pk_0_0" as "pk_0_0", "unionBase"."pk_0_1" as "pk_0_1", "unionBase"."aName" as "aName", "unionBase"."bName" as 	exists-material
meta::relational::tests::mapping::extend::union::propertyMapping::testPropertyMappingsForB	default	filter	top-where-pred	select "unionBase".u_type as u_type, "unionBase"."pk_0_0" as "pk_0_0", "unionBase"."pk_0_1" as "pk_0_1", "unionBase"."aName" as "aName", "unionBase"."bName" as 	exists-material
meta::relational::tests::mapping::extend::union::propertyMapping::testPropertyMappingsForB	default	filter	single-table	select "unionBase".u_type as u_type, "unionBase"."pk_0_0" as "pk_0_0", "unionBase"."pk_0_1" as "pk_0_1", "unionBase"."aName" as "aName", "unionBase"."bName" as 	exists-material
meta::relational::tests::mapping::extend::union::propertyMapping::testPropertyMappingsForB	default	filter	top-where-pred	select "unionBase".u_type as u_type, "unionBase"."pk_0_0" as "pk_0_0", "unionBase"."pk_0_1" as "pk_0_1", "unionBase"."aName" as "aName", "unionBase"."bName" as 	exists-material
meta::relational::tests::mapping::extend::union::propertyMapping::testPropertyMappingsForB	default	filter	top-where-pred	select "unionBase".u_type as u_type, "unionBase"."pk_0_0" as "pk_0_0", "unionBase"."pk_0_1" as "pk_0_1", "unionBase"."aName" as "aName", "unionBase"."bName" as 	exists-material
meta::relational::tests::mapping::extend::union::propertyMapping::testPropertyMappingsForB	default	filter	top-where-pred	select "unionBase".u_type as u_type, "unionBase"."pk_0_0" as "pk_0_0", "unionBase"."pk_0_1" as "pk_0_1", "unionBase"."aName" as "aName", "unionBase"."bName" as 	exists-material
meta::relational::tests::mapping::extend::union::propertyMapping::testPropertyMappingsForC	default	filter	single-table	select "unionBase".u_type as u_type, "unionBase"."pk_0_0" as "pk_0_0", "unionBase"."pk_0_1" as "pk_0_1", "unionBase"."aName" as "aName", "unionBase"."bName" as 	exists-material
meta::relational::tests::mapping::extend::union::propertyMapping::testPropertyMappingsForC	default	filter	top-where-pred	select "unionBase".u_type as u_type, "unionBase"."pk_0_0" as "pk_0_0", "unionBase"."pk_0_1" as "pk_0_1", "unionBase"."aName" as "aName", "unionBase"."bName" as 	exists-material
meta::relational::tests::mapping::extend::union::propertyMapping::testPropertyMappingsForC	default	filter	top-where-pred	select "unionBase".u_type as u_type, "unionBase"."pk_0_0" as "pk_0_0", "unionBase"."pk_0_1" as "pk_0_1", "unionBase"."aName" as "aName", "unionBase"."bName" as 	exists-material
meta::relational::tests::mapping::extend::union::propertyMapping::testPropertyMappingsForC	default	filter	top-where-pred	select "unionBase".u_type as u_type, "unionBase"."pk_0_0" as "pk_0_0", "unionBase"."pk_0_1" as "pk_0_1", "unionBase"."aName" as "aName", "unionBase"."bName" as 	exists-material
meta::relational::tests::mapping::extend::union::propertyMapping::testPropertyMappingsForC	default	filter	single-table	select "unionBase".u_type as u_type, "unionBase"."pk_0_0" as "pk_0_0", "unionBase"."pk_0_1" as "pk_0_1", "unionBase"."aName" as "aName", "unionBase"."bName" as 	exists-material
meta::relational::tests::mapping::extend::union::propertyMapping::testPropertyMappingsForC	default	filter	top-where-pred	select "unionBase".u_type as u_type, "unionBase"."pk_0_0" as "pk_0_0", "unionBase"."pk_0_1" as "pk_0_1", "unionBase"."aName" as "aName", "unionBase"."bName" as 	exists-material
meta::relational::tests::mapping::extend::union::propertyMapping::testPropertyMappingsForC	default	filter	top-where-pred	select "unionBase".u_type as u_type, "unionBase"."pk_0_0" as "pk_0_0", "unionBase"."pk_0_1" as "pk_0_1", "unionBase"."aName" as "aName", "unionBase"."bName" as 	exists-material
meta::relational::tests::mapping::extend::union::propertyMapping::testPropertyMappingsForC	default	filter	top-where-pred	select "unionBase".u_type as u_type, "unionBase"."pk_0_0" as "pk_0_0", "unionBase"."pk_0_1" as "pk_0_1", "unionBase"."aName" as "aName", "unionBase"."bName" as 	exists-material
meta::relational::tests::mapping::extend::union::propertyMapping::testPropertyMappingsForC	default	filter	single-table	select "unionBase".u_type as u_type, "unionBase"."pk_0_0" as "pk_0_0", "unionBase"."pk_0_1" as "pk_0_1", "unionBase"."aName" as "aName", "unionBase"."bName" as 	exists-material
meta::relational::tests::mapping::extend::union::propertyMapping::testPropertyMappingsForC	default	filter	top-where-pred	select "unionBase".u_type as u_type, "unionBase"."pk_0_0" as "pk_0_0", "unionBase"."pk_0_1" as "pk_0_1", "unionBase"."aName" as "aName", "unionBase"."bName" as 	exists-material
meta::relational::tests::mapping::extend::union::propertyMapping::testPropertyMappingsForC	default	filter	top-where-pred	select "unionBase".u_type as u_type, "unionBase"."pk_0_0" as "pk_0_0", "unionBase"."pk_0_1" as "pk_0_1", "unionBase"."aName" as "aName", "unionBase"."bName" as 	exists-material
meta::relational::tests::mapping::extend::union::propertyMapping::testPropertyMappingsForC	default	filter	top-where-pred	select "unionBase".u_type as u_type, "unionBase"."pk_0_0" as "pk_0_0", "unionBase"."pk_0_1" as "pk_0_1", "unionBase"."aName" as "aName", "unionBase"."bName" as 	exists-material
meta::relational::tests::mapping::filter::testFilterMappingQuery	default	filter	top-where-pred	select "root".id as "pk_0", "root".name as "name" from orgTable as "root" left outer join orgTable as "orgtable_1" on ("root".parentId = "orgtable_1".id) where 	exists-material
meta::relational::tests::mapping::filter::testFilterMappingWithProjectionAndJoinAndQuery	default	filter	top-where-pred	select "root".id as "pk_0", "root".name as "name" from orgTable as "root" left outer join otherTable as "othertable_0" on ("root".id = "othertable_0".orgTableId	exists-material
meta::relational::tests::mapping::filter::testFilterMappingWithProjectionOverlapp	default	project	filtered-subselect-join+top-where-pred	select "root".name as "name", "orgtable_1".name as "p_name", "orgtable_2".name as "p_p_name" from orgTable as "root" left outer join orgTable as "orgtable_1" on	correlated-count-reducer|exists-material
meta::relational::tests::mapping::groupBy::testGroupByMappingProjectWithGroupByInJoin	default	project	grouped-subselect-join	select "trade_0".GSN as "gsn", "root".DESCRIPTION as "description" from PRODUCT as "root" left outer join (select "root".ACC_NUM, "root".GSN, sum("root".QTY) as	exists-material
meta::relational::tests::mapping::groupBy::testGroupByMappingProjectWithJoin	default	project	plain-join	select "root".GSN as "gsn", "product_0".DESCRIPTION as "description" from TRADE as "root" left outer join PRODUCT as "product_0" on ("root".PRODUCT_ID = "produc	exists-material
meta::relational::tests::mapping::groupBy::testGroupByMappingProjectWithJoinAndTableFilter	default	project	top-where-pred	select "root".GSN as "gsn", "product_0".DESCRIPTION as "description" from TRADE as "root" left outer join PRODUCT as "product_0" on ("root".PRODUCT_ID = "produc	exists-material
meta::relational::tests::mapping::groupBy::testGroupByMappingProjectWithMultipleGroupBys	default	project	grouped-subselect-join+top-where-pred	select "root".GSN as "gsn", "product_exploded_0".DESCRIPTION as "description" from TRADE as "root" left outer join (select "root".DESCRIPTION, "root".PRODUCT_ID	exists-material
meta::relational::tests::mapping::groupBy::testGroupByMappingWithFilterOnAggregateWithJoin	default	filter	top-where-pred	select "root".ACC_NUM as "acctNum", "root".GSN as "gsn", "root"."quantity" as "quantity", "root".ACC_NUM, "root".PRODUCT_ID, "root".GSN from (select "trade_1".A	exists-material
meta::relational::tests::mapping::groupBy::testGroupByMappingWithFilterOnAggregateWithProject	default	filter+project	single-table	select "root".GSN as "gsn", "root"."quantity" as "quantity" from (select "trade_1".ACC_NUM as ACC_NUM, "trade_1".GSN as GSN, sum("trade_1".QTY) as "quantity", "	correlated-count-reducer
meta::relational::tests::mapping::inheritance::cross::testAssociation	default	filter	no-sql-golden		correlated-count-reducer|exists-material
meta::relational::tests::mapping::inheritance::cross::testGroupBy	default	map+project+groupBy	no-sql-golden		correlated-count-reducer|exists-material
meta::relational::tests::mapping::inheritance::cross::testProject	default	project	no-sql-golden		correlated-count-reducer
meta::relational::tests::mapping::inheritance::cross::testProjectAssociation	default	map+project	no-sql-golden		correlated-count-reducer|exists-material
meta::relational::tests::mapping::inheritance::cross::testProjectAssociationTdsV2	default	map+project	no-sql-golden		exists-material
meta::relational::tests::mapping::inheritance::cross::testProjectTwoLambdas	default	map+project	no-sql-golden		correlated-count-reducer|exists-material
meta::relational::tests::mapping::inheritance::milestoned::testMilestonedSubTyping	default	map+project	no-sql-golden		correlated-count-reducer|exists-material
meta::relational::tests::mapping::inheritance::milestoned::testMilestonedSubTypingWithDifferentDates	default	map+project	no-sql-golden		correlated-count-reducer|exists-material
meta::relational::tests::mapping::inheritance::relational::multiJoins::testProjectAssociation	default	map+project	no-sql-golden		correlated-count-reducer|exists-material
meta::relational::tests::mapping::inheritance::relational::multiJoins::testSubTypeProjectDirect	default	map+project	no-sql-golden		correlated-count-reducer|exists-material
meta::relational::tests::mapping::inheritance::relational::selfJoin::testSubTypeProjectSharedNonDirectlyRouted	default	map+project	no-sql-golden		correlated-count-reducer
meta::relational::tests::mapping::inheritance::relational::testEmbeddMappingInSubTypes	default	map+project	no-sql-golden		exists-material
meta::relational::tests::mapping::inheritance::relational::testFilterProject	default	filter+project	no-sql-golden		correlated-count-reducer|exists-material
meta::relational::tests::mapping::inheritance::relational::testFilterProjectBooleanInFilter	default	filter+project	no-sql-golden		correlated-count-reducer|exists-material
meta::relational::tests::mapping::inheritance::relational::testFilteringOnColumnsNotInProject	default	filter+map+project	no-sql-golden		correlated-count-reducer|exists-material
meta::relational::tests::mapping::inheritance::relational::testFilteringOnColumnsNotInProjectSingleChildStructure	default	filter+map+project	no-sql-golden		correlated-count-reducer|exists-material
meta::relational::tests::mapping::inheritance::relational::testGetAll	default	map	no-sql-golden		correlated-count-reducer
meta::relational::tests::mapping::inheritance::relational::testGetAllFilter	default	filter	no-sql-golden		correlated-count-reducer
meta::relational::tests::mapping::inheritance::relational::testGetAllFilterWithAssociation	default	filter	no-sql-golden		correlated-count-reducer|exists-material
meta::relational::tests::mapping::inheritance::relational::testGroupBy	default	map+project+groupBy	no-sql-golden		correlated-count-reducer|exists-material
meta::relational::tests::mapping::inheritance::relational::testProjectTwoLambdas	default	map+project	no-sql-golden		correlated-count-reducer|exists-material
meta::relational::tests::mapping::inheritance::relational::testQuery	default	filter	no-sql-golden		correlated-count-reducer|exists-material
meta::relational::tests::mapping::inheritance::relational::testSubTypeFilter	default	filter	no-sql-golden		correlated-count-reducer|exists-material
meta::relational::tests::mapping::inheritance::relational::testSubTypeGroupBy	default	map+groupBy	no-sql-golden		correlated-count-reducer|exists-material
meta::relational::tests::mapping::inheritance::relational::testSubTypeGroupByThroughMap	default	map+groupBy	no-sql-golden		correlated-count-reducer
meta::relational::tests::mapping::inheritance::relational::testSubTypeProjectDirect	default	map+project	no-sql-golden		correlated-count-reducer
meta::relational::tests::mapping::inheritance::relational::testSubTypeProjectShared	default	map+project	no-sql-golden		correlated-count-reducer|exists-material
meta::relational::tests::mapping::inheritance::relational::testSubTypeProjectSharedNonDirectlyRouted	default	map+project	no-sql-golden		correlated-count-reducer
meta::relational::tests::mapping::inheritance::relational::testSubTypeProjectWithAssociation	default	map+project	no-sql-golden		correlated-count-reducer|exists-material
meta::relational::tests::mapping::inheritance::relational::union::testFilterProject	default	filter+project	no-sql-golden		correlated-count-reducer|exists-material
meta::relational::tests::mapping::inheritance::relational::union::testFilterProjectBooleanInFilter	default	filter+project	no-sql-golden		correlated-count-reducer|exists-material
meta::relational::tests::mapping::inheritance::relational::union::testGetAll	default	map	no-sql-golden		correlated-count-reducer
meta::relational::tests::mapping::inheritance::relational::union::testGetAllFilter	default	filter	no-sql-golden		correlated-count-reducer
meta::relational::tests::mapping::inheritance::relational::union::testGetAllFilterWithAssociation	default	filter	no-sql-golden		correlated-count-reducer|exists-material
meta::relational::tests::mapping::inheritance::relational::union::testGroupBy	default	map+project+groupBy	no-sql-golden		correlated-count-reducer|exists-material
meta::relational::tests::mapping::inheritance::relational::union::testProjectTwoLambdas	default	map+project	no-sql-golden		correlated-count-reducer|exists-material
meta::relational::tests::mapping::inheritance::relational::union::testQuery	default	filter	no-sql-golden		correlated-count-reducer|exists-material
meta::relational::tests::mapping::inheritance::relational::union::testSubTypeFilter	default	filter	no-sql-golden		correlated-count-reducer|exists-material
meta::relational::tests::mapping::inheritance::relational::union::testSubTypeProjectDirect	default	map+project	no-sql-golden		correlated-count-reducer
meta::relational::tests::mapping::inheritance::relational::union::testSubTypeProjectShared	default	map+project	no-sql-golden		correlated-count-reducer|exists-material
meta::relational::tests::mapping::inheritance::relational::union::testSubTypeProjectSharedNonDirectlyRouted	default	map+project	no-sql-golden		correlated-count-reducer
meta::relational::tests::mapping::inheritance::relational::union::testSubTypeProjectWithAssociation	default	map+project	no-sql-golden		correlated-count-reducer|exists-material
meta::relational::tests::mapping::join::testChainedInnerJoinsMerge	default	project	filtered-subselect-join	select "firmpersonbridgetable_0".FIRSTNAME as "firstname", "root".LEGALNAME as "firm", "firmpersonbridgetable_0".LASTNAME as "lastname" from firmTable as "root"	exists-material
meta::relational::tests::mapping::join::testChainedInnerJoinsWithFilterMerge	default	filter+project	filtered-subselect-join+top-where-pred	select "firmpersonbridgetable_0".FIRSTNAME as "firstname", "root".LEGALNAME as "firm", "firmpersonbridgetable_0".LASTNAME as "lastname" from firmTable as "root"	exists-material
meta::relational::tests::mapping::join::testChainedInnerJoinsWithQualifierInGroupBy	default	filter+groupBy	filtered-subselect-join+on-clause-literal-pred+top-where-pred	select count("firmpersonbridgetable_0".EXTRAINFO) as "count" from firmTable as "root" left outer join (select "firmpersonbridgetable_0".FIRM_ID as FIRM_ID, "per	exists-material
meta::relational::tests::mapping::join::testChainedOuterJoinsMerge	default	project	plain-join	select "persontable_0".FIRSTNAME as "firstname", "root".LEGALNAME as "firm", "persontable_0".LASTNAME as "lastname" from firmTable as "root" left outer join fir	exists-material
meta::relational::tests::mapping::join::testChainedOuterJoinsWithFilterInproject	default	filter+project	filtered-subselect-join+top-where-pred	select "root".LEGALNAME as "firm", "persontable_0".EXTRAINFO as "extrainfo" from firmTable as "root" left outer join (select "persontable_1".FIRMID as FIRMID, "	exists-material
meta::relational::tests::mapping::join::testChainedOuterJoinsWithQualifierInproject	default	filter+project	filtered-subselect-join+top-where-pred	select "root".LEGALNAME as "firm", "persontable_0".LASTNAME as "lastname", "persontable_2".AGE as "age" from firmTable as "root" left outer join (select "person	exists-material
meta::relational::tests::mapping::join::testConstraintTargetingMultipleJoinsInPropertyMapping	default	filter	filtered-subselect-join+top-where-pred	select "root".ID as "pk_0", "root".LEGALNAME as "legalName" from firmTable as "root" left outer join (select distinct "persontable_1".FIRMID, "persontable_1".FL	correlated-count-reducer|exists-material
meta::relational::tests::mapping::join::testConstraintTargetingMultipleJoinsInPropertyMappingNoJoinProperty	default	filter	filtered-subselect-join+top-where-pred	select "root".ID as "pk_0", "root".LEGALNAME as "legalName" from firmTable as "root" left outer join (select distinct "persontable_1".FIRMID, "persontable_1".FL	correlated-count-reducer|exists-material
meta::relational::tests::mapping::join::testConvertToStringH2	default	project	plain-join	select "accounttable_0".name as "name" from tradeTable as "root" left outer join accountTable as "accounttable_0" on (cast("root".accountID as varchar(128)) = "	exists-material
meta::relational::tests::mapping::join::testFilterOnSimpleTypePropertyDeepWithJoinInMapping	default	filter	top-where-pred	select "personextensiontable_0".EXTRAINFO from firmTable as "root" left outer join personTable as "persontable_0" on ("root".ID = "persontable_0".FIRMID and "ro	exists-material
meta::relational::tests::mapping::join::testFilterOnSimpleTypePropertyDeepWithJoinInMappingNotUsed	default	filter	top-where-pred	select "persontable_0".LASTNAME from firmTable as "root" left outer join personTable as "persontable_0" on ("root".ID = "persontable_0".FIRMID and "root".FLAG i	exists-material
meta::relational::tests::mapping::join::testJoinInPropertyMappingAndJoinInQuery	default	filter	top-where-pred	select "root".ID as "pk_0", "root".FIRSTNAME as "firstName", "root".LASTNAME as "lastName", "personextensiontable_0".EXTRAINFO as "extraInformation" from person	exists-material
meta::relational::tests::mapping::join::testJoinInPropertyMappingAndJoinInQueryWithGrouping	default	filter	top-where-pred	select "root".ID as "pk_0", "root".FIRSTNAME as "firstName", "root".LASTNAME as "lastName", "personextensiontable_0".EXTRAINFO as "extraInformation" from person	exists-material
meta::relational::tests::mapping::join::testTwoJoinsInPropertyMappingAndJoinInQueryWithGrouping	default	filter	top-where-pred	select "root".ID as "pk_0", "root".FIRSTNAME as "firstName", "root".LASTNAME as "lastName", "personextensiontable_0".EXTRAINFO as "extraInformation" from person	exists-material
meta::relational::tests::mapping::join::testTwoJoinsInPropertyMultipleParenthesisMappingAndJoinInQueryWithGrouping	default	filter	top-where-pred	select "root".ID as "pk_0", "root".FIRSTNAME as "firstName", "root".LASTNAME as "lastName", "personextensiontable_0".AGE as "age", "personextensiontable_0".EXTR	exists-material
meta::relational::tests::mapping::modelJoin::advanced::testChainedTwoHops	default	project	filtered-subselect-join	select "firmtable_0".LEGALNAME as "Legal Name", "projecttable_0"."NAME" as "Project Name" from (select "firmtable_1".ID as ID, "firmtable_1".LEGALNAME as LEGALN	exists-material
meta::relational::tests::mapping::modelJoin::advanced::testColumnCollisionInSubselect	default	project	filtered-subselect-join	select "root".FIRSTNAME as "First Name", "firmtable_0".LEGALNAME as "Firm Name" from personTable as "root" left outer join addressTable as "addresstable_0" on (	exists-material
meta::relational::tests::mapping::modelJoin::advanced::testComplexRelationFunction	default	project	filtered-subselect-join	select "firmtable_0".LEGALNAME as "Legal Name", "persontable_0"."FIRSTNAME" as "Employee First Name" from (select "firmtable_1".ID as ID, "firmtable_1".LEGALNAM	exists-material
meta::relational::tests::mapping::modelJoin::advanced::testDirectPropertyAccess	default	filter+project	filtered-subselect-join	select "persontable_0".FIRSTNAME as "First Name", "addresstable_0"."CITY" as "City" from (select "persontable_1".ID as ID, "persontable_1".FIRSTNAME as FIRSTNAM	exists-material
meta::relational::tests::mapping::modelJoin::advanced::testDistinctOnTarget	default	project	filtered-subselect-join	select "root".LEGALNAME as "Legal Name", "persontable_0".FIRSTNAME as "Employee First Name" from firmTable as "root" left outer join (select distinct "root".FIR	exists-material
meta::relational::tests::mapping::modelJoin::advanced::testDoubleNestedBothSides	default	project	filtered-subselect-join	select "firmtable_0".LEGALNAME as "Legal Name", "persontable_0"."FIRSTNAME" as "Employee First Name" from (select "firmtable_1".ID as ID, "firmtable_1".LEGALNAM	exists-material
meta::relational::tests::mapping::modelJoin::advanced::testFilterOnTarget	default	project	filtered-subselect-join+top-where-pred	select "root".LEGALNAME as "Legal Name", "persontable_0".FIRSTNAME as "Employee First Name" from firmTable as "root" left outer join (select "root".FIRSTNAME as	exists-material
meta::relational::tests::mapping::modelJoin::advanced::testFilterOnTargetNestedCondition	default	project	filtered-subselect-join+top-where-pred	select "root".LEGALNAME as "Legal Name", "persontable_0".FIRSTNAME as "Employee First Name" from firmTable as "root" left outer join (select "root".FIRSTNAME as	exists-material
meta::relational::tests::mapping::modelJoin::advanced::testFilterOnTargetReverse	default	project	top-where-pred	select "root".FIRSTNAME as "First Name", "firmtable_0".LEGALNAME as "Firm Name" from personTable as "root" left outer join firmTable as "firmtable_0" on ("root"	exists-material
meta::relational::tests::mapping::modelJoin::advanced::testFilterWithInnerJoinOnTarget	default	project	top-where-pred	select "root".LEGALNAME as "Legal Name", "persontable_0".FIRSTNAME as "Employee First Name" from firmTable as "root" left outer join (select "root".FIRSTNAME as	exists-material
meta::relational::tests::mapping::modelJoin::advanced::testInCondition	default	project	top-where-pred	select "firmtable_0".LEGALNAME as "Legal Name", "persontable_0"."FIRSTNAME" as "Employee First Name" from (select "firmtable_1".ID as ID, "firmtable_1".LEGALNAM	exists-material
meta::relational::tests::mapping::modelJoin::advanced::testMixedMappingEmployeeToFirm	default	project	filtered-subselect-join	select "root".FIRSTNAME as "First Name", "firmtable_0"."LEGALNAME" as "Firm Name" from personTable as "root" left outer join addressTable as "addresstable_0" on	exists-material
meta::relational::tests::mapping::modelJoin::advanced::testMixedMappingFirmToEmployee	default	project	filtered-subselect-join	select "firmtable_0".LEGALNAME as "Legal Name", "persontable_0".FIRSTNAME as "Employee First Name" from (select "firmtable_1".ID as ID, "firmtable_1".LEGALNAME 	exists-material
meta::relational::tests::mapping::modelJoin::advanced::testNestedInFilter	default	filter+project	filtered-subselect-join+top-where-pred	select "firmtable_0".LEGALNAME as "Legal Name" from (select "firmtable_1".ID as ID, "firmtable_1".LEGALNAME as LEGALNAME, "firmtable_1".CITY as CITY, "firmtable	exists-material
meta::relational::tests::mapping::modelJoin::advanced::testNestedPropertyChain	default	project	filtered-subselect-join	select "firmtable_0".LEGALNAME as "Legal Name", "persontable_0"."FIRSTNAME" as "Employee First Name" from (select "firmtable_1".ID as ID, "firmtable_1".LEGALNAM	exists-material
meta::relational::tests::mapping::modelJoin::advanced::testRelationalDoubleNestedBothSides	default	filter+project	filtered-subselect-join	select "root".LEGALNAME as "Legal Name", "persontable_0".FIRSTNAME as "Employee First Name" from firmTable as "root" left outer join headquartersTable as "headq	exists-material
meta::relational::tests::mapping::modelJoin::advanced::testRelationalNestedInFilter	default	filter+project	top-where-pred	select "root".LEGALNAME as "Legal Name" from firmTable as "root" left outer join headquartersTable as "headquarterstable_0" on ("root".ID = "headquarterstable_0	exists-material
meta::relational::tests::mapping::modelJoin::advanced::testRelationalNestedPropertyChain	default	project	filtered-subselect-join	select "root".LEGALNAME as "Legal Name", "persontable_0".FIRSTNAME as "Employee First Name" from firmTable as "root" left outer join (select "root".FIRSTNAME as	exists-material
meta::relational::tests::mapping::modelJoin::advanced::testUnionWithExistsFilter	default	filter+project	exists-predicate+filtered-subselect-join+top-where-pred	select "root".LEGALNAME as "Legal Name", "unionalias_0"."fullTimeTableFIRSTNAME_contractTableFIRSTNAME" as "Employee First Name" from firmTable as "root" left o	exists-join-form-dedup|exists-material
meta::relational::tests::mapping::modelJoin::advanced::testUnionWithSubtypeQuery	default	project	plain-join	select "unionBase"."firmTableLEGALNAME_firmTableBLEGALNAME" as "Legal Name", "contracttable_0".LASTNAME as "Employee Code" from (select "root".ID as "pk_0_0", n	exists-material
meta::relational::tests::mapping::modelJoin::milestoning::testMilestonedContract	default	project	filtered-subselect-join+top-where-pred	select "persontable_0".FIRSTNAME as "First Name", "contractlogtable_0"."DESCRIPTION" as "Contract" from (select "persontable_1".ID as ID, "persontable_1".FIRSTN	exists-material
meta::relational::tests::mapping::modelJoin::milestoning::testMilestoningDiffScheme	default	project	filtered-subselect-join+top-where-pred	select "ordertable_0".DESCRIPTION as "Order", "audittable_0"."MESSAGE" as "Audit" from (select "ordertable_1".ID as ID, "ordertable_1".PRODUCTID as PRODUCTID, "	exists-material
meta::relational::tests::mapping::modelJoin::milestoning::testMilestoningSameScheme	default	project	filtered-subselect-join+top-where-pred	select "ordertable_0".DESCRIPTION as "Order", "shipmenttable_0"."CARRIER" as "Carrier" from (select "ordertable_1".ID as ID, "ordertable_1".PRODUCTID as PRODUCT	exists-material
meta::relational::tests::mapping::modelJoin::milestoning::testMilestoningSourceOnly	default	project	filtered-subselect-join+top-where-pred	select "ordertable_0".DESCRIPTION as "Order", "warehousetable_0"."NAME" as "Warehouse" from (select "ordertable_1".ID as ID, "ordertable_1".PRODUCTID as PRODUCT	exists-material
meta::relational::tests::mapping::modelJoin::milestoning::testMilestoningTargetOnly	default	project	filtered-subselect-join+top-where-pred	select "warehousetable_0".NAME as "Warehouse", "ordertable_0"."DESCRIPTION" as "Order" from (select "warehousetable_1".ID as ID, "warehousetable_1".NAME as NAME	exists-material
meta::relational::tests::mapping::modelJoin::milestoning::testRelationalMilestoningDiffScheme	default	project	filtered-subselect-join+top-where-pred	select "root".DESCRIPTION as "Order", "audittable_0".MESSAGE as "Audit" from orderTable as "root" left outer join productTable as "producttable_0" on ("root".ID	exists-material
meta::relational::tests::mapping::modelJoin::milestoning::testRelationalMilestoningSameScheme	default	project	filtered-subselect-join+top-where-pred	select "root".DESCRIPTION as "Order", "shipmenttable_0".CARRIER as "Carrier" from orderTable as "root" left outer join productTable as "producttable_0" on ("roo	exists-material
meta::relational::tests::mapping::modelJoin::milestoning::testRelationalMilestoningSourceOnly	default	project	filtered-subselect-join+top-where-pred	select "root".DESCRIPTION as "Order", "warehousetable_0".NAME as "Warehouse" from orderTable as "root" left outer join productTable as "producttable_0" on ("roo	exists-material
meta::relational::tests::mapping::modelJoin::milestoning::testRelationalMilestoningTargetOnly	default	project	filtered-subselect-join+top-where-pred	select "root".NAME as "Warehouse", "ordertable_0".DESCRIPTION as "Order" from warehouseTable as "root" left outer join sectionTable as "sectiontable_0" on ("roo	exists-material
meta::relational::tests::mapping::modelJoin::simple::testArithmeticCondition	default	project	filtered-subselect-join	select "persontable_0".FIRSTNAME as "First Name", "firmtable_0"."LEGALNAME" as "Firm Name" from (select "persontable_1".ID as ID, "persontable_1".FIRSTNAME as F	exists-material
meta::relational::tests::mapping::modelJoin::simple::testConcatCondition	default	project	filtered-subselect-join	select "persontable_0".FIRSTNAME as "First Name", "firmtable_0"."LEGALNAME" as "Firm Name" from (select "persontable_1".ID as ID, "persontable_1".FIRSTNAME as F	exists-material
meta::relational::tests::mapping::modelJoin::simple::testDerivedPropertyInCondition	default	project	filtered-subselect-join	select "persontable_0".FIRSTNAME as "First Name", "firmtable_0"."LEGALNAME" as "Firm Name" from (select "persontable_1".ID as ID, "persontable_1".FIRSTNAME as F	exists-material
meta::relational::tests::mapping::modelJoin::simple::testFunctionInCondition	default	project	filtered-subselect-join	select "persontable_0".FIRSTNAME as "First Name", "firmtable_0"."LEGALNAME" as "Firm Name" from (select "persontable_1".ID as ID, "persontable_1".FIRSTNAME as F	exists-material
meta::relational::tests::mapping::modelJoin::simple::testInCondition	default	project	top-where-pred	select "firmtable_0".LEGALNAME as "Legal Name", "persontable_0"."FIRSTNAME" as "Employee First Name" from (select "firmtable_1".ID as ID, "firmtable_1".LEGALNAM	exists-material
meta::relational::tests::mapping::modelJoin::simple::testMultipleAndConditions	default	project	filtered-subselect-join	select "persontable_0".FIRSTNAME as "First Name", "firmtable_0"."LEGALNAME" as "Firm Name" from (select "persontable_1".ID as ID, "persontable_1".FIRSTNAME as F	exists-material
meta::relational::tests::mapping::modelJoin::simple::testOrConditions	default	project	filtered-subselect-join	select "persontable_0".FIRSTNAME as "First Name", "firmtable_0"."LEGALNAME" as "Firm Name" from (select "persontable_1".ID as ID, "persontable_1".FIRSTNAME as F	exists-material
meta::relational::tests::mapping::modelJoin::simple::testRelationalSimpleEquality	default	project	plain-join	select "root".LEGALNAME as "Legal Name", "persontable_0".FIRSTNAME as "Employee First Name" from firmTable as "root" left outer join personTable as "persontable	exists-material
meta::relational::tests::mapping::modelJoin::simple::testSimpleEquality	default	project	filtered-subselect-join	select "firmtable_0".LEGALNAME as "Legal Name", "persontable_0"."FIRSTNAME" as "Employee First Name" from (select "firmtable_1".ID as ID, "firmtable_1".LEGALNAM	exists-material
meta::relational::tests::mapping::modelJoin::union::testRelationalUnionBothSides	default	project	filtered-subselect-join	select "unionBase"."firmTableLEGALNAME_firmTableBLEGALNAME" as "Legal Name", "unionalias_1"."fullTimeTableFIRSTNAME_contractTableFIRSTNAME" as "Employee First N	exists-material
meta::relational::tests::mapping::modelJoin::union::testRelationalUnionSource	default	project	filtered-subselect-join	select "root".LEGALNAME as "Legal Name", "unionalias_0"."fullTimeTableFIRSTNAME_contractTableFIRSTNAME" as "Employee First Name" from firmTable as "root" left o	exists-material
meta::relational::tests::mapping::modelJoin::union::testUnionWithExistsFilter	default	filter+project	exists-predicate+filtered-subselect-join+top-where-pred	select "root".LEGALNAME as "Legal Name", "unionalias_0"."fullTimeTableFIRSTNAME_contractTableFIRSTNAME" as "Employee First Name" from firmTable as "root" left o	exists-join-form-dedup|exists-material
meta::relational::tests::mapping::multigrain::testToManyWithQualifierWithFilterOnDataType	default	filter+project	on-clause-literal-pred+top-where-pred	select "root".QTY as "num" from POSITION as "root" left outer join FIRM_ACCT_IF_MULTIGRAIN as "firm_acct_if_multigrain_0" on ("root".ACCT_I = "firm_acct_if_mult	exists-material
meta::relational::tests::mapping::multigrain::testToManyWithQualifierWithFilterOnJoin	default	filter+project	on-clause-literal-pred+top-where-pred	select "root".QTY as "num" from POSITION as "root" left outer join FIRM_ACCT_IF_MULTIGRAIN as "firm_acct_if_multigrain_0" on ("root".ACCT_I = "firm_acct_if_mult	exists-material
meta::relational::tests::mapping::propertyfunc::simple::testSimplePropertyFuncGetAll	default	other	single-table	select "root".ID as "pk_0", substring("root".FULLNAME, 0, locate(',', "root".FULLNAME) - 1) as "firstName", "root".FULLNAME as "displayName", substring("root".F	correlated-count-reducer
meta::relational::tests::mapping::propertyfunc::simple::testSimplePropertyFuncProject	default	project	single-table	select substring("root".FULLNAME, 0, locate(',', "root".FULLNAME) - 1) as "firstName", substring("root".FULLNAME, locate(',', "root".FULLNAME) + 2) as "lastName	correlated-count-reducer
meta::relational::tests::mapping::propertyfunc::withjoin::testSimplePropertyFuncProjectWithJoin	default	project	plain-join	select substring("root".FULLNAME, 0, locate(',', concat("root".FULLNAME, "persontableextension_0".FULLNAME_PART2)) - 1) as "firstName", substring(concat("root".	correlated-count-reducer
meta::relational::tests::mapping::relation::testDistinctMappingWithJoin	default	project	no-sql-golden		exists-material
meta::relational::tests::mapping::relation::testEmbeddedRelationMappingWithAssociation	default	project	no-sql-golden		exists-material
meta::relational::tests::mapping::relation::testEmbeddedRelationMappingWithAssociationAndFilter	default	filter+project	no-sql-golden		exists-material
meta::relational::tests::mapping::relation::testExplicitSrcMappingWithAssociation	default	project	no-sql-golden		exists-material
meta::relational::tests::mapping::relation::testInlineEmbeddedRelationMappingWithAssociation	default	project	no-sql-golden		exists-material
meta::relational::tests::mapping::relation::testMappingWithBiTemporalMilestoning	default	project	no-sql-golden		exists-material
meta::relational::tests::mapping::relation::testMappingWithBusinessSnapshotMilestoning	default	project	no-sql-golden		exists-material
meta::relational::tests::mapping::relation::testMappingWithBusinessSnapshotMilestoningAllVersionsInRange	default	project	no-sql-golden		exists-material
meta::relational::tests::mapping::relation::testMappingWithBusinessTemporalMilestoning	default	project	no-sql-golden		exists-material
meta::relational::tests::mapping::relation::testMappingWithBusinessTemporalMilestoningAllVersionsInRange	default	project	no-sql-golden		exists-material
meta::relational::tests::mapping::relation::testMappingWithGroupByNavigateToGroupedSet	default	project	no-sql-golden		exists-material
meta::relational::tests::mapping::relation::testMappingWithGroupByThroughModelJoin	default	project	no-sql-golden		exists-material
meta::relational::tests::mapping::relation::testMappingWithProcessingSnapshotMilestoning	default	project	no-sql-golden		exists-material
meta::relational::tests::mapping::relation::testMappingWithProcessingSnapshotMilestoningAllVersionsInRange	default	project	no-sql-golden		exists-material
meta::relational::tests::mapping::relation::testMappingWithProcessingTemporalMilestoning	default	project	no-sql-golden		exists-material
meta::relational::tests::mapping::relation::testMappingWithProcessingTemporalMilestoningAllVersionsInRange	default	project	no-sql-golden		exists-material
meta::relational::tests::mapping::relation::testMixedCaseMappingThroughAssociationChain	default	filter+project	no-sql-golden		exists-material
meta::relational::tests::mapping::relation::testMixedMappingWithFilterInProject	default	filter+project	no-sql-golden		exists-material
meta::relational::tests::mapping::relation::testMixedTemporalMapping	default	project	no-sql-golden		exists-material
meta::relational::tests::mapping::relation::testMixedTemporalMappingWithAllVersionsInRange1	default	project	no-sql-golden		exists-material
meta::relational::tests::mapping::relation::testMixedTemporalMappingWithAllVersionsInRange2	default	project	no-sql-golden		exists-material
meta::relational::tests::mapping::relation::testSimpleMappingQueryWithFilterInProject	default	filter+project	no-sql-golden		exists-material
meta::relational::tests::mapping::relation::testSimpleMappingQueryWithObjectGroupByAndTdsProject	default	project+groupBy	no-sql-golden		exists-material
meta::relational::tests::mapping::relation::testSimpleMappingQueryWithPreFilter	default	filter+project	no-sql-golden		exists-material
meta::relational::tests::mapping::relation::testSimpleMappingWithAssociation	default	project	no-sql-golden		exists-material
meta::relational::tests::mapping::selfJoin::testSelfJoinPropertyMapping	default	map+project	no-sql-golden		correlated-count-reducer|exists-material
meta::relational::tests::mapping::selfJoin::testSelfJoinPropertyMappingOverlap	default	project	plain-join	select "root".name as "name", "orgtable_1".name as "p_name", "orgtable_2".name as "p_p_name" from orgTable as "root" left outer join orgTable as "orgtable_1" on	correlated-count-reducer|exists-material
meta::relational::tests::mapping::selfJoin::testSelfJoinPropertyMappingWithDynaFunction	default	project	plain-join	select "root".name as "orgName", "orgtable_3".name as "3rd parent", "orgtable_4".name as "4th parent", "orgtable_4".name is null and "orgtable_3".name is null a	correlated-count-reducer|exists-material
meta::relational::tests::mapping::subType::testProject	default	map+project	no-sql-golden		correlated-count-reducer|exists-material
meta::relational::tests::mapping::subType::testProjectSubtype	default	map+project	no-sql-golden		correlated-count-reducer|exists-material
meta::relational::tests::mapping::subType::testProjectWithIds	default	map+project	no-sql-golden		correlated-count-reducer|exists-material
meta::relational::tests::mapping::subType::testSubTypeMappingValidWhenMappedExplicitly	default	filter+project	plain-join	select "product_rating_1".RATING as "description" from PRODUCT_RATING as "root" left outer join productSchema.productTable as "producttable_0" on ("producttable	exists-material
meta::relational::tests::mapping::tree::testFilterOnNestedQualifier	default	filter+project	no-sql-golden		correlated-count-reducer|exists-material
meta::relational::tests::mapping::tree::testJoinIsolationDeeperTwoIsolations_LeftOuterLeftOuterThenInner	default	project	filtered-subselect-join+top-where-pred	select "root".id as "number", "persontable_0".firstName as "firstName", "orgtreeoptimizationtable_0".name as "team", "orgtreeoptimizationtable_2".name as "bu" f	correlated-count-reducer|exists-material
meta::relational::tests::mapping::tree::testJoinIsolationDeeper_LeftOuterLeftOuterThenInner	default	project	filtered-subselect-join+top-where-pred	select "root".id as "number", "orgtreeoptimizationtable_0".name as "team" from accountTable as "root" left outer join tradeTable as "tradetable_0" on ("root".id	correlated-count-reducer|exists-material
meta::relational::tests::mapping::tree::testProjectMerge	default	project	filtered-subselect-join+top-where-pred	select "orgtreeoptimizationtable_0".name as "buName", "orgtreeoptimizationtable_2".name as "name", "orgtreeoptimizationtable_2".type as "type" from personTable 	correlated-count-reducer|exists-material
meta::relational::tests::mapping::tree::testProjectWithFilter	default	filter+project	filtered-subselect-join+top-where-pred	select "root".firstName as "firstName", "orgtreeoptimizationtable_0".name as "buName" from personTable as "root" left outer join (select "orgtreeoptimizationtab	correlated-count-reducer|exists-material
meta::relational::tests::mapping::tree::testProjection	default	project	filtered-subselect-join+top-where-pred	select "root".firstName as "firstName", "root".lastName as "lastName", "orgtreeoptimizationtable_0".name as "team", "orgtreeoptimizationtable_2".name as "desk",	correlated-count-reducer|exists-material
meta::relational::tests::mapping::tree::testProjectionDeeper	default	project	filtered-subselect-join+top-where-pred	select "root".firstName as "firstName", "root".lastName as "lastName", "orgtable_1".name as "businessUnitName", "orgtable_2".name as "teamParentName", "orgtable	correlated-count-reducer|exists-material
meta::relational::tests::mapping::tree::testProjectionDeeperInlined	default	filter+project	filtered-subselect-join+top-where-pred	select "root".firstName as "firstName", "root".lastName as "lastName", "orgtable_1".name as "businessUnitName", "orgtable_2".name as "teamParentName", "orgtable	correlated-count-reducer|exists-material
meta::relational::tests::mapping::tree::testQueryNoResultWithAnd	default	filter	no-sql-golden		correlated-count-reducer|exists-join-form-dedup|exists-material
meta::relational::tests::mapping::tree::testQuerySimple	default	filter	no-sql-golden		correlated-count-reducer|exists-join-form-dedup|exists-material
meta::relational::tests::mapping::tree::testQueryWithOr	default	filter	filtered-subselect-join+top-where-pred	select "root".id as "pk_0", "root".firstName as "firstName", "root".lastName as "lastName" from personTable as "root" left outer join (select "orgtreeoptimizati	correlated-count-reducer|exists-material
meta::relational::tests::mapping::tree::testQueryWithResultWithAnd	default	filter	filtered-subselect-join+top-where-pred	select "root".id as "pk_0", "root".firstName as "firstName", "root".lastName as "lastName" from personTable as "root" left outer join (select "orgtreeoptimizati	correlated-count-reducer|exists-join-form-dedup|exists-material
meta::relational::tests::mapping::union::biTemporal::testBiTemporalUnionAsJoinTarget_correlatedSubqueryQuoting	default	project	no-sql-golden		exists-material
meta::relational::tests::mapping::union::biTemporal::testBiTemporalUnionJoin_milestoningColumnInOnClause	default	project	no-sql-golden		exists-material
meta::relational::tests::mapping::union::biTemporal::testBiTemporalUnionWithSelfJoin_duplicateColumnRegression	default	project	on-clause-literal-pred+top-where-pred	select "unionBase"."BENEFICIARYLast_Name_CUSTOMERLast_Name" as "Name", "customer_1".Email as "Email" from (select "root".lake_from as "lake_from_0", "root".lake	exists-material
meta::relational::tests::mapping::union::extend::testChainedJoinsWithUnionsAndIsolation	default	filter+project	filtered-subselect-join+top-where-pred	select "unionalias_2"."PersonSet1lastName_s1_PersonSet2lastName_s2" as "Employees" from (select "root".ID as "pk_0_0", null as "pk_0_1", "root".FirmID as FirmID	exists-material
meta::relational::tests::mapping::union::extend::testIdentificationOfFKColumnsForUnionSelfJoin	default	project	filtered-subselect-join	select "unionBase"."PersonSet1lastName_s1_PersonSet2lastName_s2" as "Name", "unionalias_1"."PersonSet1lastName_s1_PersonSet2lastName_s2" as "manager" from (sele	exists-material
meta::relational::tests::mapping::union::extend::testProjectMappingWithSameColumnsNames	default	project	plain-join	select "root".date as "date", "personset1_0".nickName as "applicant.name", "firmset1_0".nickName as "firm.name" from ApplicationsSet1 as "root" left outer join 	exists-material
meta::relational::tests::mapping::union::extend::testProjectThroughAsso	default	map+project	no-sql-golden		correlated-count-reducer|exists-material
meta::relational::tests::mapping::union::extend::testProjectThroughAssoWithAssociationMapping	default	map+project	no-sql-golden		correlated-count-reducer|exists-material
meta::relational::tests::mapping::union::extend::testProjectThroughAssoWithJoinInMapping	default	map+project	no-sql-golden		correlated-count-reducer|exists-material
meta::relational::tests::mapping::union::extend::testProjectThroughAssoWithMultiJoinInMapping	default	map+project	no-sql-golden		correlated-count-reducer|exists-material
meta::relational::tests::mapping::union::extend::testProjectThroughAssoWithUnionToUnionMapping	default	map+project	no-sql-golden		correlated-count-reducer|exists-material
meta::relational::tests::mapping::union::extend::testSimpleProject	default	map+project	no-sql-golden		correlated-count-reducer
meta::relational::tests::mapping::union::extend::testSimpleProjectWithFunctionInMappingProject	default	map+project	no-sql-golden		correlated-count-reducer
meta::relational::tests::mapping::union::extend::testSimpleProjectWithFunctionInMappingQuery	default	filter	no-sql-golden		correlated-count-reducer
meta::relational::tests::mapping::union::extend::testSimpleProjectWithJoinInMapping	default	map+project	no-sql-golden		correlated-count-reducer
meta::relational::tests::mapping::union::extend::testSimpleProjectWithJoinInMappingWithFunction	default	map+project	no-sql-golden		correlated-count-reducer
meta::relational::tests::mapping::union::extend::testSimpleQueryFrom	default	filter	no-sql-golden		correlated-count-reducer|exists-material
meta::relational::tests::mapping::union::extend::testSimpleQueryFromAssociationMapping	default	filter	no-sql-golden		correlated-count-reducer|exists-material
meta::relational::tests::mapping::union::extend::testSimpleQueryFromWithEmbeddedInMapping	default	filter	no-sql-golden		correlated-count-reducer
meta::relational::tests::mapping::union::extend::testSimpleQueryFromWithJoinInMapping	default	filter	no-sql-golden		correlated-count-reducer|exists-material
meta::relational::tests::mapping::union::extend::testSimpleQueryTo	default	filter	no-sql-golden		correlated-count-reducer|exists-material
meta::relational::tests::mapping::union::extend::testSimpleQueryToAssociationMapping	default	filter	no-sql-golden		correlated-count-reducer|exists-join-form-dedup|exists-material
meta::relational::tests::mapping::union::extend::testSimpleQueryToWithJoinInMapping	default	filter	no-sql-golden		correlated-count-reducer|exists-material
meta::relational::tests::mapping::union::extend::testSimpleQueryUnionToUnion	default	filter	no-sql-golden		correlated-count-reducer|exists-material
meta::relational::tests::mapping::union::extend::testThreewayUnionJoinWithOverlappingFKPKAliasNames	default	project	filtered-subselect-join	select "unionalias_2"."PersonSet1lastName_s1_PersonSet2lastName_s2" as "Employees" from (select "root".ID as "pk_0_0", null as "pk_0_1", "root".FirmID as FirmID	exists-material
meta::relational::tests::mapping::union::multipleChainedJoins::testUnionWithChainedJoinsAcross2SetsV1	default	project	filtered-subselect-join+on-clause-literal-pred+top-where-pred	select "unionBase"."X0pk_X1pk" as "x_pk", "unionalias_1"."Y0pk_Y1pk" as "y_pk", "unionalias_3"."Z0pk_Z1pk" as "z_pk" from (select "root".from_z as "from_z_0", "	exists-material
meta::relational::tests::mapping::union::multipleChainedJoins::testUnionWithChainedJoinsAcross2SetsV1	default	project	filtered-subselect-join+top-where-pred	select "unionBase"."X0pk_X1pk" as "x_pk", "unionalias_1"."Y0pk_Y1pk" as "y_pk", "unionalias_3"."Z0pk_Z1pk" as "z_pk" from (select "root".from_z as "from_z_0", "	exists-material
meta::relational::tests::mapping::union::multipleChainedJoins::testUnionWithChainedJoinsAcross2SetsV2	default	project	filtered-subselect-join+on-clause-literal-pred+top-where-pred	select "unionBase"."X0pk_X1pk" as "x_pk", "unionalias_1"."Y0pk_Y1pk" as "y_pk", "z0_0".pk as "z_pk" from (select "root".from_z as "from_z_0", "root".thru_z as "	exists-material
meta::relational::tests::mapping::union::multipleChainedJoins::testUnionWithChainedJoinsAcross2SetsV2	default	project	filtered-subselect-join+top-where-pred	select "unionBase"."X0pk_X1pk" as "x_pk", "unionalias_1"."Y0pk_Y1pk" as "y_pk", "z0_0".pk as "z_pk" from (select "root".from_z as "from_z_0", "root".thru_z as "	exists-material
meta::relational::tests::mapping::union::multipleChainedJoins::testUnionWithChainedJoinsAcross2SetsV3	default	project	filtered-subselect-join+on-clause-literal-pred+top-where-pred	select "unionBase"."X0pk_X1pk" as "x_pk", "y0_0".pk as "y_pk", "z0_0".pk as "z_pk" from (select "root".from_z as "from_z_0", "root".thru_z as "thru_z_0", null a	exists-material
meta::relational::tests::mapping::union::multipleChainedJoins::testUnionWithChainedJoinsAcross2SetsV3	default	project	filtered-subselect-join+top-where-pred	select "unionBase"."X0pk_X1pk" as "x_pk", "y0_0".pk as "y_pk", "z0_0".pk as "z_pk" from (select "root".from_z as "from_z_0", "root".thru_z as "thru_z_0", null a	exists-material
meta::relational::tests::mapping::union::multipleChainedJoins::testUnionWithChainedJoinsAcross2SetsV4	default	project	filtered-subselect-join+on-clause-literal-pred+top-where-pred	select "root".pk as "x_pk", "unionalias_0"."Y0pk_Y1pk" as "y_pk", "unionalias_2"."Z0pk_Z1pk" as "z_pk" from X0 as "root" left outer join A as "a_0" on ("root".f	exists-material
meta::relational::tests::mapping::union::multipleChainedJoins::testUnionWithChainedJoinsAcross2SetsV4	default	project	filtered-subselect-join+top-where-pred	select "root".pk as "x_pk", "unionalias_0"."Y0pk_Y1pk" as "y_pk", "unionalias_2"."Z0pk_Z1pk" as "z_pk" from X0 as "root" left outer join A as "a_0" on ("root".f	exists-material
meta::relational::tests::mapping::union::multipleChainedJoins::testUnionWithChainedJoinsAcross2SetsV5	default	project	filtered-subselect-join+on-clause-literal-pred+top-where-pred	select "root".pk as "x_pk", "unionalias_0"."Y0pk_Y1pk" as "y_pk", "z0_0".pk as "z_pk" from X0 as "root" left outer join A as "a_0" on ("root".fk = "a_0".fk0 and	exists-material
meta::relational::tests::mapping::union::multipleChainedJoins::testUnionWithChainedJoinsAcross2SetsV5	default	project	filtered-subselect-join+top-where-pred	select "root".pk as "x_pk", "unionalias_0"."Y0pk_Y1pk" as "y_pk", "z0_0".pk as "z_pk" from X0 as "root" left outer join A as "a_0" on ("root".fk = "a_0".fk0 and	exists-material
meta::relational::tests::mapping::union::multipleChainedJoins::testUnionWithChainedJoinsAcross3SetsV1	default	project	filtered-subselect-join+on-clause-literal-pred+top-where-pred	select "unionBase"."X0pk_X1pk_X2pk" as "x_pk", "unionalias_1"."Y0pk_Y1pk_Y2pk" as "y_pk", "unionalias_2"."Z0pk_Z1pk_Z2pk" as "z_pk" from (select "root".from_z a	exists-material
meta::relational::tests::mapping::union::multipleChainedJoins::testUnionWithChainedJoinsAcross3SetsV1	default	project	filtered-subselect-join+top-where-pred	select "unionBase"."X0pk_X1pk_X2pk" as "x_pk", "unionalias_1"."Y0pk_Y1pk_Y2pk" as "y_pk", "unionalias_2"."Z0pk_Z1pk_Z2pk" as "z_pk" from (select "root".from_z a	exists-material
meta::relational::tests::mapping::union::multipleChainedJoins::testUnionWithChainedJoinsAcross3SetsV2	default	project	filtered-subselect-join+on-clause-literal-pred+top-where-pred	select "unionBase"."X0pk_X1pk_X2pk" as "x_pk", "unionalias_1"."Y0pk_Y1pk_Y2pk" as "y_pk", "z0_0".pk as "z_pk" from (select "root".from_z as "from_z_0", "root".t	exists-material
meta::relational::tests::mapping::union::multipleChainedJoins::testUnionWithChainedJoinsAcross3SetsV2	default	project	filtered-subselect-join+top-where-pred	select "unionBase"."X0pk_X1pk_X2pk" as "x_pk", "unionalias_1"."Y0pk_Y1pk_Y2pk" as "y_pk", "z0_0".pk as "z_pk" from (select "root".from_z as "from_z_0", "root".t	exists-material
meta::relational::tests::mapping::union::multipleChainedJoins::testUnionWithChainedJoinsAcross3SetsV3	default	project	filtered-subselect-join+on-clause-literal-pred+top-where-pred	select "unionBase"."X0pk_X1pk_X2pk" as "x_pk", "y0_0".pk as "y_pk", "z0_0".pk as "z_pk" from (select "root".from_z as "from_z_0", "root".thru_z as "thru_z_0", n	exists-material
meta::relational::tests::mapping::union::multipleChainedJoins::testUnionWithChainedJoinsAcross3SetsV3	default	project	filtered-subselect-join+top-where-pred	select "unionBase"."X0pk_X1pk_X2pk" as "x_pk", "y0_0".pk as "y_pk", "z0_0".pk as "z_pk" from (select "root".from_z as "from_z_0", "root".thru_z as "thru_z_0", n	exists-material
meta::relational::tests::mapping::union::multipleChainedJoins::testUnionWithChainedJoinsAcross3SetsV4	default	project	filtered-subselect-join+on-clause-literal-pred+top-where-pred	select "root".pk as "x_pk", "unionalias_0"."Y0pk_Y1pk_Y2pk" as "y_pk", "unionalias_1"."Z0pk_Z1pk_Z2pk" as "z_pk" from X0 as "root" left outer join (select null 	exists-material
meta::relational::tests::mapping::union::multipleChainedJoins::testUnionWithChainedJoinsAcross3SetsV4	default	project	filtered-subselect-join+top-where-pred	select "root".pk as "x_pk", "unionalias_0"."Y0pk_Y1pk_Y2pk" as "y_pk", "unionalias_1"."Z0pk_Z1pk_Z2pk" as "z_pk" from X0 as "root" left outer join (select null 	exists-material
meta::relational::tests::mapping::union::multipleChainedJoins::testUnionWithChainedJoinsAcross3SetsV5	default	project	filtered-subselect-join+on-clause-literal-pred+top-where-pred	select "root".pk as "x_pk", "unionalias_0"."Y0pk_Y1pk_Y2pk" as "y_pk", "z0_0".pk as "z_pk" from X0 as "root" left outer join (select null as fk0_1, null as fk0_	exists-material
meta::relational::tests::mapping::union::multipleChainedJoins::testUnionWithChainedJoinsAcross3SetsV5	default	project	filtered-subselect-join+top-where-pred	select "root".pk as "x_pk", "unionalias_0"."Y0pk_Y1pk_Y2pk" as "y_pk", "z0_0".pk as "z_pk" from X0 as "root" left outer join (select null as fk0_1, null as fk0_	exists-material
meta::relational::tests::mapping::union::multipleChainedJoins::testUnionWithChainedJoinsAcross4SetsV1	default	project	filtered-subselect-join+on-clause-literal-pred+top-where-pred	select "unionBase"."X0pk_X1pk_X2pk_X3pk" as "x_pk", "unionalias_1"."Y0pk_Y1pk_Y2pk_Y3pk" as "y_pk", "unionalias_2"."Z0pk_Z1pk_Z2pk_Z3pk" as "z_pk" from (select 	exists-material
meta::relational::tests::mapping::union::multipleChainedJoins::testUnionWithChainedJoinsAcross4SetsV1	default	project	filtered-subselect-join+top-where-pred	select "unionBase"."X0pk_X1pk_X2pk_X3pk" as "x_pk", "unionalias_1"."Y0pk_Y1pk_Y2pk_Y3pk" as "y_pk", "unionalias_2"."Z0pk_Z1pk_Z2pk_Z3pk" as "z_pk" from (select 	exists-material
meta::relational::tests::mapping::union::multipleChainedJoins::testUnionWithChainedJoinsAcross4SetsV2	default	project	filtered-subselect-join+on-clause-literal-pred+top-where-pred	select "unionBase"."X0pk_X1pk_X2pk_X3pk" as "x_pk", "unionalias_1"."Y0pk_Y1pk_Y2pk_Y3pk" as "y_pk", "z0_0".pk as "z_pk" from (select "root".from_z as "from_z_0"	exists-material
meta::relational::tests::mapping::union::multipleChainedJoins::testUnionWithChainedJoinsAcross4SetsV2	default	project	filtered-subselect-join+top-where-pred	select "unionBase"."X0pk_X1pk_X2pk_X3pk" as "x_pk", "unionalias_1"."Y0pk_Y1pk_Y2pk_Y3pk" as "y_pk", "z0_0".pk as "z_pk" from (select "root".from_z as "from_z_0"	exists-material
meta::relational::tests::mapping::union::multipleChainedJoins::testUnionWithChainedJoinsAcross4SetsV3	default	project	filtered-subselect-join+on-clause-literal-pred+top-where-pred	select "unionBase"."X0pk_X1pk_X2pk_X3pk" as "x_pk", "y0_0".pk as "y_pk", "z0_0".pk as "z_pk" from (select "root".from_z as "from_z_0", "root".thru_z as "thru_z_	exists-material
meta::relational::tests::mapping::union::multipleChainedJoins::testUnionWithChainedJoinsAcross4SetsV3	default	project	filtered-subselect-join+top-where-pred	select "unionBase"."X0pk_X1pk_X2pk_X3pk" as "x_pk", "y0_0".pk as "y_pk", "z0_0".pk as "z_pk" from (select "root".from_z as "from_z_0", "root".thru_z as "thru_z_	exists-material
meta::relational::tests::mapping::union::multipleChainedJoins::testUnionWithChainedJoinsAcross4SetsV4	default	project	filtered-subselect-join+on-clause-literal-pred+top-where-pred	select "root".pk as "x_pk", "unionalias_0"."Y0pk_Y1pk_Y2pk_Y3pk" as "y_pk", "unionalias_1"."Z0pk_Z1pk_Z2pk_Z3pk" as "z_pk" from X0 as "root" left outer join (se	exists-material
meta::relational::tests::mapping::union::multipleChainedJoins::testUnionWithChainedJoinsAcross4SetsV4	default	project	filtered-subselect-join+top-where-pred	select "root".pk as "x_pk", "unionalias_0"."Y0pk_Y1pk_Y2pk_Y3pk" as "y_pk", "unionalias_1"."Z0pk_Z1pk_Z2pk_Z3pk" as "z_pk" from X0 as "root" left outer join (se	exists-material
meta::relational::tests::mapping::union::multipleChainedJoins::testUnionWithChainedJoinsAcross4SetsV5	default	project	filtered-subselect-join+on-clause-literal-pred+top-where-pred	select "root".pk as "x_pk", "unionalias_0"."Y0pk_Y1pk_Y2pk_Y3pk" as "y_pk", "z0_0".pk as "z_pk" from X0 as "root" left outer join (select null as fk0_1, null as	exists-material
meta::relational::tests::mapping::union::multipleChainedJoins::testUnionWithChainedJoinsAcross4SetsV5	default	project	filtered-subselect-join+top-where-pred	select "root".pk as "x_pk", "unionalias_0"."Y0pk_Y1pk_Y2pk_Y3pk" as "y_pk", "z0_0".pk as "z_pk" from X0 as "root" left outer join (select null as fk0_1, null as	exists-material
meta::relational::tests::mapping::union::multipleChainedJoins::testUnionedViewsToViewToUnion	default	project	filtered-subselect-join+top-where-pred	select "unionalias_1"."Z1pk_Z2pk" as "z" from (select "root".pk as "pk_0_0", null as "pk_0_1", "root".fk as fk_0, null as fk_1 from (select "root".pk as pk, "ro	exists-material
meta::relational::tests::mapping::union::multipleChainedJoins::testUnionedViewsToViewToUnion	default	project	filtered-subselect-join+top-where-pred	select "unionalias_1"."Z1pk_Z2pk" as "z" from (select "root".pk as "pk_0_0", null as "pk_0_1", "root".fk as fk_0, null as fk_1 from (select "root".pk as pk, "ro	exists-material
meta::relational::tests::mapping::union::multipleChainedJoins::testViewToViewToUnion	default	project	filtered-subselect-join+top-where-pred	select "unionalias_0"."Z1pk_Z2pk" as "z" from (select "root".pk as pk, "root".fk as fk, '2018-01-01' as "k_businessDate" from X0 as "root" where "root".from_z <	exists-material
meta::relational::tests::mapping::union::multipleChainedJoins::testViewToViewToUnion	default	project	filtered-subselect-join+top-where-pred	select "unionalias_0"."Z1pk_Z2pk" as "z" from (select "root".pk as pk, "root".fk as fk, '2018-01-01' as "k_businessDate" from X0 as "root" where "root".from_z <	exists-material
meta::relational::tests::mapping::union::optimized::testSimpleQueryFromAssociationMappingOptimized	default	filter	top-where-pred	select "unionBase".u_type as u_type, "unionBase"."pk_0_0" as "pk_0_0", "unionBase"."pk_0_1" as "pk_0_1", "unionBase"."lastName" as "lastName", "unionBase"."zzfi	correlated-count-reducer|exists-material
meta::relational::tests::mapping::union::optimized::testSimpleQueryFromAssociationMappingOptimized	default	filter	top-where-pred	select "unionBase".u_type as u_type, "unionBase"."pk_0_0" as "pk_0_0", "unionBase"."pk_0_1" as "pk_0_1", "unionBase"."lastName" as "lastName", "unionBase"."zzfi	correlated-count-reducer|exists-material
meta::relational::tests::mapping::union::optimized::testSimpleQueryFromAssociationMappingOptimizedHalf	default	filter	top-where-pred	select "unionBase".u_type as u_type, "unionBase"."pk_0_0" as "pk_0_0", "unionBase"."pk_0_1" as "pk_0_1", "unionBase"."lastName" as "lastName", "unionBase"."zzfi	correlated-count-reducer|exists-material
meta::relational::tests::mapping::union::optimized::testSimpleQueryFromAssociationMappingOptimizedHalf	default	filter	top-where-pred	select "unionBase".u_type as u_type, "unionBase"."pk_0_0" as "pk_0_0", "unionBase"."pk_0_1" as "pk_0_1", "unionBase"."lastName" as "lastName", "unionBase"."zzfi	correlated-count-reducer|exists-material
meta::relational::tests::mapping::union::optimized::testSimpleQueryUnionToUnionOptimized	default	filter	exists-predicate	select "unionBase".u_type as u_type, "unionBase"."pk_0_0" as "pk_0_0", "unionBase"."pk_0_1" as "pk_0_1", "unionBase"."legalName" as "legalName", "unionBase"."yy	correlated-count-reducer|exists-material
meta::relational::tests::mapping::union::optimized::testSimpleQueryUnionToUnionOptimized	default	filter	exists-predicate	select "unionBase".u_type as u_type, "unionBase"."pk_0_0" as "pk_0_0", "unionBase"."pk_0_1" as "pk_0_1", "unionBase"."legalName" as "legalName", "unionBase"."yy	correlated-count-reducer|exists-material
meta::relational::tests::mapping::union::optimized::testSimpleQueryUnionToUnionOptimizedHalf	default	filter	exists-predicate	select "unionBase".u_type as u_type, "unionBase"."pk_0_0" as "pk_0_0", "unionBase"."pk_0_1" as "pk_0_1", "unionBase"."legalName" as "legalName" from (select '0'	correlated-count-reducer|exists-material
meta::relational::tests::mapping::union::optimized::testSimpleQueryUnionToUnionOptimizedHalf	default	filter	exists-predicate	select "unionBase".u_type as u_type, "unionBase"."pk_0_0" as "pk_0_0", "unionBase"."pk_0_1" as "pk_0_1", "unionBase"."legalName" as "legalName" from (select '0'	correlated-count-reducer|exists-material
meta::relational::tests::mapping::union::partial::testPartialUnionAtNestedPropertyWithManyPropertyMappings_AddressIdKey	default	project	filtered-subselect-join	select "root".name as "firmName", "unionalias_0"."PersonSet1lastName_s1_PersonSet2lastName_s2" as "employeeName", "unionalias_1"."AddressSet1name_AddressSet2nam	exists-material
meta::relational::tests::mapping::union::partial::testPartialUnionAtNestedPropertyWithManyPropertyMappings_FirmIdKey_Mapped	default	project	filtered-subselect-join	select "root".name as "firmName", "unionalias_0"."PersonSet1lastName_s1_PersonSet2lastName_s2" as "employeeName", "unionalias_1"."AddressSet1name_AddressSet2nam	exists-material
meta::relational::tests::mapping::union::partial::testPartialUnionAtNestedPropertyWithManyPropertyMappings_FirmIdKey_Unmapped	default	project	filtered-subselect-join	select "root".name as "firmName", "unionalias_0"."PersonSet1lastName_s1_PersonSet2lastName_s2" as "employeeName", "unionalias_1"."AddressSet1name_AddressSet2nam	exists-material
meta::relational::tests::mapping::union::partial::testProject	default	map+project	no-sql-golden		correlated-count-reducer|exists-material
meta::relational::tests::mapping::union::partial::testProjectAutoMap	default	map+project	no-sql-golden		correlated-count-reducer|exists-material
meta::relational::tests::mapping::union::partial::testProjectShareSet	default	map+project	no-sql-golden		correlated-count-reducer|exists-material
meta::relational::tests::mapping::union::partial::testSimpleQueryTo	default	filter	no-sql-golden		correlated-count-reducer|exists-join-form-dedup|exists-material
meta::relational::tests::mapping::union::specialUnion::testFilteredGetAll	default	filter	top-where-pred	select "unionalias_0".u_type as u_type, "unionalias_0"."pk_0" as "pk_0", "unionalias_0"."lastName" as "lastName" from (select '0' as u_type, "root".ID as "pk_0"	correlated-count-reducer|exists-material
meta::relational::tests::mapping::union::specialUnion::testFilteredProject	default	filter+map+project	top-where-pred	select "unionalias_0"."lastName" as "lastName" from (select "root".lastName_s1 as "lastName" from PersonSet1 as "root" left outer join Firm as "firm_0" on ("roo	correlated-count-reducer|exists-material
meta::relational::tests::mapping::union::specialUnion::testFilteredProjectWithPostTdsOperations	default	filter+map+project+groupBy	top-where-pred	select "unionalias_0"."Len" as "Len", count("lastName") as "Count" from (select distinct "unionalias_1"."lastName" as "lastName", char_length("unionalias_1"."la	correlated-count-reducer|exists-material
meta::relational::tests::mapping::union::specialUnion::testGroupBy	default	map+groupBy	plain-join	select "firm_0".name as "Firm", count("unionBase"."PersonSet1lastName_s1_PersonSet2lastName_s2") as "EmployeeCount" from (select "root".ID as "pk_0_0", null as 	correlated-count-reducer|exists-material
meta::relational::tests::mapping::union::specialUnion::testMultiFilterProject	default	filter+map+project	top-where-pred	select "unionalias_0"."lastName" as "lastName" from (select "root".lastName_s1 as "lastName" from PersonSet1 as "root" left outer join Firm as "firm_0" on ("roo	correlated-count-reducer|exists-material
meta::relational::tests::mapping::union::specialUnion::testProject	default	map+project	single-table	select "unionalias_0"."lastName" as "lastName" from (select "root".lastName_s1 as "lastName" from PersonSet1 as "root" union all select "root".lastName_s2 as "l	correlated-count-reducer
meta::relational::tests::mapping::union::specialUnion::testProjectWithPostTdsOperations	default	map+project+groupBy	single-table	select "unionalias_0"."Len" as "Len", count("lastName") as "Count" from (select distinct "unionalias_1"."lastName" as "lastName", char_length("unionalias_1"."la	correlated-count-reducer
meta::relational::tests::mapping::union::specialUnion::testSimpleGetAll	default	other	single-table	select "unionalias_0".u_type as u_type, "unionalias_0"."pk_0" as "pk_0", "unionalias_0"."lastName" as "lastName" from (select '0' as u_type, "root".ID as "pk_0"	correlated-count-reducer
meta::relational::tests::mapping::union::sqlQueryMerging::testSQLQueryMergingForFilters	default	filter+project	filtered-subselect-join+top-where-pred	select "unionBase"."aTable1pk_aTable2pk" as "a_pk" from (select "root".fk as fk_0, null as fk_1, "root".pk as "pk_0_0", null as "pk_0_1", "root".pk as "aTable1p	exists-material
meta::relational::tests::mapping::union::sqlQueryMerging::testSQLQueryMergingForFiltersAndProjections	default	filter+project	filtered-subselect-join+top-where-pred	select "unionBase"."aTable1pk_aTable2pk" as "a_pk", "unionalias_1"."bTable1pk_bTable2pk" as "b_pk", "unionalias_2"."cTable1pk_cTable2pk" as "c_pk" from (select 	exists-material
meta::relational::tests::mapping::union::sqlQueryMerging::testSQLQueryMergingForFiltersAndProjectionsDeep	default	filter+project	filtered-subselect-join+top-where-pred	select "unionBase"."aTable1pk_aTable2pk" as "a_pk", "unionalias_1"."bTable1pk_bTable2pk" as "b_pk", "unionalias_2"."cTable1pk_cTable2pk" as "c_pk", "unionalias_	exists-material
meta::relational::tests::mapping::union::sqlQueryMerging::testSQLQueryMergingForFiltersDeep	default	filter+project	filtered-subselect-join+top-where-pred	select "unionBase"."aTable1pk_aTable2pk" as "a_pk" from (select "root".fk as fk_0, null as fk_1, "root".pk as "pk_0_0", null as "pk_0_1", "root".pk as "aTable1p	exists-material
meta::relational::tests::mapping::union::sqlQueryMerging::testSQLQueryMergingForProjections	default	project	filtered-subselect-join	select "unionBase"."aTable1pk_aTable2pk" as "a_pk", "unionalias_1"."bTable1pk_bTable2pk" as "b_pk", "unionalias_2"."cTable1pk_cTable2pk" as "c_pk" from (select 	exists-material
meta::relational::tests::mapping::union::sqlQueryMerging::testSQLQueryMergingForProjectionsDeep	default	project	filtered-subselect-join	select "unionBase"."aTable1pk_aTable2pk" as "a_pk", "unionalias_1"."bTable1pk_bTable2pk" as "b_pk", "unionalias_2"."cTable1pk_cTable2pk" as "c_pk", "unionalias_	exists-material
meta::relational::tests::mapping::union::testChainedJoinsWithUnionsAndIsolation	default	filter+project	filtered-subselect-join+top-where-pred	select "unionalias_2"."PersonSet1lastName_s1_PersonSet2lastName_s2" as "Employees" from (select "root".ID as "pk_0_0", null as "pk_0_1", "root".FirmID as FirmID	exists-material
meta::relational::tests::mapping::union::testChainedUnions	default	map+project	no-sql-golden		correlated-count-reducer|exists-material
meta::relational::tests::mapping::union::testIdentificationOfFKColumnsForUnionSelfJoin	default	project	filtered-subselect-join	select "unionBase"."PersonSet1lastName_s1_PersonSet2lastName_s2" as "Name", "unionalias_1"."PersonSet1lastName_s1_PersonSet2lastName_s2" as "manager" from (sele	exists-material
meta::relational::tests::mapping::union::testProjectAndFilterSamePropertySameJoinInUnion	default	filter+map+project	filtered-subselect-join+top-where-pred	select "unionBase"."PersonMasterlastName_PersonMasterlastName" as "lastName", "unionBase"."PersonMasterPersonAdditionalPersonAdditionalotherName_PersonMasterPer	exists-material
meta::relational::tests::mapping::union::testProjectMappingWithSameColumnsNames	default	project	plain-join	select "root".date as "date", "personset1_0".nickName as "applicant.name", "firmset1_0".nickName as "firm.name" from ApplicationsSet1 as "root" left outer join 	exists-material
meta::relational::tests::mapping::union::testProjectThroughAsso	default	map+project	no-sql-golden		correlated-count-reducer|exists-material
meta::relational::tests::mapping::union::testProjectThroughAssoWithAssociationMapping	default	map+project	no-sql-golden		correlated-count-reducer|exists-material
meta::relational::tests::mapping::union::testProjectThroughAssoWithJoinInMapping	default	map+project	no-sql-golden		correlated-count-reducer|exists-material
meta::relational::tests::mapping::union::testProjectThroughAssoWithMultiJoinInMapping	default	map+project	no-sql-golden		correlated-count-reducer|exists-material
meta::relational::tests::mapping::union::testProjectThroughAssoWithUnionToUnionMapping	default	map+project	no-sql-golden		correlated-count-reducer|exists-material
meta::relational::tests::mapping::union::testSimpleProject	default	map+project	no-sql-golden		correlated-count-reducer
meta::relational::tests::mapping::union::testSimpleProjectWithFunctionInMappingProject	default	map+project	no-sql-golden		correlated-count-reducer
meta::relational::tests::mapping::union::testSimpleProjectWithFunctionInMappingQuery	default	filter	no-sql-golden		correlated-count-reducer
meta::relational::tests::mapping::union::testSimpleProjectWithJoinInMapping	default	map+project	no-sql-golden		correlated-count-reducer
meta::relational::tests::mapping::union::testSimpleProjectWithJoinInMappingWithFunction	default	map+project	no-sql-golden		correlated-count-reducer
meta::relational::tests::mapping::union::testSimpleQueryFrom	default	filter	no-sql-golden		correlated-count-reducer|exists-material
meta::relational::tests::mapping::union::testSimpleQueryFromAssociationMapping	default	filter	no-sql-golden		correlated-count-reducer|exists-material
meta::relational::tests::mapping::union::testSimpleQueryFromWithEmbeddedInMapping	default	filter	no-sql-golden		correlated-count-reducer
meta::relational::tests::mapping::union::testSimpleQueryFromWithJoinInMapping	default	filter	no-sql-golden		correlated-count-reducer|exists-material
meta::relational::tests::mapping::union::testSimpleQueryTo	default	filter	no-sql-golden		correlated-count-reducer|exists-material
meta::relational::tests::mapping::union::testSimpleQueryToAssociationMapping	default	filter	no-sql-golden		correlated-count-reducer|exists-join-form-dedup|exists-material
meta::relational::tests::mapping::union::testSimpleQueryToWithJoinInMapping	default	filter	no-sql-golden		correlated-count-reducer|exists-material
meta::relational::tests::mapping::union::testSimpleQueryUnionToUnion	default	filter	no-sql-golden		correlated-count-reducer|exists-material
meta::relational::tests::mapping::union::testThreewayUnionJoinWithOverlappingFKPKAliasNames	default	project	filtered-subselect-join	select "unionalias_2"."PersonSet1lastName_s1_PersonSet2lastName_s2" as "Employees" from (select "root".ID as "pk_0_0", null as "pk_0_1", "root".FirmID as FirmID	exists-material
meta::relational::tests::mapping::union::testUnionViewJoins	default	map+groupBy	no-sql-golden		exists-material
meta::relational::tests::mapping::union::testUnionWithSinglePropertyMapping	default	project	plain-join	select "unionBase"."PersonSet1lastName_s1_PersonSet1lastName_s1" as "name", "firm_0".name as "firmName" from (select "root".ID as "pk_0_0", null as "pk_0_1", "r	exists-material
meta::relational::tests::mergerules::testToManyJoinTreeNodesForFilterAndProjectDoNotMerge	default	filter+map+project	filtered-subselect-join+top-where-pred	select "root".LEGALNAME as "legalName", "persontable_2".LASTNAME as "lastName" from firmTable as "root" left outer join (select distinct "persontable_1".FIRMID 	exists-join-form-dedup|exists-material
meta::relational::tests::mergerules::testToOneJoinTreeNodesForFilterAndProjectMerge	default	filter+map+project	top-where-pred	select "root".NAME as "synonymName", "producttable_0".NAME as "productName" from productSchema.synonymTable as "root" left outer join productSchema.productTable	exists-material
meta::relational::tests::mergerules::testZeroToOneJoinTreeNodesForFilterAndProjectMerge	default	filter+map+project	top-where-pred	select "root".LEGALNAME as "legalName", "addresstable_0".NAME as "firmAddress" from firmTable as "root" left outer join addressTable as "addresstable_0" on ("ad	exists-material
meta::relational::tests::milestoning::bitemporal::propagation::testBiTemporalQueryMappedToSingleTemporalStore	default	map+project	on-clause-literal-pred+top-where-pred	select "root".name as "productName", "productclassificationtable_0".type as "classificationType" from ProductTable as "root" left outer join ProductClassificati	exists-material
meta::relational::tests::milestoning::bitemporal::propagation::testBiTemporalQueryMappedToSingleTemporalStore	default	map+project	top-where-pred	select "root".name as "productName", "productclassificationtable_0".type as "classificationType" from ProductTable as "root" left outer join ProductClassificati	exists-material
meta::relational::tests::milestoning::bitemporal::propagation::testBiTemporalToBiTemporalDatePropagation	default	map+project	filtered-subselect-join+on-clause-literal-pred+top-where-pred	select "bitemporalproductclassificationtable_0".type as "type" from OrderTable as "root" left outer join BiTemporalProductTable as "bitemporalproducttable_0" on	exists-material
meta::relational::tests::milestoning::bitemporal::propagation::testBiTemporalToBiTemporalDatePropagation	default	map+project	filtered-subselect-join+top-where-pred	select "bitemporalproductclassificationtable_0".type as "type" from OrderTable as "root" left outer join BiTemporalProductTable as "bitemporalproducttable_0" on	exists-material
meta::relational::tests::milestoning::bitemporal::propagation::testBiTemporalToBiTemporalDatePropagationForAll	default	map+project	on-clause-literal-pred+top-where-pred	select "bitemporalproductclassificationtable_0".type as "type" from BiTemporalProductTable as "root" left outer join BiTemporalProductClassificationTable as "bi	exists-material
meta::relational::tests::milestoning::bitemporal::propagation::testBiTemporalToBiTemporalDatePropagationForAll	default	map+project	top-where-pred	select "bitemporalproductclassificationtable_0".type as "type" from BiTemporalProductTable as "root" left outer join BiTemporalProductClassificationTable as "bi	exists-material
meta::relational::tests::milestoning::bitemporal::propagation::testBiTemporalToBiTemporalSingleDatePropagationForAll	default	map+project	on-clause-literal-pred+top-where-pred	select "bitemporalproductclassificationtable_0".type as "type" from BiTemporalProductTable as "root" left outer join BiTemporalProductClassificationTable as "bi	exists-material
meta::relational::tests::milestoning::bitemporal::propagation::testBiTemporalToBiTemporalSingleDatePropagationForAll	default	map+project	top-where-pred	select "bitemporalproductclassificationtable_0".type as "type" from BiTemporalProductTable as "root" left outer join BiTemporalProductClassificationTable as "bi	exists-material
meta::relational::tests::milestoning::bitemporal::propagation::testBiTemporalToSingleSingleTemporalDatePropagation	default	map+project	on-clause-literal-pred+top-where-pred	select "productclassificationtable_0".type as "type" from BiTemporalProductTable as "root" left outer join ProductClassificationTable as "productclassificationt	exists-material
meta::relational::tests::milestoning::bitemporal::propagation::testBiTemporalToSingleSingleTemporalDatePropagation	default	map+project	top-where-pred	select "productclassificationtable_0".type as "type" from BiTemporalProductTable as "root" left outer join ProductClassificationTable as "productclassificationt	exists-material
meta::relational::tests::milestoning::bitemporal::propagation::testBusinessToBiTemporalDatePropagation	default	map+project	on-clause-literal-pred+top-where-pred	select "root".name as "name", "bitemporalproductclassificationtable_0".type as "type" from ProductTable as "root" left outer join BiTemporalProductClassificatio	exists-material
meta::relational::tests::milestoning::bitemporal::propagation::testBusinessToBiTemporalDatePropagation	default	map+project	top-where-pred	select "root".name as "name", "bitemporalproductclassificationtable_0".type as "type" from ProductTable as "root" left outer join BiTemporalProductClassificatio	exists-material
meta::relational::tests::milestoning::bitemporal::propagation::testProcessingToBiTemporalDatePropagation	default	map+project	on-clause-literal-pred+top-where-pred	select "root".kerberos as "traderName", "bitemporallocationtable_0".PLACE as "traderLocation" from TraderTable as "root" left outer join BiTemporalLocationTable	exists-material
meta::relational::tests::milestoning::bitemporal::propagation::testProcessingToBiTemporalDatePropagation	default	map+project	top-where-pred	select "root".kerberos as "traderName", "bitemporallocationtable_0".PLACE as "traderLocation" from TraderTable as "root" left outer join BiTemporalLocationTable	exists-material
meta::relational::tests::milestoning::bitemporal::testBiTemporalAllTypeQuery	default	other	single-table	select "root".id as "pk_0", "root".id as "id", '2017-06-10' as "k_processingDate", '2017-06-09' as "k_businessDate" from BiTemporalProductTable as "root" where 	correlated-count-reducer
meta::relational::tests::milestoning::bitemporal::testBiTemporalAllTypeQuery	default	other	single-table	select "root".id as "pk_0", "root".id as "id", '2017-06-10' as "k_processingDate", '2017-06-09' as "k_businessDate" from BiTemporalProductTable as "root" where 	correlated-count-reducer
meta::relational::tests::milestoning::bitemporal::testBiTemporalDateInjectionFromVarReference	default	project	filtered-subselect-join	select "bitemporalproductclassificationtable_0".type as "type" from OrderTable as "root" left outer join BiTemporalProductTable as "bitemporalproducttable_0" on	exists-material
meta::relational::tests::milestoning::bitemporal::testBiTemporalDateInjectionFromVarReference	default	project	filtered-subselect-join+on-clause-literal-pred+top-where-pred	select "bitemporalproductclassificationtable_0".type as "type" from OrderTable as "root" left outer join BiTemporalProductTable as "bitemporalproducttable_0" on	exists-material
meta::relational::tests::milestoning::bitemporal::testBiTemporalDateInjectionFromVarReference	default	project	filtered-subselect-join+top-where-pred	select "bitemporalproductclassificationtable_0".type as "type" from OrderTable as "root" left outer join BiTemporalProductTable as "bitemporalproducttable_0" on	exists-material
meta::relational::tests::milestoning::bitemporal::testBiTemporalDateInjectionFromVarReference	default	project	filtered-subselect-join+top-where-pred	select "bitemporalproductclassificationtable_0".type as "type" from OrderTable as "root" left outer join BiTemporalProductTable as "bitemporalproducttable_0" on	exists-material
meta::relational::tests::milestoning::bitemporal::testBiTemporalDateInjectionFromVarReference	default	project	filtered-subselect-join+top-where-pred	select "bitemporalproductclassificationtable_0".type as "type" from OrderTable as "root" left outer join BiTemporalProductTable as "bitemporalproducttable_0" on	exists-material
meta::relational::tests::milestoning::bitemporal::testBiTemporalDateInjectionFromVarReference	default	project	filtered-subselect-join+on-clause-literal-pred+top-where-pred	select "bitemporalproductclassificationtable_0".type as "type" from OrderTable as "root" left outer join BiTemporalProductTable as "bitemporalproducttable_0" on	exists-material
meta::relational::tests::milestoning::bitemporal::testBiTemporalDateInjectionFromVarReference	default	project	filtered-subselect-join+top-where-pred	select "bitemporalproductclassificationtable_0".type as "type" from OrderTable as "root" left outer join BiTemporalProductTable as "bitemporalproducttable_0" on	exists-material
meta::relational::tests::milestoning::bitemporal::testBiTemporalDateInjectionFromVarReference	default	project	filtered-subselect-join+on-clause-literal-pred+top-where-pred	select "bitemporalproductclassificationtable_0".type as "type" from OrderTable as "root" left outer join BiTemporalProductTable as "bitemporalproducttable_0" on	exists-material
meta::relational::tests::milestoning::bitemporal::testBiTemporalDateInjectionFromVarReference	default	project	filtered-subselect-join+top-where-pred	select "bitemporalproductclassificationtable_0".type as "type" from OrderTable as "root" left outer join BiTemporalProductTable as "bitemporalproducttable_0" on	exists-material
meta::relational::tests::milestoning::bitemporal::testBiTemporalPropertyUsageInProject	default	map+project	on-clause-literal-pred	select "bitemporalproducttable_0".id as "prodId" from OrderTable as "root" left outer join BiTemporalProductTable as "bitemporalproducttable_0" on ("root".prodF	exists-material
meta::relational::tests::milestoning::bitemporal::testBiTemporalPropertyUsageInProject	default	map+project	plain-join	select "bitemporalproducttable_0".id as "prodId" from OrderTable as "root" left outer join BiTemporalProductTable as "bitemporalproducttable_0" on ("root".prodF	exists-material
meta::relational::tests::milestoning::bitemporal::testBiTemporalPropertyUsageInProjectPath	default	map+project	on-clause-literal-pred	select "bitemporalproducttable_0".id as "id" from OrderTable as "root" left outer join BiTemporalProductTable as "bitemporalproducttable_0" on ("root".prodFk = 	exists-material
meta::relational::tests::milestoning::bitemporal::testBiTemporalPropertyUsageInProjectPath	default	map+project	plain-join	select "bitemporalproducttable_0".id as "id" from OrderTable as "root" left outer join BiTemporalProductTable as "bitemporalproducttable_0" on ("root".prodFk = 	exists-material
meta::relational::tests::milestoning::bitemporal::testBiTemporalToBiTemporalProcessingDateProjectWithMilestoningInfinitySpecifiedInDB	default	project	filtered-subselect-join+on-clause-literal-pred+top-where-pred	select "bitemporalproductclassificationtablewithlatest_0".type as "type" from OrderTable as "root" left outer join BiTemporalProductTableWithLatest as "bitempor	exists-material
meta::relational::tests::milestoning::bitemporal::testBiTemporalToBiTemporalProcessingDateProjectWithMilestoningInfinitySpecifiedInDB	default	project	filtered-subselect-join+top-where-pred	select "bitemporalproductclassificationtablewithlatest_0".type as "type" from OrderTable as "root" left outer join BiTemporalProductTableWithLatest as "bitempor	exists-material
meta::relational::tests::milestoning::bitemporal::testBiTemporalToBiTemporalProjectWithMilestoningInfinitySpecifiedInDB	default	project	filtered-subselect-join+on-clause-literal-pred+top-where-pred	select "bitemporalproductclassificationtablewithlatest_0".type as "type" from OrderTable as "root" left outer join BiTemporalProductTableWithLatest as "bitempor	exists-material
meta::relational::tests::milestoning::bitemporal::testBiTemporalToBiTemporalProjectWithMilestoningInfinitySpecifiedInDB	default	project	filtered-subselect-join+top-where-pred	select "bitemporalproductclassificationtablewithlatest_0".type as "type" from OrderTable as "root" left outer join BiTemporalProductTableWithLatest as "bitempor	exists-material
meta::relational::tests::milestoning::bitemporal::testGroupByAndMilestoning	default	groupBy	on-clause-literal-pred+top-where-pred	select "root".id as "type", count("bitemporalproductclassificationtablewithlatest_0".type) as "count" from BiTemporalProductTableWithLatest as "root" left outer	exists-material
meta::relational::tests::milestoning::bitemporal::testGroupByAndMilestoning	default	groupBy	top-where-pred	select "root".id as "type", count("bitemporalproductclassificationtablewithlatest_0".type) as "count" from BiTemporalProductTableWithLatest as "root" left outer	exists-material
meta::relational::tests::milestoning::bitemporal::testMultipleBiTemporalPropertyUsageInProject	default	map+project	filtered-subselect-join+on-clause-literal-pred+top-where-pred	select "bitemporalproductclassificationtable_0".type as "type" from OrderTable as "root" left outer join BiTemporalProductTable as "bitemporalproducttable_0" on	exists-material
meta::relational::tests::milestoning::bitemporal::testMultipleBiTemporalPropertyUsageInProject	default	map+project	filtered-subselect-join+top-where-pred	select "bitemporalproductclassificationtable_0".type as "type" from OrderTable as "root" left outer join BiTemporalProductTable as "bitemporalproducttable_0" on	exists-material
meta::relational::tests::milestoning::bitemporal::testMultipleBiTemporalPropertyUsageInProjectPathWithMilestoningInfinitySpecifiedInDBPlusLatestPropagation	default	project	filtered-subselect-join+on-clause-literal-pred+top-where-pred	select "bitemporalproductclassificationtablewithlatest_0".type as "type" from OrderTable as "root" left outer join BiTemporalProductTableWithLatest as "bitempor	exists-material
meta::relational::tests::milestoning::bitemporal::testMultipleBiTemporalPropertyUsageInProjectPathWithMilestoningInfinitySpecifiedInDBPlusLatestPropagation	default	project	filtered-subselect-join+top-where-pred	select "bitemporalproductclassificationtablewithlatest_0".type as "type" from OrderTable as "root" left outer join BiTemporalProductTableWithLatest as "bitempor	exists-material
meta::relational::tests::milestoning::bitemporal::testMultipleBiTemporalPropertyUsageInProjectWithMilestoningInfinityNotSpecifiedInDB	default	map+project	plain-join	select "productclassificationtablenomilestoning_0".type as "type" from OrderTable as "root" left outer join ProductTableNoMilestoning as "producttablenomileston	exists-material
meta::relational::tests::milestoning::bitemporal::testMultipleBiTemporalPropertyUsageInProjectWithMilestoningInfinitySpecifiedInDB	default	project	filtered-subselect-join+on-clause-literal-pred+top-where-pred	select "bitemporalproductclassificationtablewithlatest_0".type as "type" from OrderTable as "root" left outer join BiTemporalProductTableWithLatest as "bitempor	exists-material
meta::relational::tests::milestoning::bitemporal::testMultipleBiTemporalPropertyUsageInProjectWithMilestoningInfinitySpecifiedInDB	default	project	filtered-subselect-join+top-where-pred	select "bitemporalproductclassificationtablewithlatest_0".type as "type" from OrderTable as "root" left outer join BiTemporalProductTableWithLatest as "bitempor	exists-material
meta::relational::tests::milestoning::bitemporal::testMultipleBiTemporalPropertyUsageInProjectWithMilestoningInfinitySpecifiedInDBPlusLatestPropagation	default	project	filtered-subselect-join+on-clause-literal-pred+top-where-pred	select "bitemporalproductclassificationtablewithlatest_0".type as "type" from OrderTable as "root" left outer join BiTemporalProductTableWithLatest as "bitempor	exists-material
meta::relational::tests::milestoning::bitemporal::testMultipleBiTemporalPropertyUsageInProjectWithMilestoningInfinitySpecifiedInDBPlusLatestPropagation	default	project	filtered-subselect-join+top-where-pred	select "bitemporalproductclassificationtablewithlatest_0".type as "type" from OrderTable as "root" left outer join BiTemporalProductTableWithLatest as "bitempor	exists-material
meta::relational::tests::milestoning::bitemporal::testPopulationOfMilestonedThisBiTemporalDatesInProject	default	project	on-clause-literal-pred+top-where-pred	select "root".id as "id", "bitemporalproductclassificationtable_0".type as "classificationType" from BiTemporalProductTable as "root" left outer join BiTemporal	exists-material
meta::relational::tests::milestoning::bitemporal::testPopulationOfMilestonedThisBiTemporalDatesInProject	default	project	top-where-pred	select "root".id as "id", "bitemporalproductclassificationtable_0".type as "classificationType" from BiTemporalProductTable as "root" left outer join BiTemporal	exists-material
meta::relational::tests::milestoning::bitemporal::testPopulationOfMilestonedThisBiTemporalDatesInProject	default	project	on-clause-literal-pred+top-where-pred	select "root".id as "id", "bitemporalproductclassificationtable_0".type as "classificationType" from BiTemporalProductTable as "root" left outer join BiTemporal	exists-material
meta::relational::tests::milestoning::bitemporal::testPopulationOfMilestonedThisBiTemporalDatesInProject	default	project	top-where-pred	select "root".id as "id", "bitemporalproductclassificationtable_0".type as "classificationType" from BiTemporalProductTable as "root" left outer join BiTemporal	exists-material
meta::relational::tests::milestoning::bitemporal::testPopulationOfMilestonedThisBiTemporalDatesInProjectAgainstNonMilestonedStore	default	project	plain-join	select "root".id as "id", "productclassificationtablenomilestoning_0".type as "classificationType" from ProductTableNoMilestoning as "root" left outer join Prod	exists-material
meta::relational::tests::milestoning::businessdate::testBusinessDateInjectionFromParentVarReferenceWithProject	default	filter+map+project	filtered-subselect-join+on-clause-literal-pred+top-where-pred	select "productclassificationtable_0".type as "productType" from OrderTable as "root" left outer join ProductTable as "producttable_0" on ("root".prodFk = "prod	exists-material
meta::relational::tests::milestoning::businessdate::testBusinessDateInjectionFromVarReference	default	filter+map	top-where-pred	select "root".id as "pk_0", "root".id as "id", "root".orderDate as "orderDate" from OrderTable as "root" left outer join ProductTable as "producttable_0" on ("r	correlated-count-reducer|exists-material
meta::relational::tests::milestoning::businessdate::testBusinessDateInjectionFromVarReference	default	filter+map	top-where-pred	select "root".id as "pk_0", "root".id as "id", "root".orderDate as "orderDate" from OrderTable as "root" left outer join ProductTable as "producttable_0" on ("r	correlated-count-reducer|exists-material
meta::relational::tests::milestoning::businessdate::testBusinessDateInjectionFromVarReferenceWithProject	default	filter+map+project	filtered-subselect-join+top-where-pred	select "ordertable_1".type as "productType" from OrderTable as "root" left outer join ProductTable as "producttable_0" on ("root".prodFk = "producttable_0".id a	exists-material
meta::relational::tests::milestoning::businessdate::testBusinessDateInjectionFromVarReferenceWithUnion	default	map+project	filtered-subselect-join	select "cars_0".id as "Car Details/Car/Id", "bicycles_0".id as "Car Details/Car/Bicycle/Id", "bicycles_0".description as "Car Details/Car/Bicycle/Description" f	exists-material
meta::relational::tests::milestoning::businessdate::testBusinessDateInjectionFromVarReferenceWithUnion	default	map+project	plain-join	select "cars_0".id as "Car Details/Car/Id", "bicycles_0".id as "Car Details/Car/Bicycle/Id", "bicycles_0".description as "Car Details/Car/Bicycle/Description" f	exists-material
meta::relational::tests::milestoning::businessdate::testBusinessDatePropagationInColFunction	default	map+project	on-clause-literal-pred	select "orderdescriptiontable_0".description as "orderDesc", "producttable_0".name as "prodName" from OrderTable as "root" left outer join OrderDescriptionTable	exists-material
meta::relational::tests::milestoning::businessdate::testBusinessDatePropagationInColFunction	default	map+project	plain-join	select "orderdescriptiontable_0".description as "orderDesc", "producttable_0".name as "prodName" from OrderTable as "root" left outer join OrderDescriptionTable	exists-material
meta::relational::tests::milestoning::businessdate::testBusinessDatePropagationInColFunctionWithDoc	default	map+project	on-clause-literal-pred	select "orderdescriptiontable_0".description as "orderDesc", "producttable_0".name as "prodName" from OrderTable as "root" left outer join OrderDescriptionTable	exists-material
meta::relational::tests::milestoning::businessdate::testBusinessDatePropagationInColFunctionWithDoc	default	map+project	plain-join	select "orderdescriptiontable_0".description as "orderDesc", "producttable_0".name as "prodName" from OrderTable as "root" left outer join OrderDescriptionTable	exists-material
meta::relational::tests::milestoning::businessdate::testBusinessTemporalPredicateOnInnerFilterJoinNavigation	default	map+project	filtered-subselect-join+on-clause-literal-pred+top-where-pred	select "producttable_0".name as "name" from OrderTable as "root" left outer join (select "root".id as id, "root".name as name, "root".type as type, "root".excha	exists-material
meta::relational::tests::milestoning::businessdate::testBusinessTemporalPredicateOnInnerFilterJoinNavigation	default	map+project	filtered-subselect-join+top-where-pred	select "producttable_0".name as "name" from OrderTable as "root" left outer join (select "root".id as id, "root".name as name, "root".type as type, "root".excha	exists-material
meta::relational::tests::milestoning::businessdate::testBusinessTemporalPredicateOnLeftOuterFilterJoinNavigation	default	map+project	filtered-subselect-join+on-clause-literal-pred+top-where-pred	select "producttable_0".name as "name" from OrderTable as "root" left outer join (select "producttable_1".id as id, "producttable_1".name as name from ProductTa	exists-material
meta::relational::tests::milestoning::businessdate::testBusinessTemporalPredicateOnLeftOuterFilterJoinNavigation	default	map+project	filtered-subselect-join+top-where-pred	select "producttable_0".name as "name" from OrderTable as "root" left outer join (select "producttable_1".id as id, "producttable_1".name as name from ProductTa	exists-material
meta::relational::tests::milestoning::businessdate::testBusinessTemporalPredicateOnMultiHopFilterJoinNavigation	default	map+project	filtered-subselect-join+on-clause-literal-pred+top-where-pred	select "producttable_0".name as "name" from OrderTable as "root" left outer join (select "producttable_1".id as id, "producttable_1".name as name from ProductTa	exists-material
meta::relational::tests::milestoning::businessdate::testBusinessTemporalPredicateOnMultiHopFilterJoinNavigation	default	map+project	filtered-subselect-join+top-where-pred	select "producttable_0".name as "name" from OrderTable as "root" left outer join (select "producttable_1".id as id, "producttable_1".name as name from ProductTa	exists-material
meta::relational::tests::milestoning::businessdate::testConcatenationOfTemporalTdsQueries	default	filter+map+project	on-clause-literal-pred+top-where-pred	select "unionalias_0"."businessDate" as "businessDate", "unionalias_0"."productName" as "productName", "unionalias_0"."exchangeName" as "exchangeName" from (sel	exists-material
meta::relational::tests::milestoning::businessdate::testConcatenationOfTemporalTdsQueries	default	filter+map+project	top-where-pred	select "unionalias_0"."businessDate" as "businessDate", "unionalias_0"."productName" as "productName", "unionalias_0"."exchangeName" as "exchangeName" from (sel	exists-material
meta::relational::tests::milestoning::businessdate::testConcatenationOfTemporalTdsQueriesWithGroupBy	default	filter+map+project+groupBy	on-clause-literal-pred+top-where-pred	select "unionalias_0"."businessDate" as "businessDate", "unionalias_0"."productName" as "productName", "unionalias_0"."exchangeName" as "exchangeName", "unional	exists-material
meta::relational::tests::milestoning::businessdate::testConcatenationOfTemporalTdsQueriesWithGroupBy	default	filter+map+project+groupBy	top-where-pred	select "unionalias_0"."businessDate" as "businessDate", "unionalias_0"."productName" as "productName", "unionalias_0"."exchangeName" as "exchangeName", "unional	exists-material
meta::relational::tests::milestoning::businessdate::testConstraintUsageOfThisMilestoningContext1	default	other	on-clause-literal-pred+top-where-pred	select 'CST' as "CONSTRAINT_ID", 'Error' as "ENFORCEMENT_LEVEL", 'Ensure property: systemDescription is processed with the correct milestoning date, note that t	exists-material
meta::relational::tests::milestoning::businessdate::testConstraintUsageOfThisMilestoningContext1	default	other	top-where-pred	select 'CST' as "CONSTRAINT_ID", 'Error' as "ENFORCEMENT_LEVEL", 'Ensure property: systemDescription is processed with the correct milestoning date, note that t	exists-material
meta::relational::tests::milestoning::businessdate::testConstraintUsageOfThisMilestoningContext1b	default	other	on-clause-literal-pred+top-where-pred	select 'CST' as "CONSTRAINT_ID", 'Error' as "ENFORCEMENT_LEVEL", 'Ensure Ensure parent (this) milestoning context propagated through (auto) map' as "MESSAGE", "	exists-material
meta::relational::tests::milestoning::businessdate::testConstraintUsageOfThisMilestoningContext1b	default	other	top-where-pred	select 'CST' as "CONSTRAINT_ID", 'Error' as "ENFORCEMENT_LEVEL", 'Ensure Ensure parent (this) milestoning context propagated through (auto) map' as "MESSAGE", "	exists-material
meta::relational::tests::milestoning::businessdate::testConstraintUsageOfThisMilestoningContext1c	default	other	exists-predicate+filtered-subselect-join+top-where-pred	select 'CST' as "CONSTRAINT_ID", 'Error' as "ENFORCEMENT_LEVEL", 'Ensure parent (this) milestoning context propagated through project' as "MESSAGE", "root".id a	exists-join-form-dedup|exists-material
meta::relational::tests::milestoning::businessdate::testConstraintUsageOfThisMilestoningContext1c	default	other	exists-predicate+filtered-subselect-join+top-where-pred	select 'CST' as "CONSTRAINT_ID", 'Error' as "ENFORCEMENT_LEVEL", 'Ensure parent (this) milestoning context propagated through project' as "MESSAGE", "root".id a	exists-join-form-dedup|exists-material
meta::relational::tests::milestoning::businessdate::testConstraintUsageOfThisMilestoningContext2	default	other	on-clause-literal-pred+top-where-pred	select 'CST' as "CONSTRAINT_ID", 'Error' as "ENFORCEMENT_LEVEL", 'Ensure property: exchange is processed with the correct milestoning date, and that the milesto	exists-material
meta::relational::tests::milestoning::businessdate::testConstraintUsageOfThisMilestoningContext2	default	other	top-where-pred	select 'CST' as "CONSTRAINT_ID", 'Error' as "ENFORCEMENT_LEVEL", 'Ensure property: exchange is processed with the correct milestoning date, and that the milesto	exists-material
meta::relational::tests::milestoning::businessdate::testConstraintUsageOfThisMilestoningContext2WithNonTemporalStore	default	other	plain-join	select 'CST' as "CONSTRAINT_ID", 'Error' as "ENFORCEMENT_LEVEL", 'Ensure property: exchange is processed with the correct milestoning date, and that the milesto	exists-material
meta::relational::tests::milestoning::businessdate::testConstraintUsageOfThisMilestoningContext3	default	other	on-clause-literal-pred+top-where-pred	select 'CST' as "CONSTRAINT_ID", 'Error' as "ENFORCEMENT_LEVEL", 'Ensure that milestoning qualified properties passed function arguments which reference $this.t	exists-material
meta::relational::tests::milestoning::businessdate::testConstraintUsageOfThisMilestoningContext3	default	other	top-where-pred	select 'CST' as "CONSTRAINT_ID", 'Error' as "ENFORCEMENT_LEVEL", 'Ensure that milestoning qualified properties passed function arguments which reference $this.t	exists-material
meta::relational::tests::milestoning::businessdate::testDateFunctionInMilestonedProperty	default	project	filtered-subselect-join+on-clause-literal-pred+top-where-pred	select "root".id as "orderId", "ProductTable_d#7_l_d_m2_r".name as "stockProductName" from OrderTable as "root" left outer join StockProductTable as "StockProdu	exists-material
meta::relational::tests::milestoning::businessdate::testDateFunctionInMilestonedProperty	default	project	filtered-subselect-join+top-where-pred	select "root".id as "orderId", "ProductTable_d#7_l_d_m2_r".name as "stockProductName" from OrderTable as "root" left outer join StockProductTable as "StockProdu	exists-material
meta::relational::tests::milestoning::businessdate::testDeepUnionOperationWithNonTemporalAndNonUnionRoot	default	map+project	no-sql-golden		exists-material
meta::relational::tests::milestoning::businessdate::testDerivedPropertyOnNonTemporalClassWithMilestonedChain	default	map+project	no-sql-golden		exists-material
meta::relational::tests::milestoning::businessdate::testExecutionPlanForQueryWithVariableRundateWithinLambda	default	filter	no-sql-golden		exists-material
meta::relational::tests::milestoning::businessdate::testFilterOnMilestonedClassInProjectWithTDSFilter	default	filter+map+project	filtered-subselect-join+on-clause-literal-pred+top-where-pred	select "producttable_0".name as "productName" from OrderTable as "root" left outer join (select "producttable_1".id as id, "producttable_1".from_z as from_z, "p	exists-material
meta::relational::tests::milestoning::businessdate::testFilterOnMilestonedClassInProjectWithTDSFilter	default	filter+map+project	filtered-subselect-join+top-where-pred	select "producttable_0".name as "productName" from OrderTable as "root" left outer join (select "producttable_1".id as id, "producttable_1".from_z as from_z, "p	exists-material
meta::relational::tests::milestoning::businessdate::testIsolationOfCaseStmtTrueFalseFilters	default	filter	on-clause-literal-pred+top-where-pred	select "root".id as "pk_0", "root".name as "pk_1", "root".id as "id", "root".name as "name", "root".type as "type", "productdescriptiontable_0".description as "	correlated-count-reducer|exists-material
meta::relational::tests::milestoning::businessdate::testIsolationOfCaseStmtTrueFalseFilters	default	filter	top-where-pred	select "root".id as "pk_0", "root".name as "pk_1", "root".id as "id", "root".name as "name", "root".type as "type", "productdescriptiontable_0".description as "	correlated-count-reducer|exists-material
meta::relational::tests::milestoning::businessdate::testIsolationOfMilestoningFiltersReferencedInAllPartsOfIfStmt	default	filter	on-clause-literal-pred+top-where-pred	select "root".id as "pk_0", "root".id as "id", "root".orderDate as "orderDate" from OrderTable as "root" left outer join ProductTable as "producttable_0" on ("r	exists-material
meta::relational::tests::milestoning::businessdate::testIsolationOfMilestoningFiltersReferencedInAllPartsOfIfStmt	default	filter	top-where-pred	select "root".id as "pk_0", "root".id as "id", "root".orderDate as "orderDate" from OrderTable as "root" left outer join ProductTable as "producttable_0" on ("r	exists-material
meta::relational::tests::milestoning::businessdate::testMilestonedChainedJoinsWithAlias	default	map+project	filtered-subselect-join+top-where-pred	select "root".id as "Car Id", "person_0".id_1 as "Bicycle/Id", "root".description as "Car Description", "person_0".description as "Bicycle/Description" from Car	exists-material
meta::relational::tests::milestoning::businessdate::testMilestonedQualifiedPropertyWithDateProvidedByFunction	default	project	on-clause-literal-pred+top-where-pred	select "root".name as "name", "productclassificationtable_0".type as "classificationType" from ProductTable as "root" left outer join ProductClassificationTable	exists-material
meta::relational::tests::milestoning::businessdate::testMilestonedQualifiedPropertyWithDateProvidedByFunction	default	project	top-where-pred	select "root".name as "name", "productclassificationtable_0".type as "classificationType" from ProductTable as "root" left outer join ProductClassificationTable	exists-material
meta::relational::tests::milestoning::businessdate::testMilestonedThisBusinessDateInPosition1InQualfiedPropertySequence	default	project	filtered-subselect-join+on-clause-literal-pred+top-where-pred	select "root".name as "name", "productexchangetable_0".name as "classificationType" from ProductTable as "root" left outer join ProductClassificationTable as "p	exists-material
meta::relational::tests::milestoning::businessdate::testMilestonedThisBusinessDateInPosition1InQualfiedPropertySequence	default	project	filtered-subselect-join+top-where-pred	select "root".name as "name", "productexchangetable_0".name as "classificationType" from ProductTable as "root" left outer join ProductClassificationTable as "p	exists-material
meta::relational::tests::milestoning::businessdate::testMilestonedThisBusinessDateInPosition1InQualfiedPropertySequence2	default	project	filtered-subselect-join+on-clause-literal-pred+top-where-pred	select "root".name as "name", "productexchangetable_0".name as "classificationType" from ProductTable as "root" left outer join ProductClassificationTable as "p	exists-material
meta::relational::tests::milestoning::businessdate::testMilestonedThisBusinessDateInPosition1InQualfiedPropertySequence2	default	project	filtered-subselect-join+top-where-pred	select "root".name as "name", "productexchangetable_0".name as "classificationType" from ProductTable as "root" left outer join ProductClassificationTable as "p	exists-material
meta::relational::tests::milestoning::businessdate::testMilestonedThisBusinessDateInPosition2InQualfiedPropertySequence	default	project	filtered-subselect-join+on-clause-literal-pred+top-where-pred	select "root".name as "name", "productexchangetable_0".name as "classificationType" from ProductTable as "root" left outer join ProductClassificationTable as "p	exists-material
meta::relational::tests::milestoning::businessdate::testMilestonedThisBusinessDateInPosition2InQualfiedPropertySequence	default	project	filtered-subselect-join+top-where-pred	select "root".name as "name", "productexchangetable_0".name as "classificationType" from ProductTable as "root" left outer join ProductClassificationTable as "p	exists-material
meta::relational::tests::milestoning::businessdate::testMilestonedThisBusinessDateUsedAsParameterToFunctionInMilestoningQualifiedPropertyMappedToView	default	filter	filtered-subselect-join+top-where-pred	select 'CST' as "CONSTRAINT_ID", 'Error' as "ENFORCEMENT_LEVEL", 'Constraint to ensure that $this.businessDate milestoning property is processed correctly when 	exists-material
meta::relational::tests::milestoning::businessdate::testMilestonedThisBusinessDateUsedAsParameterToFunctionInMilestoningQualifiedPropertyMappedToView	default	filter	filtered-subselect-join+top-where-pred	select 'CST' as "CONSTRAINT_ID", 'Error' as "ENFORCEMENT_LEVEL", 'Constraint to ensure that $this.businessDate milestoning property is processed correctly when 	exists-material
meta::relational::tests::milestoning::businessdate::testMilestonedThisBusinessDateUsedAsParameterToFunctionParametersOfMilestonedQualifiedProperty	default	project	filtered-subselect-join+top-where-pred	select "root".name as "name", "productexchangetable_0".name as "classificationType" from ProductTable as "root" left outer join ProductClassificationTable as "p	exists-material
meta::relational::tests::milestoning::businessdate::testMilestonedThisBusinessDateUsedAsParameterToFunctionParametersOfMilestonedQualifiedProperty	default	project	filtered-subselect-join+top-where-pred	select "root".name as "name", "productexchangetable_0".name as "classificationType" from ProductTable as "root" left outer join ProductClassificationTable as "p	exists-material
meta::relational::tests::milestoning::businessdate::testMilestonedThisBusinessDateWithNestedDerivedProperty	default	map+project	filtered-subselect-join+on-clause-literal-pred+top-where-pred	select "productexchangetable_0".name as "classificationExchangeName1" from ProductTable as "root" left outer join ProductClassificationTable as "productclassifi	exists-material
meta::relational::tests::milestoning::businessdate::testMilestonedThisBusinessDateWithNestedDerivedProperty	default	map+project	filtered-subselect-join+top-where-pred	select "productexchangetable_0".name as "classificationExchangeName1" from ProductTable as "root" left outer join ProductClassificationTable as "productclassifi	exists-material
meta::relational::tests::milestoning::businessdate::testMilestonedThisBusinessDateWithNonThisAccessParameter	default	map+project	on-clause-literal-pred+top-where-pred	select "productclassificationtable_0".type as "classificationType" from ProductTable as "root" left outer join ProductClassificationTable as "productclassificat	exists-material
meta::relational::tests::milestoning::businessdate::testMilestonedThisBusinessDateWithNonThisAccessParameter	default	map+project	top-where-pred	select "productclassificationtable_0".type as "classificationType" from ProductTable as "root" left outer join ProductClassificationTable as "productclassificat	exists-material
meta::relational::tests::milestoning::businessdate::testMilestoningContextPropagatedFromParentViewToViewsReferencedInItsColumns	default	map	filtered-subselect-join+on-clause-literal-pred+top-where-pred	select "root".TRADE_ID as "pk_0", "root".pnl as "pnl", "root".supportContactViaView as "supportContactName", '2016-07-22' as "k_businessDate" from (select disti	correlated-count-reducer
meta::relational::tests::milestoning::businessdate::testMilestoningContextPropagatedFromParentViewToViewsReferencedInItsColumns	default	map	filtered-subselect-join+top-where-pred	select "root".TRADE_ID as "pk_0", "root".pnl as "pnl", "root".supportContactViaView as "supportContactName", '2016-07-22' as "k_businessDate" from (select disti	correlated-count-reducer
meta::relational::tests::milestoning::businessdate::testMilestoningContextPropagatedThruPropertyToViewWithNonMilestonedRoot	default	map+project	no-sql-golden		exists-material
meta::relational::tests::milestoning::businessdate::testMilestoningContextPropagatedWithViewAsMainRelationOfView	default	map	filtered-subselect-join+on-clause-literal-pred+top-where-pred	select "root".TRADE_ID as "pk_0", "root".pnl as "pnl", "root".supportContactViaView as "supportContactName", '2016-07-22' as "k_businessDate" from (select "root	correlated-count-reducer
meta::relational::tests::milestoning::businessdate::testMilestoningContextPropagatedWithViewAsMainRelationOfView	default	map	filtered-subselect-join+top-where-pred	select "root".TRADE_ID as "pk_0", "root".pnl as "pnl", "root".supportContactViaView as "supportContactName", '2016-07-22' as "k_businessDate" from (select "root	correlated-count-reducer
meta::relational::tests::milestoning::businessdate::testMilestoningContextPropagationForSimplePropertyReferenceWithMultipleJoinsViaProject	default	filter+map+project	filtered-subselect-join+on-clause-literal-pred+top-where-pred	select "producttable_0".name as "productName" from OrderTable as "root" left outer join (select "producttable_1".id as id, "producttable_1".from_z as from_z, "p	exists-material
meta::relational::tests::milestoning::businessdate::testMilestoningContextPropagationForSimplePropertyReferenceWithMultipleJoinsViaProject	default	filter+map+project	filtered-subselect-join+top-where-pred	select "producttable_0".name as "productName" from OrderTable as "root" left outer join (select "producttable_1".id as id, "producttable_1".from_z as from_z, "p	exists-material
meta::relational::tests::milestoning::businessdate::testMilestoningCriteriaAppliedToJoinsOnBusinessTemporalClassForComplexProperty	default	map+project	filtered-subselect-join+on-clause-literal-pred+top-where-pred	select "root".id as "orderId", "producttable_0".name as "stockProductName" from OrderTable as "root" left outer join StockProductTable as "stockproducttable_0" 	exists-material
meta::relational::tests::milestoning::businessdate::testMilestoningCriteriaAppliedToJoinsOnBusinessTemporalClassForComplexProperty	default	map+project	filtered-subselect-join+top-where-pred	select "root".id as "orderId", "producttable_0".name as "stockProductName" from OrderTable as "root" left outer join StockProductTable as "stockproducttable_0" 	exists-material
meta::relational::tests::milestoning::businessdate::testMilestoningCriteriaAppliedToSimplePropertyJoinFromTemporalClass	default	map+project	filtered-subselect-join+on-clause-literal-pred+top-where-pred	select "root".id as "id", "productdescriptiontable_0".description as "stockProductName" from OrderTable as "root" left outer join ProductTable as "producttable_	exists-material
meta::relational::tests::milestoning::businessdate::testMilestoningCriteriaAppliedToSimplePropertyJoinFromTemporalClass	default	map+project	filtered-subselect-join+top-where-pred	select "root".id as "id", "productdescriptiontable_0".description as "stockProductName" from OrderTable as "root" left outer join ProductTable as "producttable_	exists-material
meta::relational::tests::milestoning::businessdate::testMilestoningCriteriaAppliedToSimplePropertyJoinFromTemporalClass	default	map+project	filtered-subselect-join+top-where-pred	select "root".id as "id", "productclassificationtable_0".type as "productClassificationType" from OrderTable as "root" left outer join (select "ordertable_2".id	exists-material
meta::relational::tests::milestoning::businessdate::testMilestoningCriteriaAppliedToSimplePropertyJoinFromTemporalClass	default	map+project	filtered-subselect-join+top-where-pred	select "root".id as "id", "productclassificationtable_0".type as "productClassificationType" from OrderTable as "root" left outer join (select "ordertable_2".id	exists-material
meta::relational::tests::milestoning::businessdate::testMilestoningCriteriaAppliedToSimplePropertyJoinFromTemporalClassThroughQualifiedProperty	default	map+project	filtered-subselect-join+on-clause-literal-pred+top-where-pred	select "root".id as "id", "productdescriptiontable_0".description as "stockProductName" from OrderTable as "root" left outer join ProductTable as "producttable_	exists-material
meta::relational::tests::milestoning::businessdate::testMilestoningCriteriaAppliedToSimplePropertyJoinFromTemporalClassThroughQualifiedProperty	default	map+project	filtered-subselect-join+top-where-pred	select "root".id as "id", "productdescriptiontable_0".description as "stockProductName" from OrderTable as "root" left outer join ProductTable as "producttable_	exists-material
meta::relational::tests::milestoning::businessdate::testMilestoningCriteriaAppliedToViewRoot	default	map	on-clause-literal-pred+top-where-pred	select "root".TRADE_ID as "pk_0", "root".pnl as "pnl", "root".supportContact as "supportContactName", '2016-07-22' as "k_businessDate" from (select distinct "ro	correlated-count-reducer
meta::relational::tests::milestoning::businessdate::testMilestoningCriteriaAppliedToViewRoot	default	map	top-where-pred	select "root".TRADE_ID as "pk_0", "root".pnl as "pnl", "root".supportContact as "supportContactName", '2016-07-22' as "k_businessDate" from (select distinct "ro	correlated-count-reducer
meta::relational::tests::milestoning::businessdate::testMilestoningCriteriaOriginatingFromQualifiedPropertyAppliedToSimplePropertyJoinFromTemporalClass	default	project	filtered-subselect-join+on-clause-literal-pred+top-where-pred	select "root".id as "id", "productexchangetable_0".name as "productExchangeNameUsingDateConstantPropagatedFromQP" from OrderTable as "root" left outer join Prod	exists-material
meta::relational::tests::milestoning::businessdate::testMilestoningCriteriaOriginatingFromQualifiedPropertyAppliedToSimplePropertyJoinFromTemporalClass	default	project	filtered-subselect-join+top-where-pred	select "root".id as "id", "productexchangetable_0".name as "productExchangeNameUsingDateConstantPropagatedFromQP" from OrderTable as "root" left outer join Prod	exists-material
meta::relational::tests::milestoning::businessdate::testMilestoningCriteriaOriginatingFromQualifiedPropertyAppliedToSimplePropertyMultiOperationalJoinFromTemporalClass	default	project	filtered-subselect-join+on-clause-literal-pred+top-where-pred	select "root".id as "id", "productexchangetable_0".name as "productExchangeNameUsingDateConstantPropagatedFromQP" from OrderTable as "root" left outer join Prod	exists-material
meta::relational::tests::milestoning::businessdate::testMilestoningCriteriaOriginatingFromQualifiedPropertyAppliedToSimplePropertyMultiOperationalJoinFromTemporalClass	default	project	filtered-subselect-join+top-where-pred	select "root".id as "id", "productexchangetable_0".name as "productExchangeNameUsingDateConstantPropagatedFromQP" from OrderTable as "root" left outer join Prod	exists-material
meta::relational::tests::milestoning::businessdate::testMilestoningFilterPropagationThroughFilter	default	filter+map+project	exists-predicate	select "root".name as "name" from ProductTable as "root" where not (not exists(select 1 from OrderTable as "ordertable_0" where "ordertable_0".id = 1 and "root"	exists-join-form-dedup|exists-material
meta::relational::tests::milestoning::businessdate::testMilestoningFilterPropagationThroughFilter	default	filter+map+project	exists-predicate	select "root".name as "name" from ProductTable as "root" where not not exists (select 1 from OrderTable as "ordertable_0" where "ordertable_0".id = 1 and "root"	exists-join-form-dedup|exists-material
meta::relational::tests::milestoning::businessdate::testMilestoningFilterPropagationThroughNestedFilter	default	filter+map+project	filtered-subselect-join+top-where-pred	select "root".name as "name" from ProductTable as "root" left outer join OrderTable as "ordertable_0" on ("ordertable_0".prodFk = "root".id) left outer join (se	exists-join-form-dedup|exists-material
meta::relational::tests::milestoning::businessdate::testMilestoningFilterPropagationThroughNestedFilter	default	filter+map+project	filtered-subselect-join+top-where-pred	select "root".name as "name" from ProductTable as "root" left outer join OrderTable as "ordertable_0" on ("ordertable_0".prodFk = "root".id) left outer join (se	exists-join-form-dedup|exists-material
meta::relational::tests::milestoning::businessdate::testMilestoningFilterPropagationWithNowInFilter	default	filter+project	top-where-pred	select "root".name as "name" from ProductTable as "root" left outer join OrderTable as "ordertable_0" on ("ordertable_0".prodFk = "root".id) where "ordertable_0	exists-material
meta::relational::tests::milestoning::businessdate::testMilestoningFilterPropagationWithNowInFilter	default	filter+project	top-where-pred	select "root".name as "name" from ProductTable as "root" left outer join OrderTable as "ordertable_0" on ("ordertable_0".prodFk = "root".id) where "ordertable_0	exists-material
meta::relational::tests::milestoning::businessdate::testMilestoningFiltersPreservedInTdsJoinWithConcatenate	default	filter+project	no-sql-golden		correlated-count-reducer|exists-material
meta::relational::tests::milestoning::businessdate::testMilestoningQueryWithAggProjectWithMilestoneFilter	default	filter+map+project	grouped-subselect-join+on-clause-literal-pred+top-where-pred	select "root".name as "prodName", "producttable_1".aggCol as "synonyms" from ProductTable as "root" left outer join ProductClassificationTable as "productclassi	exists-material
meta::relational::tests::milestoning::businessdate::testMilestoningQueryWithAggProjectWithMilestoneFilter	default	filter+map+project	grouped-subselect-join+top-where-pred	select "root".name as "prodName", "producttable_1".aggCol as "synonyms" from ProductTable as "root" left outer join ProductClassificationTable as "productclassi	exists-material
meta::relational::tests::milestoning::businessdate::testMilestoningQueryWithGroupByFilterWithMilestoning	default	filter+map+groupBy	on-clause-literal-pred+top-where-pred	select "root".name as "prodName", group_concat("productsynonymtable_0".synonym separator '*') as "synonyms" from ProductTable as "root" left outer join ProductS	exists-material
meta::relational::tests::milestoning::businessdate::testMilestoningQueryWithGroupByFilterWithMilestoning	default	filter+map+groupBy	top-where-pred	select "root".name as "prodName", listagg("productsynonymtable_0".synonym, '*') as "synonyms" from ProductTable as "root" left outer join ProductSynonymTable as	exists-material
meta::relational::tests::milestoning::businessdate::testMilestoningQueryWithMilestoneFilterANdDifferentDatesOnTypeAndProperty	default	filter	on-clause-literal-pred+top-where-pred	select "root".id as "pk_0", "root".name as "pk_1", "root".id as "id", "root".name as "name", "root".type as "type", "productdescriptiontable_0".description as "	correlated-count-reducer|exists-material
meta::relational::tests::milestoning::businessdate::testMilestoningQueryWithMilestoneFilterANdDifferentDatesOnTypeAndProperty	default	filter	top-where-pred	select "root".id as "pk_0", "root".name as "pk_1", "root".id as "id", "root".name as "name", "root".type as "type", "productdescriptiontable_0".description as "	correlated-count-reducer|exists-material
meta::relational::tests::milestoning::businessdate::testMilestoningQueryWithMilestoneFilterOnAssociationProperty	default	filter	filtered-subselect-join+on-clause-literal-pred+top-where-pred	select "root".id as "pk_0", "root".name as "pk_1", "root".id as "id", "root".name as "name", "root".type as "type", "productdescriptiontable_0".description as "	correlated-count-reducer|exists-join-form-dedup|exists-material
meta::relational::tests::milestoning::businessdate::testMilestoningQueryWithMilestoneFilterOnAssociationProperty	default	filter	filtered-subselect-join+top-where-pred	select "root".id as "pk_0", "root".name as "pk_1", "root".id as "id", "root".name as "name", "root".type as "type", "productdescriptiontable_0".description as "	correlated-count-reducer|exists-join-form-dedup|exists-material
meta::relational::tests::milestoning::businessdate::testMilestoningQueryWithSimpleProjectWithMilestoneFilter	default	filter+map+project	on-clause-literal-pred+top-where-pred	select "root".name as "name", "productclassificationtable_0".type_description as "classificationDescription" from ProductTable as "root" left outer join Product	exists-material
meta::relational::tests::milestoning::businessdate::testMilestoningQueryWithSimpleProjectWithMilestoneFilter	default	filter+map+project	top-where-pred	select "root".name as "name", "productclassificationtable_0".type_description as "classificationDescription" from ProductTable as "root" left outer join Product	exists-material
meta::relational::tests::milestoning::businessdate::testNestedExists_NestedExistsWithEmbeddedMapping	default	filter+map+project	no-sql-golden		exists-join-form-dedup|exists-material
meta::relational::tests::milestoning::businessdate::testNestedExists_NestedExistsWithEmbeddedMappingInProject	default	map+project	no-sql-golden		exists-material
meta::relational::tests::milestoning::businessdate::testNonMilestoningQueryWithMilestoneFilterNoResults	default	filter	filtered-subselect-join+top-where-pred	select "root".id as "pk_0", "root".id as "id", "root".orderDate as "orderDate" from OrderTable as "root" left outer join (select distinct "producttable_1".id fr	correlated-count-reducer|exists-join-form-dedup|exists-material
meta::relational::tests::milestoning::businessdate::testNonMilestoningQueryWithMilestoneFilterNoResults	default	filter	filtered-subselect-join+top-where-pred	select "root".id as "pk_0", "root".id as "id", "root".orderDate as "orderDate" from OrderTable as "root" left outer join (select distinct "producttable_1".id fr	correlated-count-reducer|exists-join-form-dedup|exists-material
meta::relational::tests::milestoning::businessdate::testNonMilestoningQueryWithMilestoneFilterOnAssociation	default	filter	on-clause-literal-pred+top-where-pred	select "root".id as "pk_0", "root".id as "id", "root".orderDate as "orderDate" from OrderTable as "root" left outer join ProductTable as "producttable_0" on ("r	correlated-count-reducer|exists-material
meta::relational::tests::milestoning::businessdate::testNonMilestoningQueryWithMilestoneFilterOnAssociation	default	filter	top-where-pred	select "root".id as "pk_0", "root".id as "id", "root".orderDate as "orderDate" from OrderTable as "root" left outer join ProductTable as "producttable_0" on ("r	correlated-count-reducer|exists-material
meta::relational::tests::milestoning::businessdate::testNonMilestoningQueryWithMilestoneFilterProject	default	filter+map+project	filtered-subselect-join+on-clause-literal-pred+top-where-pred	select "root".id as "orderId", "producttable_2".name as "productName" from OrderTable as "root" left outer join (select distinct "producttable_1".id from Produc	exists-join-form-dedup|exists-material
meta::relational::tests::milestoning::businessdate::testNonMilestoningQueryWithMilestoneFilterProject	default	filter+map+project	filtered-subselect-join+top-where-pred	select "root".id as "orderId", "producttable_2".name as "productName" from OrderTable as "root" left outer join (select distinct "producttable_1".id from Produc	exists-join-form-dedup|exists-material
meta::relational::tests::milestoning::businessdate::testNonMilestoningQueryWithMilestoneFilterProjectUsingSamePropertyWithDifferentDates	default	filter+map+project	filtered-subselect-join+on-clause-literal-pred+top-where-pred	select "root".id as "orderId", "producttable_2".name as "productName" from OrderTable as "root" left outer join (select distinct "producttable_1".id from Produc	exists-join-form-dedup|exists-material
meta::relational::tests::milestoning::businessdate::testNonMilestoningQueryWithMilestoneFilterProjectUsingSamePropertyWithDifferentDates	default	filter+map+project	filtered-subselect-join+top-where-pred	select "root".id as "orderId", "producttable_2".name as "productName" from OrderTable as "root" left outer join (select distinct "producttable_1".id from Produc	exists-join-form-dedup|exists-material
meta::relational::tests::milestoning::businessdate::testNonMilestoningQueryWithMilestoneFilterSimple	default	filter	filtered-subselect-join+top-where-pred	select "root".id as "pk_0", "root".id as "id", "root".orderDate as "orderDate" from OrderTable as "root" left outer join (select distinct "producttable_1".id fr	correlated-count-reducer|exists-join-form-dedup|exists-material
meta::relational::tests::milestoning::businessdate::testNonMilestoningQueryWithMilestoneFilterSimple	default	filter	filtered-subselect-join+top-where-pred	select "root".id as "pk_0", "root".id as "id", "root".orderDate as "orderDate" from OrderTable as "root" left outer join (select distinct "producttable_1".id fr	correlated-count-reducer|exists-join-form-dedup|exists-material
meta::relational::tests::milestoning::businessdate::testNonMilestoningQueryWithMilestoneFilterVariableRundateWithinLambda	default	filter	filtered-subselect-join+top-where-pred	select "root".id as "pk_0", "root".id as "id", "root".orderDate as "orderDate" from OrderTable as "root" left outer join (select distinct "producttable_1".id fr	correlated-count-reducer|exists-join-form-dedup|exists-material
meta::relational::tests::milestoning::businessdate::testNonMilestoningQueryWithMilestoneFilterVariableRundateWithinLambda	default	filter	filtered-subselect-join+top-where-pred	select "root".id as "pk_0", "root".id as "id", "root".orderDate as "orderDate" from OrderTable as "root" left outer join (select distinct "producttable_1".id fr	correlated-count-reducer|exists-join-form-dedup|exists-material
meta::relational::tests::milestoning::businessdate::testPartiallyMilestoningUnionOperationWithNonTemporalRoot	default	filter	filtered-subselect-join+on-clause-literal-pred+top-where-pred	select "unionBase".u_type as u_type, "unionBase"."pk_0_0" as "pk_0_0", "unionBase"."pk_0_1" as "pk_0_1", "unionBase"."id" as "id" from (select '0' as u_type, "r	exists-material
meta::relational::tests::milestoning::businessdate::testPartiallyMilestoningUnionOperationWithNonTemporalRoot	default	filter	filtered-subselect-join+top-where-pred	select "unionBase".u_type as u_type, "unionBase"."pk_0_0" as "pk_0_0", "unionBase"."pk_0_1" as "pk_0_1", "unionBase"."id" as "id" from (select '0' as u_type, "r	exists-material
meta::relational::tests::milestoning::businessdate::testPartiallyMilestoningUnionOperationWithNonTemporalRootWithPropagation	default	filter	filtered-subselect-join+on-clause-literal-pred+top-where-pred	select "unionBase".u_type as u_type, "unionBase"."pk_0_0" as "pk_0_0", "unionBase"."pk_0_1" as "pk_0_1", "unionBase"."id" as "id" from (select '0' as u_type, "r	exists-material
meta::relational::tests::milestoning::businessdate::testPartiallyMilestoningUnionOperationWithNonTemporalRootWithPropagation	default	filter	filtered-subselect-join+top-where-pred	select "unionBase".u_type as u_type, "unionBase"."pk_0_0" as "pk_0_0", "unionBase"."pk_0_1" as "pk_0_1", "unionBase"."id" as "id" from (select '0' as u_type, "r	exists-material
meta::relational::tests::milestoning::businessdate::testPartiallyMilestoningUnionOperationWithTemporalRootWithPropagation	default	filter	filtered-subselect-join+on-clause-literal-pred+top-where-pred	select "unionBase".u_type as u_type, "unionBase"."pk_0_0" as "pk_0_0", "unionBase"."pk_1_0" as "pk_1_0", "unionBase"."pk_0_1" as "pk_0_1", "unionBase"."pk_1_1" 	exists-material
meta::relational::tests::milestoning::businessdate::testPartiallyMilestoningUnionOperationWithTemporalRootWithPropagation	default	filter	filtered-subselect-join+top-where-pred	select "unionBase".u_type as u_type, "unionBase"."pk_0_0" as "pk_0_0", "unionBase"."pk_1_0" as "pk_1_0", "unionBase"."pk_0_1" as "pk_0_1", "unionBase"."pk_1_1" 	exists-material
meta::relational::tests::milestoning::businessdate::testPlanQueryWithVariableRundateWithinLambda	default	filter	on-clause-literal-pred+top-where-pred	select "root".id as "pk_0", "root".name as "pk_1", "root".id as "id", "root".name as "name", "root".type as "type", "productdescriptiontable_0".description as "	correlated-count-reducer|exists-material
meta::relational::tests::milestoning::businessdate::testPlanQueryWithVariableRundateWithinLambda	default	filter	top-where-pred	select "root".id as "pk_0", "root".name as "pk_1", "root".id as "id", "root".name as "name", "root".type as "type", "productdescriptiontable_0".description as "	correlated-count-reducer|exists-material
meta::relational::tests::milestoning::businessdate::testPopulationOfMilestonedBusinessDateWithTimeComponentInQuery	default	map	no-sql-golden		correlated-count-reducer
meta::relational::tests::milestoning::businessdate::testPopulationOfMilestonedThisBusinessDatesInProject	default	map+project	on-clause-literal-pred+top-where-pred	select "root".name as "name", "productclassificationtable_0".type as "classificationType" from ProductTable as "root" left outer join ProductClassificationTable	exists-material
meta::relational::tests::milestoning::businessdate::testPopulationOfMilestonedThisBusinessDatesInProject	default	map+project	top-where-pred	select "root".name as "name", "productclassificationtable_0".type as "classificationType" from ProductTable as "root" left outer join ProductClassificationTable	exists-material
meta::relational::tests::milestoning::businessdate::testPopulationOfMilestonedThisBusinessDatesInProject	default	map+project	filtered-subselect-join+on-clause-literal-pred+top-where-pred	select "root".id as "orderId", "producttable_0".name as "productName", "productclassificationtable_0".type as "classificationType" from OrderTable as "root" lef	exists-material
meta::relational::tests::milestoning::businessdate::testPopulationOfMilestonedThisBusinessDatesInProject	default	map+project	filtered-subselect-join+top-where-pred	select "root".id as "orderId", "producttable_0".name as "productName", "productclassificationtable_0".type as "classificationType" from OrderTable as "root" lef	exists-material
meta::relational::tests::milestoning::businessdate::testProcessedMilestonedExchangeNameConstraint	default	other	on-clause-literal-pred+top-where-pred	select 'processedMilestonedExchangeNameMustBeValid' as "CONSTRAINT_ID", 'Error' as "ENFORCEMENT_LEVEL", 'Name must not be empty' as "MESSAGE", "root".type as "t	exists-material
meta::relational::tests::milestoning::businessdate::testProcessedMilestonedExchangeNameConstraint	default	other	top-where-pred	select 'processedMilestonedExchangeNameMustBeValid' as "CONSTRAINT_ID", 'Error' as "ENFORCEMENT_LEVEL", 'Name must not be empty' as "MESSAGE", "root".type as "t	exists-material
meta::relational::tests::milestoning::businessdate::testQueryOfMilestonedTypeWithFilterInMapping	default	map	single-table	select "root".id as "pk_0", "root".name as "pk_1", "root".id as "id", "root".name as "name", "root".type as "type", '2015-10-16' as "k_businessDate" from Produc	correlated-count-reducer
meta::relational::tests::milestoning::businessdate::testQueryOfMilestonedTypeWithFilterInMapping	default	map	single-table	select "root".id as "pk_0", "root".name as "pk_1", "root".id as "id", "root".name as "name", "root".type as "type", '2015-10-16' as "k_businessDate" from Produc	correlated-count-reducer
meta::relational::tests::milestoning::businessdate::testThisBusinessDateUsageInQualifiedProperty	default	map	no-sql-golden		correlated-count-reducer
meta::relational::tests::milestoning::contextpropagation::testExtraColumnsAreNotAppliedToIntermediateMilestonedJoinTables	default	map+project	filtered-subselect-join+on-clause-literal-pred+top-where-pred	select "productdescriptiontable_0".description as "stockProductName" from OrderTable as "root" left outer join ProductTable as "producttable_0" on ("root".prodF	exists-material
meta::relational::tests::milestoning::contextpropagation::testExtraColumnsAreNotAppliedToIntermediateMilestonedJoinTables	default	map+project	filtered-subselect-join+top-where-pred	select "productdescriptiontable_0".description as "stockProductName" from OrderTable as "root" left outer join ProductTable as "producttable_0" on ("root".prodF	exists-material
meta::relational::tests::milestoning::contextpropagation::testIsolationOfMilestoningFiltersUsedOnIntermediateJoinInOR	default	filter	filtered-subselect-join+on-clause-literal-pred+top-where-pred	select "root".id as "pk_0", "root".name as "pk_1", "root".id as "id", "cancelactivitiestable_0".created_by as "cancelProductActivityCreatedBy", '2015-10-16' as 	exists-material
meta::relational::tests::milestoning::contextpropagation::testIsolationOfMilestoningFiltersUsedOnIntermediateJoinInOR	default	filter	filtered-subselect-join+top-where-pred	select "root".id as "pk_0", "root".name as "pk_1", "root".id as "id", "cancelactivitiestable_0".created_by as "cancelProductActivityCreatedBy", '2015-10-16' as 	exists-material
meta::relational::tests::milestoning::contextpropagation::testLatestMilestoneDateMappedTableDateDoesNotOverrideLatestDateFromChildPropertyInPropogation	default	filter	on-clause-literal-pred+top-where-pred	select "root".id as "pk_0", "root".name as "pk_1", "root".id as "id", "root".name as "name", "root".type as "type", "productdescriptiontable_0".description as "	exists-material
meta::relational::tests::milestoning::contextpropagation::testLatestMilestoneDateMappedTableDateDoesNotOverrideLatestDateFromChildPropertyInPropogation	default	filter	top-where-pred	select "root".id as "pk_0", "root".name as "pk_1", "root".id as "id", "root".name as "name", "root".type as "type", "productdescriptiontable_0".description as "	exists-material
meta::relational::tests::milestoning::contextpropagation::testLatestMilestoneDatePropogationFromTypeQueryDoesNotOverrideThatSpecifiedAsArgToMilestonedQpInFilter	default	filter	on-clause-literal-pred+top-where-pred	select "root".id as "pk_0", "root".name as "pk_1", "root".id as "id", "root".name as "name", "root".type as "type", "productdescriptiontable_0".description as "	exists-material
meta::relational::tests::milestoning::contextpropagation::testLatestMilestoneDatePropogationFromTypeQueryDoesNotOverrideThatSpecifiedAsArgToMilestonedQpInFilter	default	filter	top-where-pred	select "root".id as "pk_0", "root".name as "pk_1", "root".id as "id", "root".name as "name", "root".type as "type", "productdescriptiontable_0".description as "	exists-material
meta::relational::tests::milestoning::contextpropagation::testMilestoneDateNotPropogatedThroughNonMilestonedType	default	filter+map+project	on-clause-literal-pred+top-where-pred	select "root".id as "id" from ProductTable as "root" left outer join SystemTable as "systemtable_0" on ("root".referenceSystemName = "systemtable_0".name) left 	exists-material
meta::relational::tests::milestoning::contextpropagation::testMilestoneDateNotPropogatedThroughNonMilestonedType	default	filter+map+project	top-where-pred	select "root".id as "id" from ProductTable as "root" left outer join SystemTable as "systemtable_0" on ("root".referenceSystemName = "systemtable_0".name) left 	exists-material
meta::relational::tests::milestoning::contextpropagation::testMilestoneDateNotPropogatedThroughNonMilestonedType	default	filter+map+project	filtered-subselect-join+top-where-pred	select "ProductClassificationTable_d#2_f_d#4_d#2_f_d_m1".type_description as "productClassificationDescription", "ProductExchangeTable_d#6_d_m2_md".name as "pro	exists-material
meta::relational::tests::milestoning::contextpropagation::testMilestoneDateNotPropogatedThroughNonMilestonedType	default	filter+map+project	on-clause-literal-pred	select "root".id as "name", "SystemDescriptionTable_d#4_f_d_d_m2_r#2".description as "sysDescription" from OrderTable as "root" left outer join ProductTable as 	exists-material
meta::relational::tests::milestoning::contextpropagation::testMilestoneDatePropogationFromTypeQueryDoesNotOverrideThatSpecifiedAsArgToMilestonedQpInFilter	default	filter+map	on-clause-literal-pred+top-where-pred	select "root".id as "pk_0", "root".name as "pk_1", "root".id as "id", "root".name as "name", "root".type as "type", "productdescriptiontable_0".description as "	correlated-count-reducer|exists-material
meta::relational::tests::milestoning::contextpropagation::testMilestoneDatePropogationFromTypeQueryDoesNotOverrideThatSpecifiedAsArgToMilestonedQpInFilter	default	filter+map	top-where-pred	select "root".id as "pk_0", "root".name as "pk_1", "root".id as "id", "root".name as "name", "root".type as "type", "productdescriptiontable_0".description as "	correlated-count-reducer|exists-material
meta::relational::tests::milestoning::contextpropagation::testMilestoneDatePropogationFromTypeQueryDoesNotOverrideThatSpecifiedAsArgToMilestonedQpInProject	default	filter+map+project	on-clause-literal-pred+top-where-pred	select "productclassificationtable_1".type as "classificationType" from ProductTable as "root" left outer join ProductClassificationTable as "productclassificat	exists-material
meta::relational::tests::milestoning::contextpropagation::testMilestoneDatePropogationFromTypeQueryDoesNotOverrideThatSpecifiedAsArgToMilestonedQpInProject	default	filter+map+project	top-where-pred	select "productclassificationtable_1".type as "classificationType" from ProductTable as "root" left outer join ProductClassificationTable as "productclassificat	exists-material
meta::relational::tests::milestoning::contextpropagation::testMilestoneDatePropogationFromTypeQueryThroughFilterToNoArgMilestonedQpInProject	default	filter+map+project	on-clause-literal-pred+top-where-pred	select "productclassificationtable_0".type as "classificationType" from ProductTable as "root" left outer join ProductClassificationTable as "productclassificat	exists-material
meta::relational::tests::milestoning::contextpropagation::testMilestoneDatePropogationFromTypeQueryThroughFilterToNoArgMilestonedQpInProject	default	filter+map+project	top-where-pred	select "productclassificationtable_0".type as "classificationType" from ProductTable as "root" left outer join ProductClassificationTable as "productclassificat	exists-material
meta::relational::tests::milestoning::contextpropagation::testMilestoneDatePropogationFromTypeQueryToNoArgMilestonedQpInFilter	default	filter+map	on-clause-literal-pred+top-where-pred	select "root".id as "pk_0", "root".name as "pk_1", "root".id as "id", "root".name as "name", "root".type as "type", "productdescriptiontable_0".description as "	correlated-count-reducer|exists-material
meta::relational::tests::milestoning::contextpropagation::testMilestoneDatePropogationFromTypeQueryToNoArgMilestonedQpInFilter	default	filter+map	top-where-pred	select "root".id as "pk_0", "root".name as "pk_1", "root".id as "id", "root".name as "name", "root".type as "type", "productdescriptiontable_0".description as "	correlated-count-reducer|exists-material
meta::relational::tests::milestoning::contextpropagation::testMilestoneDatePropogationFromTypeQueryToProjectIsNotOverridenBySamePropertyUsedInFilterWithDifferentDateArguments	default	filter+map+project	on-clause-literal-pred+top-where-pred	select "productclassificationtable_1".type as "classificationType" from ProductTable as "root" left outer join ProductClassificationTable as "productclassificat	exists-material
meta::relational::tests::milestoning::contextpropagation::testMilestoneDatePropogationFromTypeQueryToProjectIsNotOverridenBySamePropertyUsedInFilterWithDifferentDateArguments	default	filter+map+project	top-where-pred	select "productclassificationtable_1".type as "classificationType" from ProductTable as "root" left outer join ProductClassificationTable as "productclassificat	exists-material
meta::relational::tests::milestoning::contextpropagation::testMilestoneDatePropogationThruExistsConditionalClause	default	filter+map+project	no-sql-golden		exists-join-form-dedup|exists-material
meta::relational::tests::milestoning::contextpropagation::testMilestoneDatePropogationThruExistsIsIndenpendentOfDateManipulationWithinTheFilter	default	filter+map+project	filtered-subselect-join+on-clause-literal-pred+top-where-pred	select "root".id as "id", "productclassificationtable_2".type as "classificationType" from ProductTable as "root" left outer join (select distinct "productclass	exists-join-form-dedup|exists-material
meta::relational::tests::milestoning::contextpropagation::testMilestoneDatePropogationThruExistsIsIndenpendentOfDateManipulationWithinTheFilter	default	filter+map+project	filtered-subselect-join+top-where-pred	select "root".id as "id", "productclassificationtable_2".type as "classificationType" from ProductTable as "root" left outer join (select distinct "productclass	exists-join-form-dedup|exists-material
meta::relational::tests::milestoning::contextpropagation::testMilestoneDatePropogationThruFilterIsIndenpendentOfDateManipulationWithinTheFilter	default	filter+map+project	on-clause-literal-pred+top-where-pred	select "root".id as "id", "productclassificationtable_1".type as "classificationType" from ProductTable as "root" left outer join ProductClassificationTable as 	exists-material
meta::relational::tests::milestoning::contextpropagation::testMilestoneDatePropogationThruFilterIsIndenpendentOfDateManipulationWithinTheFilter	default	filter+map+project	top-where-pred	select "root".id as "id", "productclassificationtable_1".type as "classificationType" from ProductTable as "root" left outer join ProductClassificationTable as 	exists-material
meta::relational::tests::milestoning::contextpropagation::testMilestoningContextIsPropogatedThroughAutoMap	default	map+project	filtered-subselect-join+on-clause-literal-pred+top-where-pred	select "root".id as "orderId", "productclassificationtable_0".type_description as "classificationDescription" from OrderTable as "root" left outer join ProductT	exists-material
meta::relational::tests::milestoning::contextpropagation::testMilestoningContextIsPropogatedThroughAutoMap	default	map+project	filtered-subselect-join+top-where-pred	select "root".id as "orderId", "productclassificationtable_0".type_description as "classificationDescription" from OrderTable as "root" left outer join ProductT	exists-material
meta::relational::tests::milestoning::contextpropagation::testMilestoningContextIsPropogatedThroughSubType	default	map+project	filtered-subselect-join+on-clause-literal-pred+top-where-pred	select "root".id as "orderId", "productclassificationtable_0".type_description as "classificationDescription" from OrderTable as "root" left outer join ProductT	exists-material
meta::relational::tests::milestoning::contextpropagation::testMilestoningContextIsPropogatedThroughSubType	default	map+project	filtered-subselect-join+top-where-pred	select "root".id as "orderId", "productclassificationtable_0".type_description as "classificationDescription" from OrderTable as "root" left outer join ProductT	exists-material
meta::relational::tests::milestoning::contextpropagation::testMilestoningContextNotPropogatedThroughNonTemporalPropertiesFromAll	default	map+project	top-where-pred	select "root".id as "name", "systemdescriptiontable_0".description as "sysDescription" from ProductTable as "root" left outer join SystemTable as "systemtable_0	exists-material
meta::relational::tests::milestoning::contextpropagation::testMilestoningContextNotPropogatedThroughNonTemporalPropertiesFromAll	default	map+project	top-where-pred	select "root".id as "name", "systemdescriptiontable_0".description as "sysDescription" from ProductTable as "root" left outer join SystemTable as "systemtable_0	exists-material
meta::relational::tests::milestoning::contextpropagation::testMilestoningContextNotPropogatedThroughNonTemporalPropertiesFromMilestonedQualifiedProperty	default	map+project	on-clause-literal-pred	select "root".id as "name", "systemdescriptiontable_0".description as "sysDescription" from OrderTable as "root" left outer join ProductTable as "producttable_0	exists-material
meta::relational::tests::milestoning::contextpropagation::testMilestoningContextNotPropogatedThroughNonTemporalPropertiesFromMilestonedQualifiedProperty	default	map+project	plain-join	select "root".id as "name", "systemdescriptiontable_0".description as "sysDescription" from OrderTable as "root" left outer join ProductTable as "producttable_0	exists-material
meta::relational::tests::milestoning::contextpropagation::testMilestoningContextPropagatedFromMilestoningQualifiedPropertyWithArgToNoArgMilestonedQualifiedPropertyInProjectPath	default	filter+map+project	filtered-subselect-join+on-clause-literal-pred+top-where-pred	select "root".name as "productName", "productexchangetable_0".name as "exchangeName" from ProductTable as "root" left outer join ProductClassificationTable as "	exists-material
meta::relational::tests::milestoning::contextpropagation::testMilestoningContextPropagatedFromMilestoningQualifiedPropertyWithArgToNoArgMilestonedQualifiedPropertyInProjectPath	default	filter+map+project	filtered-subselect-join+top-where-pred	select "root".name as "productName", "productexchangetable_0".name as "exchangeName" from ProductTable as "root" left outer join ProductClassificationTable as "	exists-material
meta::relational::tests::milestoning::contextpropagation::testMilestoningContextPropagatedThroughFilterToNoArgMilestonedQualifiedPropertyInProjectPath	default	filter+map+project	on-clause-literal-pred+top-where-pred	select "root".name as "name", "productclassificationtable_0".type_description as "description" from ProductTable as "root" left outer join ProductClassification	exists-material
meta::relational::tests::milestoning::contextpropagation::testMilestoningContextPropagatedThroughFilterToNoArgMilestonedQualifiedPropertyInProjectPath	default	filter+map+project	top-where-pred	select "root".name as "name", "productclassificationtable_0".type_description as "description" from ProductTable as "root" left outer join ProductClassification	exists-material
meta::relational::tests::milestoning::contextpropagation::testMilestoningContextPropagatedThroughToLeftSideOfQualifiedPropertyFilter	default	map+project	filtered-subselect-join+on-clause-literal-pred+top-where-pred	select "productdescriptiontable_0".description as "stockProductName" from ProductClassificationTable as "root" left outer join ProductTable as "producttable_0" 	exists-material
meta::relational::tests::milestoning::contextpropagation::testMilestoningContextPropagatedThroughToLeftSideOfQualifiedPropertyFilter	default	map+project	filtered-subselect-join+top-where-pred	select "productdescriptiontable_0".description as "stockProductName" from ProductClassificationTable as "root" left outer join ProductTable as "producttable_0" 	exists-material
meta::relational::tests::milestoning::contextpropagation::testMilestoningContextPropagatedUsingConstantInProjectMoveLetInBlock	default	map+project	on-clause-literal-pred+top-where-pred	select "root".name as "name", "productclassificationtable_0".type_description as "description" from ProductTable as "root" left outer join ProductClassification	exists-material
meta::relational::tests::milestoning::contextpropagation::testMilestoningContextPropagatedUsingConstantInProjectMoveLetInBlock	default	map+project	top-where-pred	select "root".name as "name", "productclassificationtable_0".type_description as "description" from ProductTable as "root" left outer join ProductClassification	exists-material
meta::relational::tests::milestoning::contextpropagation::testMilestoningContextPropagatedUsingVariableInProject	default	map+project	on-clause-literal-pred+top-where-pred	select "root".name as "name", "productclassificationtable_0".type_description as "description" from ProductTable as "root" left outer join ProductClassification	exists-material
meta::relational::tests::milestoning::contextpropagation::testMilestoningContextPropagatedUsingVariableInProject	default	map+project	top-where-pred	select "root".name as "name", "productclassificationtable_0".type_description as "description" from ProductTable as "root" left outer join ProductClassification	exists-material
meta::relational::tests::milestoning::contextpropagation::testMilestoningContextPropagatedUsingVariableInProjectMoveLetInBlock	default	map+project	no-sql-golden		exists-material
meta::relational::tests::milestoning::contextpropagation::testMilestoningContextPropagatedUsingVariableInProjectPath	default	map+project	on-clause-literal-pred+top-where-pred	select "root".name as "name", "productclassificationtable_0".type_description as "description" from ProductTable as "root" left outer join ProductClassification	exists-material
meta::relational::tests::milestoning::contextpropagation::testMilestoningContextPropagatedUsingVariableInProjectPath	default	map+project	top-where-pred	select "root".name as "name", "productclassificationtable_0".type_description as "description" from ProductTable as "root" left outer join ProductClassification	exists-material
meta::relational::tests::milestoning::contextpropagation::testMilestoningContextWithLatestDateNotPropogatedThroughNonTemporalPropertiesFromAll	default	project	top-where-pred	select "root".id as "name", "systemdescriptiontable_0".description as "sysDescription" from ProductTable as "root" left outer join SystemTable as "systemtable_0	exists-material
meta::relational::tests::milestoning::contextpropagation::testMilestoningContextWithLatestDateNotPropogatedThroughNonTemporalPropertiesFromAll	default	project	top-where-pred	select "root".id as "name", "systemdescriptiontable_0".description as "sysDescription" from ProductTable as "root" left outer join SystemTable as "systemtable_0	exists-material
meta::relational::tests::milestoning::contextpropagation::testMilestoningFiltersAppliedToIntermediateMilestonedJoinTablesWhereTargetTypeIsTemporalAndTargetMainTableIsNotMilestoned	default	map+project	on-clause-literal-pred	select "systemaorderdescriptiontable_0".description as "systemADescription" from OrderTable as "root" left outer join OrderToSystemADescriptions as "ordertosyst	exists-material
meta::relational::tests::milestoning::contextpropagation::testMilestoningFiltersAppliedToIntermediateMilestonedJoinTablesWhereTargetTypeIsTemporalAndTargetMainTableIsNotMilestoned	default	map+project	plain-join	select "systemaorderdescriptiontable_0".description as "systemADescription" from OrderTable as "root" left outer join OrderToSystemADescriptions as "ordertosyst	exists-material
meta::relational::tests::milestoning::contextpropagation::testMilestoningFiltersNotPropogatedFromAllToNonTemporalClassMappedToTemporalTable	default	map+project	top-where-pred	select "root".id as "name", "newactivityinfotable_0".created_by as "classificationType" from ProductTable as "root" left outer join NewActivityInfoTable as "new	exists-material
meta::relational::tests::milestoning::contextpropagation::testMilestoningFiltersNotPropogatedFromAllToNonTemporalClassMappedToTemporalTable	default	map+project	top-where-pred	select "root".id as "name", "newactivityinfotable_0".created_by as "classificationType" from ProductTable as "root" left outer join NewActivityInfoTable as "new	exists-material
meta::relational::tests::milestoning::contextpropagation::testMilestoningFiltersUsedOnIntermediateJoinOnlyFromAllToNonTemporalClassMappedToTemporalTable	default	map+project	on-clause-literal-pred+top-where-pred	select "root".id as "name", "newactivityinfotable_0".created_by as "classificationType" from ProductTable as "root" left outer join CancelActivitiesTable as "ca	exists-material
meta::relational::tests::milestoning::contextpropagation::testMilestoningFiltersUsedOnIntermediateJoinOnlyFromAllToNonTemporalClassMappedToTemporalTable	default	map+project	top-where-pred	select "root".id as "name", "newactivityinfotable_0".created_by as "classificationType" from ProductTable as "root" left outer join CancelActivitiesTable as "ca	exists-material
meta::relational::tests::milestoning::contextpropagation::testMilestoningFiltersUsedOnIntermediateJoinOnlyFromAllToNonTemporalClassMappedToTemporalTableWithFilter	default	map+project	filtered-subselect-join+top-where-pred	select "root".id as "name", "cancelactivitiestable_0".created_by as "classificationType" from ProductTable as "root" left outer join (select "cancelactivitiesta	exists-material
meta::relational::tests::milestoning::contextpropagation::testMilestoningFiltersUsedOnIntermediateJoinOnlyFromAllToNonTemporalClassMappedToTemporalTableWithFilter	default	map+project	filtered-subselect-join+top-where-pred	select "root".id as "name", "cancelactivitiestable_0".created_by as "classificationType" from ProductTable as "root" left outer join (select "cancelactivitiesta	exists-material
meta::relational::tests::milestoning::inclusive::testInFromInclusive	default	filter	single-table	select "root".id as "pk_0", "root".name as "pk_1", "root".id as "id", "root".name as "name", '2018-05-05' as "k_processingDate", '2018-05-04' as "k_businessDate	exists-material
meta::relational::tests::milestoning::inclusive::testInFromInclusive	default	filter	single-table	select "root".id as "pk_0", "root".name as "pk_1", "root".id as "id", "root".name as "name", '2018-05-05' as "k_processingDate", '2018-05-04' as "k_businessDate	exists-material
meta::relational::tests::milestoning::inclusive::testInFromInclusive	default	filter	on-clause-literal-pred+top-where-pred	select "root".id as "pk_0", "root".id as "id" from MyOrderTable as "root" left outer join BiTemporalProductTable_In_From_Inclusive as "bitemporalproducttable_in	exists-material
meta::relational::tests::milestoning::inclusive::testInFromInclusive	default	filter	top-where-pred	select "root".id as "pk_0", "root".id as "id" from MyOrderTable as "root" left outer join BiTemporalProductTable_In_From_Inclusive as "bitemporalproducttable_in	exists-material
meta::relational::tests::milestoning::inclusive::testInThruInclusive	default	filter	single-table	select "root".id as "pk_0", "root".name as "pk_1", "root".id as "id", "root".name as "name", '2018-05-05' as "k_processingDate", '2018-05-04' as "k_businessDate	exists-material
meta::relational::tests::milestoning::inclusive::testInThruInclusive	default	filter	single-table	select "root".id as "pk_0", "root".name as "pk_1", "root".id as "id", "root".name as "name", '2018-05-05' as "k_processingDate", '2018-05-04' as "k_businessDate	exists-material
meta::relational::tests::milestoning::inclusive::testInThruInclusive	default	filter	on-clause-literal-pred+top-where-pred	select "root".id as "pk_0", "root".id as "id" from MyOrderTable as "root" left outer join BiTemporalProductTable_In_Thru_Inclusive as "bitemporalproducttable_in	exists-material
meta::relational::tests::milestoning::inclusive::testInThruInclusive	default	filter	top-where-pred	select "root".id as "pk_0", "root".id as "id" from MyOrderTable as "root" left outer join BiTemporalProductTable_In_Thru_Inclusive as "bitemporalproducttable_in	exists-material
meta::relational::tests::milestoning::inclusive::testInThruInclusiveUnionInThruInclusive	default	filter	on-clause-literal-pred+top-where-pred	select "unionBase".u_type as u_type, "unionBase"."pk_0_0" as "pk_0_0", "unionBase"."pk_0_1" as "pk_0_1", "unionBase"."id" as "id" from (select '0' as u_type, "r	exists-material
meta::relational::tests::milestoning::inclusive::testInThruInclusiveUnionInThruInclusive	default	filter	top-where-pred	select "unionBase".u_type as u_type, "unionBase"."pk_0_0" as "pk_0_0", "unionBase"."pk_0_1" as "pk_0_1", "unionBase"."id" as "id" from (select '0' as u_type, "r	exists-material
meta::relational::tests::milestoning::inclusive::testOutFromInclusive	default	filter	single-table	select "root".id as "pk_0", "root".name as "pk_1", "root".id as "id", "root".name as "name", '2018-05-05' as "k_processingDate", '2018-05-04' as "k_businessDate	exists-material
meta::relational::tests::milestoning::inclusive::testOutFromInclusive	default	filter	single-table	select "root".id as "pk_0", "root".name as "pk_1", "root".id as "id", "root".name as "name", '2018-05-05' as "k_processingDate", '2018-05-04' as "k_businessDate	exists-material
meta::relational::tests::milestoning::inclusive::testOutFromInclusive	default	filter	on-clause-literal-pred+top-where-pred	select "root".id as "pk_0", "root".id as "id" from MyOrderTable as "root" left outer join BiTemporalProductTable_Out_From_Inclusive as "bitemporalproducttable_o	exists-material
meta::relational::tests::milestoning::inclusive::testOutFromInclusive	default	filter	top-where-pred	select "root".id as "pk_0", "root".id as "id" from MyOrderTable as "root" left outer join BiTemporalProductTable_Out_From_Inclusive as "bitemporalproducttable_o	exists-material
meta::relational::tests::milestoning::inclusive::testOutFromInclusiveUnionOutFromInclusive	default	filter	on-clause-literal-pred+top-where-pred	select "unionBase".u_type as u_type, "unionBase"."pk_0_0" as "pk_0_0", "unionBase"."pk_0_1" as "pk_0_1", "unionBase"."id" as "id" from (select '0' as u_type, "r	exists-material
meta::relational::tests::milestoning::inclusive::testOutFromInclusiveUnionOutFromInclusive	default	filter	top-where-pred	select "unionBase".u_type as u_type, "unionBase"."pk_0_0" as "pk_0_0", "unionBase"."pk_0_1" as "pk_0_1", "unionBase"."id" as "id" from (select '0' as u_type, "r	exists-material
meta::relational::tests::milestoning::inclusive::testOutThruInclusive	default	filter	single-table	select "root".id as "pk_0", "root".name as "pk_1", "root".id as "id", "root".name as "name", '2018-05-05' as "k_processingDate", '2018-05-04' as "k_businessDate	exists-material
meta::relational::tests::milestoning::inclusive::testOutThruInclusive	default	filter	single-table	select "root".id as "pk_0", "root".name as "pk_1", "root".id as "id", "root".name as "name", '2018-05-05' as "k_processingDate", '2018-05-04' as "k_businessDate	exists-material
meta::relational::tests::milestoning::inclusive::testOutThruInclusive	default	filter	on-clause-literal-pred+top-where-pred	select "root".id as "pk_0", "root".id as "id" from MyOrderTable as "root" left outer join BiTemporalProductTable_Out_Thru_Inclusive as "bitemporalproducttable_o	exists-material
meta::relational::tests::milestoning::inclusive::testOutThruInclusive	default	filter	top-where-pred	select "root".id as "pk_0", "root".id as "id" from MyOrderTable as "root" left outer join BiTemporalProductTable_Out_Thru_Inclusive as "bitemporalproducttable_o	exists-material
meta::relational::tests::milestoning::latestDate::testLatestIgnoredForNonMilestonedMappedBiTemporalClasses	default	filter	top-where-pred	select "root".id as "pk_0", "root".id as "id" from OrderTable as "root" left outer join ProductTableNoMilestoning as "producttablenomilestoning_0" on ("root".pr	exists-material
meta::relational::tests::milestoning::latestDate::testLatestIgnoredForNonMilestonedMappedBiTemporalClassesWithProject	default	project	plain-join	select "producttablenomilestoning_0".type as "productType" from OrderTable as "root" left outer join ProductTableNoMilestoning as "producttablenomilestoning_0" 	exists-material
meta::relational::tests::milestoning::latestDate::testLatestIgnoredForNonMilestonedMappedBiTemporalClassesWithProject	default	project	plain-join	select "producttablenomilestoning_0".type as "type" from OrderTable as "root" left outer join ProductTableNoMilestoning as "producttablenomilestoning_0" on ("ro	exists-material
meta::relational::tests::milestoning::latestDate::testLatestIgnoredForNonMilestonedMappedClasses	default	filter	top-where-pred	select "root".id as "pk_0", "root".id as "id" from OrderTable as "root" left outer join ProductTableNoMilestoning as "producttablenomilestoning_0" on ("root".pr	correlated-count-reducer|exists-material
meta::relational::tests::milestoning::latestDate::testLatestIgnoredForNonMilestonedMappedClasses	default	filter	top-where-pred	select "root".id as "pk_0", "root".id as "id" from OrderTable as "root" left outer join ProductTableNoMilestoning as "producttablenomilestoning_0" on ("root".pr	correlated-count-reducer|exists-material
meta::relational::tests::milestoning::latestDate::testMilestoningQueryWithMilestoneFilterAndDifferentDatesOnTypeWithLatestDateOnProperty	default	filter	on-clause-literal-pred+top-where-pred	select "root".id as "pk_0", "root".name as "pk_1", "root".id as "id", "root".name as "name", "root".type as "type", "productdescriptiontable_0".description as "	exists-material
meta::relational::tests::milestoning::latestDate::testMilestoningQueryWithMilestoneFilterAndDifferentDatesOnTypeWithLatestDateOnProperty	default	filter	top-where-pred	select "root".id as "pk_0", "root".name as "pk_1", "root".id as "id", "root".name as "name", "root".type as "type", "productdescriptiontable_0".description as "	exists-material
meta::relational::tests::milestoning::latestDate::testNonMilestoningQueryWithLatestMilestoneFilterSimple	default	filter	filtered-subselect-join+top-where-pred	select "root".id as "pk_0", "root".id as "id", "root".orderDate as "orderDate" from OrderTable as "root" left outer join (select distinct "producttable_1".id fr	exists-join-form-dedup|exists-material
meta::relational::tests::milestoning::latestDate::testNonMilestoningQueryWithLatestMilestoneFilterSimple	default	filter	filtered-subselect-join+top-where-pred	select "root".id as "pk_0", "root".id as "id", "root".orderDate as "orderDate" from OrderTable as "root" left outer join (select distinct "producttable_1".id fr	exists-join-form-dedup|exists-material
meta::relational::tests::milestoning::otherwise::testAssoWithOtherwise	default	project	on-clause-literal-pred+top-where-pred	select "productclassificationtable_0".type_description as "ok" from ProductTable as "root" left outer join ProductClassificationTable as "productclassificationt	exists-material
meta::relational::tests::milestoning::otherwise::testAssoWithOtherwise	default	project	on-clause-literal-pred+top-where-pred	select "productclassificationtable_0".type_description as "ok" from ProductTable as "root" left outer join ProductClassificationTable as "productclassificationt	exists-material
meta::relational::tests::milestoning::otherwise::testAssoWithOtherwiseDeep	default	project	filtered-subselect-join+on-clause-literal-pred+top-where-pred	select "productexchangetable_0".name as "ok" from ProductTable as "root" left outer join ProductClassificationTable as "productclassificationtable_0" on ("root"	exists-material
meta::relational::tests::milestoning::otherwise::testAssoWithOtherwiseDeep	default	project	filtered-subselect-join+on-clause-literal-pred+top-where-pred	select "productexchangetable_0".name as "ok" from ProductTable as "root" left outer join ProductClassificationTable as "productclassificationtable_0" on ("root"	exists-material
meta::relational::tests::milestoning::processingDate::testProcessingTemporalAllQuery	default	map	single-table	select "root".kerberos as "pk_0", "root".kerberos as "kerberos", '2015-10-16' as "k_processingDate" from TraderTable as "root" where "root".in_z <= '2015-10-16'	correlated-count-reducer
meta::relational::tests::milestoning::processingDate::testProcessingTemporalAllQuery	default	map	single-table	select "root".kerberos as "pk_0", "root".kerberos as "kerberos", '2015-10-16' as "k_processingDate" from TraderTable as "root" where "root".in_z <= DATE'2015-10	correlated-count-reducer
meta::relational::tests::milestoning::processingDate::testProcessingTemporalPropertyPropagationInQuery	default	filter	exists-predicate	select "root".kerberos as "pk_0", "root".kerberos as "kerberos", '2015-10-16' as "k_processingDate" from TraderTable as "root" where exists(select 1 from Certif	exists-join-form-dedup|exists-material
meta::relational::tests::milestoning::processingDate::testProcessingTemporalPropertyPropagationInQuery	default	filter	exists-predicate	select "root".kerberos as "pk_0", "root".kerberos as "kerberos", '2015-10-16' as "k_processingDate" from TraderTable as "root" where exists (select 1 from Certi	exists-join-form-dedup|exists-material
meta::relational::tests::milestoning::processingDate::testProcessingTemporalPropertyQuery	default	filter	exists-predicate	select "root".kerberos as "pk_0", "root".kerberos as "kerberos", '2015-10-16' as "k_processingDate" from TraderTable as "root" where exists(select 1 from Certif	exists-join-form-dedup|exists-material
meta::relational::tests::milestoning::processingDate::testProcessingTemporalPropertyQuery	default	filter	exists-predicate	select "root".kerberos as "pk_0", "root".kerberos as "kerberos", '2015-10-16' as "k_processingDate" from TraderTable as "root" where exists (select 1 from Certi	exists-join-form-dedup|exists-material
meta::relational::tests::milestoning::processingSnapshot::testDateTimeMilestoningParamPropagation	default	filter+project	top-where-pred	select "productclassificationtablewithprocessingsnapshotmilestoning_0".type as "type" from ProductTableWithProcessingSnapshotMilestoning as "root" left outer jo	exists-material
meta::relational::tests::milestoning::processingSnapshot::testDateTimeMilestoningParamPropagation	default	filter+project	top-where-pred	select "productclassificationtablewithprocessingsnapshotmilestoning_0".type as "type" from ProductTableWithProcessingSnapshotMilestoning as "root" left outer jo	exists-material
meta::relational::tests::milestoning::processingSnapshot::testDateTimeMilestoningParamUnion	default	filter+project	top-where-pred	select "unionalias_1"."ProductClassificationTableWithProcessingSnapshotMilestoningtype_ProductClassificationTableWithProcessingSnapshotMilestoningtype" as "type	exists-material
meta::relational::tests::milestoning::processingSnapshot::testDateTimeMilestoningParamUnion	default	filter+project	top-where-pred	select "unionalias_1"."ProductClassificationTableWithProcessingSnapshotMilestoningtype_ProductClassificationTableWithProcessingSnapshotMilestoningtype" as "type	exists-material
meta::relational::tests::milestoning::processingSnapshot::testDateTimeVariableMilestoningParamPropagation	default	filter+project	top-where-pred	select "productclassificationtablewithprocessingsnapshotmilestoning_0".type as "type" from ProductTableWithProcessingSnapshotMilestoning as "root" left outer jo	exists-material
meta::relational::tests::milestoning::processingSnapshot::testDateTimeVariableMilestoningParamPropagation	default	filter+project	top-where-pred	select "productclassificationtablewithprocessingsnapshotmilestoning_0".type as "type" from ProductTableWithProcessingSnapshotMilestoning as "root" left outer jo	exists-material
meta::relational::tests::milestoning::processingSnapshot::testDateTimeVariableMilestoningParamUnion	default	filter+project	top-where-pred	select "unionalias_1"."ProductClassificationTableWithProcessingSnapshotMilestoningtype_ProductClassificationTableWithProcessingSnapshotMilestoningtype" as "type	exists-material
meta::relational::tests::milestoning::processingSnapshot::testDateTimeVariableMilestoningParamUnion	default	filter+project	top-where-pred	select "unionalias_1"."ProductClassificationTableWithProcessingSnapshotMilestoningtype_ProductClassificationTableWithProcessingSnapshotMilestoningtype" as "type	exists-material
meta::relational::tests::milestoning::processingSnapshot::testProcessingSnapshotRangeQueryOnProperty	default	filter+project	on-clause-literal-pred+top-where-pred	select distinct "productclassificationtablewithprocessingsnapshotmilestoning_0".type as "type" from ProductTableWithProcessingSnapshotMilestoning as "root" left	exists-material
meta::relational::tests::milestoning::processingSnapshot::testProcessingSnapshotRangeQueryOnProperty	default	filter+project	top-where-pred	select distinct "productclassificationtablewithprocessingsnapshotmilestoning_0".type as "type" from ProductTableWithProcessingSnapshotMilestoning as "root" left	exists-material
meta::relational::tests::milestoning::processingSnapshot::testQueryOnNonTemporalRootWithTemporalProperty	default	filter+project	on-clause-literal-pred+top-where-pred	select "producttablewithprocessingsnapshotmilestoning_0".id as "id" from OrderTable as "root" left outer join ProductTableWithProcessingSnapshotMilestoning as "	exists-material
meta::relational::tests::milestoning::processingSnapshot::testQueryOnNonTemporalRootWithTemporalProperty	default	filter+project	top-where-pred	select "producttablewithprocessingsnapshotmilestoning_0".id as "id" from OrderTable as "root" left outer join ProductTableWithProcessingSnapshotMilestoning as "	exists-material
meta::relational::tests::milestoning::processingSnapshot::testQueryWithPropagationOnNonTemporalRootWithTemporalProperty	default	filter+project	filtered-subselect-join+on-clause-literal-pred+top-where-pred	select "productclassificationtablewithprocessingsnapshotmilestoning_1".type as "type" from OrderTable as "root" left outer join ProductTableWithProcessingSnapsh	exists-material
meta::relational::tests::milestoning::processingSnapshot::testQueryWithPropagationOnNonTemporalRootWithTemporalProperty	default	filter+project	filtered-subselect-join+top-where-pred	select "productclassificationtablewithprocessingsnapshotmilestoning_1".type as "type" from OrderTable as "root" left outer join ProductTableWithProcessingSnapsh	exists-material
meta::relational::tests::milestoning::processingSnapshot::testQueryWithPropagationOnTemporalRoot	default	filter+project	on-clause-literal-pred+top-where-pred	select "productclassificationtablewithprocessingsnapshotmilestoning_0".type as "type" from ProductTableWithProcessingSnapshotMilestoning as "root" left outer jo	exists-material
meta::relational::tests::milestoning::processingSnapshot::testQueryWithPropagationOnTemporalRoot	default	filter+project	top-where-pred	select "productclassificationtablewithprocessingsnapshotmilestoning_0".type as "type" from ProductTableWithProcessingSnapshotMilestoning as "root" left outer jo	exists-material
meta::relational::tests::milestoning::processingSnapshot::testUnionQueryOnNonTemporalRootWithTemporalProperty	default	filter+project	filtered-subselect-join+on-clause-literal-pred+top-where-pred	select "unionalias_1"."ProductTableWithProcessingSnapshotMilestoningid_ProductTableWithProcessingSnapshotMilestoningid" as "id" from (select "root".prodFk as pr	exists-material
meta::relational::tests::milestoning::processingSnapshot::testUnionQueryOnNonTemporalRootWithTemporalProperty	default	filter+project	filtered-subselect-join+top-where-pred	select "unionalias_1"."ProductTableWithProcessingSnapshotMilestoningid_ProductTableWithProcessingSnapshotMilestoningid" as "id" from (select "root".prodFk as pr	exists-material
meta::relational::tests::milestoning::processingSnapshot::testUnionQueryWithPropagationOnNonTemporalRootWithTemporalProperty	default	filter+project	filtered-subselect-join+on-clause-literal-pred+top-where-pred	select "unionalias_3"."ProductClassificationTableWithProcessingSnapshotMilestoningtype_ProductClassificationTableWithProcessingSnapshotMilestoningtype" as "type	exists-material
meta::relational::tests::milestoning::processingSnapshot::testUnionQueryWithPropagationOnNonTemporalRootWithTemporalProperty	default	filter+project	filtered-subselect-join+top-where-pred	select "unionalias_3"."ProductClassificationTableWithProcessingSnapshotMilestoningtype_ProductClassificationTableWithProcessingSnapshotMilestoningtype" as "type	exists-material
meta::relational::tests::milestoning::processingSnapshot::testUnionQueryWithPropagationOnTemporalRoot	default	filter+project	filtered-subselect-join+on-clause-literal-pred+top-where-pred	select "unionalias_1"."ProductClassificationTableWithProcessingSnapshotMilestoningtype_ProductClassificationTableWithProcessingSnapshotMilestoningtype" as "type	exists-material
meta::relational::tests::milestoning::processingSnapshot::testUnionQueryWithPropagationOnTemporalRoot	default	filter+project	filtered-subselect-join+top-where-pred	select "unionalias_1"."ProductClassificationTableWithProcessingSnapshotMilestoningtype_ProductClassificationTableWithProcessingSnapshotMilestoningtype" as "type	exists-material
meta::relational::tests::milestoning::qualifier::testPlanFilterWithMilestoning	default	filter	on-clause-literal-pred+top-where-pred	select "root".id as "pk_0", "root".name as "pk_1", "root".id as "id", "root".name as "name", "root".type as "type", "productdescriptiontable_0".description as "	correlated-count-reducer|exists-material
meta::relational::tests::milestoning::qualifier::testPlanFilterWithMilestoning	default	filter	top-where-pred	select "root".id as "pk_0", "root".name as "pk_1", "root".id as "id", "root".name as "name", "root".type as "type", "productdescriptiontable_0".description as "	correlated-count-reducer|exists-material
meta::relational::tests::milestoning::qualifier::testProjectWithMilestoning	default	project	on-clause-literal-pred+top-where-pred	select "productclassificationtable_0".type = 'STOCK' as "c1" from ProductTable as "root" left outer join ProductClassificationTable as "productclassificationtab	exists-material
meta::relational::tests::milestoning::qualifier::testProjectWithMilestoning	default	project	top-where-pred	select "productclassificationtable_0".type = 'STOCK' as "c1" from ProductTable as "root" left outer join ProductClassificationTable as "productclassificationtab	exists-material
meta::relational::tests::milestoning::rangeQuery::testBuisnessSnapshotRangeQueryOnRootAndProperty	default	filter+project	on-clause-literal-pred+top-where-pred	select distinct "productclassificationtablewithbusinesssnapshotmilestoning_0".type as "type" from ProductTableWithBusinessSnapshotMilestoning as "root" left out	exists-material
meta::relational::tests::milestoning::rangeQuery::testBuisnessSnapshotRangeQueryOnRootAndProperty	default	filter+project	top-where-pred	select distinct "productclassificationtablewithbusinesssnapshotmilestoning_0".type as "type" from ProductTableWithBusinessSnapshotMilestoning as "root" left out	exists-material
meta::relational::tests::milestoning::rangeQuery::testBusinessTemporalRangeQueryOnProperty	default	filter+project	on-clause-literal-pred+top-where-pred	select distinct "productclassificationtable_0".type as "type", "root".from_z as "from", "root".thru_z as "thru" from ProductTable as "root" left outer join Prod	exists-material
meta::relational::tests::milestoning::rangeQuery::testBusinessTemporalRangeQueryOnProperty	default	filter+project	top-where-pred	select distinct "productclassificationtable_0".type as "type", "root".from_z as "from", "root".thru_z as "thru" from ProductTable as "root" left outer join Prod	exists-material
meta::relational::tests::milestoning::rangeQuery::testBusinessTemporalRangeQueryOnPropertyDeep	default	filter+project	filtered-subselect-join+on-clause-literal-pred+top-where-pred	select distinct "productexchangetable_1".name as "name", "root".from_z as "from", "root".thru_z as "thru" from ProductTable as "root" left outer join ProductCla	exists-material
meta::relational::tests::milestoning::rangeQuery::testBusinessTemporalRangeQueryOnPropertyDeep	default	filter+project	filtered-subselect-join+top-where-pred	select distinct "productexchangetable_1".name as "name", "root".from_z as "from", "root".thru_z as "thru" from ProductTable as "root" left outer join ProductCla	exists-material
meta::relational::tests::milestoning::rangeQuery::testBusinessTemporalRangeQueryOnRootAndProperty	default	filter+project	on-clause-literal-pred+top-where-pred	select distinct "productclassificationtable_0".type as "type", "root".from_z as "from", "root".thru_z as "thru" from ProductTable as "root" left outer join Prod	exists-material
meta::relational::tests::milestoning::rangeQuery::testBusinessTemporalRangeQueryOnRootAndProperty	default	filter+project	top-where-pred	select distinct "productclassificationtable_0".type as "type", "root".from_z as "from", "root".thru_z as "thru" from ProductTable as "root" left outer join Prod	exists-material
meta::relational::tests::milestoning::rangeQuery::testBusinessTemporalRangeQueryOnRootAndPropertyDeep	default	filter+project	filtered-subselect-join+on-clause-literal-pred+top-where-pred	select distinct "productexchangetable_1".name as "name", "root".from_z as "from", "root".thru_z as "thru" from ProductTable as "root" left outer join ProductCla	exists-material
meta::relational::tests::milestoning::rangeQuery::testBusinessTemporalRangeQueryOnRootAndPropertyDeep	default	filter+project	filtered-subselect-join+top-where-pred	select distinct "productexchangetable_1".name as "name", "root".from_z as "from", "root".thru_z as "thru" from ProductTable as "root" left outer join ProductCla	exists-material
meta::relational::tests::milestoning::rangeQuery::testBusinessTemporalRangeQueryOnRootWithSubsequentCallToMilestonedQualifiedPropertyWithFunction	default	project	on-clause-literal-pred+top-where-pred	select distinct "tradertable_0".kerberos as "kerberos" from CertificationTable as "root" left outer join TraderTable as "tradertable_0" on ("tradertable_0".kerb	exists-material
meta::relational::tests::milestoning::rangeQuery::testBusinessTemporalRangeQueryOnRootWithSubsequentCallToMilestonedQualifiedPropertyWithFunction	default	project	top-where-pred	select distinct "tradertable_0".kerberos as "kerberos" from CertificationTable as "root" left outer join TraderTable as "tradertable_0" on ("tradertable_0".kerb	exists-material
meta::relational::tests::milestoning::rangeQuery::testBusinessTemporalRangeQueryOnRootWithSubsequentCallToMilestonedQualifiedPropertyWithThisBusinessDate	default	project	top-where-pred	select distinct "productclassificationtable_0".type as "classificationType" from ProductTable as "root" left outer join ProductClassificationTable as "productcl	exists-material
meta::relational::tests::milestoning::rangeQuery::testBusinessTemporalRangeQueryOnRootWithSubsequentCallToMilestonedQualifiedPropertyWithThisBusinessDate	default	project	top-where-pred	select distinct "productclassificationtable_0".type as "classificationType" from ProductTable as "root" left outer join ProductClassificationTable as "productcl	exists-material
meta::relational::tests::milestoning::rangeQuery::testProcessingSnapshotRangeQueryOnRootAndProperty	default	filter+project	on-clause-literal-pred+top-where-pred	select distinct "productclassificationtablewithprocessingsnapshotmilestoning_0".type as "type" from ProductTableWithProcessingSnapshotMilestoning as "root" left	exists-material
meta::relational::tests::milestoning::rangeQuery::testProcessingSnapshotRangeQueryOnRootAndProperty	default	filter+project	top-where-pred	select distinct "productclassificationtablewithprocessingsnapshotmilestoning_0".type as "type" from ProductTableWithProcessingSnapshotMilestoning as "root" left	exists-material
meta::relational::tests::milestoning::rangeQuery::testProcessingTemporalRangeQueryOnProperty	default	filter+project	on-clause-literal-pred+top-where-pred	select distinct "tradertable_0".kerberos as "kerberos", "root".in_z as "in", "root".out_z as "out" from CertificationTable as "root" left outer join TraderTable	exists-material
meta::relational::tests::milestoning::rangeQuery::testProcessingTemporalRangeQueryOnProperty	default	filter+project	top-where-pred	select distinct "tradertable_0".kerberos as "kerberos", "root".in_z as "in", "root".out_z as "out" from CertificationTable as "root" left outer join TraderTable	exists-material
meta::relational::tests::milestoning::rangeQuery::testProcessingTemporalRangeQueryOnRootAndProperty	default	filter+project	on-clause-literal-pred+top-where-pred	select distinct "tradertable_0".kerberos as "kerberos", "root".in_z as "in", "root".out_z as "out" from CertificationTable as "root" left outer join TraderTable	exists-material
meta::relational::tests::milestoning::rangeQuery::testProcessingTemporalRangeQueryOnRootAndProperty	default	filter+project	top-where-pred	select distinct "tradertable_0".kerberos as "kerberos", "root".in_z as "in", "root".out_z as "out" from CertificationTable as "root" left outer join TraderTable	exists-material
meta::relational::tests::milestoning::snapshot::testBuisnessSnapshotRangeQueryOnProperty	default	filter+project	on-clause-literal-pred+top-where-pred	select distinct "productclassificationtablewithbusinesssnapshotmilestoning_0".type as "type" from ProductTableWithBusinessSnapshotMilestoning as "root" left out	exists-material
meta::relational::tests::milestoning::snapshot::testBuisnessSnapshotRangeQueryOnProperty	default	filter+project	top-where-pred	select distinct "productclassificationtablewithbusinesssnapshotmilestoning_0".type as "type" from ProductTableWithBusinessSnapshotMilestoning as "root" left out	exists-material
meta::relational::tests::milestoning::snapshot::testDateTimeMilestoningParamPropagation	default	filter+project	top-where-pred	select "productclassificationtablewithbusinesssnapshotmilestoning_0".type as "type" from ProductTableWithBusinessSnapshotMilestoning as "root" left outer join P	exists-material
meta::relational::tests::milestoning::snapshot::testDateTimeMilestoningParamPropagation	default	filter+project	top-where-pred	select "productclassificationtablewithbusinesssnapshotmilestoning_0".type as "type" from ProductTableWithBusinessSnapshotMilestoning as "root" left outer join P	exists-material
meta::relational::tests::milestoning::snapshot::testDateTimeMilestoningParamUnion	default	filter+project	top-where-pred	select "unionalias_1"."ProductClassificationTableWithBusinessSnapshotMilestoningtype_ProductClassificationTableWithBusinessSnapshotMilestoningtype" as "type" fr	exists-material
meta::relational::tests::milestoning::snapshot::testDateTimeMilestoningParamUnion	default	filter+project	top-where-pred	select "unionalias_1"."ProductClassificationTableWithBusinessSnapshotMilestoningtype_ProductClassificationTableWithBusinessSnapshotMilestoningtype" as "type" fr	exists-material
meta::relational::tests::milestoning::snapshot::testDateTimeVariableMilestoningParamPropagation	default	filter+project	top-where-pred	select "productclassificationtablewithbusinesssnapshotmilestoning_0".type as "type" from ProductTableWithBusinessSnapshotMilestoning as "root" left outer join P	exists-material
meta::relational::tests::milestoning::snapshot::testDateTimeVariableMilestoningParamPropagation	default	filter+project	top-where-pred	select "productclassificationtablewithbusinesssnapshotmilestoning_0".type as "type" from ProductTableWithBusinessSnapshotMilestoning as "root" left outer join P	exists-material
meta::relational::tests::milestoning::snapshot::testDateTimeVariableMilestoningParamUnion	default	filter+project	top-where-pred	select "unionalias_1"."ProductClassificationTableWithBusinessSnapshotMilestoningtype_ProductClassificationTableWithBusinessSnapshotMilestoningtype" as "type" fr	exists-material
meta::relational::tests::milestoning::snapshot::testDateTimeVariableMilestoningParamUnion	default	filter+project	top-where-pred	select "unionalias_1"."ProductClassificationTableWithBusinessSnapshotMilestoningtype_ProductClassificationTableWithBusinessSnapshotMilestoningtype" as "type" fr	exists-material
meta::relational::tests::milestoning::snapshot::testQueryOnNonTemporalRootWithTemporalProperty	default	filter+project	on-clause-literal-pred+top-where-pred	select "producttablewithbusinesssnapshotmilestoning_0".id as "id" from OrderTable as "root" left outer join ProductTableWithBusinessSnapshotMilestoning as "prod	exists-material
meta::relational::tests::milestoning::snapshot::testQueryOnNonTemporalRootWithTemporalProperty	default	filter+project	top-where-pred	select "producttablewithbusinesssnapshotmilestoning_0".id as "id" from OrderTable as "root" left outer join ProductTableWithBusinessSnapshotMilestoning as "prod	exists-material
meta::relational::tests::milestoning::snapshot::testQueryWithPropagationOnNonTemporalRootWithTemporalProperty	default	filter+project	filtered-subselect-join+on-clause-literal-pred+top-where-pred	select "productclassificationtablewithbusinesssnapshotmilestoning_1".type as "type" from OrderTable as "root" left outer join ProductTableWithBusinessSnapshotMi	exists-material
meta::relational::tests::milestoning::snapshot::testQueryWithPropagationOnNonTemporalRootWithTemporalProperty	default	filter+project	filtered-subselect-join+top-where-pred	select "productclassificationtablewithbusinesssnapshotmilestoning_1".type as "type" from OrderTable as "root" left outer join ProductTableWithBusinessSnapshotMi	exists-material
meta::relational::tests::milestoning::snapshot::testQueryWithPropagationOnTemporalRoot	default	filter+project	on-clause-literal-pred+top-where-pred	select "productclassificationtablewithbusinesssnapshotmilestoning_0".type as "type" from ProductTableWithBusinessSnapshotMilestoning as "root" left outer join P	exists-material
meta::relational::tests::milestoning::snapshot::testQueryWithPropagationOnTemporalRoot	default	filter+project	top-where-pred	select "productclassificationtablewithbusinesssnapshotmilestoning_0".type as "type" from ProductTableWithBusinessSnapshotMilestoning as "root" left outer join P	exists-material
meta::relational::tests::milestoning::snapshot::testUnionQueryOnNonTemporalRootWithTemporalProperty	default	filter+project	filtered-subselect-join+on-clause-literal-pred+top-where-pred	select "unionalias_1"."ProductTableWithBusinessSnapshotMilestoningid_ProductTableWithBusinessSnapshotMilestoningid" as "id" from (select "root".prodFk as prodFk	exists-material
meta::relational::tests::milestoning::snapshot::testUnionQueryOnNonTemporalRootWithTemporalProperty	default	filter+project	filtered-subselect-join+top-where-pred	select "unionalias_1"."ProductTableWithBusinessSnapshotMilestoningid_ProductTableWithBusinessSnapshotMilestoningid" as "id" from (select "root".prodFk as prodFk	exists-material
meta::relational::tests::milestoning::snapshot::testUnionQueryWithPropagationOnNonTemporalRootWithTemporalProperty	default	filter+project	filtered-subselect-join+on-clause-literal-pred+top-where-pred	select "unionalias_3"."ProductClassificationTableWithBusinessSnapshotMilestoningtype_ProductClassificationTableWithBusinessSnapshotMilestoningtype" as "type" fr	exists-material
meta::relational::tests::milestoning::snapshot::testUnionQueryWithPropagationOnNonTemporalRootWithTemporalProperty	default	filter+project	filtered-subselect-join+top-where-pred	select "unionalias_3"."ProductClassificationTableWithBusinessSnapshotMilestoningtype_ProductClassificationTableWithBusinessSnapshotMilestoningtype" as "type" fr	exists-material
meta::relational::tests::milestoning::snapshot::testUnionQueryWithPropagationOnTemporalRoot	default	filter+project	filtered-subselect-join+on-clause-literal-pred+top-where-pred	select "unionalias_1"."ProductClassificationTableWithBusinessSnapshotMilestoningtype_ProductClassificationTableWithBusinessSnapshotMilestoningtype" as "type" fr	exists-material
meta::relational::tests::milestoning::snapshot::testUnionQueryWithPropagationOnTemporalRoot	default	filter+project	filtered-subselect-join+top-where-pred	select "unionalias_1"."ProductClassificationTableWithBusinessSnapshotMilestoningtype_ProductClassificationTableWithBusinessSnapshotMilestoningtype" as "type" fr	exists-material
meta::relational::tests::milestoning::union::testHybridMilestoningUnionOperationWithNonTemporalRoot	default	filter	filtered-subselect-join+top-where-pred	select "unionBase".u_type as u_type, "unionBase"."pk_0_0" as "pk_0_0", "unionBase"."pk_0_1" as "pk_0_1", "unionBase"."pk_0_2" as "pk_0_2", "unionBase"."pk_0_3" 	exists-material
meta::relational::tests::milestoning::union::testMilestoningWithUnionOnView	default	project	no-sql-golden		exists-material
meta::relational::tests::milestoning::union::testMilestoningWithUnionOnViewWithAllVersions	default	project	no-sql-golden		exists-material
meta::relational::tests::milestoning::union::testPlanHybridMilestoningUnionOperationWithNonTemporalRootWithPropagation	default	other	no-sql-golden		exists-material
meta::relational::tests::milestoning::union::testPlanHybridMilestoningUnionOperationWithTemporalRootWithPropagation	default	other	no-sql-golden		exists-material
meta::relational::tests::postProcessor::filterPushDown::testPushFiltersDownIntoSubQuery	default	filter+project	grouped-subselect-join+top-where-pred	select "tradetable_0"."TradeID" as "TradeID", "tradetable_0"."TradeDate" as "TradeDate", "tradetable_0"."Quantity" as "Quantity", "tradetable_0"."Product" as "P	exists-material
meta::relational::tests::postProcessor::filterPushDown::testPushFiltersDownIntoSubQueryWithGroupByGroupingAndAggregateColumnsFilter	default	filter+groupBy	top-where-pred	select "tradetable_0"."TradeDate" as "TradeDate", "tradetable_0"."Product" as "Product", "tradetable_0"."TradeCount" as "TradeCount", "tradetable_0"."QtySum" as	exists-material
meta::relational::tests::postProcessor::filterPushDown::testPushFiltersDownIntoSubQueryWithGroupByGroupingColumnsFilter	default	filter+groupBy	top-where-pred	select "tradetable_0"."TradeDate" as "TradeDate", "tradetable_0"."Product" as "Product", "tradetable_0"."TradeCount" as "TradeCount", "tradetable_0"."QtySum" as	exists-material
meta::relational::tests::postProcessor::filterPushDown::testPushFiltersDownIntoSubQueryWithTDSJoin	default	filter+project	filtered-subselect-join+top-where-pred	select "tradetable_0"."TradeID" as "TradeID", "tradetable_0"."TradeDate" as "TradeDate", "tradetable_0"."ProductName" as "ProductName" from (select "tradetable_	exists-material
meta::relational::tests::postProcessor::filterPushDown::testPushFiltersDownIntoSubQueryWithTDSJoinPartial	default	filter+project	filtered-subselect-join+on-clause-literal-pred+top-where-pred	select "tradetable_0"."TradeID" as "TradeID", "tradetable_0"."ProductName" as "ProductName", "tradetable_0"."CUSIP" as "CUSIP" from (select "tradetable_1"."Trad	exists-material
meta::relational::tests::postProcessor::filterPushDown::testPushFiltersDownToJoinsPostProcessorMultipleChildren	default	filter+project	grouped-subselect-join+top-where-pred	select "root".ID as "TradeID", "root".quantity as "Quantity", "tradeeventviewmaxtradeeventdate_0".maxTradeEventDate as "LastEventDate", "persontable_0".FIRSTNAM	exists-material
meta::relational::tests::postProcessor::testReplaceTablePostProcessorWithExists	default	filter	filtered-subselect-join+top-where-pred	select "root".ID as "pk_0", "root".LEGALNAME as "legalName" from firmTable as "root" left outer join (select distinct "persontable_1".FIRMID from differentPerso	exists-join-form-dedup|exists-material
meta::relational::tests::postProcessor::testReplaceTablePostProcessorWithView	default	filter	filtered-subselect-join+top-where-pred	select "root".ID as "pk_0", "root".ID as "id", "root".quantity as "quantity", "root".orderDate as "date", "root".settlementDateTime as "settlementDateTime" from	exists-join-form-dedup|exists-material
meta::relational::tests::postProcessor::testReplaceTablesPostProcessor	default	project	plain-join	select "root".LEGALNAME as "firm", "persontable_0".FIRSTNAME as "employee" from otherFirmTable as "root" left outer join differentPersonTable as "persontable_0"	exists-material
meta::relational::tests::postProcessor::testSQLRealiasCaseSensitiveTableNames	default	project	plain-join	select "personset_0".firstName as "firstName", "personset_1".age as "age" from schemaA.firmSet as "root" left outer join schemaA.personset as "personset_0" on (	exists-material
meta::relational::tests::postProcessor::testSqlRealiasFreeMarker	default	filter+map+project	on-clause-literal-pred+top-where-pred	select distinct "producttable_0".NAME as "id" from tradeTable as "root" left outer join productSchema.productTable as "producttable_0" on ("root".prodId = "prod	exists-material
meta::relational::tests::postProcessor::testSqlRealiasJoin	default	filter+project	grouped-subselect-join+top-where-pred	select "root".ID as "TradeID", "root".quantity as "Quantity", "tradeeventviewmaxtradeeventdate_0".maxTradeEventDate as "LastEventDate", "persontable_0".FIRSTNAM	exists-material
meta::relational::tests::postProcessor::testSqlRealiasViews	default	map	plain-join	select "root".accountId as "pk_0", "root".orderPnl as "pnl" from (select "root".accountID as accountId, sum("orderpnltable_0".pnl) as orderPnl from orderTable a	exists-material
meta::relational::tests::postProcessor::testToSqlStringReplaceTablesPostProcessor	default	project	plain-join	select "root".LEGALNAME as "firm", "persontable_0".FIRSTNAME as "employee" from otherFirmTable as "root" left outer join differentPersonTable as "persontable_0"	exists-material
meta::relational::tests::projection::aggregation::testSubAggregationWithDeepAndOverlap	default	map+project	grouped-subselect-join	select "root".LEGALNAME as "a", "persontable_0".LASTNAME as "b", 2 + "persontable_1".aggCol as "c" from firmTable as "root" left outer join personTable as "pers	exists-material
meta::relational::tests::projection::association::mixed::testAssociationMixed	default	filter+project	no-sql-golden		correlated-count-reducer|exists-join-form-dedup|exists-material
meta::relational::tests::projection::association::mixed::testAssociationMixedAdvanced	default	filter+map+project	filtered-subselect-join+top-where-pred	select concat("root".FIRSTNAME, ' ', "root".LASTNAME) as "name", "root".FIRSTNAME as "firstName", "firmtable_0".LEGALNAME as "legalName" from personTable as "ro	exists-join-form-dedup|exists-material
meta::relational::tests::projection::association::toMany::testAssociationToMany	default	map+project	plain-join	select "root".FIRSTNAME as "firstName", "locationtable_0".PLACE as "place" from personTable as "root" left outer join locationTable as "locationtable_0" on ("ro	exists-material
meta::relational::tests::projection::association::toMany::testAssociationToManyColumnProtocol	default	map+project	plain-join	select "root".FIRSTNAME as "firstName", "locationtable_0".PLACE as "place" from personTable as "root" left outer join locationTable as "locationtable_0" on ("ro	exists-material
meta::relational::tests::projection::association::toMany::testAssociationToManyColumnProtocolWithDoc	default	map+project	plain-join	select "root".FIRSTNAME as "firstName", "locationtable_0".PLACE as "place" from personTable as "root" left outer join locationTable as "locationtable_0" on ("ro	exists-material
meta::relational::tests::projection::association::toMany::testAssociationToManyDeepTwo	default	map+project	plain-join	select "root".LEGALNAME as "legalName", "persontable_0".FIRSTNAME as "firstName", "persontable_0".LASTNAME as "lastName", "addresstable_0".NAME as "name", "addr	exists-material
meta::relational::tests::projection::association::toMany::testAssociationToManyWithQuery	default	filter+map+project	filtered-subselect-join+top-where-pred	select "root".FIRSTNAME as "firstName", "locationtable_2".PLACE as "place" from personTable as "root" left outer join (select distinct "locationtable_1".PERSONI	correlated-count-reducer|exists-join-form-dedup|exists-material
meta::relational::tests::projection::association::toOne::testAssociationToOne	default	map+project	plain-join	select "root".FIRSTNAME as "firstName", "firmtable_0".LEGALNAME as "legalName" from personTable as "root" left outer join firmTable as "firmtable_0" on ("firmta	exists-material
meta::relational::tests::projection::association::toOne::testAssociationToOneWithQuery	default	filter+map+project	top-where-pred	select "root".FIRSTNAME as "firstName", "firmtable_0".LEGALNAME as "legalName" from personTable as "root" left outer join firmTable as "firmtable_0" on ("firmta	exists-material
meta::relational::tests::projection::association::toOne::testTwoAssociationsToOneBranchWithQuery	default	filter+project	top-where-pred	select "root".LASTNAME as "lastName", "firmtable_0".LEGALNAME as "legalName", "addresstable_0".NAME as "name" from personTable as "root" left outer join firmTab	exists-material
meta::relational::tests::projection::enumeration::testFilterWithEnumQualifierParameter	default	filter+project	no-sql-golden		exists-join-form-dedup|exists-material
meta::relational::tests::projection::enumeration::testProjectWithIfWhereBothSidesUseTheSameEnumMapping	default	project	no-sql-golden		exists-material
meta::relational::tests::projection::enumeration::testProjectWithIfWhereOneSideIsEnumLiteral	default	project	no-sql-golden		exists-material
meta::relational::tests::projection::enumeration::testProjectionWithEnumQualifierParameter	default	project	no-sql-golden		exists-material
meta::relational::tests::projection::enumeration::testProjectionWithEnumThroughAssociation	default	map+project	no-sql-golden		exists-material
meta::relational::tests::projection::exists::testExistsAsQualifier	default	map+project	filtered-subselect-join+top-where-pred	select "dep_0".mainId is not null as "prop" from main as "root" left outer join (select distinct "dep_1".mainId from dep as "dep_1" where "dep_1".name = 'name2'	exists-material
meta::relational::tests::projection::exists::testExistsAsQualifierWithFilter	default	map+project	filtered-subselect-join+top-where-pred	select "dep_0".mainId is not null as "prop" from main as "root" left outer join (select distinct "dep_1".mainId from dep as "dep_1" where "dep_1".otherFilter = 	exists-material
meta::relational::tests::projection::exists::testExistsAsQualifierWithFilterAndWrongJoin	default	map+project	filtered-subselect-join+on-clause-literal-pred+top-where-pred	select "dep_0".otherFilter is not null and "dep_0".mainId is not null as "prop" from main as "root" left outer join (select distinct "dep_1".mainId, "dep_1".oth	exists-material
meta::relational::tests::projection::exists::testSimpleExists	default	map+project	exists-predicate+top-where-pred	select concat("root".FIRSTNAME, ' ', "root".LASTNAME) as "a", exists (select 1 from (select "addresstable_0".ID as ID, null as ADDRESSID, "addresstable_0".NAME 	exists-material
meta::relational::tests::projection::filter::in::testDeepContains	default	filter+map+project	top-where-pred	select "root".LASTNAME as "lastName" from personTable as "root" left outer join firmTable as "firmtable_0" on ("firmtable_0".ID = "root".FIRMID) left outer join	exists-material
meta::relational::tests::projection::filter::in::testDeepContainsWithMultipleProject	default	filter+map+project	top-where-pred	select "root".LASTNAME as "lastName", "root".FIRSTNAME as "firstName" from personTable as "root" left outer join firmTable as "firmtable_0" on ("firmtable_0".ID	exists-material
meta::relational::tests::projection::filter::in::testDeepIn	default	filter+map+project	top-where-pred	select "root".LASTNAME as "lastName" from personTable as "root" left outer join firmTable as "firmtable_0" on ("firmtable_0".ID = "root".FIRMID) left outer join	exists-material
meta::relational::tests::projection::filter::in::testDeepInWithMultipleProject	default	filter+map+project	top-where-pred	select "root".LASTNAME as "lastName", "root".FIRSTNAME as "firstName" from personTable as "root" left outer join firmTable as "firmtable_0" on ("firmtable_0".ID	exists-material
meta::relational::tests::projection::filter::in::testQualifierWithInThroughJoin	default	filter+project	top-where-pred	select "accounttable_0".name as "name", case when "accounttable_0".name in ('Account 1', 'Account 2') then 'A' else 'B' end as "cat" from tradeTable as "root" l	exists-material
meta::relational::tests::projection::filter::isolation::testIsolationOfFiltersWithoutAlias	default	map+project	on-clause-literal-pred	select "addresstable_0".NAME as "address", "persontable_0".FIRSTNAME as "employeeFirstName" from firmTable as "root" left outer join personTable as "persontable	exists-material
meta::relational::tests::projection::filter::isolation::testIsolationOfFiltersWithoutAlias	default	map+project	on-clause-literal-pred	select "addresstable_0".NAME as "address", "persontable_0".FIRSTNAME as "employeeFirstName" from firmTable as "root" left outer join personTable as "persontable	exists-material
meta::relational::tests::projection::filter::isolation::testIsolationOfFiltersWithoutAlias	default	map+project	on-clause-literal-pred	select "addresstable_0".NAME as "address", "persontable_1".FIRSTNAME as "employeeFirstName" from firmTable as "root" left outer join personTable as "persontable	exists-material
meta::relational::tests::projection::filter::isolation::testIsolationOfVariableNamesAccrossDifferentPaths	default	map+project	filtered-subselect-join+top-where-pred	select case when false then concat("firmtable_1".FIRSTNAME, ' ', "firmtable_1".LASTNAME) else "root".LEGALNAME end as "name" from firmTable as "root" left outer	exists-material
meta::relational::tests::projection::filter::lessThanEqual::testIsolationOfFiltersWithoutAliasWithChainedJoins	default	map+project	filtered-subselect-join+top-where-pred	select "root".ID as "tradeId", "synonymtable_0".NAME as "SynonyName1", "synonymtable_2".NAME as "SynonymName2" from tradeTable as "root" left outer join product	exists-material
meta::relational::tests::projection::filter::testChainedFiltersProject	default	filter+map+project	filtered-subselect-join+on-clause-literal-pred+top-where-pred	select "root".LEGALNAME as "firm", "locationtable_0".PLACE as "targetEmployee" from firmTable as "root" left outer join personTable as "persontable_0" on ("root	exists-material
meta::relational::tests::projection::filter::testChainedFiltersQuery	default	filter	on-clause-literal-pred+top-where-pred	select "root".ID as "pk_0", "root".LEGALNAME as "legalName" from firmTable as "root" left outer join personTable as "persontable_0" on ("root".ID = "persontable	exists-material
meta::relational::tests::projection::filter::testCompressSQLforINFilter	default	filter+project	plain-join	select concat("root".FIRSTNAME, ' ', "root".LASTNAME) as "Name", "locationtable_0".PLACE as "place", "locationtable_0".date as "CD" from personTable as "root" l	exists-material
meta::relational::tests::projection::filter::testCompressSQLforINFilter2	default	filter+project	on-clause-literal-pred	select concat("root".FIRSTNAME, ' ', "root".LASTNAME) as "Name", "locationtable_0".PLACE as "place", "locationtable_1".date as "CD" from personTable as "root" l	exists-material
meta::relational::tests::projection::filter::testFilterAfterJoinInRelation	default	filter+project	no-sql-golden		exists-material
meta::relational::tests::projection::filter::testFilterAfterJoinInRelationWithExtendedPrimitives	default	filter+project	no-sql-golden		exists-material
meta::relational::tests::projection::filter::testSavedRootPropogatedCorrectlyThroughFilter	default	filter+map+project	on-clause-literal-pred	select "root".LEGALNAME as "firm", "persontable_0".FIRSTNAME as "targetEmployee" from firmTable as "root" left outer join personTable as "persontable_0" on ("ro	exists-material
meta::relational::tests::projection::function::concatenate::testConcatenateClass	default	map+project	filtered-subselect-join+top-where-pred	select "root".NAME as "prod", "unionalias_0"."synonymTableNAME" as "syn" from productSchema.productTable as "root" left outer join (select "synonymtable_0".PROD	exists-material
meta::relational::tests::projection::function::concatenate::testConcatenateClassJoin	default	project	filtered-subselect-join+top-where-pred	select "root".ID as "trade", "unionalias_0"."synonymTableNAME" as "syn" from tradeTable as "root" left outer join (select "producttable_0".ID as ID, "synonymtab	exists-material
meta::relational::tests::projection::function::concatenate::testConcatenateClassMerge	default	map+project	filtered-subselect-join+top-where-pred	select "root".NAME as "prod", "unionalias_0"."synonymTableNAME" as "syn", "unionalias_0"."synonymTableTYPE" as "type" from productSchema.productTable as "root" 	exists-material
meta::relational::tests::projection::function::concatenate::testConcatenateInQualifierWithComplexReturnType	default	project	filtered-subselect-join	select concat("root".FIRSTNAME, ' ', "root".LASTNAME) as "name", "unionalias_0"."addressTableNAME" as "address" from personTable as "root" left outer join (sele	exists-material
meta::relational::tests::projection::function::concatenate::testQualifierConcatenateTwoSimilarJoins	default	project	filtered-subselect-join	select "root".ID as "Trade ID", "unionalias_0"."OENAME" as "OE" from CONCATENATE.TRADE as "root" left outer join (select "subaccount_0".ID as ID, "subaccount_0"	exists-material
meta::relational::tests::projection::function::concatenate::testQualifierConcatenateTwoSimilarJoinsEmbedded	default	project	filtered-subselect-join	select "root".ID as "Trade ID", "unionalias_0"."SUBACCOUNTOE_NAME_EXTERNALACCOUNTEA_OE_NAME" as "OE" from CONCATENATE.TRADE as "root" left outer join (select "s	exists-material
meta::relational::tests::projection::function::testSimpleFunctionWithToManyMap	default	map+project	plain-join	select "root".LEGALNAME as "legalName", "persontable_0".LASTNAME as "lastName" from firmTable as "root" left outer join personTable as "persontable_0" on ("root	exists-material
meta::relational::tests::projection::function::testSimpleFunctionWithToOne	default	map+project	plain-join	select "root".LASTNAME as "lastName", "addresstable_0".NAME as "addressName" from personTable as "root" left outer join addressTable as "addresstable_0" on ("ad	exists-material
meta::relational::tests::projection::function::testSimpleFunctionWithTwoToManyMap	default	map+project	plain-join	select "root".LEGALNAME as "legalName", "persontable_0".FIRSTNAME as "firstName", "persontable_0".LASTNAME as "lastName" from firmTable as "root" left outer joi	exists-material
meta::relational::tests::projection::functionvariables::testProjectReferenceInRhsFilterWithConflictingVarNamesViaQualifiedProperty	default	map+project	top-where-pred	select "root".LEGALNAME as "legalName", "firmtable_1".aggCol as "employeeWithFirmAddress", "addresstable_2".NAME as "address" from firmTable as "root" left oute	exists-material
meta::relational::tests::projection::functionvariables::testProjectReferenceInRhsFilterWithDistinctVarNamesViaNonPropertyFunctionExpression	default	filter+map+project	filtered-subselect-join+top-where-pred	select "root".LEGALNAME as "legalName", "firmtable_1".FIRSTNAME as "employeeWithFirmAddress", "addresstable_2".NAME as "address" from firmTable as "root" left o	exists-material
meta::relational::tests::projection::functionvariables::testProjectReferenceInRhsFilterWithDistinctVarNamesViaQualifiedProperty	default	map+project	top-where-pred	select "root".LEGALNAME as "legalName", "firmtable_1".aggCol as "employeeWithFirmAddress", "addresstable_2".NAME as "address" from firmTable as "root" left oute	exists-material
meta::relational::tests::projection::functionvariables::testProjectReferenceInRhsFilterWithPotentiallyConflictingVarNamesViaQualifiedProperty	default	map+project	top-where-pred	select "root".LEGALNAME as "legalName", "firmtable_1".aggCol as "employeeWithFirmAddress", "addresstable_2".NAME as "address" from firmTable as "root" left oute	exists-material
meta::relational::tests::projection::functionvariables::testVariableReferenceInFilterWithSameNameAsThatInParentProject	default	filter+map+project	no-sql-golden		exists-material
meta::relational::tests::projection::functionvariables::testVariableReferenceInMapWithNestedFilter	default	filter+map+project	filtered-subselect-join+top-where-pred	select concat("root".FIRSTNAME, ' ', "root".LASTNAME) as "personName", "persontable_1".NAME as "addressName" from personTable as "root" left outer join (select 	exists-material
meta::relational::tests::projection::functionvariables::testVariableReferenceInMapWithSameNameAsThatInParentProject	default	map+project	plain-join	select concat("root".FIRSTNAME, ' ', "root".LASTNAME) as "personName", "firmtable_0".LEGALNAME as "firmName" from personTable as "root" left outer join firmTabl	exists-material
meta::relational::tests::projection::functionvariables::testVariableReferenceWithNestedFilterMultiple	default	filter+map+project	filtered-subselect-join+top-where-pred	select "root".LASTNAME as "personName", "persontable_1".NAME as "addressName" from personTable as "root" left outer join (select "persontable_2".ID as ID, "addr	exists-material
meta::relational::tests::projection::qualifier::testDerivedWithFiltering	default	map+project	on-clause-literal-pred	select "root".NAME as "name", "synonymtable_0".NAME as "cusip" from productSchema.productTable as "root" left outer join productSchema.synonymTable as "synonymt	exists-material
meta::relational::tests::projection::qualifier::testDerivedWithFilteringTwoProperties	default	map+project	on-clause-literal-pred	select "root".NAME as "name", "synonymtable_0".NAME as "cusip", "synonymtable_1".NAME as "isin" from productSchema.productTable as "root" left outer join produc	exists-material
meta::relational::tests::projection::qualifier::testFilterInQualifierWithFilterInMappingInAggGroupBy	default	groupBy	on-clause-literal-pred	select "root".NAME as "name", count("synonymtable_0".NAME) as "cusip" from productSchema.productTable as "root" left outer join productSchema.synonymTable as "s	exists-material
meta::relational::tests::projection::qualifier::testFilterInQualifierWithFilterInMappingInProjectGroupBy	default	groupBy	on-clause-literal-pred	select "synonymtable_0".NAME as "cusip", count("root".NAME) as "count" from productSchema.productTable as "root" left outer join productSchema.synonymTable as "	exists-material
meta::relational::tests::projection::qualifier::testFilterOnRootTypeWithOrWithFilterInQualifier	default	filter+project	on-clause-literal-pred+top-where-pred	select "root".ID as "id", "accounttable_0".name as "acc" from tradeTable as "root" left outer join tradeEventTable as "tradeeventtable_0" on ("root".ID = "trade	exists-material
meta::relational::tests::projection::qualifier::testNestedIfWithIsEmpty	default	project	filtered-subselect-join+top-where-pred	select case when "tradetable_1".ID is not null then case when "synonymtable_0".NAME is not null then "synonymtable_0".NAME else "producttable_1".NAME end else '	exists-material
meta::relational::tests::projection::qualifier::testNestedIfWithIsEmptyCanReturnNull	default	project	filtered-subselect-join+top-where-pred	select case when "tradetable_1".ID is not null then case when "synonymtable_0".NAME is not null then "synonymtable_0".NAME else "producttable_1".NAME end else n	exists-material
meta::relational::tests::projection::qualifier::testQualifierFunctionConsistencyWithComplexTypeProperty	default	project	plain-join	select "persontable_0".FIRSTNAME as "initiator_firstname" from tradeTable as "root" left outer join tradeEventTable as "tradeeventtable_0" on ("root".ID = "trad	exists-material
meta::relational::tests::projection::qualifier::testQualifierFunctionConsistencyWithComplexTypeProperty	default	project	plain-join	select "persontable_0".FIRSTNAME as "initiator_firstname" from tradeTable as "root" left outer join tradeEventTable as "tradeeventtable_0" on ("root".ID = "trad	exists-material
meta::relational::tests::projection::qualifier::testQualifierFunctionConsistencyWithDataTypeProperty	default	project	plain-join	select "tradeeventtable_0".eventType as "tradeDateEventType" from tradeTable as "root" left outer join tradeEventTable as "tradeeventtable_0" on ("root".ID = "t	exists-material
meta::relational::tests::projection::qualifier::testQualifierFunctionConsistencyWithDataTypeProperty	default	project	plain-join	select "tradeeventtable_0".eventType as "tradeDateEventTypeInlined" from tradeTable as "root" left outer join tradeEventTable as "tradeeventtable_0" on ("root".	exists-material
meta::relational::tests::projection::qualifier::testQualifierInLambdaDeep	default	project	filtered-subselect-join+top-where-pred	select "synonymtable_0".NAME as "name" from tradeTable as "root" left outer join productSchema.productTable as "producttable_0" on ("root".prodId = "producttabl	exists-material
meta::relational::tests::projection::qualifier::testQualifierWithFilterWithDataTypeResult	default	project	plain-join	select "tradeeventtable_0".eventType as "tradeDateEventTypeInlined" from tradeTable as "root" left outer join tradeEventTable as "tradeeventtable_0" on ("root".	exists-material
meta::relational::tests::projection::qualifier::testQualifierWithFilteringAndParameters	default	map+project	on-clause-literal-pred	select "root".NAME as "name", "synonymtable_0".NAME as "cusip" from productSchema.productTable as "root" left outer join productSchema.synonymTable as "synonymt	exists-material
meta::relational::tests::projection::qualifier::testQualifierWithIsEmptyOnComplexType	default	project	filtered-subselect-join	select case when "tradetable_1".ID is null then 'Unknown' else "producttable_1".NAME end as "productDescription" from tradeTable as "root" left outer join (sele	exists-material
meta::relational::tests::projection::qualifier::testQualifierWithIsNotEmptyOnComplexType	default	project	filtered-subselect-join	select case when "tradetable_1".ID is not null then "accounttable_1".name else 'Unknown' end as "accountDescription" from tradeTable as "root" left outer join (	exists-material
meta::relational::tests::projection::qualifier::testQualifierWithVariableArg	default	map+project	plain-join	select "root".LEGALNAME as "firmId", concat("persontable_0".FIRSTNAME, ' ', "persontable_0".LASTNAME) as "employeeWithFirmLastName" from firmTable as "root" lef	exists-material
meta::relational::tests::projection::qualifier::testQualifierWithVariableArgReferencedFirstInFilterEqualCriteria	default	map+project	plain-join	select "root".LEGALNAME as "firmId", concat("persontable_0".FIRSTNAME, ' ', "persontable_0".LASTNAME) as "employeeWithFirmLastName" from firmTable as "root" lef	exists-material
meta::relational::tests::projection::qualifier::testQualifierWithVariableArgWithComplexTypeProperty	default	map+project	top-where-pred	select "root".LEGALNAME as "legalName", "firmtable_1".aggCol as "employeeWithFirmAddress", "addresstable_2".NAME as "address" from firmTable as "root" left oute	exists-material
meta::relational::tests::projection::qualifier::testQualifierWithVariableArgWithComplexTypePropertyAndSubsequentComplexTypePropertyCall	default	map+project	filtered-subselect-join+top-where-pred	select "root".LEGALNAME as "legalName", "addresstable_2".NAME as "addressFor-employeeWithFirmAddressCity" from firmTable as "root" left outer join (select "pers	exists-material
meta::relational::tests::projection::qualifier::testSimpleDerivedThroughAssociation	default	project	plain-join	select "root".LEGALNAME as "legalName", concat("persontable_0".FIRSTNAME, ' ', "persontable_0".LASTNAME) as "name" from firmTable as "root" left outer join pers	exists-material
meta::relational::tests::projection::qualifier::testTwoQualifiersUsingSameJoinWithNoUserParams	default	project	on-clause-literal-pred	select "synonymtable_0".NAME as "isin", "synonymtable_1".NAME as "cusip" from productSchema.productTable as "root" left outer join productSchema.synonymTable as	exists-material
meta::relational::tests::projection::simple::testRoutingWithSubtypePropagation	default	project	plain-join	select concat("persontable_1".FIRSTNAME, ' ', "persontable_1".LASTNAME) as "managerName" from firmTable as "root" left outer join personTable as "persontable_0"	exists-material
meta::relational::tests::projection::view::testAssnToViewWithGroupBy	default	map+project	grouped-subselect-join	select "root".name as "accountName", "accountorderpnlview_0".orderPnl as "pnl" from accountTable as "root" left outer join (select "root".accountID as accountId	exists-material
meta::relational::tests::projection::view::testJoinThroughView	default	map+project	filtered-subselect-join+top-where-pred	select "root".name as "accountName", "ordertable_0".ID as "tradeId", concat("persontable_0".FIRSTNAME, ' ', "persontable_0".LASTNAME) as "pnl" from accountTable	exists-material
meta::relational::tests::projection::view::testJoinToView	default	map+project	filtered-subselect-join+top-where-pred	select "root".name as "accountName", "ordertable_0".ID as "tradeId", "orderpnlview_0".pnl as "pnl" from accountTable as "root" left outer join orderTable as "or	exists-material
meta::relational::tests::projection::view::testUnionOnViewsMapping	default	map+project	top-where-pred	select "ordertable_1".ID as "orderId", "unionBase"."orderPnlViewpnl_orderNegativePnlViewpnl" as "pnl" from (select "root".ORDER_ID as "pk_0_0", null as "pk_0_1"	exists-material
meta::relational::tests::projection::view::testViewOnView	default	map+project	top-where-pred	select "ordertable_1".ID as "orderId", "unionBase"."orderPnlViewOnViewpnl_orderNegativePnlViewOnViewpnl" as "pnl" from (select "root".ORDER_ID as "pk_0_0", null	exists-material
meta::relational::tests::projection::view::testViewWithGroupBy	default	map+project	plain-join	select "accounttable_0".name as "accountName", "root".orderPnl as "pnl" from (select "root".accountID as accountId, sum("orderpnltable_0".pnl) as orderPnl from 	exists-material
meta::relational::tests::query::association::mixed::testAssociationMixed	default	filter	filtered-subselect-join+top-where-pred	select "root".ID as "pk_0", "root".FIRSTNAME as "firstName", "root".AGE as "age", "root".LASTNAME as "lastName" from personTable as "root" left outer join firmT	exists-join-form-dedup|exists-material
meta::relational::tests::query::association::mixed::testAssociationMixed	default	filter	filtered-subselect-join+top-where-pred	select "root".ID as "pk_0", "root".FIRSTNAME as "firstName", "root".AGE as "age", "root".LASTNAME as "lastName" from personTable as "root" left outer join firmT	exists-join-form-dedup|exists-material
meta::relational::tests::query::association::mixed::testAssociationMixedDeep	default	filter	filtered-subselect-join+top-where-pred	select "root".ID as "pk_0", "root".FIRSTNAME as "firstName", "root".AGE as "age", "root".LASTNAME as "lastName" from personTable as "root" left outer join firmT	exists-join-form-dedup|exists-material
meta::relational::tests::query::association::mixed::testAssociationMixedDeep	default	filter	filtered-subselect-join+top-where-pred	select "root".ID as "pk_0", "root".FIRSTNAME as "firstName", "root".AGE as "age", "root".LASTNAME as "lastName" from personTable as "root" left outer join firmT	exists-join-form-dedup|exists-material
meta::relational::tests::query::association::toMany::testAssociationToMany	default	filter	filtered-subselect-join+top-where-pred	select "root".ID as "pk_0", "root".LEGALNAME as "legalName" from firmTable as "root" left outer join (select distinct "persontable_1".FIRMID from personTable as	exists-join-form-dedup|exists-material
meta::relational::tests::query::association::toMany::testAssociationToManyNotExists	default	filter	filtered-subselect-join+top-where-pred	select "root".ID as "pk_0", "root".LEGALNAME as "legalName" from firmTable as "root" left outer join (select distinct "persontable_1".FIRMID from personTable as	exists-join-form-dedup|exists-material
meta::relational::tests::query::association::toMany::testAssociationToManyWithBoolean	default	filter	filtered-subselect-join+top-where-pred	select "root".ID as "pk_0", "root".LEGALNAME as "legalName" from firmTable as "root" left outer join (select distinct "persontable_1".FIRMID from personTable as	exists-join-form-dedup|exists-material
meta::relational::tests::query::association::toMany::testAssociationToManyWithConstantPredicate	default	filter	filtered-subselect-join+top-where-pred	select "root".ID as "pk_0", "root".LEGALNAME as "legalName" from firmTable as "root" left outer join (select distinct "persontable_1".FIRMID from personTable as	exists-join-form-dedup|exists-material
meta::relational::tests::query::association::toMany::testAssociationToManyWithTwoSeparateExists	default	filter	filtered-subselect-join+top-where-pred	select "root".ID as "pk_0", "root".LEGALNAME as "legalName" from firmTable as "root" left outer join (select distinct "persontable_1".FIRMID from personTable as	exists-join-form-dedup|exists-material
meta::relational::tests::query::association::toMany::testTwoAssociationsToManyDeep	default	filter	filtered-subselect-join+top-where-pred	select "root".ID as "pk_0", "root".LEGALNAME as "legalName" from firmTable as "root" left outer join (select distinct "persontable_1".FIRMID from personTable as	exists-material
meta::relational::tests::query::association::toMany::testTwoAssociationsToManyDeepWithOr	default	filter	filtered-subselect-join+top-where-pred	select "root".ID as "pk_0", "root".LEGALNAME as "legalName" from firmTable as "root" left outer join (select distinct "persontable_1".FIRMID from personTable as	exists-material
meta::relational::tests::query::association::toOne::testAssociationToOne	default	filter	top-where-pred	select "root".ID as "pk_0", "root".FIRSTNAME as "firstName", "root".AGE as "age", "root".LASTNAME as "lastName" from personTable as "root" left outer join firmT	exists-material
meta::relational::tests::query::association::toOne::testAssociationToOneWithBoolean	default	filter	top-where-pred	select "root".ID as "pk_0", "root".FIRSTNAME as "firstName", "root".AGE as "age", "root".LASTNAME as "lastName" from personTable as "root" left outer join firmT	exists-material
meta::relational::tests::query::association::toOne::testSimpleAndAssociationToOne	default	filter	top-where-pred	select "root".ID as "pk_0", "root".FIRSTNAME as "firstName", "root".AGE as "age", "root".LASTNAME as "lastName" from personTable as "root" left outer join firmT	exists-material
meta::relational::tests::query::association::toOne::testTwoAssociationsToOneBranch	default	filter	top-where-pred	select "root".ID as "pk_0", "root".FIRSTNAME as "firstName", "root".AGE as "age", "root".LASTNAME as "lastName" from personTable as "root" left outer join firmT	exists-material
meta::relational::tests::query::association::toOne::testTwoAssociationsToOneBranchWithOr	default	filter	top-where-pred	select "root".ID as "pk_0", "root".FIRSTNAME as "firstName", "root".AGE as "age", "root".LASTNAME as "lastName" from personTable as "root" left outer join firmT	exists-material
meta::relational::tests::query::association::toOne::testTwoAssociationsToOneDeep	default	filter	top-where-pred	select "root".ID as "pk_0", "root".FIRSTNAME as "firstName", "root".AGE as "age", "root".LASTNAME as "lastName" from personTable as "root" left outer join firmT	exists-material
meta::relational::tests::query::eval::testAssociationToOneThroughEval	default	filter	top-where-pred	select "root".ID as "pk_0", "root".FIRSTNAME as "firstName", "root".AGE as "age", "root".LASTNAME as "lastName" from personTable as "root" left outer join firmT	exists-material
meta::relational::tests::query::filter::combinations::testFilterBeforeAndAfterGroupBy	default	filter+groupBy	top-where-pred	select "root".FIRSTNAME as "name", sum("root".AGE) as "age" from personTable as "root" left outer join firmTable as "firmtable_0" on ("firmtable_0".ID = "root".	exists-material
meta::relational::tests::query::filter::combinations::testFilterBeforeAndAfterProject	default	filter+project	top-where-pred	select "root".FIRSTNAME as "name" from personTable as "root" left outer join firmTable as "firmtable_0" on ("firmtable_0".ID = "root".FIRMID) left outer join ad	exists-material
meta::relational::tests::query::filter::combinations::testSelectChainOfAndOrOperators	default	filter	no-sql-golden		exists-material
meta::relational::tests::query::filter::endsWith::testConsistencyWithNulls	default	filter	no-sql-golden		correlated-count-reducer
meta::relational::tests::query::filter::equal::testConsistencyWithNulls	default	filter	no-sql-golden		correlated-count-reducer
meta::relational::tests::query::filter::equal::testConsistencyWithNullsInColumnToColumnComparison	default	filter	single-table	select "root".ID as "pk_0", "root".NAME as "name", "root".STREET as "street", "root".TYPE as "type", "root".COMMENTS as "comments" from addressTable as "root" w	correlated-count-reducer
meta::relational::tests::query::filter::exists::testAssociationHandlingDups	default	filter	filtered-subselect-join+top-where-pred	select "root".ID as "pk_0", "root".LEGALNAME as "legalName" from firmTable as "root" left outer join (select distinct "persontable_1".FIRMID from personTable as	exists-join-form-dedup|exists-material
meta::relational::tests::query::filter::exists::testAssociationOneLevelDeep	default	filter	filtered-subselect-join+top-where-pred	select "root".ID as "pk_0", "root".FIRSTNAME as "firstName", "root".AGE as "age", "root".LASTNAME as "lastName" from personTable as "root" left outer join firmT	exists-join-form-dedup|exists-material
meta::relational::tests::query::filter::exists::testAssociationThreeLevelDeep	default	filter	filtered-subselect-join+top-where-pred	select "root".ID as "pk_0", "root".LEGALNAME as "legalName" from firmTable as "root" left outer join (select distinct "persontable_1".FIRMID from personTable as	exists-join-form-dedup|exists-material
meta::relational::tests::query::filter::exists::testAssociationTwoLevelDeep	default	filter	filtered-subselect-join+top-where-pred	select "root".ID as "pk_0", "root".FIRSTNAME as "firstName", "root".AGE as "age", "root".LASTNAME as "lastName" from personTable as "root" left outer join firmT	exists-join-form-dedup|exists-material
meta::relational::tests::query::filter::exists::testAssociationTwoLevelDeep	default	filter	filtered-subselect-join+top-where-pred	select "root".ID as "pk_0", "root".FIRSTNAME as "firstName", "root".AGE as "age", "root".LASTNAME as "lastName" from personTable as "root" left outer join firmT	exists-join-form-dedup|exists-material
meta::relational::tests::query::filter::exists::testAssociationWithProjectionHandlingDups	default	filter+map+project	filtered-subselect-join+top-where-pred	select "firmtable_0".LEGALNAME as "firm" from personTable as "root" left outer join firmTable as "firmtable_0" on ("firmtable_0".ID = "root".FIRMID) left outer 	exists-join-form-dedup|exists-material
meta::relational::tests::query::filter::exists::testComplexExistsToManyProperty	default	filter	filtered-subselect-join+top-where-pred	select "root".ID as "pk_0", "root".LEGALNAME as "legalName" from firmTable as "root" left outer join (select distinct "persontable_1".FIRMID from personTable as	exists-join-form-dedup|exists-material
meta::relational::tests::query::filter::exists::testComplexOrExistsToManyProperty	default	filter+map	filtered-subselect-join+top-where-pred	select "root".ID as "pk_0", "root".LEGALNAME as "legalName" from firmTable as "root" left outer join (select distinct "persontable_1".FIRMID from personTable as	exists-material
meta::relational::tests::query::filter::exists::testContains	default	filter	top-where-pred	select "root".ID as "pk_0", "root".LEGALNAME as "legalName" from firmTable as "root" left outer join personTable as "persontable_0" on ("root".ID = "persontable	exists-material
meta::relational::tests::query::filter::exists::testContainsNegated	default	filter	top-where-pred	select "root".ID as "pk_0", "root".LEGALNAME as "legalName" from firmTable as "root" left outer join personTable as "persontable_0" on ("root".ID = "persontable	exists-material
meta::relational::tests::query::filter::exists::testDupsFilterNoProjection	default	filter	no-sql-golden		correlated-count-reducer|exists-join-form-dedup|exists-material
meta::relational::tests::query::filter::exists::testDupsFilterProject	default	filter+project	no-sql-golden		correlated-count-reducer|exists-join-form-dedup|exists-material
meta::relational::tests::query::filter::exists::testExistsInAbstractProperty	default	filter	filtered-subselect-join+top-where-pred	select "root".ID as "pk_0", "root".LEGALNAME as "legalName" from firmTable as "root" left outer join (select distinct "persontable_1".FIRMID from personTable as	exists-join-form-dedup|exists-material
meta::relational::tests::query::filter::exists::testExistsToManyProperty	default	filter	filtered-subselect-join+top-where-pred	select "root".ID as "pk_0", "root".LEGALNAME as "legalName" from firmTable as "root" left outer join (select distinct "persontable_1".FIRMID from personTable as	exists-join-form-dedup|exists-material
meta::relational::tests::query::filter::exists::testExistsToManyPropertySwapped	default	filter	filtered-subselect-join+top-where-pred	select "root".ID as "pk_0", "root".LEGALNAME as "legalName" from firmTable as "root" left outer join (select distinct "persontable_1".FIRMID from personTable as	exists-join-form-dedup|exists-material
meta::relational::tests::query::filter::exists::testExistsToManyPropertyWithAndFilter	default	filter	filtered-subselect-join+top-where-pred	select "root".ID as "pk_0", "root".LEGALNAME as "legalName" from firmTable as "root" left outer join (select distinct "persontable_1".FIRMID from personTable as	exists-join-form-dedup|exists-material
meta::relational::tests::query::filter::exists::testExistsToManyPropertyWithAndFilterAndLiteralConditions	default	filter	filtered-subselect-join+top-where-pred	select "root".ID as "pk_0", "root".LEGALNAME as "legalName" from firmTable as "root" left outer join (select distinct "persontable_1".FIRMID from personTable as	exists-join-form-dedup|exists-material
meta::relational::tests::query::filter::exists::testExistsToManyPropertyWithAndFilterAndLiteralConditionsDeep	default	filter	filtered-subselect-join+top-where-pred	select "root".ID as "pk_0", "root".LEGALNAME as "legalName" from firmTable as "root" left outer join personTable as "persontable_0" on ("root".ID = "persontable	exists-join-form-dedup|exists-material
meta::relational::tests::query::filter::exists::testExistsWithAttributesFromLeftInAndCondition	default	filter	filtered-subselect-join+top-where-pred	select "root".ID as "pk_0", "root".FIRSTNAME as "firstName", "root".AGE as "age", "root".LASTNAME as "lastName" from personTable as "root" left outer join firmT	exists-material
meta::relational::tests::query::filter::exists::testExistsWithAttributesFromLeftInOrCondition	default	filter	filtered-subselect-join+top-where-pred	select "root".ID as "pk_0", "root".FIRSTNAME as "firstName", "root".AGE as "age", "root".LASTNAME as "lastName" from personTable as "root" left outer join firmT	exists-material
meta::relational::tests::query::filter::exists::testExistsWithOrCondition	default	filter	filtered-subselect-join+top-where-pred	select "root".ID as "pk_0", "root".FIRSTNAME as "firstName", "root".AGE as "age", "root".LASTNAME as "lastName" from personTable as "root" left outer join firmT	exists-join-form-dedup|exists-material
meta::relational::tests::query::filter::exists::testFilterAfterFilterWithExistsExpression	default	filter	filtered-subselect-join+top-where-pred	select "root".ID as "pk_0", "root".LEGALNAME as "legalName" from firmTable as "root" left outer join (select distinct "persontable_1".FIRMID from personTable as	exists-join-form-dedup|exists-material
meta::relational::tests::query::filter::exists::testFilterFunctionExpressionWithAndConditionOnRightTableIsEmptyExpression	default	filter	filtered-subselect-join+top-where-pred	select "root".ID as "pk_0", "root".LEGALNAME as "legalName" from firmTable as "root" left outer join (select distinct "persontable_0".FIRMID from firmTable as "	exists-join-form-dedup|exists-material
meta::relational::tests::query::filter::exists::testFilterFunctionExpressionWithConditionOnRightTableIsEmptyExpression	default	filter	filtered-subselect-join+top-where-pred	select "root".ID as "pk_0", "root".LEGALNAME as "legalName" from firmTable as "root" left outer join (select distinct "persontable_0".FIRMID from firmTable as "	exists-join-form-dedup|exists-material
meta::relational::tests::query::filter::exists::testIn	default	filter	top-where-pred	select "root".ID as "pk_0", "root".LEGALNAME as "legalName" from firmTable as "root" left outer join personTable as "persontable_0" on ("root".ID = "persontable	exists-material
meta::relational::tests::query::filter::exists::testInExistsCombined	default	filter	no-sql-golden		exists-join-form-dedup|exists-material
meta::relational::tests::query::filter::exists::testInNegated	default	filter	top-where-pred	select "root".ID as "pk_0", "root".LEGALNAME as "legalName" from firmTable as "root" left outer join personTable as "persontable_0" on ("root".ID = "persontable	exists-material
meta::relational::tests::query::filter::exists::testIsEmpty	default	filter	filtered-subselect-join	select "root".ID as "pk_0", "root".LEGALNAME as "legalName" from firmTable as "root" left outer join (select distinct "persontable_0".FIRMID from firmTable as "	exists-join-form-dedup|exists-material
meta::relational::tests::query::filter::exists::testIsEmpty	default	filter	filtered-subselect-join	select "root".ID as "pk_0", "root".LEGALNAME as "legalName" from firmTable as "root" left outer join (select distinct "persontable_0".FIRMID from firmTable as "	exists-join-form-dedup|exists-material
meta::relational::tests::query::filter::exists::testIsEmptyNested	default	filter	filtered-subselect-join	select "root".ID as "pk_0", "root".LEGALNAME as "legalName" from firmTable as "root" left outer join personTable as "persontable_0" on ("root".ID = "persontable	exists-join-form-dedup|exists-material
meta::relational::tests::query::filter::exists::testIsNotEmpty	default	filter	filtered-subselect-join	select "root".ID as "pk_0", "root".LEGALNAME as "legalName" from firmTable as "root" left outer join personTable as "persontable_0" on ("root".ID = "persontable	exists-join-form-dedup|exists-material
meta::relational::tests::query::filter::exists::testNestedExistsOne	default	filter	no-sql-golden		exists-material
meta::relational::tests::query::filter::exists::testNestedExistsWithExistsInAbstractProperty	default	filter	filtered-subselect-join+top-where-pred	select "root".ID as "pk_0", "root".LEGALNAME as "legalName" from firmTable as "root" left outer join (select distinct "persontable_1".FIRMID from personTable as	exists-material
meta::relational::tests::query::filter::exists::testNestedNotExists	default	filter	no-sql-golden		exists-material
meta::relational::tests::query::filter::exists::testNotExists	default	filter	filtered-subselect-join+top-where-pred	select "root".ID as "pk_0", "root".LEGALNAME as "legalName" from firmTable as "root" left outer join (select distinct "persontable_1".FIRMID from personTable as	exists-join-form-dedup|exists-material
meta::relational::tests::query::filter::exists::testWithFilterGroupBy	default	filter+map+project+groupBy	no-sql-golden		correlated-count-reducer|exists-join-form-dedup|exists-material
meta::relational::tests::query::filter::exists::testWithFilterGroupByNestedAssociation	default	filter+map+project+groupBy	no-sql-golden		correlated-count-reducer|exists-join-form-dedup|exists-material
meta::relational::tests::query::filter::exists::testWithProjectGroupByRemoveDups	default	filter+map+project+groupBy	no-sql-golden		correlated-count-reducer|exists-join-form-dedup|exists-material
meta::relational::tests::query::filter::exists::testWithProjectGroupByRemoveDupsTwo	default	filter+map+project+groupBy	no-sql-golden		correlated-count-reducer|exists-join-form-dedup|exists-material
meta::relational::tests::query::filter::greaterThan::testConsistencyWithNulls	default	filter	no-sql-golden		correlated-count-reducer
meta::relational::tests::query::filter::in::tempTable::testInExecutionWithTempTableAndQueryChaining	default	filter+project	single-table	select distinct "root".FIRSTNAME from validPersonTable as "root"	exists-join-form-dedup
meta::relational::tests::query::filter::in::tempTable::testInExecutionWithTempTableAndQueryChaining	default	filter+project	single-table	select "root".FIRSTNAME as "firstName", "root".LASTNAME as "lastName" from personTable as "root" where "root".FIRSTNAME in (select "temptableforin_validfirstnam	exists-join-form-dedup
meta::relational::tests::query::filter::in::tempTable::testInExecutionWithTempTableAndQueryChainingAndChainConnection	default	filter+map	no-sql-golden		exists-join-form-dedup
meta::relational::tests::query::filter::in::testConsistencyWithNulls	default	filter	no-sql-golden		correlated-count-reducer
meta::relational::tests::query::filter::in::testContainsOnToManyProperty	default	filter	exists-predicate	select "root".ID as "pk_0", "root".LEGALNAME as "legalName" from firmTable as "root" where exists (select 1 from personTable as "persontable_0" where "persontab	exists-join-form-dedup|exists-material
meta::relational::tests::query::filter::in::testDeepContains	default	filter+map	top-where-pred	select "root".ID as "pk_0", "root".FIRSTNAME as "firstName", "root".AGE as "age", "root".LASTNAME as "lastName" from personTable as "root" left outer join firmT	exists-material
meta::relational::tests::query::filter::in::testDeepIn	default	filter+map	top-where-pred	select "root".ID as "pk_0", "root".FIRSTNAME as "firstName", "root".AGE as "age", "root".LASTNAME as "lastName" from personTable as "root" left outer join firmT	exists-material
meta::relational::tests::query::filter::in::testInWithinQualifiedPropertyCollectionAsLiteralList	default	filter	top-where-pred	select "root".ID as "pk_0", "root".FIRSTNAME as "firstName", "root".AGE as "age", "root".LASTNAME as "lastName" from personTable as "root" left outer join firmT	exists-material
meta::relational::tests::query::filter::isempty::testInputNotIsolatedWhenPropertyPathIsToOne	default	filter	top-where-pred	select "root".ID as "pk_0", "root".FIRSTNAME as "firstName", "root".AGE as "age", "root".LASTNAME as "lastName" from personTable as "root" left outer join firmT	exists-material
meta::relational::tests::query::filter::isempty::testIsEmptyOnQualifiedPropertyFollowedByClassPropertyInput	default	filter	on-clause-literal-pred	select "root".ID as "pk_0", "root".LEGALNAME as "legalName" from firmTable as "root" left outer join personTable as "persontable_0" on ("root".ID = "persontable	correlated-count-reducer|exists-material
meta::relational::tests::query::filter::isempty::testIsolationOfInputToIsEmpty	default	filter	plain-join	select "root".ID as "pk_0", "root".FIRSTNAME as "firstName", "root".AGE as "age", "root".LASTNAME as "lastName" from personTable as "root" left outer join firmT	correlated-count-reducer|exists-material
meta::relational::tests::query::filter::isempty::testIsolationOfInputToIsEmptyWithForcedFiltersOnInput	forced	filter	on-clause-literal-pred	select "root".ID as "pk_0", "root".FIRSTNAME as "firstName", "root".AGE as "age", "root".LASTNAME as "lastName" from personTable as "root" left outer join firmT	correlated-count-reducer|exists-material
meta::relational::tests::query::filter::isempty::testIsolationOfTheSameInputInABooleanExprWhereOneSideIsEmpty	default	filter	on-clause-literal-pred+top-where-pred	select "root".ID as "pk_0", "root".FIRSTNAME as "firstName", "root".AGE as "age", "root".LASTNAME as "lastName" from personTable as "root" left outer join firmT	correlated-count-reducer|exists-material
meta::relational::tests::query::filter::isempty::testSimpleTriangularJoinViaIsEmpty	default	filter	plain-join	select "root".ID as "pk_0", "root".LEGALNAME as "legalName" from firmTable as "root" left outer join addressTable as "addresstable_0" on ("addresstable_0".ID = 	correlated-count-reducer|exists-material
meta::relational::tests::query::filter::isolation::testIsolationOfCaseStmtTrueFalseFilters	default	filter+map	on-clause-literal-pred+top-where-pred	select "root".ID as "pk_0", "root".FIRSTNAME as "firstName", "root".AGE as "age", "root".LASTNAME as "lastName" from personTable as "root" left outer join firmT	exists-material
meta::relational::tests::query::filter::isolation::testIsolationOfClassFiltersOperatingOnParametersReferencedInIf	default	filter+map	on-clause-literal-pred+top-where-pred	select "root".ID as "pk_0", "root".FIRSTNAME as "firstName", "root".AGE as "age", "root".LASTNAME as "lastName" from personTable as "root" left outer join firmT	exists-material
meta::relational::tests::query::filter::isolation::testLateIsolationOfTypeFilterDoesntPreventMerging	default	filter+map	top-where-pred	select "root".ID as "pk_0", "root".FIRSTNAME as "firstName", "root".AGE as "age", "root".LASTNAME as "lastName" from personTable as "root" left outer join firmT	exists-material
meta::relational::tests::query::filter::multipleFilters::testFilterAfterFilter	default	filter+map	on-clause-literal-pred+top-where-pred	select "root".ID as "pk_0", "root".FIRSTNAME as "firstName", "root".AGE as "age", "root".LASTNAME as "lastName" from personTable as "root" left outer join firmT	exists-material
meta::relational::tests::query::filter::multipleFilters::testFilterInWithJoin	default	filter+map	exists-predicate+top-where-pred	select "root".ID as "pk_0", "root".FIRSTNAME as "firstName", "root".AGE as "age", "root".LASTNAME as "lastName" from personTable as "root" where "root".FIRSTNAM	exists-material
meta::relational::tests::query::filter::notEqual::testConsistencyWithNullsInColumnToColumnComparison	default	filter	no-sql-golden		correlated-count-reducer
meta::relational::tests::query::filter::or::testOrFilterWithTypeFilter	default	filter+map	top-where-pred	select "root".ID as "pk_0", "root".FIRSTNAME as "firstName", "root".AGE as "age", "root".LASTNAME as "lastName" from personTable as "root" left outer join firmT	exists-material
meta::relational::tests::query::function::concatenate::testConcatenateClass	default	filter	filtered-subselect-join+top-where-pred	select "root".ID as "pk_0", "root".NAME as "name" from productSchema.productTable as "root" left outer join (select "synonymtable_0".PRODID as PRODID, "synonymt	exists-join-form-dedup|exists-material
meta::relational::tests::query::function::concatenate::testConcatenateDataType	default	filter	filtered-subselect-join+top-where-pred	select "root".ID as "pk_0", "root".NAME as "name" from productSchema.productTable as "root" left outer join (select "synonymtable_0".NAME as "name", "synonymtab	exists-material
meta::relational::tests::query::function::concatenate::testConcatenateDataTypeDiffProperty	default	filter	filtered-subselect-join+top-where-pred	select "root".ID as "pk_0", "root".NAME as "name" from productSchema.productTable as "root" left outer join (select "synonymtable_0".NAME as "name_typeAsString"	exists-material
meta::relational::tests::query::function::concatenate::testConcatenateDataTypeMerge	default	filter	filtered-subselect-join+top-where-pred	select "root".ID as "pk_0", "root".NAME as "name" from productSchema.productTable as "root" left outer join (select "synonymtable_0".NAME as "name", "synonymtab	exists-material
meta::relational::tests::query::function::distinct::testCollectionDistinctFunction	default	filter+map	grouped-subselect-join+top-where-pred	select distinct "producttable_0".NAME from tradeTable as "root" left outer join (select "root".trade_id as trade_id, max("root".eventDate) as maxTradeEventDate 	exists-material
meta::relational::tests::query::function::isempty::testDerivedWithIsEmpty	default	filter	single-table	select "root".id as "pk_0", "root".value as "myValue" from testTable as "root" where "root".value is null	correlated-count-reducer
meta::relational::tests::query::function::testFilterThroughAssociationUsingPlusFunction	default	filter	filtered-subselect-join+top-where-pred	select "root".ID as "pk_0", "root".LEGALNAME as "legalName" from firmTable as "root" left outer join (select distinct "persontable_1".FIRMID from personTable as	exists-join-form-dedup|exists-material
meta::relational::tests::query::function::testFilterUsingContainsFunction	default	filter	top-where-pred	select "root".ID as "pk_0", "root".FIRSTNAME as "firstName", "root".AGE as "age", "root".LASTNAME as "lastName" from personTable as "root" left outer join firmT	exists-material
meta::relational::tests::query::function::testFilterUsingContainsFunction	default	filter	top-where-pred	select "root".ID as "pk_0", "root".FIRSTNAME as "firstName", "root".AGE as "age", "root".LASTNAME as "lastName" from personTable as "root" left outer join firmT	exists-material
meta::relational::tests::query::function::testFilterUsingEndsWithFunction	default	filter	top-where-pred	select "root".ID as "pk_0", "root".FIRSTNAME as "firstName", "root".AGE as "age", "root".LASTNAME as "lastName" from personTable as "root" left outer join firmT	exists-material
meta::relational::tests::query::function::testFilterUsingEndsWithFunction	default	filter	top-where-pred	select "root".ID as "pk_0", "root".FIRSTNAME as "firstName", "root".AGE as "age", "root".LASTNAME as "lastName" from personTable as "root" left outer join firmT	exists-material
meta::relational::tests::query::function::testFilterUsingFunctionWithVariable	default	filter	top-where-pred	select "root".ID as "pk_0", "root".FIRSTNAME as "firstName", "root".AGE as "age", "root".LASTNAME as "lastName" from personTable as "root" left outer join firmT	exists-material
meta::relational::tests::query::function::testFilterUsingIfFunction	default	filter	top-where-pred	select "root".ID as "pk_0", "root".FIRSTNAME as "firstName", "root".AGE as "age", "root".LASTNAME as "lastName" from personTable as "root" left outer join firmT	exists-material
meta::relational::tests::query::function::testFilterUsingIsEmptyFunction	default	filter	filtered-subselect-join	select "root".ID as "pk_0", "root".NAME as "name" from productSchema.productTable as "root" left outer join (select distinct "synonymtable_0".PRODID from produc	exists-join-form-dedup|exists-material
meta::relational::tests::query::function::testFilterUsingMatchesFunction	default	filter	plain-join	select "root".ID as "pk_0", "root".FIRSTNAME as "firstName", "root".AGE as "age", "root".LASTNAME as "lastName" from personTable as "root" left outer join firmT	exists-material
meta::relational::tests::query::function::testFilterUsingMatchesFunction	default	filter	plain-join	select "root".ID as "pk_0", "root".FIRSTNAME as "firstName", "root".AGE as "age", "root".LASTNAME as "lastName" from personTable as "root" left outer join firmT	exists-material
meta::relational::tests::query::function::testFilterUsingPlusFunction	default	filter	top-where-pred	select "root".ID as "pk_0", "root".FIRSTNAME as "firstName", "root".AGE as "age", "root".LASTNAME as "lastName" from personTable as "root" left outer join firmT	exists-material
meta::relational::tests::query::function::testFilterUsingStartsWithFunction	default	filter	top-where-pred	select "root".ID as "pk_0", "root".FIRSTNAME as "firstName", "root".AGE as "age", "root".LASTNAME as "lastName" from personTable as "root" left outer join firmT	exists-material
meta::relational::tests::query::function::testFilterUsingStartsWithFunction	default	filter	top-where-pred	select "root".ID as "pk_0", "root".FIRSTNAME as "firstName", "root".AGE as "age", "root".LASTNAME as "lastName" from personTable as "root" left outer join firmT	exists-material
meta::relational::tests::query::legacyNullUnsafeEquals::testDefaultProjectionIsNullSafe	default	project	no-sql-golden		exists-material
meta::relational::tests::query::legacyNullUnsafeEquals::testLegacyFlagProjectionEmitsPlainEquals	default	project	no-sql-golden		exists-material
meta::relational::tests::query::openvariables::testExistsAndBooleanOpenVariables	default	filter	filtered-subselect-join+top-where-pred	select "root".ID as "pk_0", "root".LEGALNAME as "legalName" from firmTable as "root" left outer join (select distinct "persontable_1".FIRMID from personTable as	exists-join-form-dedup|exists-material
meta::relational::tests::query::openvariables::testExistsOpenVariable	default	filter	filtered-subselect-join+top-where-pred	select "root".ID as "pk_0", "root".LEGALNAME as "legalName" from firmTable as "root" left outer join (select distinct "persontable_1".FIRMID from personTable as	exists-join-form-dedup|exists-material
meta::relational::tests::query::qualifier::advanced::filterAbstractPropertyWithConditionOnLeftAndRightTable	default	filter	top-where-pred	select "root".ID as "pk_0", "root".LEGALNAME as "legalName" from firmTable as "root" left outer join personTable as "persontable_0" on ("root".ID = "persontable	exists-material
meta::relational::tests::query::qualifier::advanced::filterAbstractPropertyWithConditionOnRightTableExistsExpression	default	filter	filtered-subselect-join+top-where-pred	select "root".ID as "pk_0", "root".LEGALNAME as "legalName" from firmTable as "root" left outer join (select distinct "persontable_1".FIRMID from personTable as	exists-join-form-dedup|exists-material
meta::relational::tests::query::qualifier::advanced::filterAndProjectFunctionExpressionWithConditionOnRightTable	default	filter+project	on-clause-literal-pred+top-where-pred	select "persontable_0".FIRSTNAME as "c1" from firmTable as "root" left outer join personTable as "persontable_0" on ("root".ID = "persontable_0".FIRMID and "per	exists-material
meta::relational::tests::query::qualifier::advanced::filterAsbtractPropertyWithConditionRightTable	default	filter	on-clause-literal-pred+top-where-pred	select "root".ID as "pk_0", "root".LEGALNAME as "legalName" from firmTable as "root" left outer join personTable as "persontable_0" on ("root".ID = "persontable	exists-material
meta::relational::tests::query::qualifier::advanced::filterFunctionExpressionWithAndConditionOnRightTable	default	filter	on-clause-literal-pred+top-where-pred	select "root".ID as "pk_0", "root".LEGALNAME as "legalName" from firmTable as "root" left outer join personTable as "persontable_0" on ("root".ID = "persontable	exists-join-form-dedup|exists-material
meta::relational::tests::query::qualifier::advanced::filterFunctionExpressionWithAndConditionOnRootAndRightTable	default	filter	top-where-pred	select "root".ID as "pk_0", "root".LEGALNAME as "legalName" from firmTable as "root" left outer join personTable as "persontable_0" on ("root".ID = "persontable	exists-join-form-dedup|exists-material
meta::relational::tests::query::qualifier::advanced::filterFunctionExpressionWithConditionOnLeftAndRightTable	default	filter	top-where-pred	select "root".ID as "pk_0", "root".LEGALNAME as "legalName" from firmTable as "root" left outer join personTable as "persontable_0" on ("root".ID = "persontable	exists-material
meta::relational::tests::query::qualifier::advanced::filterFunctionExpressionWithConditionOnLeftAndRightTableNested	default	filter	top-where-pred	select "root".ID as "pk_0", "root".LEGALNAME as "legalName" from firmTable as "root" left outer join personTable as "persontable_0" on ("root".ID = "persontable	exists-material
meta::relational::tests::query::qualifier::advanced::filterFunctionExpressionWithConditionOnLeftAndRightTableNestedDynaFunction	default	filter	top-where-pred	select "root".ID as "pk_0", "root".LEGALNAME as "legalName" from firmTable as "root" left outer join personTable as "persontable_0" on ("root".ID = "persontable	exists-material
meta::relational::tests::query::qualifier::advanced::filterFunctionExpressionWithConditionOnRightTableAndExpression	default	filter	on-clause-literal-pred+top-where-pred	select "root".ID as "pk_0", "root".LEGALNAME as "legalName" from firmTable as "root" left outer join personTable as "persontable_0" on ("root".ID = "persontable	exists-material
meta::relational::tests::query::qualifier::advanced::filterFunctionExpressionWithConditionOnRightTableIsEmptyExpression	default	filter	filtered-subselect-join+top-where-pred	select "root".ID as "pk_0", "root".LEGALNAME as "legalName" from firmTable as "root" left outer join (select distinct "persontable_0".FIRMID from firmTable as "	exists-join-form-dedup|exists-material
meta::relational::tests::query::qualifier::advanced::filterFunctionExpressionWithConditionOnRightTableOrExpression	default	filter	on-clause-literal-pred+top-where-pred	select "root".ID as "pk_0", "root".LEGALNAME as "legalName" from firmTable as "root" left outer join personTable as "persontable_0" on ("root".ID = "persontable	exists-material
meta::relational::tests::query::qualifier::advanced::filterFunctionExpressionWithConditionRightTable	default	filter	on-clause-literal-pred+top-where-pred	select "root".ID as "pk_0", "root".LEGALNAME as "legalName" from firmTable as "root" left outer join personTable as "persontable_0" on ("root".ID = "persontable	exists-material
meta::relational::tests::query::qualifier::advanced::filterFunctionExpressionWithOrConditionOnRightTable	default	filter	on-clause-literal-pred+top-where-pred	select "root".ID as "pk_0", "root".LEGALNAME as "legalName" from firmTable as "root" left outer join personTable as "persontable_0" on ("root".ID = "persontable	exists-join-form-dedup|exists-material
meta::relational::tests::query::qualifier::advanced::nestedFilterFunctionExpressionWithOrCondition	default	filter+map+project	on-clause-literal-pred+top-where-pred	select "root".LEGALNAME as "Firm Name" from firmTable as "root" left outer join personTable as "persontable_0" on ("root".ID = "persontable_0".FIRMID and "perso	exists-material
meta::relational::tests::query::qualifier::advanced::nestedFilterInQualifierWithOrCondition	default	filter+map+project	on-clause-literal-pred+top-where-pred	select "root".LEGALNAME as "Firm Name" from firmTable as "root" left outer join personTable as "persontable_0" on ("root".ID = "persontable_0".FIRMID and "perso	exists-material
meta::relational::tests::query::qualifier::advanced::projectAbstractPropertyWithConditionOnLeftAndRightTable	default	project	filtered-subselect-join+top-where-pred	select "firmtable_1".LASTNAME as "c1" from firmTable as "root" left outer join (select "firmtable_2".ID as ID, "persontable_0".LASTNAME as LASTNAME from firmTab	exists-material
meta::relational::tests::query::qualifier::advanced::projectAbstractPropertyWithConditionOnRightTable	default	project	on-clause-literal-pred	select "persontable_0".LASTNAME as "c1" from firmTable as "root" left outer join personTable as "persontable_0" on ("root".ID = "persontable_0".FIRMID and "pers	exists-material
meta::relational::tests::query::qualifier::advanced::projectAbstractPropertyWithConditionOnRightTableNested	default	project	filtered-subselect-join+top-where-pred	select "persontable_0".LASTNAME as "c1" from firmTable as "root" left outer join (select "persontable_1".FIRMID as FIRMID, "persontable_1".LASTNAME as LASTNAME 	exists-material
meta::relational::tests::query::qualifier::advanced::projectFunctionExpressionWithConditionOnLeftAndRightTable	default	project	plain-join	select "persontable_0".LASTNAME as "c1" from firmTable as "root" left outer join personTable as "persontable_0" on ("root".ID = "persontable_0".FIRMID and "pers	exists-material
meta::relational::tests::query::qualifier::advanced::projectFunctionExpressionWithConditionOnLeftAndRightTableNested	default	project	filtered-subselect-join+top-where-pred	select "firmtable_1".LASTNAME as "c1" from firmTable as "root" left outer join (select "firmtable_2".ID as ID, "persontable_0".LASTNAME as LASTNAME from firmTab	exists-material
meta::relational::tests::query::qualifier::advanced::projectFunctionExpressionWithConditionOnLeftAndRightTableNestedDynaFunction	default	project	filtered-subselect-join+top-where-pred	select "firmtable_1".FIRSTNAME as "c1" from firmTable as "root" left outer join (select "firmtable_2".ID as ID, "persontable_0".FIRSTNAME as FIRSTNAME from firm	exists-material
meta::relational::tests::query::qualifier::advanced::projectFunctionExpressionWithConditionOnRightTable	default	project	on-clause-literal-pred	select "persontable_0".LASTNAME as "c1" from firmTable as "root" left outer join personTable as "persontable_0" on ("root".ID = "persontable_0".FIRMID and "pers	exists-material
meta::relational::tests::query::qualifier::advanced::projectFunctionExpressionWithConditionOnRightTableNested	default	project	filtered-subselect-join+top-where-pred	select "persontable_0".LASTNAME as "c1" from firmTable as "root" left outer join (select "persontable_1".FIRMID as FIRMID, "persontable_1".LASTNAME as LASTNAME 	exists-material
meta::relational::tests::query::qualifier::advanced::projectionInvolvingOneNestedAtributeOnTriangularJoinAndOtherJoin	default	filter+map+project	filtered-subselect-join	select "root".LEGALNAME as "c1", "persontable_0".LASTNAME as "c2", concat("persontable_0".LASTNAME, "addresstable_0".NAME) as "c3" from firmTable as "root" left	exists-material
meta::relational::tests::query::qualifier::testAssociationSpecifiedQualifiedProperty	default	filter	on-clause-literal-pred+top-where-pred	select "root".ID as "pk_0", "root".NAME as "name" from productSchema.productTable as "root" left outer join productSchema.synonymTable as "synonymtable_0" on ("	exists-join-form-dedup|exists-material
meta::relational::tests::query::qualifier::testExistsWithQualifierOnleftSide	default	filter	filtered-subselect-join+grouped-subselect-join+top-where-pred	select "root".ID as "pk_0", "root".ID as "id", "root".quantity as "quantity", "root".tradeDate as "date", "root".settlementDateTime as "settlementDateTime", "tr	exists-join-form-dedup|exists-material
meta::relational::tests::query::qualifier::testExistsWithQualifierOnleftSide	default	filter	filtered-subselect-join+grouped-subselect-join+top-where-pred	select "root".ID as "pk_0", "root".ID as "id", "root".quantity as "quantity", "root".tradeDate as "date", "root".settlementDateTime as "settlementDateTime", "tr	exists-join-form-dedup|exists-material
meta::relational::tests::query::qualifier::testNoParametersThroughAssociation	default	filter	top-where-pred	select "root".ID as "pk_0", "root".FIRSTNAME as "firstName", "root".AGE as "age", "root".LASTNAME as "lastName" from personTable as "root" left outer join perso	exists-material
meta::relational::tests::query::qualifier::testNonTrivialQualifierWithDataTypeReturnTypeAsFunctionInput	default	filter	on-clause-literal-pred+top-where-pred	select "root".ID as "pk_0", "root".LEGALNAME as "legalName" from firmTable as "root" left outer join personTable as "persontable_0" on ("root".ID = "persontable	correlated-count-reducer|exists-join-form-dedup|exists-material
meta::relational::tests::query::qualifier::testWithParameterToClassNestedSelect	default	filter	on-clause-literal-pred+top-where-pred	select "root".ID as "pk_0", "root".NAME as "name" from productSchema.productTable as "root" left outer join productSchema.synonymTable as "synonymtable_0" on ("	exists-join-form-dedup|exists-material
meta::relational::tests::query::qualifier::testWithParameterUsedWithinExists	default	filter	filtered-subselect-join+top-where-pred	select "root".ID as "pk_0", "root".LEGALNAME as "legalName" from firmTable as "root" left outer join (select distinct "persontable_1".FIRMID from personTable as	exists-join-form-dedup|exists-material
meta::relational::tests::query::routing::testCompositionInFilterCondition	default	filter	top-where-pred	select "persontable_0".FIRSTNAME as "firstName" from firmTable as "root" left outer join personTable as "persontable_0" on ("root".ID = "persontable_0".FIRMID) 	exists-material
meta::relational::tests::query::routing::testCompositionInGetAll	default	project	plain-join	select concat("persontable_0".FIRSTNAME, ' ', "persontable_0".LASTNAME) as "name" from firmTable as "root" left outer join personTable as "persontable_0" on ("r	exists-material
meta::relational::tests::query::routing::testCompositionInGetAllAndColSpecs	default	project	plain-join	select "persontable_0".FIRSTNAME as "firstName" from firmTable as "root" left outer join personTable as "persontable_0" on ("root".ID = "persontable_0".FIRMID)	exists-material
meta::relational::tests::query::routing::testCompositionInInClause	default	filter	top-where-pred	select "persontable_0".FIRSTNAME as "firstName" from firmTable as "root" left outer join personTable as "persontable_0" on ("root".ID = "persontable_0".FIRMID) 	exists-material
meta::relational::tests::query::routing::testCompositionInJoin	default	other	filtered-subselect-join	select "firmtable_0"."firstName" as "firstName", "firmtable_0"."employeeFirstName" as "employeeFirstName" from (select * from (select "persontable_0".FIRSTNAME 	exists-material
meta::relational::tests::query::routing::testCompositionInMultiStatementRelationalQuery	default	filter	top-where-pred	select "persontable_0".FIRSTNAME as "firstName" from firmTable as "root" left outer join personTable as "persontable_0" on ("root".ID = "persontable_0".FIRMID) 	exists-material
meta::relational::tests::query::routing::testCompositionInProject	default	other	plain-join	select "persontable_0".FIRSTNAME as "firstName" from firmTable as "root" left outer join personTable as "persontable_0" on ("root".ID = "persontable_0".FIRMID)	exists-material
meta::relational::tests::query::routing::testCompositionInProjectAndNestedFilter	default	other	top-where-pred	select "persontable_0".FIRSTNAME as "firstName" from firmTable as "root" left outer join personTable as "persontable_0" on ("root".ID = "persontable_0".FIRMID) 	exists-material
meta::relational::tests::query::routing::testCompositionInUnion	default	project	top-where-pred	select "unionalias_0"."firstName" as "firstName" from (select "persontable_0".FIRSTNAME as "firstName" from firmTable as "root" left outer join personTable as "	exists-material
meta::relational::tests::query::routing::testEvalFunctionAsVariable	default	other	plain-join	select "persontable_0".FIRSTNAME as "firstName" from firmTable as "root" left outer join personTable as "persontable_0" on ("root".ID = "persontable_0".FIRMID)	exists-material
meta::relational::tests::query::routing::testEvalFunctionOutputFromFunctionCall	default	other	plain-join	select count("persontable_0".FIRSTNAME) from firmTable as "root" left outer join personTable as "persontable_0" on ("root".ID = "persontable_0".FIRMID)	correlated-count-reducer|exists-material
meta::relational::tests::query::routing::testEvalWithMultipleExpressions	default	other	plain-join	with t as (select "persontable_0".FIRSTNAME as "firstName" from firmTable as "root" left outer join personTable as "persontable_0" on ("root".ID = "persontable_	correlated-count-reducer|exists-material
meta::relational::tests::query::routing::testEvalWithMultipleExpressionsWithFunctionAsVariable	default	other	plain-join	with t as (select "persontable_0".FIRSTNAME as "firstName" from firmTable as "root" left outer join personTable as "persontable_0" on ("root".ID = "persontable_	correlated-count-reducer|exists-material
meta::relational::tests::query::routing::testSimpleEval	default	other	plain-join	select "persontable_0".FIRSTNAME as "firstName" from firmTable as "root" left outer join personTable as "persontable_0" on ("root".ID = "persontable_0".FIRMID)	exists-material
meta::relational::tests::query::simple::testDistinctSize	default	other	single-table	select count(*) from (select distinct "root".ID as "pk_0", "root".FIRSTNAME as "firstName", "root".AGE as "age", "root".LASTNAME as "lastName" from personTable 	correlated-count-reducer
meta::relational::tests::query::simple::testSize	default	other	single-table	select count(*) from personTable as "root"	correlated-count-reducer
meta::relational::tests::query::sort::testSortByLambdaAndGraphFetchDeep	default	other	no-sql-golden		exists-material
meta::relational::tests::query::sort::testSortByLambdaDeepOptional	default	map	plain-join	select "root".ID as "pk_0", "root".FIRSTNAME as "firstName", "root".AGE as "age", "root".LASTNAME as "lastName" from personTable as "root" left outer join addre	exists-material
meta::relational::tests::query::view::testViewPropertyFilterWithPrimaryKey	default	filter+project	filtered-subselect-join+top-where-pred	select "dept_2".name as "Category" from (select "root".OrgId as OrgId, "root".name as name from (select "root".OrgId as OrgId, "root".name as name from Org as "	correlated-count-reducer
meta::relational::tests::query::view::testViewSimpleExists	default	filter	filtered-subselect-join+top-where-pred	select "root".ID as "pk_0", "root".ID as "id", "root".quantity as "quantity", "root".orderDate as "date", "root".settlementDateTime as "settlementDateTime" from	exists-join-form-dedup|exists-material
meta::relational::tests::tds::distinct::testSimpleDistinct	default	project	no-sql-golden		exists-material
meta::relational::tests::tds::distinct::testSimpleDistinctGroupBy	default	project+groupBy	no-sql-golden		exists-material
meta::relational::tests::tds::distinct::testSimpleDistinctWithFilter	default	filter+project	no-sql-golden		exists-material
meta::relational::tests::tds::distinct::testSimpleDistinctWithTake	default	project	no-sql-golden		exists-material
meta::relational::tests::tds::groupBy::GroupByWithIfInMap	default	project+groupBy	plain-join	select "producttable_0".NAME as "prodName", sum(case when "root".quantity > 2.0 then "root".quantity else ((1.0 * "root".quantity) / 2) end) as "sum" from trade	correlated-count-reducer|exists-material
meta::relational::tests::tds::groupBy::GroupByWithIfInMap	default	project+groupBy	plain-join	select "producttable_0".NAME as "prodName", sum(case when "root".quantity > cast(2.0 as float) then "root".quantity else (1.0 * "root".quantity) / 2 end) as "su	correlated-count-reducer|exists-material
meta::relational::tests::tds::groupBy::GroupByWithMapFnColumns	default	project+groupBy	plain-join	select "producttable_0".NAME as "prodName", sum("root".quantity * "root".quantity) as "sum" from tradeTable as "root" left outer join productSchema.productTable	correlated-count-reducer|exists-material
meta::relational::tests::tds::groupBy::GroupByWithMapFnConstant	default	project+groupBy	plain-join	select "producttable_0".NAME as "prodName", sum("root".quantity * 3) as "sum" from tradeTable as "root" left outer join productSchema.productTable as "productta	correlated-count-reducer|exists-material
meta::relational::tests::tds::groupBy::groupByAfterASortOnColumnInGroupBy	default	filter+project+groupBy	plain-join	select "root".LEGALNAME as "legalName", listagg("persontable_0".LASTNAME, '*') as "lastNames" from firmTable as "root" left outer join personTable as "persontab	correlated-count-reducer|exists-material
meta::relational::tests::tds::groupBy::groupByAfterASortOnColumnNotInGroupBy	default	filter+project+groupBy	plain-join	select "firmtable_0"."legalName" as "legalName", listagg("lastName", '*') as "lastNames" from (select "root".LEGALNAME as "legalName", "persontable_0".LASTNAME 	correlated-count-reducer|exists-material
meta::relational::tests::tds::groupBy::groupByAfterConcatenate	default	filter+project+groupBy	plain-join	select "unionalias_0"."legalName" as "legalName", count(distinct("lastName")) as "lastNamesCount" from (select distinct "unionalias_1"."legalName" as "legalName	correlated-count-reducer|exists-material
meta::relational::tests::tds::groupBy::simpleFilterWithGroupByWithDistinct	default	filter+project	single-table	select "tradetable_0"."quantity" as "quantity", count("quantity") as "qty" from (select distinct "root".quantity as "quantity" from tradeTable as "root" where "	correlated-count-reducer
meta::relational::tests::tds::groupBy::simpleGroupByAggFuncAsLambdaWithTake	default	project+groupBy	plain-join	select top 100 "producttable_0".NAME as "prodName", sum("root".quantity) as "sum" from tradeTable as "root" left outer join productSchema.productTable as "produ	correlated-count-reducer|exists-material
meta::relational::tests::tds::groupBy::simpleGroupByAnd	default	project+groupBy	plain-join	select "producttable_0".NAME as "prodName", bool_and("root".quantity > 20) as "and" from tradeTable as "root" left outer join productSchema.productTable as "pro	correlated-count-reducer|exists-material
meta::relational::tests::tds::groupBy::simpleGroupByAverage	default	project+groupBy	plain-join	select "producttable_0".NAME as "prodName", avg(1.0 * "root".quantity) as "avg" from tradeTable as "root" left outer join productSchema.productTable as "product	correlated-count-reducer|exists-material
meta::relational::tests::tds::groupBy::simpleGroupByMax	default	project+groupBy	plain-join	select "producttable_0".NAME as "prodName", max("root".quantity) as "max" from tradeTable as "root" left outer join productSchema.productTable as "producttable_	correlated-count-reducer|exists-material
meta::relational::tests::tds::groupBy::simpleGroupByMin	default	project+groupBy	plain-join	select "producttable_0".NAME as "prodName", min("root".quantity) as "min" from tradeTable as "root" left outer join productSchema.productTable as "producttable_	correlated-count-reducer|exists-material
meta::relational::tests::tds::groupBy::simpleGroupByOr	default	project+groupBy	plain-join	select "producttable_0".NAME as "prodName", bool_or("root".quantity > 50) as "or" from tradeTable as "root" left outer join productSchema.productTable as "produ	correlated-count-reducer|exists-material
meta::relational::tests::tds::groupBy::simpleGroupBySum	default	project+groupBy	plain-join	select "producttable_0".NAME as "prodName", sum("root".quantity) as "sum" from tradeTable as "root" left outer join productSchema.productTable as "producttable_	correlated-count-reducer|exists-material
meta::relational::tests::tds::groupBy::simpleGroupByTwo	default	project+groupBy	plain-join	select "producttable_0".NAME as "prodName", count(*) as "count", sum("root".quantity) as "sum" from tradeTable as "root" left outer join productSchema.productTa	correlated-count-reducer|exists-material
meta::relational::tests::tds::groupBy::simpleGroupByWithAssociationWithJoinStrings	default	filter+project+groupBy	plain-join	select "root".LEGALNAME as "legalName", listagg("persontable_0".LASTNAME, '*') as "lastNames" from firmTable as "root" left outer join personTable as "persontab	correlated-count-reducer|exists-material
meta::relational::tests::tds::groupBy::simpleGroupByWithJoinStrings	default	filter+project+groupBy	single-table	select "root".FIRSTNAME as "firstName", listagg("root".LASTNAME, '*') as "lastNames" from personTable as "root" group by "firstName"	correlated-count-reducer
meta::relational::tests::tds::groupBy::simpleGroupConstantAggregates	default	project+groupBy	plain-join	select "producttable_0".NAME as "prodName", sum(1) as "sum", count(*) as "count" from tradeTable as "root" left outer join productSchema.productTable as "produc	correlated-count-reducer|exists-material
meta::relational::tests::tds::groupBy::simpleGroupCount	default	project+groupBy	plain-join	select "producttable_0".NAME as "prodName", count(*) as "cnt" from tradeTable as "root" left outer join productSchema.productTable as "producttable_0" on ("root	correlated-count-reducer|exists-material
meta::relational::tests::tds::groupBy::simpleGroupDistinctCount	default	project+groupBy	plain-join	select concat("persontable_0".FIRSTNAME, ' ', "persontable_0".LASTNAME) as "sourceName", count(distinct("root".ID)) as "count" from interactionTable as "root" l	exists-material
meta::relational::tests::tds::groupBy::simpleGroupDistinctCountWithExtendedPrimitives	default	project+groupBy	plain-join	select concat("persontable_0".FIRSTNAME, ' ', "persontable_0".LASTNAME) as "sourceName", count(distinct("root".ID)) as "count" from interactionTable as "root" l	exists-material
meta::relational::tests::tds::groupBy::testGroupByWithMultipleWavgAggregation	default	map+project+groupBy	single-table	select dateadd(day, 1, "root".tradeDate) as "tradeDate", count("root".ID) as "ID count", (1.0 * sum("root".quantity * "root".weight)) / sum("root".weight) as "T	correlated-count-reducer
meta::relational::tests::tds::groupBy::testGroupByWithWavgAggregation	default	map+project+groupBy	single-table	select dateadd(day, 1, "root".tradeDate) as "tradeDate", count("root".ID) as "ID count", (1.0 * sum("root".quantity * "root".weight)) / sum("root".weight) as "T	correlated-count-reducer
meta::relational::tests::tds::groupBy::testTDSGroupByIsDistinct	default	map+project+groupBy	plain-join	select "root".LEGALNAME as "LegalName", count(distinct("persontable_0".FIRSTNAME)) = count("persontable_0".FIRSTNAME) as "FirstNameIsDistinct", count(distinct("	exists-material
meta::relational::tests::tds::groupBy::testTDSGroupByPercentile	default	map+project+groupBy	plain-join	select "producttable_0".NAME as "prodName", percentile_cont(cast(0.9 as float)) within group (order by "root".quantity + 2 asc) as "p1", percentile_disc(cast(0.	exists-material
meta::relational::tests::tds::sort::testDoubleSortAsc1	default	map+project	plain-join	select "root".FIRSTNAME as "name", "addresstable_0".NAME as "address" from personTable as "root" left outer join addressTable as "addresstable_0" on ("addressta	exists-material
meta::relational::tests::tds::sort::testDoubleSortAsc1Chain	default	map+project	plain-join	select "root".FIRSTNAME as "name", "addresstable_0".NAME as "address" from personTable as "root" left outer join addressTable as "addresstable_0" on ("addressta	exists-material
meta::relational::tests::tds::sort::testDoubleSortAsc1Helper	default	map+project	plain-join	select "root".FIRSTNAME as "name", "addresstable_0".NAME as "address" from personTable as "root" left outer join addressTable as "addresstable_0" on ("addressta	exists-material
meta::relational::tests::tds::sort::testDoubleSortAsc2	default	map+project	plain-join	select "root".FIRSTNAME as "name", "addresstable_0".NAME as "address" from personTable as "root" left outer join addressTable as "addresstable_0" on ("addressta	exists-material
meta::relational::tests::tds::sort::testDoubleSortAsc2Chain	default	map+project	plain-join	select "root".FIRSTNAME as "name", "addresstable_0".NAME as "address" from personTable as "root" left outer join addressTable as "addresstable_0" on ("addressta	exists-material
meta::relational::tests::tds::sort::testDoubleSortAsc2Helper	default	map+project	plain-join	select "root".FIRSTNAME as "name", "addresstable_0".NAME as "address" from personTable as "root" left outer join addressTable as "addresstable_0" on ("addressta	exists-material
meta::relational::tests::tds::sort::testDoubleSortDesc1Chain	default	map+project	plain-join	select "root".FIRSTNAME as "name", "addresstable_0".NAME as "address" from personTable as "root" left outer join addressTable as "addresstable_0" on ("addressta	exists-material
meta::relational::tests::tds::sort::testDoubleSortDesc1Helper	default	map+project	plain-join	select "root".FIRSTNAME as "name", "addresstable_0".NAME as "address" from personTable as "root" left outer join addressTable as "addresstable_0" on ("addressta	exists-material
meta::relational::tests::tds::sort::testDoubleSortDesc2Chain	default	map+project	plain-join	select "root".FIRSTNAME as "name", "addresstable_0".NAME as "address" from personTable as "root" left outer join addressTable as "addresstable_0" on ("addressta	exists-material
meta::relational::tests::tds::sort::testDoubleSortDesc2Helper	default	map+project	plain-join	select "root".FIRSTNAME as "name", "addresstable_0".NAME as "address" from personTable as "root" left outer join addressTable as "addresstable_0" on ("addressta	exists-material
meta::relational::tests::tds::sort::testDoubleSortMixed	default	map+project	plain-join	select "root".FIRSTNAME as "name", "addresstable_0".NAME as "address" from personTable as "root" left outer join addressTable as "addresstable_0" on ("addressta	exists-material
meta::relational::tests::tds::sort::testDoubleSortMixedChain	default	map+project	plain-join	select "root".FIRSTNAME as "name", "addresstable_0".NAME as "address" from personTable as "root" left outer join addressTable as "addresstable_0" on ("addressta	exists-material
meta::relational::tests::tds::tabletds::simpleGroupCount	default	project+groupBy	no-sql-golden		correlated-count-reducer
meta::relational::tests::tds::tdsContains::testTDSContainsType1	default	filter+project	exists-predicate	select "root".ID as "pk_0", "root".FIRSTNAME as "firstName", "root".AGE as "age", "root".LASTNAME as "lastName" from personTable as "root" left outer join firmT	exists-join-form-dedup|exists-material
meta::relational::tests::tds::tdsContains::testTDSContainsType1Negation	default	filter+project	exists-predicate	select "root".ID as "pk_0", "root".FIRSTNAME as "firstName", "root".AGE as "age", "root".LASTNAME as "lastName" from personTable as "root" left outer join firmT	exists-join-form-dedup|exists-material
meta::relational::tests::tds::tdsContains::testTDSContainsType1NegationFurtherOps	default	filter+project+groupBy	exists-predicate+top-where-pred	select "firmtable_0".LEGALNAME as "FN", count("root".FIRSTNAME) as "Count" from personTable as "root" left outer join firmTable as "firmtable_0" on ("firmtable_	exists-join-form-dedup|exists-material
meta::relational::tests::tds::tdsContains::testTDSContainsType1NegationWithExtendedPrimitives	default	filter+project	exists-predicate	select "root".ID as "pk_0", "root".FIRSTNAME as "firstName", "root".AGE as "age", "root".LASTNAME as "lastName" from personTable as "root" left outer join firmT	exists-join-form-dedup|exists-material
meta::relational::tests::tds::tdsContains::testTDSContainsType2	default	filter+project	exists-predicate+top-where-pred	select "root".ID as "pk_0", "root".FIRSTNAME as "firstName", "root".AGE as "age", "root".LASTNAME as "lastName" from personTable as "root" left outer join firmT	exists-material
meta::relational::tests::tds::tdsContains::testTDSContainsType2Negation	default	filter+project	exists-predicate+top-where-pred	select "root".ID as "pk_0", "root".FIRSTNAME as "firstName", "root".AGE as "age", "root".LASTNAME as "lastName" from personTable as "root" left outer join firmT	exists-material
meta::relational::tests::tds::tdsContains::testTDSContainsType2NegationFurtherOps	default	filter+project+groupBy	exists-predicate+top-where-pred	select "firmtable_0".LEGALNAME as "FN", count("root".FIRSTNAME) as "Count" from personTable as "root" left outer join firmTable as "firmtable_0" on ("firmtable_	exists-material
meta::relational::tests::tds::tdsFilter::testFilterOnAssociatedClassAggValueAfterGroupBy	default	filter+map+groupBy	plain-join	select "root".AGE as "age", listagg("addresstable_0".NAME, ',') as "addresses" from personTable as "root" left outer join addressTable as "addresstable_0" on ("	exists-material
meta::relational::tests::tds::tdsProject::testLimitAfterLimit	default	project	single-table	select top 5 "subselect"."age" as "age" from (select top 2 "root".AGE as "age" from personTable as "root") as "subselect"	correlated-count-reducer
meta::relational::tests::tds::tdsProject::testProjectWithColumnSubSetSQLTest	default	filter+map+project	single-table	select "root".FIRSTNAME as "first_name", "root".AGE as "age" from personTable as "root" where "root".FIRSTNAME = 'David'	exists-material
meta::relational::tests::tds::tdsProject::testProjectWithColumnSubSetSQLTest	default	filter+map+project	top-where-pred	select "root".FIRSTNAME as "first_name", "root".AGE as "age", "firmtable_0".LEGALNAME as "Firm Legal Name" from personTable as "root" left outer join firmTable 	exists-material
meta::relational::tests::tds::tdsProject::testProjectWithColumnSubSetSQLTest	default	filter+map+project	top-where-pred	select "root".FIRSTNAME as "first_name", "root".AGE as "age", "firmtable_0".LEGALNAME as "Firm Legal Name", "locationtable_0".PLACE as "Location Place" from per	exists-material
meta::relational::tests::tds::tdsProject::testProjectWithColumnSubSetSQLTest	default	filter+map+project	top-where-pred	select "root".FIRSTNAME as "first_name", "root".LASTNAME as "last_name", "root".AGE as "age", "addresstable_0".NAME as "Employee Address.Name", "addresstable_0"	exists-material
meta::relational::tests::tds::tdsRestrict::testRestrictOnGroupByColumn_DropAllAggColumns	default	map+groupBy	plain-join	select "persontable_0"."Firm" as "Firm" from (select "firmtable_0".LEGALNAME as "Firm", "locationtable_0".PLACE as "Place" from personTable as "root" left outer	exists-material
meta::relational::tests::tds::tdsRestrict::testRestrictOnGroupByColumn_SubSetOfGroupByColumns	default	map+groupBy	plain-join	select "persontable_0"."Firm" as "Firm", "persontable_0"."People count" as "People count" from (select "firmtable_0".LEGALNAME as "Firm", "locationtable_0".PLAC	exists-material
meta::relational::tests::tds::tdsRestrict::testRestrictOnGroupByEleminatesUncessaryAggs	default	map+groupBy	plain-join	select "firmtable_0".LEGALNAME as "Firm", count("root".FIRSTNAME) as "People count" from personTable as "root" left outer join firmTable as "firmtable_0" on ("f	exists-material
meta::relational::tests::tds::tdsRestrict::testRestrictOnGroupByEleminatesUnnecessaryAggsWithDistinct	default	map+groupBy	plain-join	select "persontable_0"."Firm" as "Firm", "persontable_0"."People count" as "People count" from (select distinct "firmtable_0".LEGALNAME as "Firm", count("root".	exists-material
meta::relational::tests::tds::tdsRestrictDistinct::testRestrictDistinct_ColumnOrdering	default	map+project	single-table	select distinct "root".LASTNAME as "lastName", "root".FIRSTNAME as "firstName" from personTable as "root"	exists-material
meta::relational::tests::tds::tdsRestrictDistinct::testRestrictDistinct_ColumnOrdering	default	map+project	single-table	select distinct "root".LASTNAME as "lastName", "root".FIRSTNAME as "firstName" from personTable as "root"	exists-material
meta::relational::tests::tds::tdsRestrictDistinct::testRestrictDistinct_JoinCutDown_ColumnSpecs	default	project	single-table	select distinct "root".FIRSTNAME as "firstName" from personTable as "root"	exists-material
meta::relational::tests::tds::tdsRestrictDistinct::testRestrictDistinct_JoinCutDown_ColumnSpecs	default	project	single-table	select distinct "root".FIRSTNAME as "firstName" from personTable as "root"	exists-material
meta::relational::tests::tds::tdsRestrictDistinct::testRestrictDistinct_JoinCutDown_PostTdsOperations	default	project+groupBy	single-table	select count(*) as "cnt" from (select "subselect"."firstName" as "firstName" from (select top 1000 distinct "root".FIRSTNAME as "firstName" from personTable as 	exists-material
meta::relational::tests::tds::tdsRestrictDistinct::testRestrictDistinct_JoinCutDown_ProjectFunctions	default	project	single-table	select distinct "root".FIRSTNAME as "firstName" from personTable as "root"	exists-material
meta::relational::tests::tds::tdsRestrictDistinct::testRestrictDistinct_JoinCutDown_ProjectFunctions	default	project	single-table	select distinct "root".FIRSTNAME as "firstName" from personTable as "root"	exists-material
meta::relational::tests::tds::tdsRestrictDistinct::testRestrictDistinct_NoJoinCutDown	default	map+project	plain-join	select distinct "firmtable_0".LEGALNAME as "firmName", "root".LASTNAME as "lastName" from personTable as "root" left outer join firmTable as "firmtable_0" on ("	exists-material
meta::relational::tests::tds::tdsRestrictDistinct::testRestrictDistinct_NoJoinCutDown	default	map+project	plain-join	select distinct "firmtable_0".LEGALNAME as "firmName", "root".LASTNAME as "lastName" from personTable as "root" left outer join firmTable as "firmtable_0" on ("	exists-material
meta::relational::tests::tds::tdsRestrictDistinct::testRestrictDistinct_NoOptimization_NotAfterProject	default	project	plain-join	select distinct "subselect"."firstName" as "firstName" from (select top 1000 "root".FIRSTNAME as "firstName", "firmtable_0".LEGALNAME as "firmName" from personT	exists-material
meta::relational::tests::tds::tdsRestrictDistinct::testRestrictDistinct_NoOptimization_NotAfterProject	default	project	plain-join	select distinct "root".FIRSTNAME as "firstName" from personTable as "root" left outer join firmTable as "firmtable_0" on ("firmtable_0".ID = "root".FIRMID) orde	exists-material
meta::relational::tests::tds::tdsRestrictDistinct::testRestrictDistinct_NoOptimization_NotRestrictFollowedByDistinct	default	project	plain-join	select distinct "root".FIRSTNAME as "firstName" from personTable as "root" left outer join firmTable as "firmtable_0" on ("firmtable_0".ID = "root".FIRMID) orde	exists-material
meta::relational::tests::tds::tdsRestrictDistinct::testRestrictDistinct_NoOptimization_WindowColumns	default	project	plain-join	select distinct "root".LASTNAME as "lastName", "root".FIRSTNAME as "firstName", sum("root".AGE) over (partition by "root".FIRSTNAME) as "sumAge", max("root".AGE	exists-material
meta::relational::tests::tds::tdsRestrictDistinct::testRestrictDistinct_NoOptimization_WindowColumns	default	project	plain-join	select distinct "root".LASTNAME as "lastName", "root".FIRSTNAME as "firstName", sum("root".AGE) over (partition by "root".FIRSTNAME) as "sumAge", max("root".AGE	exists-material
meta::relational::tests::tds::tdsRestrictDistinct::testRestrictDistinct_NoOptimization_WindowColumns	default	project	plain-join	select distinct "root".LASTNAME as "lastName", "root".FIRSTNAME as "firstName", sum("root".AGE) over (partition by "firmTable_d#6_d#3_m3".LEGALNAME) as "sumAge"	exists-material
meta::relational::tests::tds::tdsWindow::testDistinctAfterWindowFunction	default	map+project	plain-join	select distinct "subselect"."source" as "source", "subselect"."target" as "target", "subselect"."testCol1" as "testCol1" from (select "persontable_0".FIRSTNAME 	exists-material
meta::relational::tests::tds::tdsWindow::testDistinctBeforeWindowFunction	default	map+project	plain-join	select "subselect"."source" as "source", "subselect"."target" as "target", count("subselect"."target") over (partition by "subselect"."source") as "testCol1" fr	exists-material
meta::relational::validation::complex::validateComplexValidation1	default	other	no-sql-golden		exists-join-form-dedup|exists-material
meta::relational::validation::complex::validateComplexValidation10	default	other	no-sql-golden		exists-material
meta::relational::validation::complex::validateComplexValidation2	default	other	no-sql-golden		exists-material
meta::relational::validation::complex::validateComplexValidation3	default	other	no-sql-golden		exists-material
meta::relational::validation::complex::validateComplexValidation5	default	other	no-sql-golden		exists-material
meta::relational::validation::complex::validateComplexValidation6	default	other	no-sql-golden		exists-material
meta::relational::validation::complex::validateComplexValidation8	default	other	no-sql-golden		exists-join-form-dedup|exists-material
meta::relational::validation::showcase::standalone::validateAllConstraints	default	other	no-sql-golden		exists-material
meta::relational::validation::showcase::standalone::validateAllConstraintsWithInnerJoinInFilter	default	other	no-sql-golden		exists-material
meta::relational::validation::showcase::standalone::validateAllConstraintsWithPostTDSOperation2	default	other	no-sql-golden		exists-material
meta::relational::validation::tests::milestoning::testValidateQueryOpenVariableInAgg	default	groupBy	top-where-pred	select "unionalias_0"."CONSTRAINT_ID" as "CONSTRAINT_ID", sum(("unionalias_0"."id" + 3)) as "Sum" from (select 'idNotNegative' as "CONSTRAINT_ID", 'Error' as "E	exists-material
meta::relational::validation::tests::milestoning::testValidateQueryOpenVariableInAgg	default	groupBy	top-where-pred	select "unionalias_0"."CONSTRAINT_ID" as "CONSTRAINT_ID", sum("unionalias_0"."id" + 3) as "Sum" from (select 'idNotNegative' as "CONSTRAINT_ID", 'Error' as "ENF	exists-material
meta::relational::validation::tests::milestoning::testValidateQueryOpenVariableInCol	default	other	top-where-pred	select "unionalias_0"."CONSTRAINT_ID" as "CONSTRAINT_ID", "unionalias_0"."ENFORCEMENT_LEVEL" as "ENFORCEMENT_LEVEL", "unionalias_0"."MESSAGE" as "MESSAGE", "uni	exists-material
meta::relational::validation::tests::milestoning::testValidateQueryOpenVariableInCol	default	other	top-where-pred	select "unionalias_0"."CONSTRAINT_ID" as "CONSTRAINT_ID", "unionalias_0"."ENFORCEMENT_LEVEL" as "ENFORCEMENT_LEVEL", "unionalias_0"."MESSAGE" as "MESSAGE", "uni	exists-material
meta::relational::validation::tests::milestoning::testValidateQueryOpenVariableInColAndAgg	default	groupBy	top-where-pred	select "unionalias_0"."CONSTRAINT_ID" as "CONSTRAINT_ID", (1 + 1) as "Batch_ID", sum(("unionalias_0"."id" + 3)) as "Sum" from (select 'idNotNegative' as "CONSTR	exists-material
meta::relational::validation::tests::milestoning::testValidateQueryOpenVariableInColAndAgg	default	groupBy	top-where-pred	select "unionalias_0"."CONSTRAINT_ID" as "CONSTRAINT_ID", 1 + 1 as "Batch_ID", sum("unionalias_0"."id" + 3) as "Sum" from (select 'idNotNegative' as "CONSTRAINT	exists-material
meta::relational::validation::tests::milestoning::testValidateQueryOpenVariableInColAndExtraProjection	default	other	on-clause-literal-pred+top-where-pred	select "unionalias_0"."CONSTRAINT_ID" as "CONSTRAINT_ID", "unionalias_0"."ENFORCEMENT_LEVEL" as "ENFORCEMENT_LEVEL", "unionalias_0"."MESSAGE" as "MESSAGE", "uni	exists-material
meta::relational::validation::tests::milestoning::testValidateQueryOpenVariableInColAndExtraProjection	default	other	top-where-pred	select "unionalias_0"."CONSTRAINT_ID" as "CONSTRAINT_ID", "unionalias_0"."ENFORCEMENT_LEVEL" as "ENFORCEMENT_LEVEL", "unionalias_0"."MESSAGE" as "MESSAGE", "uni	exists-material
meta::relational::validation::tests::milestoning::testValidateQueryOpenVariableInKeyExpression	default	other	top-where-pred	select "unionalias_0"."CONSTRAINT_ID" as "CONSTRAINT_ID", "unionalias_0"."ENFORCEMENT_LEVEL" as "ENFORCEMENT_LEVEL", "unionalias_0"."MESSAGE" as "MESSAGE", "uni	exists-material
meta::relational::validation::tests::milestoning::testValidateQueryOpenVariableInKeyExpression	default	other	top-where-pred	select "unionalias_0"."CONSTRAINT_ID" as "CONSTRAINT_ID", "unionalias_0"."ENFORCEMENT_LEVEL" as "ENFORCEMENT_LEVEL", "unionalias_0"."MESSAGE" as "MESSAGE", "uni	exists-material
meta::relational::validation::tests::milestoning::testValidateQueryWithMilestoning	default	other	top-where-pred	select "unionalias_0"."CONSTRAINT_ID" as "CONSTRAINT_ID", "unionalias_0"."ENFORCEMENT_LEVEL" as "ENFORCEMENT_LEVEL", "unionalias_0"."MESSAGE" as "MESSAGE", "uni	exists-material
meta::relational::validation::tests::milestoning::testValidateQueryWithMilestoning	default	other	top-where-pred	select "unionalias_0"."CONSTRAINT_ID" as "CONSTRAINT_ID", "unionalias_0"."ENFORCEMENT_LEVEL" as "ENFORCEMENT_LEVEL", "unionalias_0"."MESSAGE" as "MESSAGE", "uni	exists-material
meta::relational::validation::tests::milestoning::testValidateQueryWithMilestoningAndAggregationAll	default	other	grouped-subselect-join+on-clause-literal-pred+top-where-pred	select "unionalias_0"."CONSTRAINT_ID" as "CONSTRAINT_ID", "unionalias_0"."ENFORCEMENT_LEVEL" as "ENFORCEMENT_LEVEL", "unionalias_0"."MESSAGE" as "MESSAGE", "uni	exists-material
meta::relational::validation::tests::milestoning::testValidateQueryWithMilestoningAndAggregationAll	default	other	grouped-subselect-join+top-where-pred	select "unionalias_0"."CONSTRAINT_ID" as "CONSTRAINT_ID", "unionalias_0"."ENFORCEMENT_LEVEL" as "ENFORCEMENT_LEVEL", "unionalias_0"."MESSAGE" as "MESSAGE", "uni	exists-material
meta::relational::validation::tests::milestoning::testValidateQueryWithMilestoningWithMultipleVariables	default	filter	top-where-pred	select "unionalias_0"."CONSTRAINT_ID" as "CONSTRAINT_ID", "unionalias_0"."ENFORCEMENT_LEVEL" as "ENFORCEMENT_LEVEL", "unionalias_0"."MESSAGE" as "MESSAGE", "uni	exists-material
meta::relational::validation::tests::milestoning::testValidateQueryWithMilestoningWithMultipleVariables	default	filter	top-where-pred	select "unionalias_0"."CONSTRAINT_ID" as "CONSTRAINT_ID", "unionalias_0"."ENFORCEMENT_LEVEL" as "ENFORCEMENT_LEVEL", "unionalias_0"."MESSAGE" as "MESSAGE", "uni	exists-material
meta::relational::validation::tests::milestoning::testValidateQueryWithMilestoningWithVariable	default	other	top-where-pred	select "unionalias_0"."CONSTRAINT_ID" as "CONSTRAINT_ID", "unionalias_0"."ENFORCEMENT_LEVEL" as "ENFORCEMENT_LEVEL", "unionalias_0"."MESSAGE" as "MESSAGE", "uni	exists-material
meta::relational::validation::tests::milestoning::testValidateQueryWithMilestoningWithVariable	default	other	top-where-pred	select "unionalias_0"."CONSTRAINT_ID" as "CONSTRAINT_ID", "unionalias_0"."ENFORCEMENT_LEVEL" as "ENFORCEMENT_LEVEL", "unionalias_0"."MESSAGE" as "MESSAGE", "uni	exists-material
