fqn	source	demand	corpusDefined	constraints	derived	stereotypes	taggedValues	defaults	escapes	file
meta::core::runtime::Connection	legend-pure	java	false	0	0	0	0	0		legend-pure/legend-pure-dsl/legend-pure-dsl-store/legend-pure-m2-dsl-store-pure/src/main/resources/platform_dsl_store/grammar/runtime.pure
meta::core::runtime::ConnectionStore	legend-pure	java	false	0	0	0	0	0		legend-pure/legend-pure-dsl/legend-pure-dsl-store/legend-pure-m2-dsl-store-pure/src/main/resources/platform_dsl_store/grammar/runtime.pure
meta::core::runtime::EngineRuntime	legend-engine	closure	true	0	0	0	0	0		legend-engine/legend-engine-core/legend-engine-core-pure/legend-engine-pure-code-compiled-core/src/main/resources/core/pure/runtime/runtimeExtension.pure
meta::core::runtime::Runtime	legend-pure	java	false	0	1	0	0	0		legend-pure/legend-pure-dsl/legend-pure-dsl-store/legend-pure-m2-dsl-store-pure/src/main/resources/platform_dsl_store/grammar/runtime.pure
meta::external::format::shared::ExternalFormatContract	legend-engine	closure	true	1	1	0	0	1		legend-engine/legend-engine-core/legend-engine-core-pure/legend-engine-pure-code-compiled-core/src/main/resources/core/pure/binding/externalFormat/externalFormatContract.pure
meta::external::format::shared::ExternalFormatExternalizeConfig	legend-engine	closure	true	0	0	1	0	0		legend-engine/legend-engine-core/legend-engine-core-pure/legend-engine-pure-code-compiled-core/src/main/resources/core/pure/binding/externalFormat/externalFormatContract.pure
meta::external::format::shared::ExternalFormatFromPureDescriptor	legend-engine	closure	true	1	2	0	0	0		legend-engine/legend-engine-core/legend-engine-core-pure/legend-engine-pure-code-compiled-core/src/main/resources/core/pure/binding/externalFormat/externalFormatContract.pure
meta::external::format::shared::ExternalFormatInternalizeConfig	legend-engine	closure	true	0	0	1	0	0		legend-engine/legend-engine-core/legend-engine-core-pure/legend-engine-pure-code-compiled-core/src/main/resources/core/pure/binding/externalFormat/externalFormatContract.pure
meta::external::format::shared::ExternalFormatToPureDescriptor	legend-engine	closure	true	1	2	0	0	0		legend-engine/legend-engine-core/legend-engine-core-pure/legend-engine-pure-code-compiled-core/src/main/resources/core/pure/binding/externalFormat/externalFormatContract.pure
meta::external::format::shared::binding::Binding	legend-engine	closure	true	0	0	0	0	0		legend-engine/legend-engine-core/legend-engine-core-pure/legend-engine-pure-code-compiled-core/src/main/resources/core/pure/binding/binding/binding.pure
meta::external::format::shared::binding::validation::BindingDetail	legend-engine	closure	true	0	0	1	0	0		legend-engine/legend-engine-core/legend-engine-core-pure/legend-engine-pure-code-compiled-core/src/main/resources/core/pure/binding/binding/validation.pure
meta::external::format::shared::metamodel::SchemaSet	legend-engine	closure	true	0	0	0	0	0		legend-engine/legend-engine-core/legend-engine-core-pure/legend-engine-pure-code-compiled-core/src/main/resources/core/pure/binding/schemaSet/metamodel.pure
meta::external::format::shared::transformation::GenerationConfiguration	legend-engine	closure	true	0	0	0	0	0		legend-engine/legend-engine-core/legend-engine-core-pure/legend-engine-pure-code-compiled-core/src/main/resources/core/pure/binding/transformation/generation.pure
meta::external::format::shared::transformation::fromPure::ModelToSchemaConfiguration	legend-engine	closure	true	1	0	0	0	0		legend-engine/legend-engine-core/legend-engine-core-pure/legend-engine-pure-code-compiled-core/src/main/resources/core/pure/binding/transformation/generation.pure
meta::external::format::shared::transformation::toPure::SchemaToModelConfiguration	legend-engine	closure	true	0	0	0	0	0		legend-engine/legend-engine-core/legend-engine-core-pure/legend-engine-pure-code-compiled-core/src/main/resources/core/pure/binding/transformation/generation.pure
meta::external::store::model::JsonModelConnection	legend-engine	java	true	0	0	0	0	0		legend-engine/legend-engine-core/legend-engine-core-pure/legend-engine-pure-code-compiled-core/src/main/resources/core/pure/mapping/modelToModel.pure
meta::external::store::model::ModelChainConnection	legend-engine	java	true	0	0	0	0	0		legend-engine/legend-engine-core/legend-engine-core-pure/legend-engine-pure-code-compiled-core/src/main/resources/core/pure/mapping/modelToModel.pure
meta::external::store::model::PureInstanceSetImplementation	legend-pure	platform	false	0	0	0	0	0		legend-pure/legend-pure-dsl/legend-pure-dsl-mapping/legend-pure-m2-dsl-mapping-pure/src/main/resources/platform_dsl_mapping/grammar/mapping.pure
meta::external::store::model::PureModelConnection	legend-engine	closure	true	0	0	0	0	0		legend-engine/legend-engine-core/legend-engine-core-pure/legend-engine-pure-code-compiled-core/src/main/resources/core/pure/mapping/modelToModel.pure
meta::external::store::model::PurePropertyMapping	legend-pure	platform	false	0	0	0	0	0		legend-pure/legend-pure-dsl/legend-pure-dsl-mapping/legend-pure-m2-dsl-mapping-pure/src/main/resources/platform_dsl_mapping/grammar/mapping.pure
meta::external::store::relational::runtime::DatabaseConnection	legend-pure	java	false	0	0	0	0	0		legend-pure/legend-pure-store/legend-pure-store-relational/legend-pure-m2-store-relational-pure/src/main/resources/platform_store_relational/relationalRuntime.pure
meta::external::store::relational::runtime::RelationalDatabaseConnection	legend-engine	java	true	0	0	0	0	0		legend-engine/legend-engine-xts-relationalStore/legend-engine-xt-relationalStore-generation/legend-engine-xt-relationalStore-pure/legend-engine-xt-relationalStore-core-pure/src/main/resources/core_relational/relational/runtime/connection/connection.pure
meta::external::store::relational::runtime::RelationalQueryGenerationConfig	legend-pure	platform	false	0	0	1	0	0		legend-pure/legend-pure-store/legend-pure-store-relational/legend-pure-m2-store-relational-pure/src/main/resources/platform_store_relational/relationalRuntime.pure
meta::external::store::relational::runtime::TestDatabaseConnection	legend-pure	java	false	0	0	0	0	0		legend-pure/legend-pure-store/legend-pure-store-relational/legend-pure-m2-store-relational-pure/src/main/resources/platform_store_relational/relationalRuntime.pure
meta::json::JSONArray	legend-engine	java	true	0	0	0	0	0		legend-engine/legend-engine-core/legend-engine-core-pure/legend-engine-pure-code-functions-json/legend-engine-pure-functions-json-pure/src/main/resources/core_functions_json/json.pure
meta::json::JSONBoolean	legend-engine	java	true	0	0	0	0	0		legend-engine/legend-engine-core/legend-engine-core-pure/legend-engine-pure-code-functions-json/legend-engine-pure-functions-json-pure/src/main/resources/core_functions_json/json.pure
meta::json::JSONElement	legend-engine	java	true	0	0	0	0	0		legend-engine/legend-engine-core/legend-engine-core-pure/legend-engine-pure-code-functions-json/legend-engine-pure-functions-json-pure/src/main/resources/core_functions_json/json.pure
meta::json::JSONKeyValue	legend-engine	java	true	0	0	0	0	0		legend-engine/legend-engine-core/legend-engine-core-pure/legend-engine-pure-code-functions-json/legend-engine-pure-functions-json-pure/src/main/resources/core_functions_json/json.pure
meta::json::JSONNull	legend-engine	java	true	0	0	0	0	0		legend-engine/legend-engine-core/legend-engine-core-pure/legend-engine-pure-code-functions-json/legend-engine-pure-functions-json-pure/src/main/resources/core_functions_json/json.pure
meta::json::JSONNumber	legend-engine	java	true	0	0	0	0	0		legend-engine/legend-engine-core/legend-engine-core-pure/legend-engine-pure-code-functions-json/legend-engine-pure-functions-json-pure/src/main/resources/core_functions_json/json.pure
meta::json::JSONObject	legend-engine	java	true	0	0	0	0	0		legend-engine/legend-engine-core/legend-engine-core-pure/legend-engine-pure-code-functions-json/legend-engine-pure-functions-json-pure/src/main/resources/core_functions_json/json.pure
meta::json::JSONString	legend-engine	java	true	0	0	0	0	0		legend-engine/legend-engine-core/legend-engine-core-pure/legend-engine-pure-code-functions-json/legend-engine-pure-functions-json-pure/src/main/resources/core_functions_json/json.pure
meta::pure::alloy::connections::Mapper	legend-engine	closure	true	0	0	0	0	0		legend-engine/legend-engine-xts-relationalStore/legend-engine-xt-relationalStore-generation/legend-engine-xt-relationalStore-pure/legend-engine-xt-relationalStore-core-pure/src/main/resources/core_relational/relational/runtime/connection/postprocessor.pure
meta::pure::alloy::connections::MapperPostProcessor	legend-engine	java	true	0	0	0	0	0		legend-engine/legend-engine-xts-relationalStore/legend-engine-xt-relationalStore-generation/legend-engine-xt-relationalStore-pure/legend-engine-xt-relationalStore-core-pure/src/main/resources/core_relational/relational/runtime/connection/postprocessor.pure
meta::pure::alloy::connections::PostProcessor	legend-engine	closure	true	0	0	1	0	0		legend-engine/legend-engine-xts-relationalStore/legend-engine-xt-relationalStore-generation/legend-engine-xt-relationalStore-pure/legend-engine-xt-relationalStore-core-pure/src/main/resources/core_relational/relational/runtime/connection/postprocessor.pure
meta::pure::alloy::connections::RelationalMapperPostProcessor	legend-engine	java	true	0	0	0	0	0		legend-engine/legend-engine-xts-relationalStore/legend-engine-xt-relationalStore-generation/legend-engine-xt-relationalStore-pure/legend-engine-xt-relationalStore-core-pure/src/main/resources/core_relational/relational/runtime/connection/postprocessor.pure
meta::pure::alloy::connections::SchemaNameMapper	legend-engine	java	true	0	0	1	0	0		legend-engine/legend-engine-xts-relationalStore/legend-engine-xt-relationalStore-generation/legend-engine-xt-relationalStore-pure/legend-engine-xt-relationalStore-core-pure/src/main/resources/core_relational/relational/runtime/connection/postprocessor.pure
meta::pure::alloy::connections::TableNameMapper	legend-engine	java	true	0	0	1	0	0		legend-engine/legend-engine-xts-relationalStore/legend-engine-xt-relationalStore-generation/legend-engine-xt-relationalStore-pure/legend-engine-xt-relationalStore-core-pure/src/main/resources/core_relational/relational/runtime/connection/postprocessor.pure
meta::pure::alloy::connections::alloy::authentication::AuthenticationStrategy	legend-engine	closure	true	0	0	1	0	0		legend-engine/legend-engine-xts-relationalStore/legend-engine-xt-relationalStore-generation/legend-engine-xt-relationalStore-pure/legend-engine-xt-relationalStore-core-pure/src/main/resources/core_relational/relational/runtime/connection/authenticationStrategy.pure
meta::pure::alloy::connections::alloy::specification::DatasourceSpecification	legend-engine	java	true	0	0	1	0	0		legend-engine/legend-engine-xts-relationalStore/legend-engine-xt-relationalStore-generation/legend-engine-xt-relationalStore-pure/legend-engine-xt-relationalStore-core-pure/src/main/resources/core_relational/relational/runtime/connection/datasourceSpecification.pure
meta::pure::alloy::connections::alloy::specification::LocalH2DatasourceSpecification	legend-engine	java	true	0	0	0	0	0		legend-engine/legend-engine-xts-relationalStore/legend-engine-xt-relationalStore-generation/legend-engine-xt-relationalStore-pure/legend-engine-xt-relationalStore-core-pure/src/main/resources/core_relational/relational/runtime/connection/datasourceSpecification.pure
meta::pure::data::EmbeddedData	legend-engine	closure	true	0	0	1	0	0		legend-engine/legend-engine-core/legend-engine-core-pure/legend-engine-pure-code-compiled-core/src/main/resources/core/pure/data/data.pure
meta::pure::dataQuality::Checked	legend-engine	java	true	0	0	0	0	0		legend-engine/legend-engine-core/legend-engine-core-pure/legend-engine-pure-code-compiled-core/src/main/resources/core/pure/dataQuality/dataQuality.pure
meta::pure::dataQuality::Defect	legend-engine	closure	true	0	0	0	0	0		legend-engine/legend-engine-core/legend-engine-core-pure/legend-engine-pure-code-compiled-core/src/main/resources/core/pure/dataQuality/dataQuality.pure
meta::pure::dataQuality::EnforcementLevel	legend-engine	closure	true	enum						legend-engine/legend-engine-core/legend-engine-core-pure/legend-engine-pure-code-compiled-core/src/main/resources/core/pure/dataQuality/dataQuality.pure
meta::pure::dataQuality::RelativePathNode	legend-engine	closure	true	0	0	0	0	0		legend-engine/legend-engine-core/legend-engine-core-pure/legend-engine-pure-code-compiled-core/src/main/resources/core/pure/dataQuality/dataQuality.pure
meta::pure::dataQuality::RuleType	legend-engine	closure	true	enum						legend-engine/legend-engine-core/legend-engine-core-pure/legend-engine-pure-code-compiled-core/src/main/resources/core/pure/dataQuality/dataQuality.pure
meta::pure::diagram::AbstractPathView	legend-pure	platform	false	0	0	0	0	0		legend-pure/legend-pure-dsl/legend-pure-dsl-diagram/legend-pure-m2-dsl-diagram-pure/src/main/resources/platform_dsl_diagram/diagram.pure
meta::pure::diagram::AssociationPropertyView	legend-pure	platform	false	0	0	0	0	0		legend-pure/legend-pure-dsl/legend-pure-dsl-diagram/legend-pure-m2-dsl-diagram-pure/src/main/resources/platform_dsl_diagram/diagram.pure
meta::pure::diagram::AssociationView	legend-pure	platform	false	0	0	0	0	0		legend-pure/legend-pure-dsl/legend-pure-dsl-diagram/legend-pure-m2-dsl-diagram-pure/src/main/resources/platform_dsl_diagram/diagram.pure
meta::pure::diagram::AssociationVisibility	legend-pure	platform	false	0	0	0	0	0		legend-pure/legend-pure-dsl/legend-pure-dsl-diagram/legend-pure-m2-dsl-diagram-pure/src/main/resources/platform_dsl_diagram/diagram.pure
meta::pure::diagram::AttributeVisibility	legend-pure	platform	false	0	0	0	0	0		legend-pure/legend-pure-dsl/legend-pure-dsl-diagram/legend-pure-m2-dsl-diagram-pure/src/main/resources/platform_dsl_diagram/diagram.pure
meta::pure::diagram::Diagram	legend-pure	platform	false	0	0	0	0	0		legend-pure/legend-pure-dsl/legend-pure-dsl-diagram/legend-pure-m2-dsl-diagram-pure/src/main/resources/platform_dsl_diagram/diagram.pure
meta::pure::diagram::DiagramNode	legend-pure	platform	false	0	0	0	0	0		legend-pure/legend-pure-dsl/legend-pure-dsl-diagram/legend-pure-m2-dsl-diagram-pure/src/main/resources/platform_dsl_diagram/diagram.pure
meta::pure::diagram::GeneralizationView	legend-pure	platform	false	0	0	0	0	0		legend-pure/legend-pure-dsl/legend-pure-dsl-diagram/legend-pure-m2-dsl-diagram-pure/src/main/resources/platform_dsl_diagram/diagram.pure
meta::pure::diagram::Geometry	legend-pure	platform	false	0	0	0	0	0		legend-pure/legend-pure-dsl/legend-pure-dsl-diagram/legend-pure-m2-dsl-diagram-pure/src/main/resources/platform_dsl_diagram/diagram.pure
meta::pure::diagram::LineGeometry	legend-pure	platform	false	0	0	0	0	0		legend-pure/legend-pure-dsl/legend-pure-dsl-diagram/legend-pure-m2-dsl-diagram-pure/src/main/resources/platform_dsl_diagram/diagram.pure
meta::pure::diagram::LineStyle	legend-pure	platform	false	enum						legend-pure/legend-pure-dsl/legend-pure-dsl-diagram/legend-pure-m2-dsl-diagram-pure/src/main/resources/platform_dsl_diagram/diagram.pure
meta::pure::diagram::Point	legend-pure	platform	false	0	0	0	0	0		legend-pure/legend-pure-dsl/legend-pure-dsl-diagram/legend-pure-m2-dsl-diagram-pure/src/main/resources/platform_dsl_diagram/diagram.pure
meta::pure::diagram::PropertyView	legend-pure	platform	false	0	0	0	0	0		legend-pure/legend-pure-dsl/legend-pure-dsl-diagram/legend-pure-m2-dsl-diagram-pure/src/main/resources/platform_dsl_diagram/diagram.pure
meta::pure::diagram::RectangleGeometry	legend-pure	platform	false	0	0	0	0	0		legend-pure/legend-pure-dsl/legend-pure-dsl-diagram/legend-pure-m2-dsl-diagram-pure/src/main/resources/platform_dsl_diagram/diagram.pure
meta::pure::diagram::Rendering	legend-pure	platform	false	0	0	0	0	0		legend-pure/legend-pure-dsl/legend-pure-dsl-diagram/legend-pure-m2-dsl-diagram-pure/src/main/resources/platform_dsl_diagram/diagram.pure
meta::pure::diagram::TypeView	legend-pure	platform	false	0	0	0	0	0		legend-pure/legend-pure-dsl/legend-pure-dsl-diagram/legend-pure-m2-dsl-diagram-pure/src/main/resources/platform_dsl_diagram/diagram.pure
meta::pure::diagram::TypeVisibility	legend-pure	platform	false	0	0	0	0	0		legend-pure/legend-pure-dsl/legend-pure-dsl-diagram/legend-pure-m2-dsl-diagram-pure/src/main/resources/platform_dsl_diagram/diagram.pure
meta::pure::diagram::Visibility	legend-pure	platform	false	0	0	0	0	0		legend-pure/legend-pure-dsl/legend-pure-dsl-diagram/legend-pure-m2-dsl-diagram-pure/src/main/resources/platform_dsl_diagram/diagram.pure
meta::pure::executionPlan::ExecutionNode	legend-engine	java	true	0	1	0	0	0		legend-engine/legend-engine-core/legend-engine-core-pure/legend-engine-pure-code-compiled-core/src/main/resources/core/pure/executionPlan/executionPlan.pure
meta::pure::executionPlan::ExecutionOption	legend-engine	closure	true	0	0	0	0	0		legend-engine/legend-engine-core/legend-engine-core-pure/legend-engine-pure-code-compiled-core/src/main/resources/core/pure/executionPlan/executionPlan_generation.pure
meta::pure::executionPlan::ExecutionPlan	legend-engine	java	true	0	0	0	0	0		legend-engine/legend-engine-core/legend-engine-core-pure/legend-engine-pure-code-compiled-core/src/main/resources/core/pure/executionPlan/executionPlan.pure
meta::pure::executionPlan::FunctionParameter	legend-engine	java	true	0	0	0	0	0		legend-engine/legend-engine-core/legend-engine-core-pure/legend-engine-pure-code-compiled-core/src/main/resources/core/pure/executionPlan/executionPlan.pure
meta::pure::executionPlan::FunctionParametersValidationNode	legend-engine	java	true	0	0	0	0	0		legend-engine/legend-engine-core/legend-engine-core-pure/legend-engine-pure-code-compiled-core/src/main/resources/core/pure/executionPlan/executionPlan.pure
meta::pure::executionPlan::ParameterValidationContext	legend-engine	closure	true	0	0	0	0	0		legend-engine/legend-engine-core/legend-engine-core-pure/legend-engine-pure-code-compiled-core/src/main/resources/core/pure/executionPlan/executionPlan.pure
meta::pure::executionPlan::PlanVarPlaceHolder	legend-engine	closure	true	0	0	0	0	0		legend-engine/legend-engine-core/legend-engine-core-pure/legend-engine-pure-code-compiled-core/src/main/resources/core/pure/executionPlan/executionPlan_generation.pure
meta::pure::executionPlan::PlanVariablePlaceHolder	legend-pure	platform	false	0	0	0	0	0		legend-pure/legend-pure-core/legend-pure-m3-core/src/main/resources/platform/pure/executionPlan.pure
meta::pure::executionPlan::PlatformImplementation	legend-engine	closure	true	0	0	0	0	0		legend-engine/legend-engine-core/legend-engine-core-pure/legend-engine-pure-code-compiled-core/src/main/resources/core/pure/executionPlan/executionPlan.pure
meta::pure::executionPlan::ResultType	legend-engine	closure	true	0	0	0	0	0		legend-engine/legend-engine-core/legend-engine-core-pure/legend-engine-pure-code-compiled-core/src/main/resources/core/pure/executionPlan/executionPlan.pure
meta::pure::executionPlan::SequenceExecutionNode	legend-engine	java	true	0	0	0	0	0		legend-engine/legend-engine-core/legend-engine-core-pure/legend-engine-pure-code-compiled-core/src/main/resources/core/pure/executionPlan/executionPlan.pure
meta::pure::executionPlan::VariableInput	legend-engine	closure	true	0	0	0	0	0		legend-engine/legend-engine-core/legend-engine-core-pure/legend-engine-pure-code-compiled-core/src/main/resources/core/pure/executionPlan/executionPlan.pure
meta::pure::executionPlan::extension::ExecutionPlanExtension	legend-engine	closure	true	0	0	0	0	0		legend-engine/legend-engine-core/legend-engine-core-pure/legend-engine-pure-code-compiled-core/src/main/resources/core/pure/executionPlan/extensions.pure
meta::pure::executionPlan::platformBinding::PlatformBinding	legend-engine	closure	true	2	0	1	0	0		legend-engine/legend-engine-core/legend-engine-core-pure/legend-engine-pure-code-compiled-core/src/main/resources/core/pure/executionPlan/platformBinding/platformBinding.pure
meta::pure::executionPlan::platformBinding::PlatformBindingConfig	legend-engine	closure	true	0	0	1	0	0		legend-engine/legend-engine-core/legend-engine-core-pure/legend-engine-pure-code-compiled-core/src/main/resources/core/pure/executionPlan/platformBinding/platformBinding.pure
meta::pure::executionPlan::platformBinding::PlatformBindingExtension	legend-engine	closure	true	0	0	1	0	0		legend-engine/legend-engine-core/legend-engine-core-pure/legend-engine-pure-code-compiled-core/src/main/resources/core/pure/executionPlan/platformBinding/platformBinding.pure
meta::pure::extension::Extension	legend-engine	java	true	0	5	0	0	0		legend-engine/legend-engine-core/legend-engine-core-pure/legend-engine-pure-code-compiled-core/src/main/resources/core/pure/extensions/extension.pure
meta::pure::extension::FeatureExtension	legend-engine	closure	true	0	0	0	0	0		legend-engine/legend-engine-core/legend-engine-core-pure/legend-engine-pure-code-compiled-core/src/main/resources/core/pure/extensions/extension.pure
meta::pure::extension::ModuleExtension	legend-engine	java	true	0	0	0	0	0		legend-engine/legend-engine-core/legend-engine-core-pure/legend-engine-pure-code-compiled-core/src/main/resources/core/pure/extensions/extension.pure
meta::pure::extension::SerializerExtension	legend-engine	closure	true	0	0	0	0	0		legend-engine/legend-engine-core/legend-engine-core-pure/legend-engine-pure-code-compiled-core/src/main/resources/core/pure/extensions/extension.pure
meta::pure::functions::collection::AggregateValue	legend-engine	java	false	0	0	0	0	0		legend-engine/legend-engine-core/legend-engine-core-pure/legend-engine-pure-code-compiled-core/src/main/resources/core/pure/corefunctions/collectionExtension.pure
meta::pure::functions::collection::List	legend-pure	java	false	0	1	0	0	0		legend-pure/legend-pure-core/legend-pure-m3-core/src/main/resources/platform/pure/anonymousCollections.pure
meta::pure::functions::collection::Map	legend-pure	java	false	0	0	0	0	0		legend-pure/legend-pure-core/legend-pure-m3-core/src/main/resources/platform/pure/anonymousCollections.pure
meta::pure::functions::collection::MapStats	legend-pure	java	false	0	0	0	0	0		legend-pure/legend-pure-core/legend-pure-m3-core/src/main/resources/platform/pure/essential/collection/anonymous/map/getMapStats.pure
meta::pure::functions::collection::Pair	legend-pure	java	false	0	1	0	0	0		legend-pure/legend-pure-core/legend-pure-m3-core/src/main/resources/platform/pure/anonymousCollections.pure
meta::pure::functions::collection::TreeNode	legend-pure	platform	false	0	0	0	0	0		legend-pure/legend-pure-core/legend-pure-m3-core/src/main/resources/platform/pure/anonymousCollections.pure
meta::pure::functions::collection::ValueHolder	legend-pure	platform	false	0	0	0	0	0		legend-pure/legend-pure-core/legend-pure-m3-core/src/main/resources/platform/pure/anonymousCollections.pure
meta::pure::functions::date::DayOfWeek	legend-pure	java	false	enum						legend-pure/legend-pure-core/legend-pure-m3-core/src/main/resources/platform/pure/essential/date/_structures.pure
meta::pure::functions::date::Duration	legend-pure	java	false	0	0	0	0	0		legend-pure/legend-pure-core/legend-pure-m3-core/src/main/resources/platform/pure/essential/date/_structures.pure
meta::pure::functions::date::DurationUnit	legend-pure	java	false	enum						legend-pure/legend-pure-core/legend-pure-m3-core/src/main/resources/platform/pure/essential/date/_structures.pure
meta::pure::functions::date::Month	legend-pure	java	false	enum						legend-pure/legend-pure-core/legend-pure-m3-core/src/main/resources/platform/pure/essential/date/_structures.pure
meta::pure::functions::date::Quarter	legend-pure	java	false	enum						legend-pure/legend-pure-core/legend-pure-m3-core/src/main/resources/platform/pure/essential/date/_structures.pure
meta::pure::functions::date::Time	legend-pure	platform	false	0	0	0	0	0		legend-pure/legend-pure-core/legend-pure-m3-core/src/main/resources/platform/pure/essential/date/_structures.pure
meta::pure::functions::lang::KeyValue	legend-pure	java	false	0	0	0	0	0		legend-pure/legend-pure-core/legend-pure-m3-core/src/main/resources/platform/pure/essential/lang/creation/dynamicNew.pure
meta::pure::functions::math::mathUtility::RowMapper	legend-engine	java	false	0	0	0	0	0		legend-engine/legend-engine-core/legend-engine-core-pure/legend-engine-pure-code-functions-standard/legend-engine-pure-functions-standard-pure/src/main/resources/core_functions_standard/math/aggregator/mathUtility.pure
meta::pure::functions::meta::SourceInformation	legend-pure	java	false	0	0	0	0	0		legend-pure/legend-pure-core/legend-pure-m3-core/src/main/resources/platform/pure/essential/meta/source/sourceInformation.pure
meta::pure::functions::relation::Frame	legend-pure	platform	false	0	0	0	0	0		legend-pure/legend-pure-core/legend-pure-m3-core/src/main/resources/platform/pure/grammar/functions/meta/type/relation/window/frame.pure
meta::pure::functions::relation::FrameIntValue	legend-pure	platform	false	0	0	0	0	0		legend-pure/legend-pure-core/legend-pure-m3-core/src/main/resources/platform/pure/grammar/functions/meta/type/relation/window/frame.pure
meta::pure::functions::relation::FrameIntervalValue	legend-pure	platform	false	0	0	0	0	0		legend-pure/legend-pure-core/legend-pure-m3-core/src/main/resources/platform/pure/grammar/functions/meta/type/relation/window/frame.pure
meta::pure::functions::relation::FrameNumericValue	legend-pure	platform	false	0	0	0	0	0		legend-pure/legend-pure-core/legend-pure-m3-core/src/main/resources/platform/pure/grammar/functions/meta/type/relation/window/frame.pure
meta::pure::functions::relation::FrameValue	legend-pure	platform	false	0	0	0	0	0		legend-pure/legend-pure-core/legend-pure-m3-core/src/main/resources/platform/pure/grammar/functions/meta/type/relation/window/frame.pure
meta::pure::functions::relation::JoinKind	legend-engine	java	false	enum						legend-engine/legend-engine-core/legend-engine-core-pure/legend-engine-pure-code-functions-relation/legend-engine-pure-functions-relation-pure/src/main/resources/core_functions_relation/relation/functions/transformation/join.pure
meta::pure::functions::relation::Rows	legend-engine	java	false	0	0	0	0	0		legend-engine/legend-engine-core/legend-engine-core-pure/legend-engine-pure-code-functions-relation/legend-engine-pure-functions-relation-pure/src/main/resources/core_functions_relation/relation/functions/olap/frame/rows.pure
meta::pure::functions::relation::SortInfo	legend-pure	java	false	0	0	0	0	0		legend-pure/legend-pure-core/legend-pure-m3-core/src/main/resources/platform/pure/grammar/functions/meta/type/relation/window/sort.pure
meta::pure::functions::relation::UnboundedFrameValue	legend-pure	java	false	0	0	0	0	0		legend-pure/legend-pure-core/legend-pure-m3-core/src/main/resources/platform/pure/grammar/functions/meta/type/relation/window/frame.pure
meta::pure::functions::relation::_Range	legend-engine	java	false	0	0	0	0	0		legend-engine/legend-engine-core/legend-engine-core-pure/legend-engine-pure-code-functions-relation/legend-engine-pure-functions-relation-pure/src/main/resources/core_functions_relation/relation/functions/olap/frame/range.pure
meta::pure::functions::relation::_RangeInterval	legend-engine	java	false	0	0	0	0	0		legend-engine/legend-engine-core/legend-engine-core-pure/legend-engine-pure-code-functions-relation/legend-engine-pure-functions-relation-pure/src/main/resources/core_functions_relation/relation/functions/olap/frame/range.pure
meta::pure::functions::relation::_Window	legend-pure	java	false	0	0	0	0	0		legend-pure/legend-pure-core/legend-pure-m3-core/src/main/resources/platform/pure/grammar/functions/meta/type/relation/window/window.pure
meta::pure::functions::string::RegexpParameter	legend-engine	java	false	enum						legend-engine/legend-engine-core/legend-engine-core-pure/legend-engine-pure-code-functions-unclassified/legend-engine-pure-functions-unclassified-pure/src/main/resources/core_functions_unclassified/string/regex/regexpParameter.pure
meta::pure::functions::test::TestedByResult	legend-engine	closure	true	0	3	0	0	0		legend-engine/legend-engine-core/legend-engine-core-pure/legend-engine-pure-code-compiled-core/src/main/resources/core/pure/corefunctions/testExtension.pure
meta::pure::graphFetch::GraphFetchTree	legend-pure	platform	false	0	2	0	0	0		legend-pure/legend-pure-dsl/legend-pure-dsl-graph/legend-pure-m2-dsl-graph-pure/src/main/resources/platform_dsl_graph/graph.pure
meta::pure::graphFetch::PropertyGraphFetchTree	legend-pure	platform	false	0	2	0	0	0		legend-pure/legend-pure-dsl/legend-pure-dsl-graph/legend-pure-m2-dsl-graph-pure/src/main/resources/platform_dsl_graph/graph.pure
meta::pure::graphFetch::RootGraphFetchTree	legend-pure	java	false	0	0	0	0	0		legend-pure/legend-pure-dsl/legend-pure-dsl-graph/legend-pure-m2-dsl-graph-pure/src/main/resources/platform_dsl_graph/graph.pure
meta::pure::graphFetch::SubTypeGraphFetchTree	legend-pure	platform	false	0	0	0	0	0		legend-pure/legend-pure-dsl/legend-pure-dsl-graph/legend-pure-m2-dsl-graph-pure/src/main/resources/platform_dsl_graph/graph.pure
meta::pure::graphFetch::execution::AlloySerializationConfig	legend-engine	java	false	0	0	0	0	0		legend-engine/legend-engine-core/legend-engine-core-pure/legend-engine-pure-code-compiled-core/src/main/resources/core/pure/graphFetch/graphFetch.pure
meta::pure::graphFetch::executionPlan::LocalGraphFetchExecutionNode	legend-engine	closure	true	0	0	0	0	0		legend-engine/legend-engine-core/legend-engine-core-pure/legend-engine-pure-code-compiled-core/src/main/resources/core/pure/graphFetch/graphFetchExecutionPlan.pure
meta::pure::graphFetch::executionPlan::StoreMappingCrossLocalGraphFetchExecutionNodeGenerationInput	legend-engine	closure	true	0	0	0	0	0		legend-engine/legend-engine-core/legend-engine-core-pure/legend-engine-pure-code-compiled-core/src/main/resources/core/pure/graphFetch/graphFetchExecutionPlan.pure
meta::pure::graphFetch::executionPlan::StoreMappingLocalGraphFetchExecutionNodeGenerationInput	legend-engine	closure	true	0	0	0	0	0		legend-engine/legend-engine-core/legend-engine-core-pure/legend-engine-pure-code-compiled-core/src/main/resources/core/pure/graphFetch/graphFetchExecutionPlan.pure
meta::pure::graphFetch::routing::ClusteredGraphFetchTree	legend-engine	closure	true	0	0	1	0	0		legend-engine/legend-engine-core/legend-engine-core-pure/legend-engine-pure-code-compiled-core/src/main/resources/core/pure/router/metamodel/clustering.pure
meta::pure::graphFetch::routing::RoutedGraphFetchTree	legend-engine	closure	true	0	0	0	0	0		legend-engine/legend-engine-core/legend-engine-core-pure/legend-engine-pure-code-compiled-core/src/main/resources/core/pure/router/store/metamodel.pure
meta::pure::graphFetch::routing::StoreMappingClusteredGraphFetchTree	legend-engine	closure	true	0	0	0	0	0		legend-engine/legend-engine-core/legend-engine-core-pure/legend-engine-pure-code-compiled-core/src/main/resources/core/pure/router/store/metamodel.pure
meta::pure::lineage::scanColumns::ColumnWithContext	legend-engine	java	true	0	0	0	0	0		legend-engine/legend-engine-xts-relationalStore/legend-engine-xt-relationalStore-generation/legend-engine-xt-relationalStore-pure/legend-engine-xt-relationalStore-core-pure/src/main/resources/core_relational/relational/lineage/scanColumns/scanColumns.pure
meta::pure::lineage::scanProperties::PropertyPathNode	legend-engine	java	false	0	0	0	0	0		legend-engine/legend-engine-core/legend-engine-core-pure/legend-engine-pure-code-compiled-core/src/main/resources/core/pure/lineage/scanProperties.pure
meta::pure::lineage::scanProperties::Res	legend-engine	java	false	0	0	0	0	0		legend-engine/legend-engine-core/legend-engine-core-pure/legend-engine-pure-code-compiled-core/src/main/resources/core/pure/lineage/scanProperties.pure
meta::pure::lineage::scanProperties::propertyTree::PropertyPathTree	legend-engine	java	false	0	0	0	0	0		legend-engine/legend-engine-core/legend-engine-core-pure/legend-engine-pure-code-compiled-core/src/main/resources/core/pure/lineage/scanProperties.pure
meta::pure::lineage::scanRelations::RelationTree	legend-engine	java	true	0	4	0	0	0		legend-engine/legend-engine-xts-relationalStore/legend-engine-xt-relationalStore-generation/legend-engine-xt-relationalStore-pure/legend-engine-xt-relationalStore-core-pure/src/main/resources/core_relational/relational/lineage/scanRelations/scanRelations.pure
meta::pure::mapping::Activity	legend-pure	java	false	0	0	0	0	0		legend-pure/legend-pure-dsl/legend-pure-dsl-mapping/legend-pure-m2-dsl-mapping-pure/src/main/resources/platform_dsl_mapping/result.pure
meta::pure::mapping::AssociationImplementation	legend-pure	java	false	0	0	0	0	0		legend-pure/legend-pure-dsl/legend-pure-dsl-mapping/legend-pure-m2-dsl-mapping-pure/src/main/resources/platform_dsl_mapping/grammar/mapping.pure
meta::pure::mapping::EmbeddedSetImplementation	legend-pure	platform	false	0	0	0	0	0		legend-pure/legend-pure-dsl/legend-pure-dsl-mapping/legend-pure-m2-dsl-mapping-pure/src/main/resources/platform_dsl_mapping/grammar/mapping.pure
meta::pure::mapping::InlineEmbeddedSetImplementation	legend-pure	platform	false	0	0	0	0	0		legend-pure/legend-pure-dsl/legend-pure-dsl-mapping/legend-pure-m2-dsl-mapping-pure/src/main/resources/platform_dsl_mapping/grammar/mapping.pure
meta::pure::mapping::MappingClass	legend-pure	platform	false	0	0	0	0	0		legend-pure/legend-pure-dsl/legend-pure-dsl-mapping/legend-pure-m2-dsl-mapping-pure/src/main/resources/platform_dsl_mapping/grammar/mapping.pure
meta::pure::mapping::MappingInclude	legend-pure	java	false	0	0	0	0	0		legend-pure/legend-pure-dsl/legend-pure-dsl-mapping/legend-pure-m2-dsl-mapping-pure/src/main/resources/platform_dsl_mapping/grammar/mapping.pure
meta::pure::mapping::MergeOperationSetImplementation	legend-pure	platform	false	0	0	0	0	0		legend-pure/legend-pure-dsl/legend-pure-dsl-mapping/legend-pure-m2-dsl-mapping-pure/src/main/resources/platform_dsl_mapping/grammar/mapping.pure
meta::pure::mapping::OperationSetImplementation	legend-pure	platform	false	0	0	0	0	0		legend-pure/legend-pure-dsl/legend-pure-dsl-mapping/legend-pure-m2-dsl-mapping-pure/src/main/resources/platform_dsl_mapping/grammar/mapping.pure
meta::pure::mapping::OtherwiseEmbeddedSetImplementation	legend-pure	platform	false	0	0	0	0	0		legend-pure/legend-pure-dsl/legend-pure-dsl-mapping/legend-pure-m2-dsl-mapping-pure/src/main/resources/platform_dsl_mapping/grammar/mapping.pure
meta::pure::mapping::PropertyMappingValueSpecificationContext	legend-pure	platform	false	0	0	0	0	0		legend-pure/legend-pure-dsl/legend-pure-dsl-mapping/legend-pure-m2-dsl-mapping-pure/src/main/resources/platform_dsl_mapping/grammar/mapping.pure
meta::pure::mapping::PropertyOwnerImplementation	legend-pure	platform	false	0	0	0	0	0		legend-pure/legend-pure-dsl/legend-pure-dsl-mapping/legend-pure-m2-dsl-mapping-pure/src/main/resources/platform_dsl_mapping/grammar/mapping.pure
meta::pure::mapping::Result	legend-pure	java	false	0	0	0	0	0		legend-pure/legend-pure-dsl/legend-pure-dsl-mapping/legend-pure-m2-dsl-mapping-pure/src/main/resources/platform_dsl_mapping/result.pure
meta::pure::mapping::RoutingActivity	legend-pure	platform	false	0	0	0	0	0		legend-pure/legend-pure-dsl/legend-pure-dsl-mapping/legend-pure-m2-dsl-mapping-pure/src/main/resources/platform_dsl_mapping/result.pure
meta::pure::mapping::SetImplementationContainer	legend-pure	platform	false	0	0	0	0	0		legend-pure/legend-pure-dsl/legend-pure-dsl-mapping/legend-pure-m2-dsl-mapping-pure/src/main/resources/platform_dsl_mapping/grammar/mapping.pure
meta::pure::mapping::StoreQuery	legend-engine	closure	true	0	0	0	0	0		legend-engine/legend-engine-core/legend-engine-core-pure/legend-engine-pure-code-compiled-core/src/main/resources/core/pure/mapping/mappingExtension.pure
meta::pure::mapping::SubstituteStore	legend-pure	platform	false	0	0	0	0	0		legend-pure/legend-pure-dsl/legend-pure-dsl-mapping/legend-pure-m2-dsl-mapping-pure/src/main/resources/platform_dsl_mapping/grammar/mapping.pure
meta::pure::mapping::ValueTransformer	legend-pure	platform	false	0	0	0	0	0		legend-pure/legend-pure-dsl/legend-pure-dsl-mapping/legend-pure-m2-dsl-mapping-pure/src/main/resources/platform_dsl_mapping/grammar/mapping.pure
meta::pure::mapping::aggregationAware::AggregateSetImplementationContainer	legend-pure	platform	false	0	0	0	0	0		legend-pure/legend-pure-dsl/legend-pure-dsl-mapping/legend-pure-m2-dsl-mapping-pure/src/main/resources/platform_dsl_mapping/grammar/mapping.pure
meta::pure::mapping::aggregationAware::AggregateSpecification	legend-pure	platform	false	0	0	0	0	0		legend-pure/legend-pure-dsl/legend-pure-dsl-mapping/legend-pure-m2-dsl-mapping-pure/src/main/resources/platform_dsl_mapping/grammar/mapping.pure
meta::pure::mapping::aggregationAware::AggregateSpecificationValueSpecificationContext	legend-pure	platform	false	0	0	0	0	0		legend-pure/legend-pure-dsl/legend-pure-dsl-mapping/legend-pure-m2-dsl-mapping-pure/src/main/resources/platform_dsl_mapping/grammar/mapping.pure
meta::pure::mapping::aggregationAware::AggregationAwareActivity	legend-engine	java	true	0	0	0	0	0		legend-engine/legend-engine-core/legend-engine-core-pure/legend-engine-pure-code-compiled-core/src/main/resources/core/store/aggregationAware/aggregationAware.pure
meta::pure::mapping::aggregationAware::AggregationAwarePropertyMapping	legend-pure	platform	false	0	0	0	0	0		legend-pure/legend-pure-dsl/legend-pure-dsl-mapping/legend-pure-m2-dsl-mapping-pure/src/main/resources/platform_dsl_mapping/grammar/mapping.pure
meta::pure::mapping::aggregationAware::AggregationAwareSetImplementation	legend-pure	platform	false	0	0	0	0	0		legend-pure/legend-pure-dsl/legend-pure-dsl-mapping/legend-pure-m2-dsl-mapping-pure/src/main/resources/platform_dsl_mapping/grammar/mapping.pure
meta::pure::mapping::aggregationAware::AggregationFunctionSpecification	legend-pure	platform	false	0	0	0	0	0		legend-pure/legend-pure-dsl/legend-pure-dsl-mapping/legend-pure-m2-dsl-mapping-pure/src/main/resources/platform_dsl_mapping/grammar/mapping.pure
meta::pure::mapping::aggregationAware::GroupByFunctionSpecification	legend-pure	platform	false	0	0	0	0	0		legend-pure/legend-pure-dsl/legend-pure-dsl-mapping/legend-pure-m2-dsl-mapping-pure/src/main/resources/platform_dsl_mapping/grammar/mapping.pure
meta::pure::mapping::modelJoin::ModelJoinAssociationImplementation	legend-pure	platform	false	0	0	0	0	0		legend-pure/legend-pure-dsl/legend-pure-dsl-mapping/legend-pure-m2-dsl-mapping-pure/src/main/resources/platform_dsl_mapping/grammar/mapping.pure
meta::pure::mapping::modelJoin::ModelJoinPropertyMapping	legend-pure	platform	false	0	0	0	0	0		legend-pure/legend-pure-dsl/legend-pure-dsl-mapping/legend-pure-m2-dsl-mapping-pure/src/main/resources/platform_dsl_mapping/grammar/mapping.pure
meta::pure::mapping::relation::EmbeddedRelationFunctionSetImplementation	legend-pure	platform	false	0	0	0	0	0		legend-pure/legend-pure-dsl/legend-pure-dsl-mapping/legend-pure-m2-dsl-mapping-pure/src/main/resources/platform_dsl_mapping/grammar/mapping.pure
meta::pure::mapping::relation::RelationFunctionInstanceSetImplementation	legend-pure	platform	false	0	0	0	0	0		legend-pure/legend-pure-dsl/legend-pure-dsl-mapping/legend-pure-m2-dsl-mapping-pure/src/main/resources/platform_dsl_mapping/grammar/mapping.pure
meta::pure::mapping::relation::RelationFunctionPropertyMapping	legend-pure	platform	false	0	0	0	0	0		legend-pure/legend-pure-dsl/legend-pure-dsl-mapping/legend-pure-m2-dsl-mapping-pure/src/main/resources/platform_dsl_mapping/grammar/mapping.pure
meta::pure::mapping::xStore::XStoreAssociationImplementation	legend-pure	platform	false	0	0	0	0	0		legend-pure/legend-pure-dsl/legend-pure-dsl-mapping/legend-pure-m2-dsl-mapping-pure/src/main/resources/platform_dsl_mapping/grammar/mapping.pure
meta::pure::mapping::xStore::XStorePropertyMapping	legend-pure	platform	false	0	0	0	0	0		legend-pure/legend-pure-dsl/legend-pure-dsl-mapping/legend-pure-m2-dsl-mapping-pure/src/main/resources/platform_dsl_mapping/grammar/mapping.pure
meta::pure::metamodel::ModelElement	legend-pure	platform	false	0	0	0	0	0		legend-pure/legend-pure-core/legend-pure-m3-core/src/main/resources/platform/pure/grammar/m3.pure
meta::pure::metamodel::PackageableElement	legend-pure	java	false	0	0	0	0	0		legend-pure/legend-pure-core/legend-pure-m3-core/src/main/resources/platform/pure/grammar/m3.pure
meta::pure::metamodel::PropertyOwner	legend-pure	platform	false	0	0	0	0	0		legend-pure/legend-pure-core/legend-pure-m3-core/src/main/resources/platform/pure/grammar/m3.pure
meta::pure::metamodel::ReferenceUsage	legend-pure	platform	false	0	0	0	0	0		legend-pure/legend-pure-core/legend-pure-m3-core/src/main/resources/platform/pure/grammar/m3.pure
meta::pure::metamodel::Referenceable	legend-pure	java	false	0	0	0	0	0		legend-pure/legend-pure-core/legend-pure-m3-core/src/main/resources/platform/pure/grammar/m3.pure
meta::pure::metamodel::constraint::Constraint	legend-pure	platform	false	0	0	0	0	0		legend-pure/legend-pure-core/legend-pure-m3-core/src/main/resources/platform/pure/grammar/m3.pure
meta::pure::metamodel::extension::AnnotatedElement	legend-pure	platform	false	0	0	0	0	0		legend-pure/legend-pure-core/legend-pure-m3-core/src/main/resources/platform/pure/grammar/m3.pure
meta::pure::metamodel::extension::Annotation	legend-pure	platform	false	0	0	0	0	0		legend-pure/legend-pure-core/legend-pure-m3-core/src/main/resources/platform/pure/grammar/m3.pure
meta::pure::metamodel::extension::ElementWithConstraints	legend-pure	platform	false	0	0	0	0	0		legend-pure/legend-pure-core/legend-pure-m3-core/src/main/resources/platform/pure/grammar/m3.pure
meta::pure::metamodel::extension::ElementWithStereotypes	legend-pure	platform	false	0	0	0	0	0		legend-pure/legend-pure-core/legend-pure-m3-core/src/main/resources/platform/pure/grammar/m3.pure
meta::pure::metamodel::extension::ElementWithTaggedValues	legend-pure	platform	false	0	0	0	0	0		legend-pure/legend-pure-core/legend-pure-m3-core/src/main/resources/platform/pure/grammar/m3.pure
meta::pure::metamodel::extension::Profile	legend-pure	java	false	0	0	0	0	0		legend-pure/legend-pure-core/legend-pure-m3-core/src/main/resources/platform/pure/grammar/m3.pure
meta::pure::metamodel::extension::Stereotype	legend-pure	platform	false	0	0	0	0	0		legend-pure/legend-pure-core/legend-pure-m3-core/src/main/resources/platform/pure/grammar/m3.pure
meta::pure::metamodel::extension::Tag	legend-pure	platform	false	0	0	0	0	0		legend-pure/legend-pure-core/legend-pure-m3-core/src/main/resources/platform/pure/grammar/m3.pure
meta::pure::metamodel::extension::TaggedValue	legend-pure	platform	false	0	0	0	0	0		legend-pure/legend-pure-core/legend-pure-m3-core/src/main/resources/platform/pure/grammar/m3.pure
meta::pure::metamodel::function::ConcreteFunctionDefinition	legend-pure	java	false	0	0	0	0	0		legend-pure/legend-pure-core/legend-pure-m3-core/src/main/resources/platform/pure/grammar/m3.pure
meta::pure::metamodel::function::Function	legend-pure	java	false	0	0	0	0	0		legend-pure/legend-pure-core/legend-pure-m3-core/src/main/resources/platform/pure/grammar/m3.pure
meta::pure::metamodel::function::FunctionDefinition	legend-pure	java	false	0	0	0	0	0		legend-pure/legend-pure-core/legend-pure-m3-core/src/main/resources/platform/pure/grammar/m3.pure
meta::pure::metamodel::function::KeyExpression	legend-pure	platform	false	0	0	0	0	0		legend-pure/legend-pure-core/legend-pure-m3-core/src/main/resources/platform/pure/grammar/m3.pure
meta::pure::metamodel::function::NativeFunction	legend-pure	platform	false	0	0	0	0	0		legend-pure/legend-pure-core/legend-pure-m3-core/src/main/resources/platform/pure/grammar/m3.pure
meta::pure::metamodel::function::PackageableFunction	legend-pure	platform	false	0	0	0	0	0		legend-pure/legend-pure-core/legend-pure-m3-core/src/main/resources/platform/pure/grammar/m3.pure
meta::pure::metamodel::function::property::AbstractProperty	legend-pure	platform	false	0	0	0	0	0		legend-pure/legend-pure-core/legend-pure-m3-core/src/main/resources/platform/pure/grammar/m3.pure
meta::pure::metamodel::function::property::AggregationKind	legend-pure	platform	false	enum						legend-pure/legend-pure-core/legend-pure-m3-core/src/main/resources/platform/pure/grammar/m3.pure
meta::pure::metamodel::function::property::DefaultValue	legend-pure	platform	false	0	0	0	0	0		legend-pure/legend-pure-core/legend-pure-m3-core/src/main/resources/platform/pure/grammar/m3.pure
meta::pure::metamodel::function::property::Property	legend-pure	java	false	0	0	0	0	0		legend-pure/legend-pure-core/legend-pure-m3-core/src/main/resources/platform/pure/grammar/m3.pure
meta::pure::metamodel::function::property::QualifiedProperty	legend-pure	java	false	0	0	0	0	0		legend-pure/legend-pure-core/legend-pure-m3-core/src/main/resources/platform/pure/grammar/m3.pure
meta::pure::metamodel::import::EnumStub	legend-pure	platform	false	0	0	0	0	0		legend-pure/legend-pure-core/legend-pure-m3-core/src/main/resources/platform/pure/grammar/m3.pure
meta::pure::metamodel::import::Import	legend-pure	platform	false	0	0	0	0	0		legend-pure/legend-pure-core/legend-pure-m3-core/src/main/resources/platform/pure/grammar/m3.pure
meta::pure::metamodel::import::ImportGroup	legend-pure	platform	false	0	0	0	0	0		legend-pure/legend-pure-core/legend-pure-m3-core/src/main/resources/platform/pure/grammar/m3.pure
meta::pure::metamodel::import::ImportStub	legend-pure	platform	false	0	0	0	0	0		legend-pure/legend-pure-core/legend-pure-m3-core/src/main/resources/platform/pure/grammar/m3.pure
meta::pure::metamodel::import::PropertyStub	legend-pure	platform	false	0	0	0	0	0		legend-pure/legend-pure-core/legend-pure-m3-core/src/main/resources/platform/pure/grammar/m3.pure
meta::pure::metamodel::multiplicity::Multiplicity	legend-pure	java	false	0	0	0	0	0		legend-pure/legend-pure-core/legend-pure-m3-core/src/main/resources/platform/pure/grammar/m3.pure
meta::pure::metamodel::multiplicity::MultiplicityValue	legend-pure	java	false	0	0	0	0	0		legend-pure/legend-pure-core/legend-pure-m3-core/src/main/resources/platform/pure/grammar/m3.pure
meta::pure::metamodel::multiplicity::PackageableMultiplicity	legend-pure	platform	false	0	0	0	0	0		legend-pure/legend-pure-core/legend-pure-m3-core/src/main/resources/platform/pure/grammar/m3.pure
meta::pure::metamodel::relation::AggColSpec	legend-pure	java	false	0	0	0	0	0		legend-pure/legend-pure-core/legend-pure-m3-core/src/main/resources/platform/pure/relation.pure
meta::pure::metamodel::relation::AggColSpecArray	legend-pure	java	false	0	0	0	0	0		legend-pure/legend-pure-core/legend-pure-m3-core/src/main/resources/platform/pure/relation.pure
meta::pure::metamodel::relation::ColSpec	legend-pure	java	false	0	0	0	0	0		legend-pure/legend-pure-core/legend-pure-m3-core/src/main/resources/platform/pure/relation.pure
meta::pure::metamodel::relation::ColSpecArray	legend-pure	java	false	0	0	0	0	0		legend-pure/legend-pure-core/legend-pure-m3-core/src/main/resources/platform/pure/relation.pure
meta::pure::metamodel::relation::Column	legend-pure	java	false	0	0	0	0	0		legend-pure/legend-pure-core/legend-pure-m3-core/src/main/resources/platform/pure/grammar/m3.pure
meta::pure::metamodel::relation::FuncColSpec	legend-pure	java	false	0	0	0	0	0		legend-pure/legend-pure-core/legend-pure-m3-core/src/main/resources/platform/pure/relation.pure
meta::pure::metamodel::relation::FuncColSpecArray	legend-pure	java	false	0	0	0	0	0		legend-pure/legend-pure-core/legend-pure-m3-core/src/main/resources/platform/pure/relation.pure
meta::pure::metamodel::relation::GenericTypeOperation	legend-pure	platform	false	0	0	0	0	0		legend-pure/legend-pure-core/legend-pure-m3-core/src/main/resources/platform/pure/grammar/m3.pure
meta::pure::metamodel::relation::GenericTypeOperationType	legend-pure	platform	false	enum						legend-pure/legend-pure-core/legend-pure-m3-core/src/main/resources/platform/pure/grammar/m3.pure
meta::pure::metamodel::relation::RelationElementAccessor	legend-pure	platform	false	0	0	0	0	0		legend-pure/legend-pure-core/legend-pure-m3-core/src/main/resources/platform/pure/grammar/m3.pure
meta::pure::metamodel::relation::RelationType	legend-pure	platform	false	0	0	0	0	0		legend-pure/legend-pure-core/legend-pure-m3-core/src/main/resources/platform/pure/grammar/m3.pure
meta::pure::metamodel::relation::TDS	legend-pure	java	false	0	0	0	0	0		legend-pure/legend-pure-dsl/legend-pure-dsl-tds/legend-pure-m2-dsl-tds-pure/src/main/resources/platform_dsl_tds/tds.pure
meta::pure::metamodel::relation::TDSRelationAccessor	legend-pure	platform	false	0	0	0	0	0		legend-pure/legend-pure-dsl/legend-pure-dsl-tds/legend-pure-m2-dsl-tds-pure/src/main/resources/platform_dsl_tds/tds.pure
meta::pure::metamodel::relationship::Association	legend-pure	java	false	0	0	0	0	0		legend-pure/legend-pure-core/legend-pure-m3-core/src/main/resources/platform/pure/grammar/m3.pure
meta::pure::metamodel::relationship::AssociationProjection	legend-pure	platform	false	0	0	0	0	0		legend-pure/legend-pure-core/legend-pure-m3-core/src/main/resources/platform/pure/grammar/m3.pure
meta::pure::metamodel::relationship::Generalization	legend-pure	platform	false	0	0	0	0	0		legend-pure/legend-pure-core/legend-pure-m3-core/src/main/resources/platform/pure/grammar/m3.pure
meta::pure::metamodel::serialization::grammar::GrammarExtension	legend-engine	closure	true	0	0	0	0	0		legend-engine/legend-engine-core/legend-engine-core-pure/legend-engine-pure-code-compiled-core/src/main/resources/core/pure/serialization/toPureGrammar.pure
meta::pure::metamodel::testable::Test	legend-pure	platform	false	0	0	0	0	0		legend-pure/legend-pure-core/legend-pure-m3-core/src/main/resources/platform/pure/grammar/m3.pure
meta::pure::metamodel::testable::Testable	legend-pure	platform	false	0	0	0	0	0		legend-pure/legend-pure-core/legend-pure-m3-core/src/main/resources/platform/pure/grammar/m3.pure
meta::pure::metamodel::treepath::ExistingPropertyRouteNode	legend-pure	platform	false	0	0	0	0	0		legend-pure/legend-pure-core/legend-pure-m3-core/src/main/resources/platform/pure/grammar/m3.pure
meta::pure::metamodel::treepath::NewPropertyRouteNode	legend-pure	platform	false	0	0	0	0	0		legend-pure/legend-pure-core/legend-pure-m3-core/src/main/resources/platform/pure/grammar/m3.pure
meta::pure::metamodel::treepath::NewPropertyRouteNodeFunctionDefinition	legend-pure	platform	false	0	0	0	0	0		legend-pure/legend-pure-core/legend-pure-m3-core/src/main/resources/platform/pure/grammar/m3.pure
meta::pure::metamodel::treepath::PropertyRouteNode	legend-pure	platform	false	0	0	0	0	0		legend-pure/legend-pure-core/legend-pure-m3-core/src/main/resources/platform/pure/grammar/m3.pure
meta::pure::metamodel::treepath::RootRouteNode	legend-pure	platform	false	0	0	0	0	0		legend-pure/legend-pure-core/legend-pure-m3-core/src/main/resources/platform/pure/grammar/m3.pure
meta::pure::metamodel::treepath::RouteNode	legend-pure	platform	false	0	0	0	0	0		legend-pure/legend-pure-core/legend-pure-m3-core/src/main/resources/platform/pure/grammar/m3.pure
meta::pure::metamodel::treepath::RouteNodePropertyStub	legend-pure	platform	false	0	0	0	0	0		legend-pure/legend-pure-core/legend-pure-m3-core/src/main/resources/platform/pure/grammar/m3.pure
meta::pure::metamodel::type::ClassProjection	legend-pure	platform	false	0	0	0	0	0		legend-pure/legend-pure-core/legend-pure-m3-core/src/main/resources/platform/pure/grammar/m3.pure
meta::pure::metamodel::type::ConstraintsGetterOverride	legend-pure	platform	false	0	0	0	0	0		legend-pure/legend-pure-core/legend-pure-m3-core/src/main/resources/platform/pure/grammar/m3.pure
meta::pure::metamodel::type::ConstraintsOverride	legend-pure	platform	false	0	0	0	0	0		legend-pure/legend-pure-core/legend-pure-m3-core/src/main/resources/platform/pure/grammar/m3.pure
meta::pure::metamodel::type::DataType	legend-pure	java	false	0	0	0	0	0		legend-pure/legend-pure-core/legend-pure-m3-core/src/main/resources/platform/pure/grammar/m3.pure
meta::pure::metamodel::type::Enum	legend-pure	java	false	0	0	0	0	0		legend-pure/legend-pure-core/legend-pure-m3-core/src/main/resources/platform/pure/grammar/m3.pure
meta::pure::metamodel::type::FunctionType	legend-pure	platform	false	0	0	0	0	0		legend-pure/legend-pure-core/legend-pure-m3-core/src/main/resources/platform/pure/grammar/m3.pure
meta::pure::metamodel::type::GetterOverride	legend-pure	platform	false	0	0	0	0	0		legend-pure/legend-pure-core/legend-pure-m3-core/src/main/resources/platform/pure/grammar/m3.pure
meta::pure::metamodel::type::Nil	legend-pure	java	false	0	0	0	0	0		legend-pure/legend-pure-core/legend-pure-m3-core/src/main/resources/platform/pure/grammar/m3.pure
meta::pure::metamodel::type::PrimitiveType	legend-pure	platform	false	0	0	0	0	0		legend-pure/legend-pure-core/legend-pure-m3-core/src/main/resources/platform/pure/grammar/m3.pure
meta::pure::metamodel::type::Type	legend-pure	java	false	0	0	0	0	0		legend-pure/legend-pure-core/legend-pure-m3-core/src/main/resources/platform/pure/grammar/m3.pure
meta::pure::metamodel::type::generics::InferredGenericType	legend-pure	platform	false	0	0	0	0	0		legend-pure/legend-pure-core/legend-pure-m3-core/src/main/resources/platform/pure/grammar/m3.pure
meta::pure::metamodel::type::generics::TypeParameter	legend-pure	java	false	0	0	0	0	0		legend-pure/legend-pure-core/legend-pure-m3-core/src/main/resources/platform/pure/grammar/m3.pure
meta::pure::metamodel::valuespecification::ClassConstraintValueSpecificationContext	legend-pure	platform	false	0	0	0	0	0		legend-pure/legend-pure-core/legend-pure-m3-core/src/main/resources/platform/pure/grammar/m3.pure
meta::pure::metamodel::valuespecification::Expression	legend-pure	platform	false	0	0	0	0	0		legend-pure/legend-pure-core/legend-pure-m3-core/src/main/resources/platform/pure/grammar/m3.pure
meta::pure::metamodel::valuespecification::ExpressionSequenceValueSpecificationContext	legend-pure	platform	false	0	0	0	0	0		legend-pure/legend-pure-core/legend-pure-m3-core/src/main/resources/platform/pure/grammar/m3.pure
meta::pure::metamodel::valuespecification::FunctionExpression	legend-pure	java	false	0	0	0	0	0		legend-pure/legend-pure-core/legend-pure-m3-core/src/main/resources/platform/pure/grammar/m3.pure
meta::pure::metamodel::valuespecification::InstanceValue	legend-pure	java	false	0	0	0	0	0		legend-pure/legend-pure-core/legend-pure-m3-core/src/main/resources/platform/pure/grammar/m3.pure
meta::pure::metamodel::valuespecification::InstanceValueSpecificationContext	legend-pure	platform	false	0	0	0	0	0		legend-pure/legend-pure-core/legend-pure-m3-core/src/main/resources/platform/pure/grammar/m3.pure
meta::pure::metamodel::valuespecification::KeyValueValueSpecificationContext	legend-pure	platform	false	0	0	0	0	0		legend-pure/legend-pure-core/legend-pure-m3-core/src/main/resources/platform/pure/grammar/m3.pure
meta::pure::metamodel::valuespecification::NonExecutableValueSpecification	legend-pure	platform	false	0	0	0	0	0		legend-pure/legend-pure-core/legend-pure-m3-core/src/main/resources/platform/pure/grammar/m3.pure
meta::pure::metamodel::valuespecification::ParameterValueSpecificationContext	legend-pure	platform	false	0	0	0	0	0		legend-pure/legend-pure-core/legend-pure-m3-core/src/main/resources/platform/pure/grammar/m3.pure
meta::pure::metamodel::valuespecification::SimpleFunctionExpression	legend-pure	platform	false	0	0	0	0	0		legend-pure/legend-pure-core/legend-pure-m3-core/src/main/resources/platform/pure/grammar/m3.pure
meta::pure::metamodel::valuespecification::StoreValueSpecificationContext	legend-pure	platform	false	0	0	0	0	0		legend-pure/legend-pure-dsl/legend-pure-dsl-store/legend-pure-m2-dsl-store-pure/src/main/resources/platform_dsl_store/grammar/store.pure
meta::pure::metamodel::valuespecification::ValueSpecification	legend-pure	java	false	0	0	0	0	0		legend-pure/legend-pure-core/legend-pure-m3-core/src/main/resources/platform/pure/grammar/m3.pure
meta::pure::metamodel::valuespecification::ValueSpecificationContext	legend-pure	platform	false	0	0	0	0	0		legend-pure/legend-pure-core/legend-pure-m3-core/src/main/resources/platform/pure/grammar/m3.pure
meta::pure::metamodel::valuespecification::VariableExpression	legend-pure	java	false	0	0	0	0	0		legend-pure/legend-pure-core/legend-pure-m3-core/src/main/resources/platform/pure/grammar/m3.pure
meta::pure::metamodel::variant::Variant	legend-pure	java	false	0	0	0	0	0		legend-pure/legend-pure-core/legend-pure-m3-core/src/main/resources/platform/pure/variant/variant.pure
meta::pure::milestoning::BiTemporal	legend-pure	platform	false	0	0	0	0	0		legend-pure/legend-pure-core/legend-pure-m3-core/src/main/resources/platform/pure/grammar/milestoning.pure
meta::pure::milestoning::BiTemporalMilestoning	legend-pure	platform	false	0	0	0	0	0		legend-pure/legend-pure-core/legend-pure-m3-core/src/main/resources/platform/pure/grammar/milestoning.pure
meta::pure::milestoning::BusinessDateMilestoning	legend-pure	java	false	0	0	0	0	0		legend-pure/legend-pure-core/legend-pure-m3-core/src/main/resources/platform/pure/grammar/milestoning.pure
meta::pure::milestoning::BusinessTemporal	legend-pure	platform	false	0	0	0	0	0		legend-pure/legend-pure-core/legend-pure-m3-core/src/main/resources/platform/pure/grammar/milestoning.pure
meta::pure::milestoning::DateMilestoning	legend-pure	platform	false	0	0	0	0	0		legend-pure/legend-pure-core/legend-pure-m3-core/src/main/resources/platform/pure/grammar/milestoning.pure
meta::pure::milestoning::ProcessingDateMilestoning	legend-pure	java	false	0	0	0	0	0		legend-pure/legend-pure-core/legend-pure-m3-core/src/main/resources/platform/pure/grammar/milestoning.pure
meta::pure::milestoning::ProcessingTemporal	legend-pure	platform	false	0	0	0	0	0		legend-pure/legend-pure-core/legend-pure-m3-core/src/main/resources/platform/pure/grammar/milestoning.pure
meta::pure::milestoning::SingleDateTemporalStrategy	legend-pure	platform	false	0	0	0	0	0		legend-pure/legend-pure-core/legend-pure-m3-core/src/main/resources/platform/pure/grammar/milestoning.pure
meta::pure::milestoning::TemporalStrategy	legend-pure	platform	false	0	0	0	0	0		legend-pure/legend-pure-core/legend-pure-m3-core/src/main/resources/platform/pure/grammar/milestoning.pure
meta::pure::model::unit::ModelUnit	legend-engine	closure	true	0	16	0	0	0		legend-engine/legend-engine-core/legend-engine-core-pure/legend-engine-pure-code-compiled-core/src/main/resources/core/pure/model/modelUnit.pure
meta::pure::router::RoutedValueSpecification	legend-pure	platform	false	0	0	0	0	0		legend-pure/legend-pure-core/legend-pure-m3-core/src/main/resources/platform/pure/routing.pure
meta::pure::router::extension::RouterExtension	legend-engine	java	false	0	0	0	0	1		legend-engine/legend-engine-core/legend-engine-core-pure/legend-engine-pure-code-compiled-core/src/main/resources/core/pure/router/extension/router_extension.pure
meta::pure::router::metamodel::ExtendedRoutedValueSpecification	legend-engine	closure	true	0	0	1	0	0		legend-engine/legend-engine-core/legend-engine-core-pure/legend-engine-pure-code-compiled-core/src/main/resources/core/pure/router/metamodel/routing.pure
meta::pure::router::metamodel::RoutingStrategy	legend-engine	closure	true	0	5	1	0	0		legend-engine/legend-engine-core/legend-engine-core-pure/legend-engine-pure-code-compiled-core/src/main/resources/core/pure/router/metamodel/routing.pure
meta::pure::router::metamodel::clustering::ClusteredValueSpecification	legend-engine	closure	true	0	0	0	0	0		legend-engine/legend-engine-core/legend-engine-core-pure/legend-engine-pure-code-compiled-core/src/main/resources/core/pure/router/metamodel/clustering.pure
meta::pure::router::routing::PropertyMap	legend-engine	closure	true	0	0	0	0	0		legend-engine/legend-engine-core/legend-engine-core-pure/legend-engine-pure-code-compiled-core/src/main/resources/core/pure/router/routing/router_routing.pure
meta::pure::router::routing::RoutingState	legend-engine	closure	true	0	0	0	0	1		legend-engine/legend-engine-core/legend-engine-core-pure/legend-engine-pure-code-compiled-core/src/main/resources/core/pure/router/routing/router_routing.pure
meta::pure::runtime::ExecutionContext	legend-pure	java	false	0	0	0	0	0		legend-pure/legend-pure-dsl/legend-pure-dsl-store/legend-pure-m2-dsl-store-pure/src/main/resources/platform_dsl_store/grammar/runtime.pure
meta::pure::runtime::PackageableRuntime	legend-engine	java	true	0	0	0	0	0		legend-engine/legend-engine-core/legend-engine-core-pure/legend-engine-pure-code-compiled-core/src/main/resources/core/pure/runtime/runtimeExtension.pure
meta::pure::service::ServiceResult	legend-pure	platform	false	0	0	0	0	0		legend-pure/legend-pure-core/legend-pure-m3-core/src/main/resources/platform/pure/service.pure
meta::pure::store::RelationStoreAccessor	legend-pure	platform	false	0	0	0	0	0		legend-pure/legend-pure-dsl/legend-pure-dsl-store/legend-pure-m2-dsl-store-pure/src/main/resources/platform_dsl_store/grammar/store.pure
meta::pure::store::Store	legend-pure	java	false	0	0	0	0	0		legend-pure/legend-pure-dsl/legend-pure-dsl-store/legend-pure-m2-dsl-store-pure/src/main/resources/platform_dsl_store/grammar/store.pure
meta::pure::store::StoreContract	legend-engine	closure	true	0	1	0	0	1		legend-engine/legend-engine-core/legend-engine-core-pure/legend-engine-pure-code-compiled-core/src/main/resources/core/pure/store/storeContract.pure
meta::pure::store::set::Namespace	legend-pure	platform	false	0	0	0	0	0		legend-pure/legend-pure-dsl/legend-pure-dsl-store/legend-pure-m2-dsl-store-pure/src/main/resources/platform_dsl_store/grammar/store.pure
meta::pure::store::set::SetBasedStore	legend-pure	platform	false	0	0	0	0	0		legend-pure/legend-pure-dsl/legend-pure-dsl-store/legend-pure-m2-dsl-store-pure/src/main/resources/platform_dsl_store/grammar/store.pure
meta::pure::store::set::SetColumn	legend-pure	platform	false	0	0	0	0	0		legend-pure/legend-pure-dsl/legend-pure-dsl-store/legend-pure-m2-dsl-store-pure/src/main/resources/platform_dsl_store/grammar/store.pure
meta::pure::store::set::SetRelation	legend-pure	platform	false	0	0	0	0	0		legend-pure/legend-pure-dsl/legend-pure-dsl-store/legend-pure-m2-dsl-store-pure/src/main/resources/platform_dsl_store/grammar/store.pure
meta::pure::tds::BasicColumnSpecification	legend-engine	java	false	0	0	0	1	0		legend-engine/legend-engine-core/legend-engine-core-pure/legend-engine-pure-code-compiled-core/src/main/resources/core/pure/tds/tds.pure
meta::pure::tds::ColumnSpecification	legend-engine	java	true	0	0	0	0	0		legend-engine/legend-engine-core/legend-engine-core-pure/legend-engine-pure-code-compiled-core/src/main/resources/core/pure/tds/tds.pure
meta::pure::tds::OlapOperation	legend-engine	closure	true	0	0	0	0	0		legend-engine/legend-engine-core/legend-engine-core-pure/legend-engine-pure-code-compiled-core/src/main/resources/core/pure/tds/tds.pure
meta::pure::tds::TDSColumn	legend-engine	java	true	0	1	0	0	0		legend-engine/legend-engine-core/legend-engine-core-pure/legend-engine-pure-code-compiled-core/src/main/resources/core/pure/tds/tds.pure
meta::pure::tds::TDSNull	legend-engine	java	true	0	1	0	0	0		legend-engine/legend-engine-core/legend-engine-core-pure/legend-engine-pure-code-compiled-core/src/main/resources/core/pure/tds/tds.pure
meta::pure::tds::TDSRow	legend-engine	java	true	0	22	0	0	0		legend-engine/legend-engine-core/legend-engine-core-pure/legend-engine-pure-code-compiled-core/src/main/resources/core/pure/tds/tds.pure
meta::pure::tds::TabularDataSet	legend-engine	java	true	0	1	0	0	0		legend-engine/legend-engine-core/legend-engine-core-pure/legend-engine-pure-code-compiled-core/src/main/resources/core/pure/tds/tds.pure
meta::pure::tds::TdsOlapRank	legend-engine	java	true	0	0	0	0	0		legend-engine/legend-engine-core/legend-engine-core-pure/legend-engine-pure-code-compiled-core/src/main/resources/core/pure/tds/tds.pure
meta::pure::tds::schema::SchemaState	legend-engine	closure	true	1	10	0	0	0		legend-engine/legend-engine-core/legend-engine-core-pure/legend-engine-pure-code-compiled-core/src/main/resources/core/pure/tds/tdsSchema.pure
meta::pure::tds::toRelation::TdsToRelationExtension	legend-engine	closure	true	0	0	0	0	0		legend-engine/legend-engine-core/legend-engine-core-pure/legend-engine-pure-code-compiled-core/src/main/resources/core/pure/tds/relation/tdsToRelation.pure
meta::pure::test::pct::PCTManifest	legend-pure	java	false	0	0	0	0	0		legend-pure/legend-pure-core/legend-pure-m3-core/src/main/resources/platform/pure/essential/tests/pct_core.pure
meta::pure::test::surveyor::TestGroup	legend-pure	platform	false	0	0	0	0	0		legend-pure/legend-pure-core/legend-pure-m3-core/src/main/resources/platform/pure/essential/tests/surveyor.pure
meta::pure::test::surveyor::TestReport	legend-pure	platform	false	0	0	0	0	0		legend-pure/legend-pure-core/legend-pure-m3-core/src/main/resources/platform/pure/essential/tests/surveyor.pure
meta::pure::test::surveyor::TestResult	legend-pure	java	false	0	0	0	0	0		legend-pure/legend-pure-core/legend-pure-m3-core/src/main/resources/platform/pure/essential/tests/surveyor.pure
meta::pure::test::surveyor::TestStatus	legend-pure	platform	false	enum						legend-pure/legend-pure-core/legend-pure-m3-core/src/main/resources/platform/pure/essential/tests/surveyor.pure
meta::pure::tools::DebugContext	legend-pure	java	false	0	0	0	0	0		legend-pure/legend-pure-core/legend-pure-m3-core/src/main/resources/platform/pure/tools.pure
meta::pure::tools::GrammarInfoStub	legend-pure	platform	false	0	0	0	0	0		legend-pure/legend-pure-core/legend-pure-m3-core/src/main/resources/platform/pure/grammar/m3.pure
meta::relational::functions::pureToSqlQuery::metamodel::VarPlaceHolder	legend-engine	closure	true	0	0	0	0	0		legend-engine/legend-engine-xts-relationalStore/legend-engine-xt-relationalStore-generation/legend-engine-xt-relationalStore-pure/legend-engine-xt-relationalStore-core-pure/src/main/resources/core_relational/relational/pureToSQLQuery/metamodel.pure
meta::relational::functions::sqlQueryToString::Config	legend-engine	closure	true	0	0	0	0	0		legend-engine/legend-engine-xts-relationalStore/legend-engine-xt-relationalStore-generation/legend-engine-xt-relationalStore-pure/legend-engine-xt-relationalStore-core-pure/src/main/resources/core_relational/relational/sqlQueryToString/dbExtension.pure
meta::relational::functions::sqlQueryToString::DbConfig	legend-engine	java	true	0	31	0	0	0		legend-engine/legend-engine-xts-relationalStore/legend-engine-xt-relationalStore-generation/legend-engine-xt-relationalStore-pure/legend-engine-xt-relationalStore-core-pure/src/main/resources/core_relational/relational/sqlQueryToString/dbExtension.pure
meta::relational::functions::sqlQueryToString::DbExtension	legend-engine	closure	true	0	0	0	0	0		legend-engine/legend-engine-xts-relationalStore/legend-engine-xt-relationalStore-generation/legend-engine-xt-relationalStore-pure/legend-engine-xt-relationalStore-core-pure/src/main/resources/core_relational/relational/sqlQueryToString/dbExtension.pure
meta::relational::functions::sqlQueryToString::DynaFunctionToSql	legend-engine	closure	true	0	1	0	0	0		legend-engine/legend-engine-xts-relationalStore/legend-engine-xt-relationalStore-generation/legend-engine-xt-relationalStore-pure/legend-engine-xt-relationalStore-core-pure/src/main/resources/core_relational/relational/sqlQueryToString/dbExtension.pure
meta::relational::functions::sqlQueryToString::Format	legend-engine	java	true	0	1	0	0	0		legend-engine/legend-engine-xts-relationalStore/legend-engine-xt-relationalStore-generation/legend-engine-xt-relationalStore-pure/legend-engine-xt-relationalStore-core-pure/src/main/resources/core_relational/relational/sqlQueryToString/dbExtension.pure
meta::relational::functions::sqlQueryToString::GenerationSide	legend-engine	closure	true	enum						legend-engine/legend-engine-xts-relationalStore/legend-engine-xt-relationalStore-generation/legend-engine-xt-relationalStore-pure/legend-engine-xt-relationalStore-core-pure/src/main/resources/core_relational/relational/sqlQueryToString/dbExtension.pure
meta::relational::functions::sqlQueryToString::GenerationState	legend-engine	closure	true	0	0	0	0	0		legend-engine/legend-engine-xts-relationalStore/legend-engine-xt-relationalStore-generation/legend-engine-xt-relationalStore-pure/legend-engine-xt-relationalStore-core-pure/src/main/resources/core_relational/relational/sqlQueryToString/dbExtension.pure
meta::relational::functions::sqlQueryToString::LiteralProcessor	legend-engine	closure	true	0	2	0	0	0		legend-engine/legend-engine-xts-relationalStore/legend-engine-xt-relationalStore-generation/legend-engine-xt-relationalStore-pure/legend-engine-xt-relationalStore-core-pure/src/main/resources/core_relational/relational/sqlQueryToString/dbExtension.pure
meta::relational::functions::sqlQueryToString::LiteralReplacement	legend-engine	closure	true	0	0	0	0	0		legend-engine/legend-engine-xts-relationalStore/legend-engine-xt-relationalStore-generation/legend-engine-xt-relationalStore-pure/legend-engine-xt-relationalStore-core-pure/src/main/resources/core_relational/relational/sqlQueryToString/dbExtension.pure
meta::relational::functions::sqlQueryToString::RelationalDDLCommandsTranslator	legend-engine	closure	true	0	0	0	0	0		legend-engine/legend-engine-xts-relationalStore/legend-engine-xt-relationalStore-generation/legend-engine-xt-relationalStore-pure/legend-engine-xt-relationalStore-core-pure/src/main/resources/core_relational/relational/sqlQueryToString/dbExtension.pure
meta::relational::functions::sqlQueryToString::SqlGenerationContext	legend-engine	closure	true	0	0	0	0	0		legend-engine/legend-engine-xts-relationalStore/legend-engine-xt-relationalStore-generation/legend-engine-xt-relationalStore-pure/legend-engine-xt-relationalStore-core-pure/src/main/resources/core_relational/relational/sqlQueryToString/dbExtension.pure
meta::relational::functions::sqlQueryToString::ToSql	legend-engine	closure	true	1	0	0	0	0		legend-engine/legend-engine-xts-relationalStore/legend-engine-xt-relationalStore-generation/legend-engine-xt-relationalStore-pure/legend-engine-xt-relationalStore-core-pure/src/main/resources/core_relational/relational/sqlQueryToString/dbExtension.pure
meta::relational::functions::sqlstring::SQLResult	legend-engine	java	true	0	1	0	0	0		legend-engine/legend-engine-xts-relationalStore/legend-engine-xt-relationalStore-generation/legend-engine-xt-relationalStore-pure/legend-engine-xt-relationalStore-core-pure/src/main/resources/core_relational/relational/transform/fromPure/toSQLString.pure
meta::relational::mapping::ColumnMapping	legend-pure	java	false	0	0	0	0	0		legend-pure/legend-pure-store/legend-pure-store-relational/legend-pure-m2-store-relational-pure/src/main/resources/platform_store_relational/grammar/relational.pure
meta::relational::mapping::EmbeddedRelationalInstanceSetImplementation	legend-pure	platform	false	0	0	0	0	0		legend-pure/legend-pure-store/legend-pure-store-relational/legend-pure-m2-store-relational-pure/src/main/resources/platform_store_relational/grammar/relationalMapping.pure
meta::relational::mapping::FilterMapping	legend-pure	platform	false	0	0	0	0	0		legend-pure/legend-pure-store/legend-pure-store-relational/legend-pure-m2-store-relational-pure/src/main/resources/platform_store_relational/grammar/relationalMapping.pure
meta::relational::mapping::GroupByMapping	legend-pure	java	false	0	0	0	0	0		legend-pure/legend-pure-store/legend-pure-store-relational/legend-pure-m2-store-relational-pure/src/main/resources/platform_store_relational/grammar/relationalMapping.pure
meta::relational::mapping::InlineEmbeddedRelationalInstanceSetImplementation	legend-pure	platform	false	0	0	0	0	0		legend-pure/legend-pure-store/legend-pure-store-relational/legend-pure-m2-store-relational-pure/src/main/resources/platform_store_relational/grammar/relationalMapping.pure
meta::relational::mapping::OtherwiseEmbeddedRelationalInstanceSetImplementation	legend-pure	platform	false	0	0	0	0	0		legend-pure/legend-pure-store/legend-pure-store-relational/legend-pure-m2-store-relational-pure/src/main/resources/platform_store_relational/grammar/relationalMapping.pure
meta::relational::mapping::PreAndFinallyExecutionSQLQuery	legend-engine	closure	true	1	0	0	0	0		legend-engine/legend-engine-xts-relationalStore/legend-engine-xt-relationalStore-generation/legend-engine-xt-relationalStore-pure/legend-engine-xt-relationalStore-core-pure/src/main/resources/core_relational/relational/postprocessor/defaultPostProcessor/dbSpecificProcessor.pure
meta::relational::mapping::QueryMetadata	legend-engine	closure	true	0	0	0	0	0		legend-engine/legend-engine-xts-relationalStore/legend-engine-xt-relationalStore-generation/legend-engine-xt-relationalStore-pure/legend-engine-xt-relationalStore-core-pure/src/main/resources/core_relational/relational/executionPlan/executionPlan.pure
meta::relational::mapping::RelationalActivity	legend-pure	java	false	0	0	0	0	0		legend-pure/legend-pure-store/legend-pure-store-relational/legend-pure-m2-store-relational-pure/src/main/resources/platform_store_relational/functions.pure
meta::relational::mapping::RelationalAssociationImplementation	legend-pure	platform	false	0	0	0	0	0		legend-pure/legend-pure-store/legend-pure-store-relational/legend-pure-m2-store-relational-pure/src/main/resources/platform_store_relational/grammar/relationalMapping.pure
meta::relational::mapping::RelationalInstanceSetImplementation	legend-pure	platform	false	0	0	0	0	0		legend-pure/legend-pure-store/legend-pure-store-relational/legend-pure-m2-store-relational-pure/src/main/resources/platform_store_relational/grammar/relationalMapping.pure
meta::relational::mapping::RelationalInstantiationExecutionNode	legend-engine	java	true	0	0	0	0	0		legend-engine/legend-engine-xts-relationalStore/legend-engine-xt-relationalStore-generation/legend-engine-xt-relationalStore-pure/legend-engine-xt-relationalStore-core-pure/src/main/resources/core_relational/relational/executionPlan/executionPlan.pure
meta::relational::mapping::RelationalPropertyMapping	legend-pure	java	false	0	0	0	0	0		legend-pure/legend-pure-store/legend-pure-store-relational/legend-pure-m2-store-relational-pure/src/main/resources/platform_store_relational/grammar/relationalMapping.pure
meta::relational::mapping::RootRelationalInstanceSetImplementation	legend-pure	java	false	0	0	0	0	0		legend-pure/legend-pure-store/legend-pure-store-relational/legend-pure-m2-store-relational-pure/src/main/resources/platform_store_relational/grammar/relationalMapping.pure
meta::relational::mapping::SQLExecutionNode	legend-engine	java	true	0	0	0	0	0		legend-engine/legend-engine-xts-relationalStore/legend-engine-xt-relationalStore-generation/legend-engine-xt-relationalStore-pure/legend-engine-xt-relationalStore-core-pure/src/main/resources/core_relational/relational/executionPlan/executionPlan.pure
meta::relational::mapping::SQLResultColumn	legend-engine	closure	true	0	0	0	0	0		legend-engine/legend-engine-xts-relationalStore/legend-engine-xt-relationalStore-generation/legend-engine-xt-relationalStore-pure/legend-engine-xt-relationalStore-core-pure/src/main/resources/core_relational/relational/executionPlan/executionPlan.pure
meta::relational::mapping::SemiStructuredEmbeddedRelationalInstanceSetImplementation	legend-pure	platform	false	0	0	0	0	0		legend-pure/legend-pure-store/legend-pure-store-relational/legend-pure-m2-store-relational-pure/src/main/resources/platform_store_relational/grammar/relationalMapping.pure
meta::relational::mapping::SemiStructuredRelationalPropertyMapping	legend-pure	platform	false	0	0	0	0	0		legend-pure/legend-pure-store/legend-pure-store-relational/legend-pure-m2-store-relational-pure/src/main/resources/platform_store_relational/grammar/relationalMapping.pure
meta::relational::metamodel::Alias	legend-pure	platform	false	0	0	0	0	0		legend-pure/legend-pure-store/legend-pure-store-relational/legend-pure-m2-store-relational-pure/src/main/resources/platform_store_relational/grammar/relational.pure
meta::relational::metamodel::ColumnName	legend-pure	platform	false	0	0	0	0	0		legend-pure/legend-pure-store/legend-pure-store-relational/legend-pure-m2-store-relational-pure/src/main/resources/platform_store_relational/grammar/relational.pure
meta::relational::metamodel::CommitQuery	legend-engine	closure	true	0	0	0	0	0		legend-engine/legend-engine-xts-relationalStore/legend-engine-xt-relationalStore-generation/legend-engine-xt-relationalStore-pure/legend-engine-xt-relationalStore-core-pure/src/main/resources/core_relational/relational/metamodel/metamodel.pure
meta::relational::metamodel::CreateFunctionSQL	legend-engine	closure	true	0	0	0	0	0		legend-engine/legend-engine-xts-relationalStore/legend-engine-xt-relationalStore-generation/legend-engine-xt-relationalStore-pure/legend-engine-xt-relationalStore-core-pure/src/main/resources/core_relational/relational/metamodel/metamodel.pure
meta::relational::metamodel::CreatePipelineSQL	legend-engine	closure	true	0	0	0	0	0		legend-engine/legend-engine-xts-relationalStore/legend-engine-xt-relationalStore-generation/legend-engine-xt-relationalStore-pure/legend-engine-xt-relationalStore-core-pure/src/main/resources/core_relational/relational/metamodel/metamodel.pure
meta::relational::metamodel::CreateProcedureSQL	legend-engine	closure	true	0	0	0	0	0		legend-engine/legend-engine-xts-relationalStore/legend-engine-xt-relationalStore-generation/legend-engine-xt-relationalStore-pure/legend-engine-xt-relationalStore-core-pure/src/main/resources/core_relational/relational/metamodel/metamodel.pure
meta::relational::metamodel::CreateSchemaSQL	legend-engine	closure	true	0	0	0	0	0		legend-engine/legend-engine-xts-relationalStore/legend-engine-xt-relationalStore-generation/legend-engine-xt-relationalStore-pure/legend-engine-xt-relationalStore-core-pure/src/main/resources/core_relational/relational/metamodel/metamodel.pure
meta::relational::metamodel::CreateTableSQL	legend-engine	closure	true	0	0	0	0	0		legend-engine/legend-engine-xts-relationalStore/legend-engine-xt-relationalStore-generation/legend-engine-xt-relationalStore-pure/legend-engine-xt-relationalStore-core-pure/src/main/resources/core_relational/relational/metamodel/metamodel.pure
meta::relational::metamodel::CreateViewSQL	legend-engine	closure	true	0	0	0	0	0		legend-engine/legend-engine-xts-relationalStore/legend-engine-xt-relationalStore-generation/legend-engine-xt-relationalStore-pure/legend-engine-xt-relationalStore-core-pure/src/main/resources/core_relational/relational/metamodel/metamodel.pure
meta::relational::metamodel::DataTypeInfo	legend-pure	platform	false	0	0	0	0	0		legend-pure/legend-pure-store/legend-pure-store-relational/legend-pure-m2-store-relational-pure/src/main/resources/platform_store_relational/grammar/relational.pure
meta::relational::metamodel::DatabaseMapper	legend-engine	closure	true	0	0	0	0	0		legend-engine/legend-engine-xts-relationalStore/legend-engine-xt-relationalStore-generation/legend-engine-xt-relationalStore-pure/legend-engine-xt-relationalStore-core-pure/src/main/resources/core_relational/relational/metamodel/metamodel.pure
meta::relational::metamodel::DropSchemaSQL	legend-engine	closure	true	0	0	0	0	0		legend-engine/legend-engine-xts-relationalStore/legend-engine-xt-relationalStore-generation/legend-engine-xt-relationalStore-pure/legend-engine-xt-relationalStore-core-pure/src/main/resources/core_relational/relational/metamodel/metamodel.pure
meta::relational::metamodel::DropTableSQL	legend-engine	closure	true	0	0	0	0	0		legend-engine/legend-engine-xts-relationalStore/legend-engine-xt-relationalStore-generation/legend-engine-xt-relationalStore-pure/legend-engine-xt-relationalStore-core-pure/src/main/resources/core_relational/relational/metamodel/metamodel.pure
meta::relational::metamodel::DynaFunction	legend-pure	java	false	0	0	0	0	0		legend-pure/legend-pure-store/legend-pure-store-relational/legend-pure-m2-store-relational-pure/src/main/resources/platform_store_relational/grammar/relational.pure
meta::relational::metamodel::Filter	legend-pure	java	false	0	0	0	0	0		legend-pure/legend-pure-store/legend-pure-store-relational/legend-pure-m2-store-relational-pure/src/main/resources/platform_store_relational/grammar/relational.pure
meta::relational::metamodel::Frame	legend-pure	platform	false	0	0	0	0	0		legend-pure/legend-pure-store/legend-pure-store-relational/legend-pure-m2-store-relational-pure/src/main/resources/platform_store_relational/grammar/relational.pure
meta::relational::metamodel::FrameCurrentRowValue	legend-pure	platform	false	0	0	0	0	0		legend-pure/legend-pure-store/legend-pure-store-relational/legend-pure-m2-store-relational-pure/src/main/resources/platform_store_relational/grammar/relational.pure
meta::relational::metamodel::FrameIntervalValue	legend-pure	platform	false	0	0	0	0	0		legend-pure/legend-pure-store/legend-pure-store-relational/legend-pure-m2-store-relational-pure/src/main/resources/platform_store_relational/grammar/relational.pure
meta::relational::metamodel::FrameLiteralValue	legend-pure	platform	false	0	0	0	0	0		legend-pure/legend-pure-store/legend-pure-store-relational/legend-pure-m2-store-relational-pure/src/main/resources/platform_store_relational/grammar/relational.pure
meta::relational::metamodel::FrameType	legend-pure	platform	false	enum						legend-pure/legend-pure-store/legend-pure-store-relational/legend-pure-m2-store-relational-pure/src/main/resources/platform_store_relational/grammar/relational.pure
meta::relational::metamodel::FrameValue	legend-pure	platform	false	0	0	1	0	0		legend-pure/legend-pure-store/legend-pure-store-relational/legend-pure-m2-store-relational-pure/src/main/resources/platform_store_relational/grammar/relational.pure
meta::relational::metamodel::FrameValueDirection	legend-pure	platform	false	enum						legend-pure/legend-pure-store/legend-pure-store-relational/legend-pure-m2-store-relational-pure/src/main/resources/platform_store_relational/grammar/relational.pure
meta::relational::metamodel::Literal	legend-pure	java	false	0	0	0	0	0		legend-pure/legend-pure-store/legend-pure-store-relational/legend-pure-m2-store-relational-pure/src/main/resources/platform_store_relational/grammar/relational.pure
meta::relational::metamodel::LiteralList	legend-pure	java	false	0	0	0	0	0		legend-pure/legend-pure-store/legend-pure-store-relational/legend-pure-m2-store-relational-pure/src/main/resources/platform_store_relational/grammar/relational.pure
meta::relational::metamodel::LoadTableSQL	legend-engine	closure	true	1	0	0	0	0		legend-engine/legend-engine-xts-relationalStore/legend-engine-xt-relationalStore-generation/legend-engine-xt-relationalStore-pure/legend-engine-xt-relationalStore-core-pure/src/main/resources/core_relational/relational/metamodel/metamodel.pure
meta::relational::metamodel::MultiGrainFilter	legend-pure	platform	false	0	0	0	1	0		legend-pure/legend-pure-store/legend-pure-store-relational/legend-pure-m2-store-relational-pure/src/main/resources/platform_store_relational/grammar/relational.pure
meta::relational::metamodel::ObjectQuery	legend-engine	closure	true	0	0	0	0	2		legend-engine/legend-engine-xts-relationalStore/legend-engine-xt-relationalStore-generation/legend-engine-xt-relationalStore-pure/legend-engine-xt-relationalStore-core-pure/src/main/resources/core_relational/relational/metamodel/metamodel.pure
meta::relational::metamodel::OrderBy	legend-pure	platform	false	0	0	0	0	0		legend-pure/legend-pure-store/legend-pure-store-relational/legend-pure-m2-store-relational-pure/src/main/resources/platform_store_relational/grammar/relational.pure
meta::relational::metamodel::ParameterizedQuery	legend-engine	closure	true	0	0	0	0	0		legend-engine/legend-engine-xts-relationalStore/legend-engine-xt-relationalStore-generation/legend-engine-xt-relationalStore-pure/legend-engine-xt-relationalStore-core-pure/src/main/resources/core_relational/relational/metamodel/metamodel.pure
meta::relational::metamodel::PathInformation	legend-pure	platform	false	0	0	0	0	0		legend-pure/legend-pure-store/legend-pure-store-relational/legend-pure-m2-store-relational-pure/src/main/resources/platform_store_relational/grammar/relational.pure
meta::relational::metamodel::Pivot	legend-pure	platform	false	0	0	0	0	0		legend-pure/legend-pure-store/legend-pure-store-relational/legend-pure-m2-store-relational-pure/src/main/resources/platform_store_relational/grammar/relational.pure
meta::relational::metamodel::RelationalLambda	legend-engine	closure	true	0	0	1	0	0		legend-engine/legend-engine-xts-relationalStore/legend-engine-xt-relationalStore-generation/legend-engine-xt-relationalStore-pure/legend-engine-xt-relationalStore-core-pure/src/main/resources/core_relational/relational/pureToSQLQuery/metamodel.pure
meta::relational::metamodel::RelationalLambdaParameter	legend-engine	closure	true	0	0	0	0	0		legend-engine/legend-engine-xts-relationalStore/legend-engine-xt-relationalStore-generation/legend-engine-xt-relationalStore-pure/legend-engine-xt-relationalStore-core-pure/src/main/resources/core_relational/relational/pureToSQLQuery/metamodel.pure
meta::relational::metamodel::RelationalMapper	legend-engine	closure	true	0	0	0	0	0		legend-engine/legend-engine-xts-relationalStore/legend-engine-xt-relationalStore-generation/legend-engine-xt-relationalStore-pure/legend-engine-xt-relationalStore-core-pure/src/main/resources/core_relational/relational/metamodel/metamodel.pure
meta::relational::metamodel::RelationalMappingSpecification	legend-pure	java	false	0	0	0	0	0		legend-pure/legend-pure-store/legend-pure-store-relational/legend-pure-m2-store-relational-pure/src/main/resources/platform_store_relational/grammar/relational.pure
meta::relational::metamodel::RelationalOperationElement	legend-pure	java	false	0	0	0	0	0		legend-pure/legend-pure-store/legend-pure-store-relational/legend-pure-m2-store-relational-pure/src/main/resources/platform_store_relational/grammar/relational.pure
meta::relational::metamodel::RelationalOperationElementWithJoin	legend-pure	java	false	0	0	0	0	0		legend-pure/legend-pure-store/legend-pure-store-relational/legend-pure-m2-store-relational-pure/src/main/resources/platform_store_relational/grammar/relational.pure
meta::relational::metamodel::RelationalTds	legend-pure	platform	false	0	0	0	0	0		legend-pure/legend-pure-store/legend-pure-store-relational/legend-pure-m2-store-relational-pure/src/main/resources/platform_store_relational/grammar/relational.pure
meta::relational::metamodel::SQLNull	legend-pure	java	false	0	1	0	0	0		legend-pure/legend-pure-store/legend-pure-store-relational/legend-pure-m2-store-relational-pure/src/main/resources/platform_store_relational/grammar/relational.pure
meta::relational::metamodel::SQLParameter	legend-engine	closure	true	0	0	0	0	0		legend-engine/legend-engine-xts-relationalStore/legend-engine-xt-relationalStore-generation/legend-engine-xt-relationalStore-pure/legend-engine-xt-relationalStore-core-pure/src/main/resources/core_relational/relational/metamodel/metamodel.pure
meta::relational::metamodel::SQLQuery	legend-pure	platform	false	0	0	0	0	0		legend-pure/legend-pure-store/legend-pure-store-relational/legend-pure-m2-store-relational-pure/src/main/resources/platform_store_relational/grammar/relational.pure
meta::relational::metamodel::Schema	legend-pure	java	false	0	0	0	0	0		legend-pure/legend-pure-store/legend-pure-store-relational/legend-pure-m2-store-relational-pure/src/main/resources/platform_store_relational/grammar/relational.pure
meta::relational::metamodel::SchemaMapper	legend-engine	closure	true	0	0	0	0	0		legend-engine/legend-engine-xts-relationalStore/legend-engine-xt-relationalStore-generation/legend-engine-xt-relationalStore-pure/legend-engine-xt-relationalStore-core-pure/src/main/resources/core_relational/relational/metamodel/metamodel.pure
meta::relational::metamodel::SortByInfo	legend-pure	platform	false	0	0	0	0	0		legend-pure/legend-pure-store/legend-pure-store-relational/legend-pure-m2-store-relational-pure/src/main/resources/platform_store_relational/grammar/relational.pure
meta::relational::metamodel::TableAlias	legend-pure	java	false	0	1	0	0	0		legend-pure/legend-pure-store/legend-pure-store-relational/legend-pure-m2-store-relational-pure/src/main/resources/platform_store_relational/grammar/relational.pure
meta::relational::metamodel::TableAliasColumn	legend-pure	java	false	0	0	0	0	0		legend-pure/legend-pure-store/legend-pure-store-relational/legend-pure-m2-store-relational-pure/src/main/resources/platform_store_relational/grammar/relational.pure
meta::relational::metamodel::TableMapper	legend-engine	closure	true	0	0	0	0	0		legend-engine/legend-engine-xts-relationalStore/legend-engine-xt-relationalStore-generation/legend-engine-xt-relationalStore-pure/legend-engine-xt-relationalStore-core-pure/src/main/resources/core_relational/relational/metamodel/metamodel.pure
meta::relational::metamodel::UnboundedFrameValue	legend-pure	platform	false	0	0	0	0	0		legend-pure/legend-pure-store/legend-pure-store-relational/legend-pure-m2-store-relational-pure/src/main/resources/platform_store_relational/grammar/relational.pure
meta::relational::metamodel::UpsertSQLQuery	legend-engine	closure	true	0	0	0	0	0		legend-engine/legend-engine-xts-relationalStore/legend-engine-xt-relationalStore-generation/legend-engine-xt-relationalStore-pure/legend-engine-xt-relationalStore-core-pure/src/main/resources/core_relational/relational/metamodel/metamodel.pure
meta::relational::metamodel::VariableDeclaration	legend-engine	closure	true	0	0	0	0	0		legend-engine/legend-engine-xts-relationalStore/legend-engine-xt-relationalStore-generation/legend-engine-xt-relationalStore-pure/legend-engine-xt-relationalStore-core-pure/src/main/resources/core_relational/relational/metamodel/metamodel.pure
meta::relational::metamodel::Window	legend-pure	platform	false	0	0	0	0	0		legend-pure/legend-pure-store/legend-pure-store-relational/legend-pure-m2-store-relational-pure/src/main/resources/platform_store_relational/grammar/relational.pure
meta::relational::metamodel::WindowColumn	legend-pure	platform	false	0	0	0	0	0		legend-pure/legend-pure-store/legend-pure-store-relational/legend-pure-m2-store-relational-pure/src/main/resources/platform_store_relational/grammar/relational.pure
meta::relational::metamodel::data::RelationalCSVData	legend-engine	java	true	0	0	0	0	0		legend-engine/legend-engine-xts-relationalStore/legend-engine-xt-relationalStore-generation/legend-engine-xt-relationalStore-pure/legend-engine-xt-relationalStore-core-pure/src/main/resources/core_relational/relational/metamodel/test/relationalTest.pure
meta::relational::metamodel::data::RelationalCSVTable	legend-engine	java	true	0	0	0	0	0		legend-engine/legend-engine-xts-relationalStore/legend-engine-xt-relationalStore-generation/legend-engine-xt-relationalStore-pure/legend-engine-xt-relationalStore-core-pure/src/main/resources/core_relational/relational/metamodel/test/relationalTest.pure
meta::relational::metamodel::datatype::Array	legend-pure	java	false	0	0	0	0	0		legend-pure/legend-pure-store/legend-pure-store-relational/legend-pure-m2-store-relational-pure/src/main/resources/platform_store_relational/grammar/relational.pure
meta::relational::metamodel::datatype::BigInt	legend-pure	java	false	0	0	0	0	0		legend-pure/legend-pure-store/legend-pure-store-relational/legend-pure-m2-store-relational-pure/src/main/resources/platform_store_relational/grammar/relational.pure
meta::relational::metamodel::datatype::Binary	legend-pure	java	false	0	0	0	0	0		legend-pure/legend-pure-store/legend-pure-store-relational/legend-pure-m2-store-relational-pure/src/main/resources/platform_store_relational/grammar/relational.pure
meta::relational::metamodel::datatype::Bit	legend-pure	java	false	0	0	0	0	0		legend-pure/legend-pure-store/legend-pure-store-relational/legend-pure-m2-store-relational-pure/src/main/resources/platform_store_relational/grammar/relational.pure
meta::relational::metamodel::datatype::Boolean	legend-pure	platform	false	0	0	0	0	0		legend-pure/legend-pure-store/legend-pure-store-relational/legend-pure-m2-store-relational-pure/src/main/resources/platform_store_relational/grammar/relational.pure
meta::relational::metamodel::datatype::Char	legend-pure	java	false	0	0	0	0	0		legend-pure/legend-pure-store/legend-pure-store-relational/legend-pure-m2-store-relational-pure/src/main/resources/platform_store_relational/grammar/relational.pure
meta::relational::metamodel::datatype::CoreDataType	legend-pure	platform	false	0	0	0	0	0		legend-pure/legend-pure-store/legend-pure-store-relational/legend-pure-m2-store-relational-pure/src/main/resources/platform_store_relational/grammar/relational.pure
meta::relational::metamodel::datatype::DataType	legend-pure	java	false	0	0	0	0	0		legend-pure/legend-pure-store/legend-pure-store-relational/legend-pure-m2-store-relational-pure/src/main/resources/platform_store_relational/grammar/relational.pure
meta::relational::metamodel::datatype::Date	legend-pure	java	false	0	0	0	0	0		legend-pure/legend-pure-store/legend-pure-store-relational/legend-pure-m2-store-relational-pure/src/main/resources/platform_store_relational/grammar/relational.pure
meta::relational::metamodel::datatype::DbSpecificDataType	legend-pure	platform	false	0	0	0	0	0		legend-pure/legend-pure-store/legend-pure-store-relational/legend-pure-m2-store-relational-pure/src/main/resources/platform_store_relational/grammar/relational.pure
meta::relational::metamodel::datatype::Decimal	legend-pure	java	false	0	0	0	0	0		legend-pure/legend-pure-store/legend-pure-store-relational/legend-pure-m2-store-relational-pure/src/main/resources/platform_store_relational/grammar/relational.pure
meta::relational::metamodel::datatype::Distinct	legend-pure	java	false	0	0	0	0	0		legend-pure/legend-pure-store/legend-pure-store-relational/legend-pure-m2-store-relational-pure/src/main/resources/platform_store_relational/grammar/relational.pure
meta::relational::metamodel::datatype::Double	legend-pure	java	false	0	0	0	0	0		legend-pure/legend-pure-store/legend-pure-store-relational/legend-pure-m2-store-relational-pure/src/main/resources/platform_store_relational/grammar/relational.pure
meta::relational::metamodel::datatype::Float	legend-pure	java	false	0	0	0	0	0		legend-pure/legend-pure-store/legend-pure-store-relational/legend-pure-m2-store-relational-pure/src/main/resources/platform_store_relational/grammar/relational.pure
meta::relational::metamodel::datatype::Integer	legend-pure	java	false	0	0	0	0	0		legend-pure/legend-pure-store/legend-pure-store-relational/legend-pure-m2-store-relational-pure/src/main/resources/platform_store_relational/grammar/relational.pure
meta::relational::metamodel::datatype::Json	legend-pure	platform	false	0	0	0	1	0		legend-pure/legend-pure-store/legend-pure-store-relational/legend-pure-m2-store-relational-pure/src/main/resources/platform_store_relational/grammar/relational.pure
meta::relational::metamodel::datatype::Numeric	legend-pure	java	false	0	0	0	0	0		legend-pure/legend-pure-store/legend-pure-store-relational/legend-pure-m2-store-relational-pure/src/main/resources/platform_store_relational/grammar/relational.pure
meta::relational::metamodel::datatype::Object	legend-pure	java	false	0	0	0	0	0		legend-pure/legend-pure-store/legend-pure-store-relational/legend-pure-m2-store-relational-pure/src/main/resources/platform_store_relational/grammar/relational.pure
meta::relational::metamodel::datatype::Other	legend-pure	java	false	0	0	0	0	0		legend-pure/legend-pure-store/legend-pure-store-relational/legend-pure-m2-store-relational-pure/src/main/resources/platform_store_relational/grammar/relational.pure
meta::relational::metamodel::datatype::Real	legend-pure	java	false	0	0	0	0	0		legend-pure/legend-pure-store/legend-pure-store-relational/legend-pure-m2-store-relational-pure/src/main/resources/platform_store_relational/grammar/relational.pure
meta::relational::metamodel::datatype::SemiStructured	legend-pure	java	false	0	0	0	0	0		legend-pure/legend-pure-store/legend-pure-store-relational/legend-pure-m2-store-relational-pure/src/main/resources/platform_store_relational/grammar/relational.pure
meta::relational::metamodel::datatype::SmallInt	legend-pure	java	false	0	0	0	0	0		legend-pure/legend-pure-store/legend-pure-store-relational/legend-pure-m2-store-relational-pure/src/main/resources/platform_store_relational/grammar/relational.pure
meta::relational::metamodel::datatype::Timestamp	legend-pure	java	false	0	0	0	0	0		legend-pure/legend-pure-store/legend-pure-store-relational/legend-pure-m2-store-relational-pure/src/main/resources/platform_store_relational/grammar/relational.pure
meta::relational::metamodel::datatype::TinyInt	legend-pure	java	false	0	0	0	0	0		legend-pure/legend-pure-store/legend-pure-store-relational/legend-pure-m2-store-relational-pure/src/main/resources/platform_store_relational/grammar/relational.pure
meta::relational::metamodel::datatype::UnsignedBigInt	legend-pure	platform	false	0	0	0	0	0		legend-pure/legend-pure-store/legend-pure-store-relational/legend-pure-m2-store-relational-pure/src/main/resources/platform_store_relational/grammar/relational.pure
meta::relational::metamodel::datatype::UnsignedInt	legend-pure	platform	false	0	0	0	0	0		legend-pure/legend-pure-store/legend-pure-store-relational/legend-pure-m2-store-relational-pure/src/main/resources/platform_store_relational/grammar/relational.pure
meta::relational::metamodel::datatype::UnsignedTinyInt	legend-pure	platform	false	0	0	0	0	0		legend-pure/legend-pure-store/legend-pure-store-relational/legend-pure-m2-store-relational-pure/src/main/resources/platform_store_relational/grammar/relational.pure
meta::relational::metamodel::datatype::Varbinary	legend-pure	java	false	0	0	0	0	0		legend-pure/legend-pure-store/legend-pure-store-relational/legend-pure-m2-store-relational-pure/src/main/resources/platform_store_relational/grammar/relational.pure
meta::relational::metamodel::datatype::Varchar	legend-pure	java	false	0	0	0	0	0		legend-pure/legend-pure-store/legend-pure-store-relational/legend-pure-m2-store-relational-pure/src/main/resources/platform_store_relational/grammar/relational.pure
meta::relational::metamodel::execute::ResultSet	legend-pure	java	false	0	0	0	0	0		legend-pure/legend-pure-store/legend-pure-store-relational/legend-pure-m2-store-relational-pure/src/main/resources/platform_store_relational/functions.pure
meta::relational::metamodel::execute::Row	legend-pure	platform	false	0	1	0	0	0		legend-pure/legend-pure-store/legend-pure-store-relational/legend-pure-m2-store-relational-pure/src/main/resources/platform_store_relational/functions.pure
meta::relational::metamodel::join::AsOfJoin	legend-pure	platform	false	0	0	0	0	0		legend-pure/legend-pure-store/legend-pure-store-relational/legend-pure-m2-store-relational-pure/src/main/resources/platform_store_relational/grammar/relational.pure
meta::relational::metamodel::join::Join	legend-pure	java	false	0	0	0	0	0		legend-pure/legend-pure-store/legend-pure-store-relational/legend-pure-m2-store-relational-pure/src/main/resources/platform_store_relational/grammar/relational.pure
meta::relational::metamodel::join::JoinTreeNode	legend-pure	java	false	0	0	0	0	0		legend-pure/legend-pure-store/legend-pure-store-relational/legend-pure-m2-store-relational-pure/src/main/resources/platform_store_relational/grammar/relational.pure
meta::relational::metamodel::join::RelationalTreeNode	legend-pure	java	false	0	0	0	0	0		legend-pure/legend-pure-store/legend-pure-store-relational/legend-pure-m2-store-relational-pure/src/main/resources/platform_store_relational/grammar/relational.pure
meta::relational::metamodel::join::RootJoinTreeNode	legend-pure	platform	false	0	0	0	0	0		legend-pure/legend-pure-store/legend-pure-store-relational/legend-pure-m2-store-relational-pure/src/main/resources/platform_store_relational/grammar/relational.pure
meta::relational::metamodel::operation::ArithmeticOperation	legend-pure	platform	false	0	0	0	0	0		legend-pure/legend-pure-store/legend-pure-store-relational/legend-pure-m2-store-relational-pure/src/main/resources/platform_store_relational/grammar/relational.pure
meta::relational::metamodel::operation::BinaryOperation	legend-pure	platform	false	0	0	0	0	0		legend-pure/legend-pure-store/legend-pure-store-relational/legend-pure-m2-store-relational-pure/src/main/resources/platform_store_relational/grammar/relational.pure
meta::relational::metamodel::operation::Function	legend-pure	platform	false	0	0	0	0	0		legend-pure/legend-pure-store/legend-pure-store-relational/legend-pure-m2-store-relational-pure/src/main/resources/platform_store_relational/grammar/relational.pure
meta::relational::metamodel::operation::JoinStrings	legend-pure	platform	false	0	0	0	0	0		legend-pure/legend-pure-store/legend-pure-store-relational/legend-pure-m2-store-relational-pure/src/main/resources/platform_store_relational/grammar/relational.pure
meta::relational::metamodel::operation::Operation	legend-pure	platform	false	0	0	0	0	0		legend-pure/legend-pure-store/legend-pure-store-relational/legend-pure-m2-store-relational-pure/src/main/resources/platform_store_relational/grammar/relational.pure
meta::relational::metamodel::operation::SemiStructuredArrayElementAccess	legend-pure	platform	false	0	0	0	0	0		legend-pure/legend-pure-store/legend-pure-store-relational/legend-pure-m2-store-relational-pure/src/main/resources/platform_store_relational/grammar/relational.pure
meta::relational::metamodel::operation::SemiStructuredObjectNavigation	legend-pure	platform	false	0	0	0	0	0		legend-pure/legend-pure-store/legend-pure-store-relational/legend-pure-m2-store-relational-pure/src/main/resources/platform_store_relational/grammar/relational.pure
meta::relational::metamodel::operation::SemiStructuredPropertyAccess	legend-pure	platform	false	0	0	0	0	0		legend-pure/legend-pure-store/legend-pure-store-relational/legend-pure-m2-store-relational-pure/src/main/resources/platform_store_relational/grammar/relational.pure
meta::relational::metamodel::operation::UnaryOperation	legend-pure	platform	false	0	0	0	0	0		legend-pure/legend-pure-store/legend-pure-store-relational/legend-pure-m2-store-relational-pure/src/main/resources/platform_store_relational/grammar/relational.pure
meta::relational::metamodel::operation::VariableArithmeticOperation	legend-pure	platform	false	0	0	0	0	0		legend-pure/legend-pure-store/legend-pure-store-relational/legend-pure-m2-store-relational-pure/src/main/resources/platform_store_relational/grammar/relational.pure
meta::relational::metamodel::operation::VariableArityOperation	legend-pure	platform	false	0	0	0	0	0		legend-pure/legend-pure-store/legend-pure-store-relational/legend-pure-m2-store-relational-pure/src/main/resources/platform_store_relational/grammar/relational.pure
meta::relational::metamodel::relation::BusinessMilestoning	legend-pure	platform	false	0	0	0	0	0		legend-pure/legend-pure-store/legend-pure-store-relational/legend-pure-m2-store-relational-pure/src/main/resources/platform_store_relational/grammar/relational.pure
meta::relational::metamodel::relation::BusinessSnapshotMilestoning	legend-pure	platform	false	0	0	0	0	0		legend-pure/legend-pure-store/legend-pure-store-relational/legend-pure-m2-store-relational-pure/src/main/resources/platform_store_relational/grammar/relational.pure
meta::relational::metamodel::relation::CommonTableExpression	legend-pure	platform	false	0	0	0	0	0		legend-pure/legend-pure-store/legend-pure-store-relational/legend-pure-m2-store-relational-pure/src/main/resources/platform_store_relational/grammar/relational.pure
meta::relational::metamodel::relation::CommonTableExpressionReference	legend-pure	platform	false	0	0	0	0	0		legend-pure/legend-pure-store/legend-pure-store-relational/legend-pure-m2-store-relational-pure/src/main/resources/platform_store_relational/grammar/relational.pure
meta::relational::metamodel::relation::FunctionParameter	legend-pure	platform	false	0	0	0	0	0		legend-pure/legend-pure-store/legend-pure-store-relational/legend-pure-m2-store-relational-pure/src/main/resources/platform_store_relational/grammar/relational.pure
meta::relational::metamodel::relation::GeneratedAccessorTable	legend-pure	platform	false	0	0	0	0	0		legend-pure/legend-pure-store/legend-pure-store-relational/legend-pure-m2-store-relational-pure/src/main/resources/platform_store_relational/grammar/relational.pure
meta::relational::metamodel::relation::Milestoning	legend-pure	platform	false	0	0	0	0	0		legend-pure/legend-pure-store/legend-pure-store-relational/legend-pure-m2-store-relational-pure/src/main/resources/platform_store_relational/grammar/relational.pure
meta::relational::metamodel::relation::NamedRelation	legend-pure	platform	false	0	0	0	0	0		legend-pure/legend-pure-store/legend-pure-store-relational/legend-pure-m2-store-relational-pure/src/main/resources/platform_store_relational/grammar/relational.pure
meta::relational::metamodel::relation::ProcessingMilestoning	legend-pure	platform	false	0	0	0	0	0		legend-pure/legend-pure-store/legend-pure-store-relational/legend-pure-m2-store-relational-pure/src/main/resources/platform_store_relational/grammar/relational.pure
meta::relational::metamodel::relation::ProcessingSnapshotMilestoning	legend-pure	platform	false	0	0	0	0	0		legend-pure/legend-pure-store/legend-pure-store-relational/legend-pure-m2-store-relational-pure/src/main/resources/platform_store_relational/grammar/relational.pure
meta::relational::metamodel::relation::Relation	legend-pure	java	false	0	0	0	0	0		legend-pure/legend-pure-store/legend-pure-store-relational/legend-pure-m2-store-relational-pure/src/main/resources/platform_store_relational/grammar/relational.pure
meta::relational::metamodel::relation::SelectSQLQuery	legend-pure	java	false	0	0	0	0	0		legend-pure/legend-pure-store/legend-pure-store-relational/legend-pure-m2-store-relational-pure/src/main/resources/platform_store_relational/grammar/relational.pure
meta::relational::metamodel::relation::SemiStructuredArrayFlatten	legend-pure	platform	false	0	0	0	0	0		legend-pure/legend-pure-store/legend-pure-store-relational/legend-pure-m2-store-relational-pure/src/main/resources/platform_store_relational/grammar/relational.pure
meta::relational::metamodel::relation::SemiStructuredArrayFlattenOutput	legend-pure	platform	false	0	0	0	0	0		legend-pure/legend-pure-store/legend-pure-store-relational/legend-pure-m2-store-relational-pure/src/main/resources/platform_store_relational/grammar/relational.pure
meta::relational::metamodel::relation::Table	legend-pure	java	false	0	0	0	0	0		legend-pure/legend-pure-store/legend-pure-store-relational/legend-pure-m2-store-relational-pure/src/main/resources/platform_store_relational/grammar/relational.pure
meta::relational::metamodel::relation::TableTds	legend-pure	platform	false	0	0	0	0	0		legend-pure/legend-pure-store/legend-pure-store-relational/legend-pure-m2-store-relational-pure/src/main/resources/platform_store_relational/grammar/relational.pure
meta::relational::metamodel::relation::TabularFunction	legend-pure	platform	false	0	0	0	0	0		legend-pure/legend-pure-store/legend-pure-store-relational/legend-pure-m2-store-relational-pure/src/main/resources/platform_store_relational/grammar/relational.pure
meta::relational::metamodel::relation::TdsSelectSqlQuery	legend-pure	platform	false	0	0	0	0	0		legend-pure/legend-pure-store/legend-pure-store-relational/legend-pure-m2-store-relational-pure/src/main/resources/platform_store_relational/grammar/relational.pure
meta::relational::metamodel::relation::TemporalMilestoning	legend-pure	platform	false	0	0	0	0	0		legend-pure/legend-pure-store/legend-pure-store-relational/legend-pure-m2-store-relational-pure/src/main/resources/platform_store_relational/grammar/relational.pure
meta::relational::metamodel::relation::TemporalSnapshotMilestoning	legend-pure	platform	false	0	0	0	0	0		legend-pure/legend-pure-store/legend-pure-store-relational/legend-pure-m2-store-relational-pure/src/main/resources/platform_store_relational/grammar/relational.pure
meta::relational::metamodel::relation::View	legend-pure	java	false	0	0	0	0	0		legend-pure/legend-pure-store/legend-pure-store-relational/legend-pure-m2-store-relational-pure/src/main/resources/platform_store_relational/grammar/relational.pure
meta::relational::metamodel::relation::ViewSelectSQLQuery	legend-pure	platform	false	0	0	0	0	0		legend-pure/legend-pure-store/legend-pure-store-relational/legend-pure-m2-store-relational-pure/src/main/resources/platform_store_relational/grammar/relational.pure
meta::relational::postProcessor::cteExtraction::ExtractSubQueriesAsCTEsPostProcessor	legend-engine	java	true	0	0	0	0	0		legend-engine/legend-engine-xts-relationalStore/legend-engine-xt-relationalStore-generation/legend-engine-xt-relationalStore-pure/legend-engine-xt-relationalStore-core-pure/src/main/resources/core_relational/relational/postprocessor/cteExtractionPostProcessor.pure
meta::relational::runtime::DataSource	legend-pure	platform	false	0	0	0	0	0		legend-pure/legend-pure-store/legend-pure-store-relational/legend-pure-m2-store-relational-pure/src/main/resources/platform_store_relational/relationalRuntime.pure
meta::relational::runtime::DatabaseType	legend-pure	java	false	enum						legend-pure/legend-pure-store/legend-pure-store-relational/legend-pure-m2-store-relational-pure/src/main/resources/platform_store_relational/relationalRuntime.pure
meta::relational::runtime::PostProcessor	legend-pure	java	false	0	2	0	0	0		legend-pure/legend-pure-store/legend-pure-store-relational/legend-pure-m2-store-relational-pure/src/main/resources/platform_store_relational/relationalRuntime.pure
meta::relational::runtime::PostProcessorParameter	legend-pure	platform	false	0	0	0	0	0		legend-pure/legend-pure-store/legend-pure-store-relational/legend-pure-m2-store-relational-pure/src/main/resources/platform_store_relational/relationalRuntime.pure
meta::relational::runtime::PostProcessorWithParameter	legend-pure	java	false	0	0	0	0	0		legend-pure/legend-pure-store/legend-pure-store-relational/legend-pure-m2-store-relational-pure/src/main/resources/platform_store_relational/relationalRuntime.pure
meta::relational::runtime::PostProcessors	legend-pure	java	false	0	2	0	0	0		legend-pure/legend-pure-store/legend-pure-store-relational/legend-pure-m2-store-relational-pure/src/main/resources/platform_store_relational/relationalRuntime.pure
meta::relational::runtime::RelationalExecutionContext	legend-engine	java	true	0	0	0	0	0		legend-engine/legend-engine-xts-relationalStore/legend-engine-xt-relationalStore-generation/legend-engine-xt-relationalStore-pure/legend-engine-xt-relationalStore-core-pure/src/main/resources/core_relational/relational/runtime/executionContext/executionContext.pure
meta::relational::testDataGeneration::RowIdentifier	legend-engine	java	true	0	0	0	0	0		legend-engine/legend-engine-xts-relationalStore/legend-engine-xt-relationalStore-generation/legend-engine-xt-relationalStore-pure/legend-engine-xt-relationalStore-core-pure/src/main/resources/core_relational/relational/testDataGeneration/testDataGeneration.pure
meta::relational::testDataGeneration::TableRowIdentifiers	legend-engine	java	true	0	0	0	0	0		legend-engine/legend-engine-xts-relationalStore/legend-engine-xt-relationalStore-generation/legend-engine-xt-relationalStore-pure/legend-engine-xt-relationalStore-core-pure/src/main/resources/core_relational/relational/testDataGeneration/testDataGeneration.pure
meta::relational::testDataGeneration::TemporalMilestoningDates	legend-engine	java	true	0	0	0	0	0		legend-engine/legend-engine-xts-relationalStore/legend-engine-xt-relationalStore-generation/legend-engine-xt-relationalStore-pure/legend-engine-xt-relationalStore-core-pure/src/main/resources/core_relational/relational/testDataGeneration/testDataGeneration.pure
meta::relational::testDataGeneration::TestDataGenResult	legend-engine	java	true	0	0	0	0	0		legend-engine/legend-engine-xts-relationalStore/legend-engine-xt-relationalStore-generation/legend-engine-xt-relationalStore-pure/legend-engine-xt-relationalStore-core-pure/src/main/resources/core_relational/relational/testDataGeneration/testDataGeneration.pure
